op_index,label,op,output_bytes,estimated_wg,compute_gpus,compute_gpu_count,output_gpus,output_gpu_count,per_gpu_output_bytes,flags
0,gpt:gpt-7b:embedding,embedding,8388608,32768,1-47,47,1-47,47,1:176128;2:176128;3:176128;4:176128;5:176128;6:176128;7:176128;8:176128;9:176128;10:176128;11:176128;12:176128;13:176128;14:176128;15:176128;16:176128;17:176128;18:176128;19:176128;20:176128;21:176128;22:176128;23:176128;24:176128;25:176128;26:176128;27:176128;28:176128;29:176128;30:176128;31:176128;32:176128;33:176128;34:176128;35:176128;36:176128;37:176128;38:176128;39:176128;40:176128;41:176128;42:176128;43:176128;44:176128;45:176128;46:176128;47:286720,-op=embedding -hidden=4096 -rows=512
1,bert:bert-7b-proxy:embedding,embedding,8388608,32768,1-47,47,1-47,47,1:176128;2:176128;3:176128;4:176128;5:176128;6:176128;7:176128;8:176128;9:176128;10:176128;11:176128;12:176128;13:176128;14:176128;15:176128;16:176128;17:176128;18:176128;19:176128;20:176128;21:176128;22:176128;23:176128;24:176128;25:176128;26:176128;27:176128;28:176128;29:176128;30:176128;31:176128;32:176128;33:176128;34:176128;35:176128;36:176128;37:176128;38:176128;39:176128;40:176128;41:176128;42:176128;43:176128;44:176128;45:176128;46:176128;47:286720,-op=embedding -hidden=4096 -rows=512
2,resnet:resnet-50-full:full,resnet,0,0,first,1,first,1,,-resnet-mode=full -resnet-depth=50 -resnet-batch-size=4 -resnet-image-size=224
3,gpt:gpt-7b:layer00_norm1,layernorm,8388608,32768,1-47,47,1-47,47,1:176128;2:176128;3:176128;4:176128;5:176128;6:176128;7:176128;8:176128;9:176128;10:176128;11:176128;12:176128;13:176128;14:176128;15:176128;16:176128;17:176128;18:176128;19:176128;20:176128;21:176128;22:176128;23:176128;24:176128;25:176128;26:176128;27:176128;28:176128;29:176128;30:176128;31:176128;32:176128;33:176128;34:176128;35:176128;36:176128;37:176128;38:176128;39:176128;40:176128;41:176128;42:176128;43:176128;44:176128;45:176128;46:176128;47:286720,-op=layernorm -hidden=4096 -rows=512
4,bert:bert-7b-proxy:layer00_attn_q,split-linear,8388608,32768,1-47,47,1-47,47,1:176128;2:176128;3:176128;4:176128;5:176128;6:176128;7:176128;8:176128;9:176128;10:176128;11:176128;12:176128;13:176128;14:176128;15:176128;16:176128;17:176128;18:176128;19:176128;20:176128;21:176128;22:176128;23:176128;24:176128;25:176128;26:176128;27:176128;28:176128;29:176128;30:176128;31:176128;32:176128;33:176128;34:176128;35:176128;36:176128;37:176128;38:176128;39:176128;40:176128;41:176128;42:176128;43:176128;44:176128;45:176128;46:176128;47:286720,-op=split-linear -input-dim=4096 -output-dim=4096 -rows=512 -split-k=4
5,gpt:gpt-7b:layer00_attn_q,split-linear,8388608,32768,1-47,47,1-47,47,1:176128;2:176128;3:176128;4:176128;5:176128;6:176128;7:176128;8:176128;9:176128;10:176128;11:176128;12:176128;13:176128;14:176128;15:176128;16:176128;17:176128;18:176128;19:176128;20:176128;21:176128;22:176128;23:176128;24:176128;25:176128;26:176128;27:176128;28:176128;29:176128;30:176128;31:176128;32:176128;33:176128;34:176128;35:176128;36:176128;37:176128;38:176128;39:176128;40:176128;41:176128;42:176128;43:176128;44:176128;45:176128;46:176128;47:286720,-op=split-linear -input-dim=4096 -output-dim=4096 -rows=512 -split-k=4
6,bert:bert-7b-proxy:layer00_attn_k,split-linear,8388608,32768,1-47,47,1-47,47,1:176128;2:176128;3:176128;4:176128;5:176128;6:176128;7:176128;8:176128;9:176128;10:176128;11:176128;12:176128;13:176128;14:176128;15:176128;16:176128;17:176128;18:176128;19:176128;20:176128;21:176128;22:176128;23:176128;24:176128;25:176128;26:176128;27:176128;28:176128;29:176128;30:176128;31:176128;32:176128;33:176128;34:176128;35:176128;36:176128;37:176128;38:176128;39:176128;40:176128;41:176128;42:176128;43:176128;44:176128;45:176128;46:176128;47:286720,-op=split-linear -input-dim=4096 -output-dim=4096 -rows=512 -split-k=4
7,gpt:gpt-7b:layer00_attn_k,split-linear,8388608,32768,1-47,47,1-47,47,1:176128;2:176128;3:176128;4:176128;5:176128;6:176128;7:176128;8:176128;9:176128;10:176128;11:176128;12:176128;13:176128;14:176128;15:176128;16:176128;17:176128;18:176128;19:176128;20:176128;21:176128;22:176128;23:176128;24:176128;25:176128;26:176128;27:176128;28:176128;29:176128;30:176128;31:176128;32:176128;33:176128;34:176128;35:176128;36:176128;37:176128;38:176128;39:176128;40:176128;41:176128;42:176128;43:176128;44:176128;45:176128;46:176128;47:286720,-op=split-linear -input-dim=4096 -output-dim=4096 -rows=512 -split-k=4
8,bert:bert-7b-proxy:layer00_attn_v,split-linear,8388608,32768,1-47,47,1-47,47,1:176128;2:176128;3:176128;4:176128;5:176128;6:176128;7:176128;8:176128;9:176128;10:176128;11:176128;12:176128;13:176128;14:176128;15:176128;16:176128;17:176128;18:176128;19:176128;20:176128;21:176128;22:176128;23:176128;24:176128;25:176128;26:176128;27:176128;28:176128;29:176128;30:176128;31:176128;32:176128;33:176128;34:176128;35:176128;36:176128;37:176128;38:176128;39:176128;40:176128;41:176128;42:176128;43:176128;44:176128;45:176128;46:176128;47:286720,-op=split-linear -input-dim=4096 -output-dim=4096 -rows=512 -split-k=4
9,gpt:gpt-7b:layer00_attn_v,split-linear,8388608,32768,1-47,47,1-47,47,1:176128;2:176128;3:176128;4:176128;5:176128;6:176128;7:176128;8:176128;9:176128;10:176128;11:176128;12:176128;13:176128;14:176128;15:176128;16:176128;17:176128;18:176128;19:176128;20:176128;21:176128;22:176128;23:176128;24:176128;25:176128;26:176128;27:176128;28:176128;29:176128;30:176128;31:176128;32:176128;33:176128;34:176128;35:176128;36:176128;37:176128;38:176128;39:176128;40:176128;41:176128;42:176128;43:176128;44:176128;45:176128;46:176128;47:286720,-op=split-linear -input-dim=4096 -output-dim=4096 -rows=512 -split-k=4
10,bert:bert-7b-proxy:layer00_attn_score,split-linear,1048576,4096,1-43,43,1-43,43,1:20480;2:20480;3:20480;4:20480;5:20480;6:20480;7:20480;8:20480;9:20480;10:20480;11:20480;12:20480;13:20480;14:20480;15:20480;16:20480;17:20480;18:20480;19:20480;20:20480;21:20480;22:20480;23:20480;24:20480;25:20480;26:20480;27:20480;28:20480;29:20480;30:20480;31:20480;32:20480;33:20480;34:20480;35:20480;36:20480;37:20480;38:20480;39:20480;40:20480;41:20480;42:20480;43:188416,-op=split-linear -input-dim=4096 -output-dim=512 -rows=512 -split-k=4
11,gpt:gpt-7b:layer00_attn_score,split-linear,1048576,4096,1-43,43,1-43,43,1:20480;2:20480;3:20480;4:20480;5:20480;6:20480;7:20480;8:20480;9:20480;10:20480;11:20480;12:20480;13:20480;14:20480;15:20480;16:20480;17:20480;18:20480;19:20480;20:20480;21:20480;22:20480;23:20480;24:20480;25:20480;26:20480;27:20480;28:20480;29:20480;30:20480;31:20480;32:20480;33:20480;34:20480;35:20480;36:20480;37:20480;38:20480;39:20480;40:20480;41:20480;42:20480;43:188416,-op=split-linear -input-dim=4096 -output-dim=512 -rows=512 -split-k=4
12,bert:bert-7b-proxy:layer00_attn_softmax,row-softmax,1048576,512,1-16,16,1-16,16,1:65536;2:65536;3:65536;4:65536;5:65536;6:65536;7:65536;8:65536;9:65536;10:65536;11:65536;12:65536;13:65536;14:65536;15:65536;16:65536,-op=row-softmax -cols=512 -rows=512
13,gpt:gpt-7b:layer00_causal_mask,causal-mask,1048576,4096,1-43,43,1-43,43,1:20480;2:20480;3:20480;4:20480;5:20480;6:20480;7:20480;8:20480;9:20480;10:20480;11:20480;12:20480;13:20480;14:20480;15:20480;16:20480;17:20480;18:20480;19:20480;20:20480;21:20480;22:20480;23:20480;24:20480;25:20480;26:20480;27:20480;28:20480;29:20480;30:20480;31:20480;32:20480;33:20480;34:20480;35:20480;36:20480;37:20480;38:20480;39:20480;40:20480;41:20480;42:20480;43:188416,-op=causal-mask -batch-size=1 -rows=512 -seq-len=512
14,bert:bert-7b-proxy:layer00_attn_value,split-linear,8388608,32768,1-47,47,1-47,47,1:176128;2:176128;3:176128;4:176128;5:176128;6:176128;7:176128;8:176128;9:176128;10:176128;11:176128;12:176128;13:176128;14:176128;15:176128;16:176128;17:176128;18:176128;19:176128;20:176128;21:176128;22:176128;23:176128;24:176128;25:176128;26:176128;27:176128;28:176128;29:176128;30:176128;31:176128;32:176128;33:176128;34:176128;35:176128;36:176128;37:176128;38:176128;39:176128;40:176128;41:176128;42:176128;43:176128;44:176128;45:176128;46:176128;47:286720,-op=split-linear -input-dim=512 -output-dim=4096 -rows=512 -split-k=4
15,gpt:gpt-7b:layer00_attn_softmax,row-softmax,1048576,512,1-16,16,1-16,16,1:65536;2:65536;3:65536;4:65536;5:65536;6:65536;7:65536;8:65536;9:65536;10:65536;11:65536;12:65536;13:65536;14:65536;15:65536;16:65536,-op=row-softmax -cols=512 -rows=512
16,bert:bert-7b-proxy:layer00_attn_out,split-linear,8388608,32768,1-47,47,1-47,47,1:176128;2:176128;3:176128;4:176128;5:176128;6:176128;7:176128;8:176128;9:176128;10:176128;11:176128;12:176128;13:176128;14:176128;15:176128;16:176128;17:176128;18:176128;19:176128;20:176128;21:176128;22:176128;23:176128;24:176128;25:176128;26:176128;27:176128;28:176128;29:176128;30:176128;31:176128;32:176128;33:176128;34:176128;35:176128;36:176128;37:176128;38:176128;39:176128;40:176128;41:176128;42:176128;43:176128;44:176128;45:176128;46:176128;47:286720,-op=split-linear -input-dim=4096 -output-dim=4096 -rows=512 -split-k=4
17,gpt:gpt-7b:layer00_attn_value,split-linear,8388608,32768,1-47,47,1-47,47,1:176128;2:176128;3:176128;4:176128;5:176128;6:176128;7:176128;8:176128;9:176128;10:176128;11:176128;12:176128;13:176128;14:176128;15:176128;16:176128;17:176128;18:176128;19:176128;20:176128;21:176128;22:176128;23:176128;24:176128;25:176128;26:176128;27:176128;28:176128;29:176128;30:176128;31:176128;32:176128;33:176128;34:176128;35:176128;36:176128;37:176128;38:176128;39:176128;40:176128;41:176128;42:176128;43:176128;44:176128;45:176128;46:176128;47:286720,-op=split-linear -input-dim=512 -output-dim=4096 -rows=512 -split-k=4
18,bert:bert-7b-proxy:layer00_attn_residual,residual-add,8388608,32768,1-47,47,1-47,47,1:176128;2:176128;3:176128;4:176128;5:176128;6:176128;7:176128;8:176128;9:176128;10:176128;11:176128;12:176128;13:176128;14:176128;15:176128;16:176128;17:176128;18:176128;19:176128;20:176128;21:176128;22:176128;23:176128;24:176128;25:176128;26:176128;27:176128;28:176128;29:176128;30:176128;31:176128;32:176128;33:176128;34:176128;35:176128;36:176128;37:176128;38:176128;39:176128;40:176128;41:176128;42:176128;43:176128;44:176128;45:176128;46:176128;47:286720,-op=residual-add -elements=2097152
19,gpt:gpt-7b:layer00_attn_out,split-linear,8388608,32768,1-47,47,1-47,47,1:176128;2:176128;3:176128;4:176128;5:176128;6:176128;7:176128;8:176128;9:176128;10:176128;11:176128;12:176128;13:176128;14:176128;15:176128;16:176128;17:176128;18:176128;19:176128;20:176128;21:176128;22:176128;23:176128;24:176128;25:176128;26:176128;27:176128;28:176128;29:176128;30:176128;31:176128;32:176128;33:176128;34:176128;35:176128;36:176128;37:176128;38:176128;39:176128;40:176128;41:176128;42:176128;43:176128;44:176128;45:176128;46:176128;47:286720,-op=split-linear -input-dim=4096 -output-dim=4096 -rows=512 -split-k=4
20,bert:bert-7b-proxy:layer00_norm1,layernorm,8388608,32768,1-47,47,1-47,47,1:176128;2:176128;3:176128;4:176128;5:176128;6:176128;7:176128;8:176128;9:176128;10:176128;11:176128;12:176128;13:176128;14:176128;15:176128;16:176128;17:176128;18:176128;19:176128;20:176128;21:176128;22:176128;23:176128;24:176128;25:176128;26:176128;27:176128;28:176128;29:176128;30:176128;31:176128;32:176128;33:176128;34:176128;35:176128;36:176128;37:176128;38:176128;39:176128;40:176128;41:176128;42:176128;43:176128;44:176128;45:176128;46:176128;47:286720,-op=layernorm -hidden=4096 -rows=512
21,gpt:gpt-7b:layer00_attn_residual,residual-add,8388608,32768,1-47,47,1-47,47,1:176128;2:176128;3:176128;4:176128;5:176128;6:176128;7:176128;8:176128;9:176128;10:176128;11:176128;12:176128;13:176128;14:176128;15:176128;16:176128;17:176128;18:176128;19:176128;20:176128;21:176128;22:176128;23:176128;24:176128;25:176128;26:176128;27:176128;28:176128;29:176128;30:176128;31:176128;32:176128;33:176128;34:176128;35:176128;36:176128;37:176128;38:176128;39:176128;40:176128;41:176128;42:176128;43:176128;44:176128;45:176128;46:176128;47:286720,-op=residual-add -elements=2097152
22,bert:bert-7b-proxy:layer00_mlp_fc1,split-linear,22544384,88064,all,48,all,48,1:466944;2:466944;3:466944;4:466944;5:466944;6:466944;7:466944;8:466944;9:466944;10:466944;11:466944;12:466944;13:466944;14:466944;15:466944;16:466944;17:466944;18:466944;19:466944;20:466944;21:466944;22:466944;23:466944;24:466944;25:466944;26:466944;27:466944;28:466944;29:466944;30:466944;31:466944;32:466944;33:466944;34:466944;35:466944;36:466944;37:466944;38:466944;39:466944;40:466944;41:466944;42:466944;43:466944;44:466944;45:466944;46:466944;47:466944;48:598016,-op=split-linear -input-dim=4096 -output-dim=11008 -rows=512 -split-k=4
23,gpt:gpt-7b:layer00_norm2,layernorm,8388608,32768,1-47,47,1-47,47,1:176128;2:176128;3:176128;4:176128;5:176128;6:176128;7:176128;8:176128;9:176128;10:176128;11:176128;12:176128;13:176128;14:176128;15:176128;16:176128;17:176128;18:176128;19:176128;20:176128;21:176128;22:176128;23:176128;24:176128;25:176128;26:176128;27:176128;28:176128;29:176128;30:176128;31:176128;32:176128;33:176128;34:176128;35:176128;36:176128;37:176128;38:176128;39:176128;40:176128;41:176128;42:176128;43:176128;44:176128;45:176128;46:176128;47:286720,-op=layernorm -hidden=4096 -rows=512
24,bert:bert-7b-proxy:layer00_mlp_gelu,gelu,22544384,88064,all,48,all,48,1:466944;2:466944;3:466944;4:466944;5:466944;6:466944;7:466944;8:466944;9:466944;10:466944;11:466944;12:466944;13:466944;14:466944;15:466944;16:466944;17:466944;18:466944;19:466944;20:466944;21:466944;22:466944;23:466944;24:466944;25:466944;26:466944;27:466944;28:466944;29:466944;30:466944;31:466944;32:466944;33:466944;34:466944;35:466944;36:466944;37:466944;38:466944;39:466944;40:466944;41:466944;42:466944;43:466944;44:466944;45:466944;46:466944;47:466944;48:598016,-op=gelu -elements=5636096
25,gpt:gpt-7b:layer00_mlp_fc1,split-linear,22544384,88064,all,48,all,48,1:466944;2:466944;3:466944;4:466944;5:466944;6:466944;7:466944;8:466944;9:466944;10:466944;11:466944;12:466944;13:466944;14:466944;15:466944;16:466944;17:466944;18:466944;19:466944;20:466944;21:466944;22:466944;23:466944;24:466944;25:466944;26:466944;27:466944;28:466944;29:466944;30:466944;31:466944;32:466944;33:466944;34:466944;35:466944;36:466944;37:466944;38:466944;39:466944;40:466944;41:466944;42:466944;43:466944;44:466944;45:466944;46:466944;47:466944;48:598016,-op=split-linear -input-dim=4096 -output-dim=11008 -rows=512 -split-k=4
26,bert:bert-7b-proxy:layer00_mlp_fc2,split-linear,8388608,32768,1-47,47,1-47,47,1:176128;2:176128;3:176128;4:176128;5:176128;6:176128;7:176128;8:176128;9:176128;10:176128;11:176128;12:176128;13:176128;14:176128;15:176128;16:176128;17:176128;18:176128;19:176128;20:176128;21:176128;22:176128;23:176128;24:176128;25:176128;26:176128;27:176128;28:176128;29:176128;30:176128;31:176128;32:176128;33:176128;34:176128;35:176128;36:176128;37:176128;38:176128;39:176128;40:176128;41:176128;42:176128;43:176128;44:176128;45:176128;46:176128;47:286720,-op=split-linear -input-dim=11008 -output-dim=4096 -rows=512 -split-k=4
27,gpt:gpt-7b:layer00_mlp_gelu,gelu,22544384,88064,all,48,all,48,1:466944;2:466944;3:466944;4:466944;5:466944;6:466944;7:466944;8:466944;9:466944;10:466944;11:466944;12:466944;13:466944;14:466944;15:466944;16:466944;17:466944;18:466944;19:466944;20:466944;21:466944;22:466944;23:466944;24:466944;25:466944;26:466944;27:466944;28:466944;29:466944;30:466944;31:466944;32:466944;33:466944;34:466944;35:466944;36:466944;37:466944;38:466944;39:466944;40:466944;41:466944;42:466944;43:466944;44:466944;45:466944;46:466944;47:466944;48:598016,-op=gelu -elements=5636096
28,bert:bert-7b-proxy:layer00_mlp_residual,residual-add,8388608,32768,1-47,47,1-47,47,1:176128;2:176128;3:176128;4:176128;5:176128;6:176128;7:176128;8:176128;9:176128;10:176128;11:176128;12:176128;13:176128;14:176128;15:176128;16:176128;17:176128;18:176128;19:176128;20:176128;21:176128;22:176128;23:176128;24:176128;25:176128;26:176128;27:176128;28:176128;29:176128;30:176128;31:176128;32:176128;33:176128;34:176128;35:176128;36:176128;37:176128;38:176128;39:176128;40:176128;41:176128;42:176128;43:176128;44:176128;45:176128;46:176128;47:286720,-op=residual-add -elements=2097152
29,gpt:gpt-7b:layer00_mlp_fc2,split-linear,8388608,32768,1-47,47,1-47,47,1:176128;2:176128;3:176128;4:176128;5:176128;6:176128;7:176128;8:176128;9:176128;10:176128;11:176128;12:176128;13:176128;14:176128;15:176128;16:176128;17:176128;18:176128;19:176128;20:176128;21:176128;22:176128;23:176128;24:176128;25:176128;26:176128;27:176128;28:176128;29:176128;30:176128;31:176128;32:176128;33:176128;34:176128;35:176128;36:176128;37:176128;38:176128;39:176128;40:176128;41:176128;42:176128;43:176128;44:176128;45:176128;46:176128;47:286720,-op=split-linear -input-dim=11008 -output-dim=4096 -rows=512 -split-k=4
30,bert:bert-7b-proxy:layer00_norm2,layernorm,8388608,32768,1-47,47,1-47,47,1:176128;2:176128;3:176128;4:176128;5:176128;6:176128;7:176128;8:176128;9:176128;10:176128;11:176128;12:176128;13:176128;14:176128;15:176128;16:176128;17:176128;18:176128;19:176128;20:176128;21:176128;22:176128;23:176128;24:176128;25:176128;26:176128;27:176128;28:176128;29:176128;30:176128;31:176128;32:176128;33:176128;34:176128;35:176128;36:176128;37:176128;38:176128;39:176128;40:176128;41:176128;42:176128;43:176128;44:176128;45:176128;46:176128;47:286720,-op=layernorm -hidden=4096 -rows=512
31,gpt:gpt-7b:layer00_mlp_residual,residual-add,8388608,32768,1-47,47,1-47,47,1:176128;2:176128;3:176128;4:176128;5:176128;6:176128;7:176128;8:176128;9:176128;10:176128;11:176128;12:176128;13:176128;14:176128;15:176128;16:176128;17:176128;18:176128;19:176128;20:176128;21:176128;22:176128;23:176128;24:176128;25:176128;26:176128;27:176128;28:176128;29:176128;30:176128;31:176128;32:176128;33:176128;34:176128;35:176128;36:176128;37:176128;38:176128;39:176128;40:176128;41:176128;42:176128;43:176128;44:176128;45:176128;46:176128;47:286720,-op=residual-add -elements=2097152
32,bert:bert-7b-proxy:layer01_attn_q,split-linear,8388608,32768,1-47,47,1-47,47,1:176128;2:176128;3:176128;4:176128;5:176128;6:176128;7:176128;8:176128;9:176128;10:176128;11:176128;12:176128;13:176128;14:176128;15:176128;16:176128;17:176128;18:176128;19:176128;20:176128;21:176128;22:176128;23:176128;24:176128;25:176128;26:176128;27:176128;28:176128;29:176128;30:176128;31:176128;32:176128;33:176128;34:176128;35:176128;36:176128;37:176128;38:176128;39:176128;40:176128;41:176128;42:176128;43:176128;44:176128;45:176128;46:176128;47:286720,-op=split-linear -input-dim=4096 -output-dim=4096 -rows=512 -split-k=4
33,gpt:gpt-7b:layer01_norm1,layernorm,8388608,32768,1-47,47,1-47,47,1:176128;2:176128;3:176128;4:176128;5:176128;6:176128;7:176128;8:176128;9:176128;10:176128;11:176128;12:176128;13:176128;14:176128;15:176128;16:176128;17:176128;18:176128;19:176128;20:176128;21:176128;22:176128;23:176128;24:176128;25:176128;26:176128;27:176128;28:176128;29:176128;30:176128;31:176128;32:176128;33:176128;34:176128;35:176128;36:176128;37:176128;38:176128;39:176128;40:176128;41:176128;42:176128;43:176128;44:176128;45:176128;46:176128;47:286720,-op=layernorm -hidden=4096 -rows=512
34,bert:bert-7b-proxy:layer01_attn_k,split-linear,8388608,32768,1-47,47,1-47,47,1:176128;2:176128;3:176128;4:176128;5:176128;6:176128;7:176128;8:176128;9:176128;10:176128;11:176128;12:176128;13:176128;14:176128;15:176128;16:176128;17:176128;18:176128;19:176128;20:176128;21:176128;22:176128;23:176128;24:176128;25:176128;26:176128;27:176128;28:176128;29:176128;30:176128;31:176128;32:176128;33:176128;34:176128;35:176128;36:176128;37:176128;38:176128;39:176128;40:176128;41:176128;42:176128;43:176128;44:176128;45:176128;46:176128;47:286720,-op=split-linear -input-dim=4096 -output-dim=4096 -rows=512 -split-k=4
35,gpt:gpt-7b:layer01_attn_q,split-linear,8388608,32768,1-47,47,1-47,47,1:176128;2:176128;3:176128;4:176128;5:176128;6:176128;7:176128;8:176128;9:176128;10:176128;11:176128;12:176128;13:176128;14:176128;15:176128;16:176128;17:176128;18:176128;19:176128;20:176128;21:176128;22:176128;23:176128;24:176128;25:176128;26:176128;27:176128;28:176128;29:176128;30:176128;31:176128;32:176128;33:176128;34:176128;35:176128;36:176128;37:176128;38:176128;39:176128;40:176128;41:176128;42:176128;43:176128;44:176128;45:176128;46:176128;47:286720,-op=split-linear -input-dim=4096 -output-dim=4096 -rows=512 -split-k=4
36,bert:bert-7b-proxy:layer01_attn_v,split-linear,8388608,32768,1-47,47,1-47,47,1:176128;2:176128;3:176128;4:176128;5:176128;6:176128;7:176128;8:176128;9:176128;10:176128;11:176128;12:176128;13:176128;14:176128;15:176128;16:176128;17:176128;18:176128;19:176128;20:176128;21:176128;22:176128;23:176128;24:176128;25:176128;26:176128;27:176128;28:176128;29:176128;30:176128;31:176128;32:176128;33:176128;34:176128;35:176128;36:176128;37:176128;38:176128;39:176128;40:176128;41:176128;42:176128;43:176128;44:176128;45:176128;46:176128;47:286720,-op=split-linear -input-dim=4096 -output-dim=4096 -rows=512 -split-k=4
37,gpt:gpt-7b:layer01_attn_k,split-linear,8388608,32768,1-47,47,1-47,47,1:176128;2:176128;3:176128;4:176128;5:176128;6:176128;7:176128;8:176128;9:176128;10:176128;11:176128;12:176128;13:176128;14:176128;15:176128;16:176128;17:176128;18:176128;19:176128;20:176128;21:176128;22:176128;23:176128;24:176128;25:176128;26:176128;27:176128;28:176128;29:176128;30:176128;31:176128;32:176128;33:176128;34:176128;35:176128;36:176128;37:176128;38:176128;39:176128;40:176128;41:176128;42:176128;43:176128;44:176128;45:176128;46:176128;47:286720,-op=split-linear -input-dim=4096 -output-dim=4096 -rows=512 -split-k=4
38,bert:bert-7b-proxy:layer01_attn_score,split-linear,1048576,4096,1-43,43,1-43,43,1:20480;2:20480;3:20480;4:20480;5:20480;6:20480;7:20480;8:20480;9:20480;10:20480;11:20480;12:20480;13:20480;14:20480;15:20480;16:20480;17:20480;18:20480;19:20480;20:20480;21:20480;22:20480;23:20480;24:20480;25:20480;26:20480;27:20480;28:20480;29:20480;30:20480;31:20480;32:20480;33:20480;34:20480;35:20480;36:20480;37:20480;38:20480;39:20480;40:20480;41:20480;42:20480;43:188416,-op=split-linear -input-dim=4096 -output-dim=512 -rows=512 -split-k=4
39,gpt:gpt-7b:layer01_attn_v,split-linear,8388608,32768,1-47,47,1-47,47,1:176128;2:176128;3:176128;4:176128;5:176128;6:176128;7:176128;8:176128;9:176128;10:176128;11:176128;12:176128;13:176128;14:176128;15:176128;16:176128;17:176128;18:176128;19:176128;20:176128;21:176128;22:176128;23:176128;24:176128;25:176128;26:176128;27:176128;28:176128;29:176128;30:176128;31:176128;32:176128;33:176128;34:176128;35:176128;36:176128;37:176128;38:176128;39:176128;40:176128;41:176128;42:176128;43:176128;44:176128;45:176128;46:176128;47:286720,-op=split-linear -input-dim=4096 -output-dim=4096 -rows=512 -split-k=4
40,bert:bert-7b-proxy:layer01_attn_softmax,row-softmax,1048576,512,1-16,16,1-16,16,1:65536;2:65536;3:65536;4:65536;5:65536;6:65536;7:65536;8:65536;9:65536;10:65536;11:65536;12:65536;13:65536;14:65536;15:65536;16:65536,-op=row-softmax -cols=512 -rows=512
41,gpt:gpt-7b:layer01_attn_score,split-linear,1048576,4096,1-43,43,1-43,43,1:20480;2:20480;3:20480;4:20480;5:20480;6:20480;7:20480;8:20480;9:20480;10:20480;11:20480;12:20480;13:20480;14:20480;15:20480;16:20480;17:20480;18:20480;19:20480;20:20480;21:20480;22:20480;23:20480;24:20480;25:20480;26:20480;27:20480;28:20480;29:20480;30:20480;31:20480;32:20480;33:20480;34:20480;35:20480;36:20480;37:20480;38:20480;39:20480;40:20480;41:20480;42:20480;43:188416,-op=split-linear -input-dim=4096 -output-dim=512 -rows=512 -split-k=4
42,bert:bert-7b-proxy:layer01_attn_value,split-linear,8388608,32768,1-47,47,1-47,47,1:176128;2:176128;3:176128;4:176128;5:176128;6:176128;7:176128;8:176128;9:176128;10:176128;11:176128;12:176128;13:176128;14:176128;15:176128;16:176128;17:176128;18:176128;19:176128;20:176128;21:176128;22:176128;23:176128;24:176128;25:176128;26:176128;27:176128;28:176128;29:176128;30:176128;31:176128;32:176128;33:176128;34:176128;35:176128;36:176128;37:176128;38:176128;39:176128;40:176128;41:176128;42:176128;43:176128;44:176128;45:176128;46:176128;47:286720,-op=split-linear -input-dim=512 -output-dim=4096 -rows=512 -split-k=4
43,gpt:gpt-7b:layer01_causal_mask,causal-mask,1048576,4096,1-43,43,1-43,43,1:20480;2:20480;3:20480;4:20480;5:20480;6:20480;7:20480;8:20480;9:20480;10:20480;11:20480;12:20480;13:20480;14:20480;15:20480;16:20480;17:20480;18:20480;19:20480;20:20480;21:20480;22:20480;23:20480;24:20480;25:20480;26:20480;27:20480;28:20480;29:20480;30:20480;31:20480;32:20480;33:20480;34:20480;35:20480;36:20480;37:20480;38:20480;39:20480;40:20480;41:20480;42:20480;43:188416,-op=causal-mask -batch-size=1 -rows=512 -seq-len=512
44,bert:bert-7b-proxy:layer01_attn_out,split-linear,8388608,32768,1-47,47,1-47,47,1:176128;2:176128;3:176128;4:176128;5:176128;6:176128;7:176128;8:176128;9:176128;10:176128;11:176128;12:176128;13:176128;14:176128;15:176128;16:176128;17:176128;18:176128;19:176128;20:176128;21:176128;22:176128;23:176128;24:176128;25:176128;26:176128;27:176128;28:176128;29:176128;30:176128;31:176128;32:176128;33:176128;34:176128;35:176128;36:176128;37:176128;38:176128;39:176128;40:176128;41:176128;42:176128;43:176128;44:176128;45:176128;46:176128;47:286720,-op=split-linear -input-dim=4096 -output-dim=4096 -rows=512 -split-k=4
45,gpt:gpt-7b:layer01_attn_softmax,row-softmax,1048576,512,1-16,16,1-16,16,1:65536;2:65536;3:65536;4:65536;5:65536;6:65536;7:65536;8:65536;9:65536;10:65536;11:65536;12:65536;13:65536;14:65536;15:65536;16:65536,-op=row-softmax -cols=512 -rows=512
46,bert:bert-7b-proxy:layer01_attn_residual,residual-add,8388608,32768,1-47,47,1-47,47,1:176128;2:176128;3:176128;4:176128;5:176128;6:176128;7:176128;8:176128;9:176128;10:176128;11:176128;12:176128;13:176128;14:176128;15:176128;16:176128;17:176128;18:176128;19:176128;20:176128;21:176128;22:176128;23:176128;24:176128;25:176128;26:176128;27:176128;28:176128;29:176128;30:176128;31:176128;32:176128;33:176128;34:176128;35:176128;36:176128;37:176128;38:176128;39:176128;40:176128;41:176128;42:176128;43:176128;44:176128;45:176128;46:176128;47:286720,-op=residual-add -elements=2097152
47,gpt:gpt-7b:layer01_attn_value,split-linear,8388608,32768,1-47,47,1-47,47,1:176128;2:176128;3:176128;4:176128;5:176128;6:176128;7:176128;8:176128;9:176128;10:176128;11:176128;12:176128;13:176128;14:176128;15:176128;16:176128;17:176128;18:176128;19:176128;20:176128;21:176128;22:176128;23:176128;24:176128;25:176128;26:176128;27:176128;28:176128;29:176128;30:176128;31:176128;32:176128;33:176128;34:176128;35:176128;36:176128;37:176128;38:176128;39:176128;40:176128;41:176128;42:176128;43:176128;44:176128;45:176128;46:176128;47:286720,-op=split-linear -input-dim=512 -output-dim=4096 -rows=512 -split-k=4
48,bert:bert-7b-proxy:layer01_norm1,layernorm,8388608,32768,1-47,47,1-47,47,1:176128;2:176128;3:176128;4:176128;5:176128;6:176128;7:176128;8:176128;9:176128;10:176128;11:176128;12:176128;13:176128;14:176128;15:176128;16:176128;17:176128;18:176128;19:176128;20:176128;21:176128;22:176128;23:176128;24:176128;25:176128;26:176128;27:176128;28:176128;29:176128;30:176128;31:176128;32:176128;33:176128;34:176128;35:176128;36:176128;37:176128;38:176128;39:176128;40:176128;41:176128;42:176128;43:176128;44:176128;45:176128;46:176128;47:286720,-op=layernorm -hidden=4096 -rows=512
49,gpt:gpt-7b:layer01_attn_out,split-linear,8388608,32768,1-47,47,1-47,47,1:176128;2:176128;3:176128;4:176128;5:176128;6:176128;7:176128;8:176128;9:176128;10:176128;11:176128;12:176128;13:176128;14:176128;15:176128;16:176128;17:176128;18:176128;19:176128;20:176128;21:176128;22:176128;23:176128;24:176128;25:176128;26:176128;27:176128;28:176128;29:176128;30:176128;31:176128;32:176128;33:176128;34:176128;35:176128;36:176128;37:176128;38:176128;39:176128;40:176128;41:176128;42:176128;43:176128;44:176128;45:176128;46:176128;47:286720,-op=split-linear -input-dim=4096 -output-dim=4096 -rows=512 -split-k=4
50,bert:bert-7b-proxy:layer01_mlp_fc1,split-linear,22544384,88064,all,48,all,48,1:466944;2:466944;3:466944;4:466944;5:466944;6:466944;7:466944;8:466944;9:466944;10:466944;11:466944;12:466944;13:466944;14:466944;15:466944;16:466944;17:466944;18:466944;19:466944;20:466944;21:466944;22:466944;23:466944;24:466944;25:466944;26:466944;27:466944;28:466944;29:466944;30:466944;31:466944;32:466944;33:466944;34:466944;35:466944;36:466944;37:466944;38:466944;39:466944;40:466944;41:466944;42:466944;43:466944;44:466944;45:466944;46:466944;47:466944;48:598016,-op=split-linear -input-dim=4096 -output-dim=11008 -rows=512 -split-k=4
51,gpt:gpt-7b:layer01_attn_residual,residual-add,8388608,32768,1-47,47,1-47,47,1:176128;2:176128;3:176128;4:176128;5:176128;6:176128;7:176128;8:176128;9:176128;10:176128;11:176128;12:176128;13:176128;14:176128;15:176128;16:176128;17:176128;18:176128;19:176128;20:176128;21:176128;22:176128;23:176128;24:176128;25:176128;26:176128;27:176128;28:176128;29:176128;30:176128;31:176128;32:176128;33:176128;34:176128;35:176128;36:176128;37:176128;38:176128;39:176128;40:176128;41:176128;42:176128;43:176128;44:176128;45:176128;46:176128;47:286720,-op=residual-add -elements=2097152
52,bert:bert-7b-proxy:layer01_mlp_gelu,gelu,22544384,88064,all,48,all,48,1:466944;2:466944;3:466944;4:466944;5:466944;6:466944;7:466944;8:466944;9:466944;10:466944;11:466944;12:466944;13:466944;14:466944;15:466944;16:466944;17:466944;18:466944;19:466944;20:466944;21:466944;22:466944;23:466944;24:466944;25:466944;26:466944;27:466944;28:466944;29:466944;30:466944;31:466944;32:466944;33:466944;34:466944;35:466944;36:466944;37:466944;38:466944;39:466944;40:466944;41:466944;42:466944;43:466944;44:466944;45:466944;46:466944;47:466944;48:598016,-op=gelu -elements=5636096
53,gpt:gpt-7b:layer01_norm2,layernorm,8388608,32768,1-47,47,1-47,47,1:176128;2:176128;3:176128;4:176128;5:176128;6:176128;7:176128;8:176128;9:176128;10:176128;11:176128;12:176128;13:176128;14:176128;15:176128;16:176128;17:176128;18:176128;19:176128;20:176128;21:176128;22:176128;23:176128;24:176128;25:176128;26:176128;27:176128;28:176128;29:176128;30:176128;31:176128;32:176128;33:176128;34:176128;35:176128;36:176128;37:176128;38:176128;39:176128;40:176128;41:176128;42:176128;43:176128;44:176128;45:176128;46:176128;47:286720,-op=layernorm -hidden=4096 -rows=512
54,bert:bert-7b-proxy:layer01_mlp_fc2,split-linear,8388608,32768,1-47,47,1-47,47,1:176128;2:176128;3:176128;4:176128;5:176128;6:176128;7:176128;8:176128;9:176128;10:176128;11:176128;12:176128;13:176128;14:176128;15:176128;16:176128;17:176128;18:176128;19:176128;20:176128;21:176128;22:176128;23:176128;24:176128;25:176128;26:176128;27:176128;28:176128;29:176128;30:176128;31:176128;32:176128;33:176128;34:176128;35:176128;36:176128;37:176128;38:176128;39:176128;40:176128;41:176128;42:176128;43:176128;44:176128;45:176128;46:176128;47:286720,-op=split-linear -input-dim=11008 -output-dim=4096 -rows=512 -split-k=4
55,gpt:gpt-7b:layer01_mlp_fc1,split-linear,22544384,88064,all,48,all,48,1:466944;2:466944;3:466944;4:466944;5:466944;6:466944;7:466944;8:466944;9:466944;10:466944;11:466944;12:466944;13:466944;14:466944;15:466944;16:466944;17:466944;18:466944;19:466944;20:466944;21:466944;22:466944;23:466944;24:466944;25:466944;26:466944;27:466944;28:466944;29:466944;30:466944;31:466944;32:466944;33:466944;34:466944;35:466944;36:466944;37:466944;38:466944;39:466944;40:466944;41:466944;42:466944;43:466944;44:466944;45:466944;46:466944;47:466944;48:598016,-op=split-linear -input-dim=4096 -output-dim=11008 -rows=512 -split-k=4
56,bert:bert-7b-proxy:layer01_mlp_residual,residual-add,8388608,32768,1-47,47,1-47,47,1:176128;2:176128;3:176128;4:176128;5:176128;6:176128;7:176128;8:176128;9:176128;10:176128;11:176128;12:176128;13:176128;14:176128;15:176128;16:176128;17:176128;18:176128;19:176128;20:176128;21:176128;22:176128;23:176128;24:176128;25:176128;26:176128;27:176128;28:176128;29:176128;30:176128;31:176128;32:176128;33:176128;34:176128;35:176128;36:176128;37:176128;38:176128;39:176128;40:176128;41:176128;42:176128;43:176128;44:176128;45:176128;46:176128;47:286720,-op=residual-add -elements=2097152
57,gpt:gpt-7b:layer01_mlp_gelu,gelu,22544384,88064,all,48,all,48,1:466944;2:466944;3:466944;4:466944;5:466944;6:466944;7:466944;8:466944;9:466944;10:466944;11:466944;12:466944;13:466944;14:466944;15:466944;16:466944;17:466944;18:466944;19:466944;20:466944;21:466944;22:466944;23:466944;24:466944;25:466944;26:466944;27:466944;28:466944;29:466944;30:466944;31:466944;32:466944;33:466944;34:466944;35:466944;36:466944;37:466944;38:466944;39:466944;40:466944;41:466944;42:466944;43:466944;44:466944;45:466944;46:466944;47:466944;48:598016,-op=gelu -elements=5636096
58,bert:bert-7b-proxy:layer01_norm2,layernorm,8388608,32768,1-47,47,1-47,47,1:176128;2:176128;3:176128;4:176128;5:176128;6:176128;7:176128;8:176128;9:176128;10:176128;11:176128;12:176128;13:176128;14:176128;15:176128;16:176128;17:176128;18:176128;19:176128;20:176128;21:176128;22:176128;23:176128;24:176128;25:176128;26:176128;27:176128;28:176128;29:176128;30:176128;31:176128;32:176128;33:176128;34:176128;35:176128;36:176128;37:176128;38:176128;39:176128;40:176128;41:176128;42:176128;43:176128;44:176128;45:176128;46:176128;47:286720,-op=layernorm -hidden=4096 -rows=512
59,gpt:gpt-7b:layer01_mlp_fc2,split-linear,8388608,32768,1-47,47,1-47,47,1:176128;2:176128;3:176128;4:176128;5:176128;6:176128;7:176128;8:176128;9:176128;10:176128;11:176128;12:176128;13:176128;14:176128;15:176128;16:176128;17:176128;18:176128;19:176128;20:176128;21:176128;22:176128;23:176128;24:176128;25:176128;26:176128;27:176128;28:176128;29:176128;30:176128;31:176128;32:176128;33:176128;34:176128;35:176128;36:176128;37:176128;38:176128;39:176128;40:176128;41:176128;42:176128;43:176128;44:176128;45:176128;46:176128;47:286720,-op=split-linear -input-dim=11008 -output-dim=4096 -rows=512 -split-k=4
60,bert:bert-7b-proxy:layer02_attn_q,split-linear,8388608,32768,1-47,47,1-47,47,1:176128;2:176128;3:176128;4:176128;5:176128;6:176128;7:176128;8:176128;9:176128;10:176128;11:176128;12:176128;13:176128;14:176128;15:176128;16:176128;17:176128;18:176128;19:176128;20:176128;21:176128;22:176128;23:176128;24:176128;25:176128;26:176128;27:176128;28:176128;29:176128;30:176128;31:176128;32:176128;33:176128;34:176128;35:176128;36:176128;37:176128;38:176128;39:176128;40:176128;41:176128;42:176128;43:176128;44:176128;45:176128;46:176128;47:286720,-op=split-linear -input-dim=4096 -output-dim=4096 -rows=512 -split-k=4
61,gpt:gpt-7b:layer01_mlp_residual,residual-add,8388608,32768,1-47,47,1-47,47,1:176128;2:176128;3:176128;4:176128;5:176128;6:176128;7:176128;8:176128;9:176128;10:176128;11:176128;12:176128;13:176128;14:176128;15:176128;16:176128;17:176128;18:176128;19:176128;20:176128;21:176128;22:176128;23:176128;24:176128;25:176128;26:176128;27:176128;28:176128;29:176128;30:176128;31:176128;32:176128;33:176128;34:176128;35:176128;36:176128;37:176128;38:176128;39:176128;40:176128;41:176128;42:176128;43:176128;44:176128;45:176128;46:176128;47:286720,-op=residual-add -elements=2097152
62,bert:bert-7b-proxy:layer02_attn_k,split-linear,8388608,32768,1-47,47,1-47,47,1:176128;2:176128;3:176128;4:176128;5:176128;6:176128;7:176128;8:176128;9:176128;10:176128;11:176128;12:176128;13:176128;14:176128;15:176128;16:176128;17:176128;18:176128;19:176128;20:176128;21:176128;22:176128;23:176128;24:176128;25:176128;26:176128;27:176128;28:176128;29:176128;30:176128;31:176128;32:176128;33:176128;34:176128;35:176128;36:176128;37:176128;38:176128;39:176128;40:176128;41:176128;42:176128;43:176128;44:176128;45:176128;46:176128;47:286720,-op=split-linear -input-dim=4096 -output-dim=4096 -rows=512 -split-k=4
63,gpt:gpt-7b:layer02_norm1,layernorm,8388608,32768,1-47,47,1-47,47,1:176128;2:176128;3:176128;4:176128;5:176128;6:176128;7:176128;8:176128;9:176128;10:176128;11:176128;12:176128;13:176128;14:176128;15:176128;16:176128;17:176128;18:176128;19:176128;20:176128;21:176128;22:176128;23:176128;24:176128;25:176128;26:176128;27:176128;28:176128;29:176128;30:176128;31:176128;32:176128;33:176128;34:176128;35:176128;36:176128;37:176128;38:176128;39:176128;40:176128;41:176128;42:176128;43:176128;44:176128;45:176128;46:176128;47:286720,-op=layernorm -hidden=4096 -rows=512
64,bert:bert-7b-proxy:layer02_attn_v,split-linear,8388608,32768,1-47,47,1-47,47,1:176128;2:176128;3:176128;4:176128;5:176128;6:176128;7:176128;8:176128;9:176128;10:176128;11:176128;12:176128;13:176128;14:176128;15:176128;16:176128;17:176128;18:176128;19:176128;20:176128;21:176128;22:176128;23:176128;24:176128;25:176128;26:176128;27:176128;28:176128;29:176128;30:176128;31:176128;32:176128;33:176128;34:176128;35:176128;36:176128;37:176128;38:176128;39:176128;40:176128;41:176128;42:176128;43:176128;44:176128;45:176128;46:176128;47:286720,-op=split-linear -input-dim=4096 -output-dim=4096 -rows=512 -split-k=4
65,gpt:gpt-7b:layer02_attn_q,split-linear,8388608,32768,1-47,47,1-47,47,1:176128;2:176128;3:176128;4:176128;5:176128;6:176128;7:176128;8:176128;9:176128;10:176128;11:176128;12:176128;13:176128;14:176128;15:176128;16:176128;17:176128;18:176128;19:176128;20:176128;21:176128;22:176128;23:176128;24:176128;25:176128;26:176128;27:176128;28:176128;29:176128;30:176128;31:176128;32:176128;33:176128;34:176128;35:176128;36:176128;37:176128;38:176128;39:176128;40:176128;41:176128;42:176128;43:176128;44:176128;45:176128;46:176128;47:286720,-op=split-linear -input-dim=4096 -output-dim=4096 -rows=512 -split-k=4
66,bert:bert-7b-proxy:layer02_attn_score,split-linear,1048576,4096,1-43,43,1-43,43,1:20480;2:20480;3:20480;4:20480;5:20480;6:20480;7:20480;8:20480;9:20480;10:20480;11:20480;12:20480;13:20480;14:20480;15:20480;16:20480;17:20480;18:20480;19:20480;20:20480;21:20480;22:20480;23:20480;24:20480;25:20480;26:20480;27:20480;28:20480;29:20480;30:20480;31:20480;32:20480;33:20480;34:20480;35:20480;36:20480;37:20480;38:20480;39:20480;40:20480;41:20480;42:20480;43:188416,-op=split-linear -input-dim=4096 -output-dim=512 -rows=512 -split-k=4
67,gpt:gpt-7b:layer02_attn_k,split-linear,8388608,32768,1-47,47,1-47,47,1:176128;2:176128;3:176128;4:176128;5:176128;6:176128;7:176128;8:176128;9:176128;10:176128;11:176128;12:176128;13:176128;14:176128;15:176128;16:176128;17:176128;18:176128;19:176128;20:176128;21:176128;22:176128;23:176128;24:176128;25:176128;26:176128;27:176128;28:176128;29:176128;30:176128;31:176128;32:176128;33:176128;34:176128;35:176128;36:176128;37:176128;38:176128;39:176128;40:176128;41:176128;42:176128;43:176128;44:176128;45:176128;46:176128;47:286720,-op=split-linear -input-dim=4096 -output-dim=4096 -rows=512 -split-k=4
68,bert:bert-7b-proxy:layer02_attn_softmax,row-softmax,1048576,512,1-16,16,1-16,16,1:65536;2:65536;3:65536;4:65536;5:65536;6:65536;7:65536;8:65536;9:65536;10:65536;11:65536;12:65536;13:65536;14:65536;15:65536;16:65536,-op=row-softmax -cols=512 -rows=512
69,gpt:gpt-7b:layer02_attn_v,split-linear,8388608,32768,1-47,47,1-47,47,1:176128;2:176128;3:176128;4:176128;5:176128;6:176128;7:176128;8:176128;9:176128;10:176128;11:176128;12:176128;13:176128;14:176128;15:176128;16:176128;17:176128;18:176128;19:176128;20:176128;21:176128;22:176128;23:176128;24:176128;25:176128;26:176128;27:176128;28:176128;29:176128;30:176128;31:176128;32:176128;33:176128;34:176128;35:176128;36:176128;37:176128;38:176128;39:176128;40:176128;41:176128;42:176128;43:176128;44:176128;45:176128;46:176128;47:286720,-op=split-linear -input-dim=4096 -output-dim=4096 -rows=512 -split-k=4
70,bert:bert-7b-proxy:layer02_attn_value,split-linear,8388608,32768,1-47,47,1-47,47,1:176128;2:176128;3:176128;4:176128;5:176128;6:176128;7:176128;8:176128;9:176128;10:176128;11:176128;12:176128;13:176128;14:176128;15:176128;16:176128;17:176128;18:176128;19:176128;20:176128;21:176128;22:176128;23:176128;24:176128;25:176128;26:176128;27:176128;28:176128;29:176128;30:176128;31:176128;32:176128;33:176128;34:176128;35:176128;36:176128;37:176128;38:176128;39:176128;40:176128;41:176128;42:176128;43:176128;44:176128;45:176128;46:176128;47:286720,-op=split-linear -input-dim=512 -output-dim=4096 -rows=512 -split-k=4
71,gpt:gpt-7b:layer02_attn_score,split-linear,1048576,4096,1-43,43,1-43,43,1:20480;2:20480;3:20480;4:20480;5:20480;6:20480;7:20480;8:20480;9:20480;10:20480;11:20480;12:20480;13:20480;14:20480;15:20480;16:20480;17:20480;18:20480;19:20480;20:20480;21:20480;22:20480;23:20480;24:20480;25:20480;26:20480;27:20480;28:20480;29:20480;30:20480;31:20480;32:20480;33:20480;34:20480;35:20480;36:20480;37:20480;38:20480;39:20480;40:20480;41:20480;42:20480;43:188416,-op=split-linear -input-dim=4096 -output-dim=512 -rows=512 -split-k=4
72,bert:bert-7b-proxy:layer02_attn_out,split-linear,8388608,32768,1-47,47,1-47,47,1:176128;2:176128;3:176128;4:176128;5:176128;6:176128;7:176128;8:176128;9:176128;10:176128;11:176128;12:176128;13:176128;14:176128;15:176128;16:176128;17:176128;18:176128;19:176128;20:176128;21:176128;22:176128;23:176128;24:176128;25:176128;26:176128;27:176128;28:176128;29:176128;30:176128;31:176128;32:176128;33:176128;34:176128;35:176128;36:176128;37:176128;38:176128;39:176128;40:176128;41:176128;42:176128;43:176128;44:176128;45:176128;46:176128;47:286720,-op=split-linear -input-dim=4096 -output-dim=4096 -rows=512 -split-k=4
73,gpt:gpt-7b:layer02_causal_mask,causal-mask,1048576,4096,1-43,43,1-43,43,1:20480;2:20480;3:20480;4:20480;5:20480;6:20480;7:20480;8:20480;9:20480;10:20480;11:20480;12:20480;13:20480;14:20480;15:20480;16:20480;17:20480;18:20480;19:20480;20:20480;21:20480;22:20480;23:20480;24:20480;25:20480;26:20480;27:20480;28:20480;29:20480;30:20480;31:20480;32:20480;33:20480;34:20480;35:20480;36:20480;37:20480;38:20480;39:20480;40:20480;41:20480;42:20480;43:188416,-op=causal-mask -batch-size=1 -rows=512 -seq-len=512
74,bert:bert-7b-proxy:layer02_attn_residual,residual-add,8388608,32768,1-47,47,1-47,47,1:176128;2:176128;3:176128;4:176128;5:176128;6:176128;7:176128;8:176128;9:176128;10:176128;11:176128;12:176128;13:176128;14:176128;15:176128;16:176128;17:176128;18:176128;19:176128;20:176128;21:176128;22:176128;23:176128;24:176128;25:176128;26:176128;27:176128;28:176128;29:176128;30:176128;31:176128;32:176128;33:176128;34:176128;35:176128;36:176128;37:176128;38:176128;39:176128;40:176128;41:176128;42:176128;43:176128;44:176128;45:176128;46:176128;47:286720,-op=residual-add -elements=2097152
75,gpt:gpt-7b:layer02_attn_softmax,row-softmax,1048576,512,1-16,16,1-16,16,1:65536;2:65536;3:65536;4:65536;5:65536;6:65536;7:65536;8:65536;9:65536;10:65536;11:65536;12:65536;13:65536;14:65536;15:65536;16:65536,-op=row-softmax -cols=512 -rows=512
76,bert:bert-7b-proxy:layer02_norm1,layernorm,8388608,32768,1-47,47,1-47,47,1:176128;2:176128;3:176128;4:176128;5:176128;6:176128;7:176128;8:176128;9:176128;10:176128;11:176128;12:176128;13:176128;14:176128;15:176128;16:176128;17:176128;18:176128;19:176128;20:176128;21:176128;22:176128;23:176128;24:176128;25:176128;26:176128;27:176128;28:176128;29:176128;30:176128;31:176128;32:176128;33:176128;34:176128;35:176128;36:176128;37:176128;38:176128;39:176128;40:176128;41:176128;42:176128;43:176128;44:176128;45:176128;46:176128;47:286720,-op=layernorm -hidden=4096 -rows=512
77,gpt:gpt-7b:layer02_attn_value,split-linear,8388608,32768,1-47,47,1-47,47,1:176128;2:176128;3:176128;4:176128;5:176128;6:176128;7:176128;8:176128;9:176128;10:176128;11:176128;12:176128;13:176128;14:176128;15:176128;16:176128;17:176128;18:176128;19:176128;20:176128;21:176128;22:176128;23:176128;24:176128;25:176128;26:176128;27:176128;28:176128;29:176128;30:176128;31:176128;32:176128;33:176128;34:176128;35:176128;36:176128;37:176128;38:176128;39:176128;40:176128;41:176128;42:176128;43:176128;44:176128;45:176128;46:176128;47:286720,-op=split-linear -input-dim=512 -output-dim=4096 -rows=512 -split-k=4
78,bert:bert-7b-proxy:layer02_mlp_fc1,split-linear,22544384,88064,all,48,all,48,1:466944;2:466944;3:466944;4:466944;5:466944;6:466944;7:466944;8:466944;9:466944;10:466944;11:466944;12:466944;13:466944;14:466944;15:466944;16:466944;17:466944;18:466944;19:466944;20:466944;21:466944;22:466944;23:466944;24:466944;25:466944;26:466944;27:466944;28:466944;29:466944;30:466944;31:466944;32:466944;33:466944;34:466944;35:466944;36:466944;37:466944;38:466944;39:466944;40:466944;41:466944;42:466944;43:466944;44:466944;45:466944;46:466944;47:466944;48:598016,-op=split-linear -input-dim=4096 -output-dim=11008 -rows=512 -split-k=4
79,gpt:gpt-7b:layer02_attn_out,split-linear,8388608,32768,1-47,47,1-47,47,1:176128;2:176128;3:176128;4:176128;5:176128;6:176128;7:176128;8:176128;9:176128;10:176128;11:176128;12:176128;13:176128;14:176128;15:176128;16:176128;17:176128;18:176128;19:176128;20:176128;21:176128;22:176128;23:176128;24:176128;25:176128;26:176128;27:176128;28:176128;29:176128;30:176128;31:176128;32:176128;33:176128;34:176128;35:176128;36:176128;37:176128;38:176128;39:176128;40:176128;41:176128;42:176128;43:176128;44:176128;45:176128;46:176128;47:286720,-op=split-linear -input-dim=4096 -output-dim=4096 -rows=512 -split-k=4
80,bert:bert-7b-proxy:layer02_mlp_gelu,gelu,22544384,88064,all,48,all,48,1:466944;2:466944;3:466944;4:466944;5:466944;6:466944;7:466944;8:466944;9:466944;10:466944;11:466944;12:466944;13:466944;14:466944;15:466944;16:466944;17:466944;18:466944;19:466944;20:466944;21:466944;22:466944;23:466944;24:466944;25:466944;26:466944;27:466944;28:466944;29:466944;30:466944;31:466944;32:466944;33:466944;34:466944;35:466944;36:466944;37:466944;38:466944;39:466944;40:466944;41:466944;42:466944;43:466944;44:466944;45:466944;46:466944;47:466944;48:598016,-op=gelu -elements=5636096
81,gpt:gpt-7b:layer02_attn_residual,residual-add,8388608,32768,1-47,47,1-47,47,1:176128;2:176128;3:176128;4:176128;5:176128;6:176128;7:176128;8:176128;9:176128;10:176128;11:176128;12:176128;13:176128;14:176128;15:176128;16:176128;17:176128;18:176128;19:176128;20:176128;21:176128;22:176128;23:176128;24:176128;25:176128;26:176128;27:176128;28:176128;29:176128;30:176128;31:176128;32:176128;33:176128;34:176128;35:176128;36:176128;37:176128;38:176128;39:176128;40:176128;41:176128;42:176128;43:176128;44:176128;45:176128;46:176128;47:286720,-op=residual-add -elements=2097152
82,bert:bert-7b-proxy:layer02_mlp_fc2,split-linear,8388608,32768,1-47,47,1-47,47,1:176128;2:176128;3:176128;4:176128;5:176128;6:176128;7:176128;8:176128;9:176128;10:176128;11:176128;12:176128;13:176128;14:176128;15:176128;16:176128;17:176128;18:176128;19:176128;20:176128;21:176128;22:176128;23:176128;24:176128;25:176128;26:176128;27:176128;28:176128;29:176128;30:176128;31:176128;32:176128;33:176128;34:176128;35:176128;36:176128;37:176128;38:176128;39:176128;40:176128;41:176128;42:176128;43:176128;44:176128;45:176128;46:176128;47:286720,-op=split-linear -input-dim=11008 -output-dim=4096 -rows=512 -split-k=4
83,gpt:gpt-7b:layer02_norm2,layernorm,8388608,32768,1-47,47,1-47,47,1:176128;2:176128;3:176128;4:176128;5:176128;6:176128;7:176128;8:176128;9:176128;10:176128;11:176128;12:176128;13:176128;14:176128;15:176128;16:176128;17:176128;18:176128;19:176128;20:176128;21:176128;22:176128;23:176128;24:176128;25:176128;26:176128;27:176128;28:176128;29:176128;30:176128;31:176128;32:176128;33:176128;34:176128;35:176128;36:176128;37:176128;38:176128;39:176128;40:176128;41:176128;42:176128;43:176128;44:176128;45:176128;46:176128;47:286720,-op=layernorm -hidden=4096 -rows=512
84,bert:bert-7b-proxy:layer02_mlp_residual,residual-add,8388608,32768,1-47,47,1-47,47,1:176128;2:176128;3:176128;4:176128;5:176128;6:176128;7:176128;8:176128;9:176128;10:176128;11:176128;12:176128;13:176128;14:176128;15:176128;16:176128;17:176128;18:176128;19:176128;20:176128;21:176128;22:176128;23:176128;24:176128;25:176128;26:176128;27:176128;28:176128;29:176128;30:176128;31:176128;32:176128;33:176128;34:176128;35:176128;36:176128;37:176128;38:176128;39:176128;40:176128;41:176128;42:176128;43:176128;44:176128;45:176128;46:176128;47:286720,-op=residual-add -elements=2097152
85,gpt:gpt-7b:layer02_mlp_fc1,split-linear,22544384,88064,all,48,all,48,1:466944;2:466944;3:466944;4:466944;5:466944;6:466944;7:466944;8:466944;9:466944;10:466944;11:466944;12:466944;13:466944;14:466944;15:466944;16:466944;17:466944;18:466944;19:466944;20:466944;21:466944;22:466944;23:466944;24:466944;25:466944;26:466944;27:466944;28:466944;29:466944;30:466944;31:466944;32:466944;33:466944;34:466944;35:466944;36:466944;37:466944;38:466944;39:466944;40:466944;41:466944;42:466944;43:466944;44:466944;45:466944;46:466944;47:466944;48:598016,-op=split-linear -input-dim=4096 -output-dim=11008 -rows=512 -split-k=4
86,bert:bert-7b-proxy:layer02_norm2,layernorm,8388608,32768,1-47,47,1-47,47,1:176128;2:176128;3:176128;4:176128;5:176128;6:176128;7:176128;8:176128;9:176128;10:176128;11:176128;12:176128;13:176128;14:176128;15:176128;16:176128;17:176128;18:176128;19:176128;20:176128;21:176128;22:176128;23:176128;24:176128;25:176128;26:176128;27:176128;28:176128;29:176128;30:176128;31:176128;32:176128;33:176128;34:176128;35:176128;36:176128;37:176128;38:176128;39:176128;40:176128;41:176128;42:176128;43:176128;44:176128;45:176128;46:176128;47:286720,-op=layernorm -hidden=4096 -rows=512
87,gpt:gpt-7b:layer02_mlp_gelu,gelu,22544384,88064,all,48,all,48,1:466944;2:466944;3:466944;4:466944;5:466944;6:466944;7:466944;8:466944;9:466944;10:466944;11:466944;12:466944;13:466944;14:466944;15:466944;16:466944;17:466944;18:466944;19:466944;20:466944;21:466944;22:466944;23:466944;24:466944;25:466944;26:466944;27:466944;28:466944;29:466944;30:466944;31:466944;32:466944;33:466944;34:466944;35:466944;36:466944;37:466944;38:466944;39:466944;40:466944;41:466944;42:466944;43:466944;44:466944;45:466944;46:466944;47:466944;48:598016,-op=gelu -elements=5636096
88,bert:bert-7b-proxy:layer03_attn_q,split-linear,8388608,32768,1-47,47,1-47,47,1:176128;2:176128;3:176128;4:176128;5:176128;6:176128;7:176128;8:176128;9:176128;10:176128;11:176128;12:176128;13:176128;14:176128;15:176128;16:176128;17:176128;18:176128;19:176128;20:176128;21:176128;22:176128;23:176128;24:176128;25:176128;26:176128;27:176128;28:176128;29:176128;30:176128;31:176128;32:176128;33:176128;34:176128;35:176128;36:176128;37:176128;38:176128;39:176128;40:176128;41:176128;42:176128;43:176128;44:176128;45:176128;46:176128;47:286720,-op=split-linear -input-dim=4096 -output-dim=4096 -rows=512 -split-k=4
89,gpt:gpt-7b:layer02_mlp_fc2,split-linear,8388608,32768,1-47,47,1-47,47,1:176128;2:176128;3:176128;4:176128;5:176128;6:176128;7:176128;8:176128;9:176128;10:176128;11:176128;12:176128;13:176128;14:176128;15:176128;16:176128;17:176128;18:176128;19:176128;20:176128;21:176128;22:176128;23:176128;24:176128;25:176128;26:176128;27:176128;28:176128;29:176128;30:176128;31:176128;32:176128;33:176128;34:176128;35:176128;36:176128;37:176128;38:176128;39:176128;40:176128;41:176128;42:176128;43:176128;44:176128;45:176128;46:176128;47:286720,-op=split-linear -input-dim=11008 -output-dim=4096 -rows=512 -split-k=4
90,bert:bert-7b-proxy:layer03_attn_k,split-linear,8388608,32768,1-47,47,1-47,47,1:176128;2:176128;3:176128;4:176128;5:176128;6:176128;7:176128;8:176128;9:176128;10:176128;11:176128;12:176128;13:176128;14:176128;15:176128;16:176128;17:176128;18:176128;19:176128;20:176128;21:176128;22:176128;23:176128;24:176128;25:176128;26:176128;27:176128;28:176128;29:176128;30:176128;31:176128;32:176128;33:176128;34:176128;35:176128;36:176128;37:176128;38:176128;39:176128;40:176128;41:176128;42:176128;43:176128;44:176128;45:176128;46:176128;47:286720,-op=split-linear -input-dim=4096 -output-dim=4096 -rows=512 -split-k=4
91,gpt:gpt-7b:layer02_mlp_residual,residual-add,8388608,32768,1-47,47,1-47,47,1:176128;2:176128;3:176128;4:176128;5:176128;6:176128;7:176128;8:176128;9:176128;10:176128;11:176128;12:176128;13:176128;14:176128;15:176128;16:176128;17:176128;18:176128;19:176128;20:176128;21:176128;22:176128;23:176128;24:176128;25:176128;26:176128;27:176128;28:176128;29:176128;30:176128;31:176128;32:176128;33:176128;34:176128;35:176128;36:176128;37:176128;38:176128;39:176128;40:176128;41:176128;42:176128;43:176128;44:176128;45:176128;46:176128;47:286720,-op=residual-add -elements=2097152
92,bert:bert-7b-proxy:layer03_attn_v,split-linear,8388608,32768,1-47,47,1-47,47,1:176128;2:176128;3:176128;4:176128;5:176128;6:176128;7:176128;8:176128;9:176128;10:176128;11:176128;12:176128;13:176128;14:176128;15:176128;16:176128;17:176128;18:176128;19:176128;20:176128;21:176128;22:176128;23:176128;24:176128;25:176128;26:176128;27:176128;28:176128;29:176128;30:176128;31:176128;32:176128;33:176128;34:176128;35:176128;36:176128;37:176128;38:176128;39:176128;40:176128;41:176128;42:176128;43:176128;44:176128;45:176128;46:176128;47:286720,-op=split-linear -input-dim=4096 -output-dim=4096 -rows=512 -split-k=4
93,gpt:gpt-7b:layer03_norm1,layernorm,8388608,32768,1-47,47,1-47,47,1:176128;2:176128;3:176128;4:176128;5:176128;6:176128;7:176128;8:176128;9:176128;10:176128;11:176128;12:176128;13:176128;14:176128;15:176128;16:176128;17:176128;18:176128;19:176128;20:176128;21:176128;22:176128;23:176128;24:176128;25:176128;26:176128;27:176128;28:176128;29:176128;30:176128;31:176128;32:176128;33:176128;34:176128;35:176128;36:176128;37:176128;38:176128;39:176128;40:176128;41:176128;42:176128;43:176128;44:176128;45:176128;46:176128;47:286720,-op=layernorm -hidden=4096 -rows=512
94,bert:bert-7b-proxy:layer03_attn_score,split-linear,1048576,4096,1-43,43,1-43,43,1:20480;2:20480;3:20480;4:20480;5:20480;6:20480;7:20480;8:20480;9:20480;10:20480;11:20480;12:20480;13:20480;14:20480;15:20480;16:20480;17:20480;18:20480;19:20480;20:20480;21:20480;22:20480;23:20480;24:20480;25:20480;26:20480;27:20480;28:20480;29:20480;30:20480;31:20480;32:20480;33:20480;34:20480;35:20480;36:20480;37:20480;38:20480;39:20480;40:20480;41:20480;42:20480;43:188416,-op=split-linear -input-dim=4096 -output-dim=512 -rows=512 -split-k=4
95,gpt:gpt-7b:layer03_attn_q,split-linear,8388608,32768,1-47,47,1-47,47,1:176128;2:176128;3:176128;4:176128;5:176128;6:176128;7:176128;8:176128;9:176128;10:176128;11:176128;12:176128;13:176128;14:176128;15:176128;16:176128;17:176128;18:176128;19:176128;20:176128;21:176128;22:176128;23:176128;24:176128;25:176128;26:176128;27:176128;28:176128;29:176128;30:176128;31:176128;32:176128;33:176128;34:176128;35:176128;36:176128;37:176128;38:176128;39:176128;40:176128;41:176128;42:176128;43:176128;44:176128;45:176128;46:176128;47:286720,-op=split-linear -input-dim=4096 -output-dim=4096 -rows=512 -split-k=4
96,bert:bert-7b-proxy:layer03_attn_softmax,row-softmax,1048576,512,1-16,16,1-16,16,1:65536;2:65536;3:65536;4:65536;5:65536;6:65536;7:65536;8:65536;9:65536;10:65536;11:65536;12:65536;13:65536;14:65536;15:65536;16:65536,-op=row-softmax -cols=512 -rows=512
97,gpt:gpt-7b:layer03_attn_k,split-linear,8388608,32768,1-47,47,1-47,47,1:176128;2:176128;3:176128;4:176128;5:176128;6:176128;7:176128;8:176128;9:176128;10:176128;11:176128;12:176128;13:176128;14:176128;15:176128;16:176128;17:176128;18:176128;19:176128;20:176128;21:176128;22:176128;23:176128;24:176128;25:176128;26:176128;27:176128;28:176128;29:176128;30:176128;31:176128;32:176128;33:176128;34:176128;35:176128;36:176128;37:176128;38:176128;39:176128;40:176128;41:176128;42:176128;43:176128;44:176128;45:176128;46:176128;47:286720,-op=split-linear -input-dim=4096 -output-dim=4096 -rows=512 -split-k=4
98,bert:bert-7b-proxy:layer03_attn_value,split-linear,8388608,32768,1-47,47,1-47,47,1:176128;2:176128;3:176128;4:176128;5:176128;6:176128;7:176128;8:176128;9:176128;10:176128;11:176128;12:176128;13:176128;14:176128;15:176128;16:176128;17:176128;18:176128;19:176128;20:176128;21:176128;22:176128;23:176128;24:176128;25:176128;26:176128;27:176128;28:176128;29:176128;30:176128;31:176128;32:176128;33:176128;34:176128;35:176128;36:176128;37:176128;38:176128;39:176128;40:176128;41:176128;42:176128;43:176128;44:176128;45:176128;46:176128;47:286720,-op=split-linear -input-dim=512 -output-dim=4096 -rows=512 -split-k=4
99,gpt:gpt-7b:layer03_attn_v,split-linear,8388608,32768,1-47,47,1-47,47,1:176128;2:176128;3:176128;4:176128;5:176128;6:176128;7:176128;8:176128;9:176128;10:176128;11:176128;12:176128;13:176128;14:176128;15:176128;16:176128;17:176128;18:176128;19:176128;20:176128;21:176128;22:176128;23:176128;24:176128;25:176128;26:176128;27:176128;28:176128;29:176128;30:176128;31:176128;32:176128;33:176128;34:176128;35:176128;36:176128;37:176128;38:176128;39:176128;40:176128;41:176128;42:176128;43:176128;44:176128;45:176128;46:176128;47:286720,-op=split-linear -input-dim=4096 -output-dim=4096 -rows=512 -split-k=4
100,bert:bert-7b-proxy:layer03_attn_out,split-linear,8388608,32768,1-47,47,1-47,47,1:176128;2:176128;3:176128;4:176128;5:176128;6:176128;7:176128;8:176128;9:176128;10:176128;11:176128;12:176128;13:176128;14:176128;15:176128;16:176128;17:176128;18:176128;19:176128;20:176128;21:176128;22:176128;23:176128;24:176128;25:176128;26:176128;27:176128;28:176128;29:176128;30:176128;31:176128;32:176128;33:176128;34:176128;35:176128;36:176128;37:176128;38:176128;39:176128;40:176128;41:176128;42:176128;43:176128;44:176128;45:176128;46:176128;47:286720,-op=split-linear -input-dim=4096 -output-dim=4096 -rows=512 -split-k=4
101,gpt:gpt-7b:layer03_attn_score,split-linear,1048576,4096,1-43,43,1-43,43,1:20480;2:20480;3:20480;4:20480;5:20480;6:20480;7:20480;8:20480;9:20480;10:20480;11:20480;12:20480;13:20480;14:20480;15:20480;16:20480;17:20480;18:20480;19:20480;20:20480;21:20480;22:20480;23:20480;24:20480;25:20480;26:20480;27:20480;28:20480;29:20480;30:20480;31:20480;32:20480;33:20480;34:20480;35:20480;36:20480;37:20480;38:20480;39:20480;40:20480;41:20480;42:20480;43:188416,-op=split-linear -input-dim=4096 -output-dim=512 -rows=512 -split-k=4
102,bert:bert-7b-proxy:layer03_attn_residual,residual-add,8388608,32768,1-47,47,1-47,47,1:176128;2:176128;3:176128;4:176128;5:176128;6:176128;7:176128;8:176128;9:176128;10:176128;11:176128;12:176128;13:176128;14:176128;15:176128;16:176128;17:176128;18:176128;19:176128;20:176128;21:176128;22:176128;23:176128;24:176128;25:176128;26:176128;27:176128;28:176128;29:176128;30:176128;31:176128;32:176128;33:176128;34:176128;35:176128;36:176128;37:176128;38:176128;39:176128;40:176128;41:176128;42:176128;43:176128;44:176128;45:176128;46:176128;47:286720,-op=residual-add -elements=2097152
103,gpt:gpt-7b:layer03_causal_mask,causal-mask,1048576,4096,1-43,43,1-43,43,1:20480;2:20480;3:20480;4:20480;5:20480;6:20480;7:20480;8:20480;9:20480;10:20480;11:20480;12:20480;13:20480;14:20480;15:20480;16:20480;17:20480;18:20480;19:20480;20:20480;21:20480;22:20480;23:20480;24:20480;25:20480;26:20480;27:20480;28:20480;29:20480;30:20480;31:20480;32:20480;33:20480;34:20480;35:20480;36:20480;37:20480;38:20480;39:20480;40:20480;41:20480;42:20480;43:188416,-op=causal-mask -batch-size=1 -rows=512 -seq-len=512
104,bert:bert-7b-proxy:layer03_norm1,layernorm,8388608,32768,1-47,47,1-47,47,1:176128;2:176128;3:176128;4:176128;5:176128;6:176128;7:176128;8:176128;9:176128;10:176128;11:176128;12:176128;13:176128;14:176128;15:176128;16:176128;17:176128;18:176128;19:176128;20:176128;21:176128;22:176128;23:176128;24:176128;25:176128;26:176128;27:176128;28:176128;29:176128;30:176128;31:176128;32:176128;33:176128;34:176128;35:176128;36:176128;37:176128;38:176128;39:176128;40:176128;41:176128;42:176128;43:176128;44:176128;45:176128;46:176128;47:286720,-op=layernorm -hidden=4096 -rows=512
105,gpt:gpt-7b:layer03_attn_softmax,row-softmax,1048576,512,1-16,16,1-16,16,1:65536;2:65536;3:65536;4:65536;5:65536;6:65536;7:65536;8:65536;9:65536;10:65536;11:65536;12:65536;13:65536;14:65536;15:65536;16:65536,-op=row-softmax -cols=512 -rows=512
106,bert:bert-7b-proxy:layer03_mlp_fc1,split-linear,22544384,88064,all,48,all,48,1:466944;2:466944;3:466944;4:466944;5:466944;6:466944;7:466944;8:466944;9:466944;10:466944;11:466944;12:466944;13:466944;14:466944;15:466944;16:466944;17:466944;18:466944;19:466944;20:466944;21:466944;22:466944;23:466944;24:466944;25:466944;26:466944;27:466944;28:466944;29:466944;30:466944;31:466944;32:466944;33:466944;34:466944;35:466944;36:466944;37:466944;38:466944;39:466944;40:466944;41:466944;42:466944;43:466944;44:466944;45:466944;46:466944;47:466944;48:598016,-op=split-linear -input-dim=4096 -output-dim=11008 -rows=512 -split-k=4
107,gpt:gpt-7b:layer03_attn_value,split-linear,8388608,32768,1-47,47,1-47,47,1:176128;2:176128;3:176128;4:176128;5:176128;6:176128;7:176128;8:176128;9:176128;10:176128;11:176128;12:176128;13:176128;14:176128;15:176128;16:176128;17:176128;18:176128;19:176128;20:176128;21:176128;22:176128;23:176128;24:176128;25:176128;26:176128;27:176128;28:176128;29:176128;30:176128;31:176128;32:176128;33:176128;34:176128;35:176128;36:176128;37:176128;38:176128;39:176128;40:176128;41:176128;42:176128;43:176128;44:176128;45:176128;46:176128;47:286720,-op=split-linear -input-dim=512 -output-dim=4096 -rows=512 -split-k=4
108,bert:bert-7b-proxy:layer03_mlp_gelu,gelu,22544384,88064,all,48,all,48,1:466944;2:466944;3:466944;4:466944;5:466944;6:466944;7:466944;8:466944;9:466944;10:466944;11:466944;12:466944;13:466944;14:466944;15:466944;16:466944;17:466944;18:466944;19:466944;20:466944;21:466944;22:466944;23:466944;24:466944;25:466944;26:466944;27:466944;28:466944;29:466944;30:466944;31:466944;32:466944;33:466944;34:466944;35:466944;36:466944;37:466944;38:466944;39:466944;40:466944;41:466944;42:466944;43:466944;44:466944;45:466944;46:466944;47:466944;48:598016,-op=gelu -elements=5636096
109,gpt:gpt-7b:layer03_attn_out,split-linear,8388608,32768,1-47,47,1-47,47,1:176128;2:176128;3:176128;4:176128;5:176128;6:176128;7:176128;8:176128;9:176128;10:176128;11:176128;12:176128;13:176128;14:176128;15:176128;16:176128;17:176128;18:176128;19:176128;20:176128;21:176128;22:176128;23:176128;24:176128;25:176128;26:176128;27:176128;28:176128;29:176128;30:176128;31:176128;32:176128;33:176128;34:176128;35:176128;36:176128;37:176128;38:176128;39:176128;40:176128;41:176128;42:176128;43:176128;44:176128;45:176128;46:176128;47:286720,-op=split-linear -input-dim=4096 -output-dim=4096 -rows=512 -split-k=4
110,bert:bert-7b-proxy:layer03_mlp_fc2,split-linear,8388608,32768,1-47,47,1-47,47,1:176128;2:176128;3:176128;4:176128;5:176128;6:176128;7:176128;8:176128;9:176128;10:176128;11:176128;12:176128;13:176128;14:176128;15:176128;16:176128;17:176128;18:176128;19:176128;20:176128;21:176128;22:176128;23:176128;24:176128;25:176128;26:176128;27:176128;28:176128;29:176128;30:176128;31:176128;32:176128;33:176128;34:176128;35:176128;36:176128;37:176128;38:176128;39:176128;40:176128;41:176128;42:176128;43:176128;44:176128;45:176128;46:176128;47:286720,-op=split-linear -input-dim=11008 -output-dim=4096 -rows=512 -split-k=4
111,gpt:gpt-7b:layer03_attn_residual,residual-add,8388608,32768,1-47,47,1-47,47,1:176128;2:176128;3:176128;4:176128;5:176128;6:176128;7:176128;8:176128;9:176128;10:176128;11:176128;12:176128;13:176128;14:176128;15:176128;16:176128;17:176128;18:176128;19:176128;20:176128;21:176128;22:176128;23:176128;24:176128;25:176128;26:176128;27:176128;28:176128;29:176128;30:176128;31:176128;32:176128;33:176128;34:176128;35:176128;36:176128;37:176128;38:176128;39:176128;40:176128;41:176128;42:176128;43:176128;44:176128;45:176128;46:176128;47:286720,-op=residual-add -elements=2097152
112,bert:bert-7b-proxy:layer03_mlp_residual,residual-add,8388608,32768,1-47,47,1-47,47,1:176128;2:176128;3:176128;4:176128;5:176128;6:176128;7:176128;8:176128;9:176128;10:176128;11:176128;12:176128;13:176128;14:176128;15:176128;16:176128;17:176128;18:176128;19:176128;20:176128;21:176128;22:176128;23:176128;24:176128;25:176128;26:176128;27:176128;28:176128;29:176128;30:176128;31:176128;32:176128;33:176128;34:176128;35:176128;36:176128;37:176128;38:176128;39:176128;40:176128;41:176128;42:176128;43:176128;44:176128;45:176128;46:176128;47:286720,-op=residual-add -elements=2097152
113,gpt:gpt-7b:layer03_norm2,layernorm,8388608,32768,1-47,47,1-47,47,1:176128;2:176128;3:176128;4:176128;5:176128;6:176128;7:176128;8:176128;9:176128;10:176128;11:176128;12:176128;13:176128;14:176128;15:176128;16:176128;17:176128;18:176128;19:176128;20:176128;21:176128;22:176128;23:176128;24:176128;25:176128;26:176128;27:176128;28:176128;29:176128;30:176128;31:176128;32:176128;33:176128;34:176128;35:176128;36:176128;37:176128;38:176128;39:176128;40:176128;41:176128;42:176128;43:176128;44:176128;45:176128;46:176128;47:286720,-op=layernorm -hidden=4096 -rows=512
114,bert:bert-7b-proxy:layer03_norm2,layernorm,8388608,32768,1-47,47,1-47,47,1:176128;2:176128;3:176128;4:176128;5:176128;6:176128;7:176128;8:176128;9:176128;10:176128;11:176128;12:176128;13:176128;14:176128;15:176128;16:176128;17:176128;18:176128;19:176128;20:176128;21:176128;22:176128;23:176128;24:176128;25:176128;26:176128;27:176128;28:176128;29:176128;30:176128;31:176128;32:176128;33:176128;34:176128;35:176128;36:176128;37:176128;38:176128;39:176128;40:176128;41:176128;42:176128;43:176128;44:176128;45:176128;46:176128;47:286720,-op=layernorm -hidden=4096 -rows=512
115,gpt:gpt-7b:layer03_mlp_fc1,split-linear,22544384,88064,all,48,all,48,1:466944;2:466944;3:466944;4:466944;5:466944;6:466944;7:466944;8:466944;9:466944;10:466944;11:466944;12:466944;13:466944;14:466944;15:466944;16:466944;17:466944;18:466944;19:466944;20:466944;21:466944;22:466944;23:466944;24:466944;25:466944;26:466944;27:466944;28:466944;29:466944;30:466944;31:466944;32:466944;33:466944;34:466944;35:466944;36:466944;37:466944;38:466944;39:466944;40:466944;41:466944;42:466944;43:466944;44:466944;45:466944;46:466944;47:466944;48:598016,-op=split-linear -input-dim=4096 -output-dim=11008 -rows=512 -split-k=4
116,bert:bert-7b-proxy:layer04_attn_q,split-linear,8388608,32768,1-47,47,1-47,47,1:176128;2:176128;3:176128;4:176128;5:176128;6:176128;7:176128;8:176128;9:176128;10:176128;11:176128;12:176128;13:176128;14:176128;15:176128;16:176128;17:176128;18:176128;19:176128;20:176128;21:176128;22:176128;23:176128;24:176128;25:176128;26:176128;27:176128;28:176128;29:176128;30:176128;31:176128;32:176128;33:176128;34:176128;35:176128;36:176128;37:176128;38:176128;39:176128;40:176128;41:176128;42:176128;43:176128;44:176128;45:176128;46:176128;47:286720,-op=split-linear -input-dim=4096 -output-dim=4096 -rows=512 -split-k=4
117,gpt:gpt-7b:layer03_mlp_gelu,gelu,22544384,88064,all,48,all,48,1:466944;2:466944;3:466944;4:466944;5:466944;6:466944;7:466944;8:466944;9:466944;10:466944;11:466944;12:466944;13:466944;14:466944;15:466944;16:466944;17:466944;18:466944;19:466944;20:466944;21:466944;22:466944;23:466944;24:466944;25:466944;26:466944;27:466944;28:466944;29:466944;30:466944;31:466944;32:466944;33:466944;34:466944;35:466944;36:466944;37:466944;38:466944;39:466944;40:466944;41:466944;42:466944;43:466944;44:466944;45:466944;46:466944;47:466944;48:598016,-op=gelu -elements=5636096
118,bert:bert-7b-proxy:layer04_attn_k,split-linear,8388608,32768,1-47,47,1-47,47,1:176128;2:176128;3:176128;4:176128;5:176128;6:176128;7:176128;8:176128;9:176128;10:176128;11:176128;12:176128;13:176128;14:176128;15:176128;16:176128;17:176128;18:176128;19:176128;20:176128;21:176128;22:176128;23:176128;24:176128;25:176128;26:176128;27:176128;28:176128;29:176128;30:176128;31:176128;32:176128;33:176128;34:176128;35:176128;36:176128;37:176128;38:176128;39:176128;40:176128;41:176128;42:176128;43:176128;44:176128;45:176128;46:176128;47:286720,-op=split-linear -input-dim=4096 -output-dim=4096 -rows=512 -split-k=4
119,gpt:gpt-7b:layer03_mlp_fc2,split-linear,8388608,32768,1-47,47,1-47,47,1:176128;2:176128;3:176128;4:176128;5:176128;6:176128;7:176128;8:176128;9:176128;10:176128;11:176128;12:176128;13:176128;14:176128;15:176128;16:176128;17:176128;18:176128;19:176128;20:176128;21:176128;22:176128;23:176128;24:176128;25:176128;26:176128;27:176128;28:176128;29:176128;30:176128;31:176128;32:176128;33:176128;34:176128;35:176128;36:176128;37:176128;38:176128;39:176128;40:176128;41:176128;42:176128;43:176128;44:176128;45:176128;46:176128;47:286720,-op=split-linear -input-dim=11008 -output-dim=4096 -rows=512 -split-k=4
120,bert:bert-7b-proxy:layer04_attn_v,split-linear,8388608,32768,1-47,47,1-47,47,1:176128;2:176128;3:176128;4:176128;5:176128;6:176128;7:176128;8:176128;9:176128;10:176128;11:176128;12:176128;13:176128;14:176128;15:176128;16:176128;17:176128;18:176128;19:176128;20:176128;21:176128;22:176128;23:176128;24:176128;25:176128;26:176128;27:176128;28:176128;29:176128;30:176128;31:176128;32:176128;33:176128;34:176128;35:176128;36:176128;37:176128;38:176128;39:176128;40:176128;41:176128;42:176128;43:176128;44:176128;45:176128;46:176128;47:286720,-op=split-linear -input-dim=4096 -output-dim=4096 -rows=512 -split-k=4
121,gpt:gpt-7b:layer03_mlp_residual,residual-add,8388608,32768,1-47,47,1-47,47,1:176128;2:176128;3:176128;4:176128;5:176128;6:176128;7:176128;8:176128;9:176128;10:176128;11:176128;12:176128;13:176128;14:176128;15:176128;16:176128;17:176128;18:176128;19:176128;20:176128;21:176128;22:176128;23:176128;24:176128;25:176128;26:176128;27:176128;28:176128;29:176128;30:176128;31:176128;32:176128;33:176128;34:176128;35:176128;36:176128;37:176128;38:176128;39:176128;40:176128;41:176128;42:176128;43:176128;44:176128;45:176128;46:176128;47:286720,-op=residual-add -elements=2097152
122,bert:bert-7b-proxy:layer04_attn_score,split-linear,1048576,4096,1-43,43,1-43,43,1:20480;2:20480;3:20480;4:20480;5:20480;6:20480;7:20480;8:20480;9:20480;10:20480;11:20480;12:20480;13:20480;14:20480;15:20480;16:20480;17:20480;18:20480;19:20480;20:20480;21:20480;22:20480;23:20480;24:20480;25:20480;26:20480;27:20480;28:20480;29:20480;30:20480;31:20480;32:20480;33:20480;34:20480;35:20480;36:20480;37:20480;38:20480;39:20480;40:20480;41:20480;42:20480;43:188416,-op=split-linear -input-dim=4096 -output-dim=512 -rows=512 -split-k=4
123,gpt:gpt-7b:layer04_norm1,layernorm,8388608,32768,1-47,47,1-47,47,1:176128;2:176128;3:176128;4:176128;5:176128;6:176128;7:176128;8:176128;9:176128;10:176128;11:176128;12:176128;13:176128;14:176128;15:176128;16:176128;17:176128;18:176128;19:176128;20:176128;21:176128;22:176128;23:176128;24:176128;25:176128;26:176128;27:176128;28:176128;29:176128;30:176128;31:176128;32:176128;33:176128;34:176128;35:176128;36:176128;37:176128;38:176128;39:176128;40:176128;41:176128;42:176128;43:176128;44:176128;45:176128;46:176128;47:286720,-op=layernorm -hidden=4096 -rows=512
124,bert:bert-7b-proxy:layer04_attn_softmax,row-softmax,1048576,512,1-16,16,1-16,16,1:65536;2:65536;3:65536;4:65536;5:65536;6:65536;7:65536;8:65536;9:65536;10:65536;11:65536;12:65536;13:65536;14:65536;15:65536;16:65536,-op=row-softmax -cols=512 -rows=512
125,gpt:gpt-7b:layer04_attn_q,split-linear,8388608,32768,1-47,47,1-47,47,1:176128;2:176128;3:176128;4:176128;5:176128;6:176128;7:176128;8:176128;9:176128;10:176128;11:176128;12:176128;13:176128;14:176128;15:176128;16:176128;17:176128;18:176128;19:176128;20:176128;21:176128;22:176128;23:176128;24:176128;25:176128;26:176128;27:176128;28:176128;29:176128;30:176128;31:176128;32:176128;33:176128;34:176128;35:176128;36:176128;37:176128;38:176128;39:176128;40:176128;41:176128;42:176128;43:176128;44:176128;45:176128;46:176128;47:286720,-op=split-linear -input-dim=4096 -output-dim=4096 -rows=512 -split-k=4
126,bert:bert-7b-proxy:layer04_attn_value,split-linear,8388608,32768,1-47,47,1-47,47,1:176128;2:176128;3:176128;4:176128;5:176128;6:176128;7:176128;8:176128;9:176128;10:176128;11:176128;12:176128;13:176128;14:176128;15:176128;16:176128;17:176128;18:176128;19:176128;20:176128;21:176128;22:176128;23:176128;24:176128;25:176128;26:176128;27:176128;28:176128;29:176128;30:176128;31:176128;32:176128;33:176128;34:176128;35:176128;36:176128;37:176128;38:176128;39:176128;40:176128;41:176128;42:176128;43:176128;44:176128;45:176128;46:176128;47:286720,-op=split-linear -input-dim=512 -output-dim=4096 -rows=512 -split-k=4
127,gpt:gpt-7b:layer04_attn_k,split-linear,8388608,32768,1-47,47,1-47,47,1:176128;2:176128;3:176128;4:176128;5:176128;6:176128;7:176128;8:176128;9:176128;10:176128;11:176128;12:176128;13:176128;14:176128;15:176128;16:176128;17:176128;18:176128;19:176128;20:176128;21:176128;22:176128;23:176128;24:176128;25:176128;26:176128;27:176128;28:176128;29:176128;30:176128;31:176128;32:176128;33:176128;34:176128;35:176128;36:176128;37:176128;38:176128;39:176128;40:176128;41:176128;42:176128;43:176128;44:176128;45:176128;46:176128;47:286720,-op=split-linear -input-dim=4096 -output-dim=4096 -rows=512 -split-k=4
128,bert:bert-7b-proxy:layer04_attn_out,split-linear,8388608,32768,1-47,47,1-47,47,1:176128;2:176128;3:176128;4:176128;5:176128;6:176128;7:176128;8:176128;9:176128;10:176128;11:176128;12:176128;13:176128;14:176128;15:176128;16:176128;17:176128;18:176128;19:176128;20:176128;21:176128;22:176128;23:176128;24:176128;25:176128;26:176128;27:176128;28:176128;29:176128;30:176128;31:176128;32:176128;33:176128;34:176128;35:176128;36:176128;37:176128;38:176128;39:176128;40:176128;41:176128;42:176128;43:176128;44:176128;45:176128;46:176128;47:286720,-op=split-linear -input-dim=4096 -output-dim=4096 -rows=512 -split-k=4
129,gpt:gpt-7b:layer04_attn_v,split-linear,8388608,32768,1-47,47,1-47,47,1:176128;2:176128;3:176128;4:176128;5:176128;6:176128;7:176128;8:176128;9:176128;10:176128;11:176128;12:176128;13:176128;14:176128;15:176128;16:176128;17:176128;18:176128;19:176128;20:176128;21:176128;22:176128;23:176128;24:176128;25:176128;26:176128;27:176128;28:176128;29:176128;30:176128;31:176128;32:176128;33:176128;34:176128;35:176128;36:176128;37:176128;38:176128;39:176128;40:176128;41:176128;42:176128;43:176128;44:176128;45:176128;46:176128;47:286720,-op=split-linear -input-dim=4096 -output-dim=4096 -rows=512 -split-k=4
130,bert:bert-7b-proxy:layer04_attn_residual,residual-add,8388608,32768,1-47,47,1-47,47,1:176128;2:176128;3:176128;4:176128;5:176128;6:176128;7:176128;8:176128;9:176128;10:176128;11:176128;12:176128;13:176128;14:176128;15:176128;16:176128;17:176128;18:176128;19:176128;20:176128;21:176128;22:176128;23:176128;24:176128;25:176128;26:176128;27:176128;28:176128;29:176128;30:176128;31:176128;32:176128;33:176128;34:176128;35:176128;36:176128;37:176128;38:176128;39:176128;40:176128;41:176128;42:176128;43:176128;44:176128;45:176128;46:176128;47:286720,-op=residual-add -elements=2097152
131,gpt:gpt-7b:layer04_attn_score,split-linear,1048576,4096,1-43,43,1-43,43,1:20480;2:20480;3:20480;4:20480;5:20480;6:20480;7:20480;8:20480;9:20480;10:20480;11:20480;12:20480;13:20480;14:20480;15:20480;16:20480;17:20480;18:20480;19:20480;20:20480;21:20480;22:20480;23:20480;24:20480;25:20480;26:20480;27:20480;28:20480;29:20480;30:20480;31:20480;32:20480;33:20480;34:20480;35:20480;36:20480;37:20480;38:20480;39:20480;40:20480;41:20480;42:20480;43:188416,-op=split-linear -input-dim=4096 -output-dim=512 -rows=512 -split-k=4
132,bert:bert-7b-proxy:layer04_norm1,layernorm,8388608,32768,1-47,47,1-47,47,1:176128;2:176128;3:176128;4:176128;5:176128;6:176128;7:176128;8:176128;9:176128;10:176128;11:176128;12:176128;13:176128;14:176128;15:176128;16:176128;17:176128;18:176128;19:176128;20:176128;21:176128;22:176128;23:176128;24:176128;25:176128;26:176128;27:176128;28:176128;29:176128;30:176128;31:176128;32:176128;33:176128;34:176128;35:176128;36:176128;37:176128;38:176128;39:176128;40:176128;41:176128;42:176128;43:176128;44:176128;45:176128;46:176128;47:286720,-op=layernorm -hidden=4096 -rows=512
133,gpt:gpt-7b:layer04_causal_mask,causal-mask,1048576,4096,1-43,43,1-43,43,1:20480;2:20480;3:20480;4:20480;5:20480;6:20480;7:20480;8:20480;9:20480;10:20480;11:20480;12:20480;13:20480;14:20480;15:20480;16:20480;17:20480;18:20480;19:20480;20:20480;21:20480;22:20480;23:20480;24:20480;25:20480;26:20480;27:20480;28:20480;29:20480;30:20480;31:20480;32:20480;33:20480;34:20480;35:20480;36:20480;37:20480;38:20480;39:20480;40:20480;41:20480;42:20480;43:188416,-op=causal-mask -batch-size=1 -rows=512 -seq-len=512
134,bert:bert-7b-proxy:layer04_mlp_fc1,split-linear,22544384,88064,all,48,all,48,1:466944;2:466944;3:466944;4:466944;5:466944;6:466944;7:466944;8:466944;9:466944;10:466944;11:466944;12:466944;13:466944;14:466944;15:466944;16:466944;17:466944;18:466944;19:466944;20:466944;21:466944;22:466944;23:466944;24:466944;25:466944;26:466944;27:466944;28:466944;29:466944;30:466944;31:466944;32:466944;33:466944;34:466944;35:466944;36:466944;37:466944;38:466944;39:466944;40:466944;41:466944;42:466944;43:466944;44:466944;45:466944;46:466944;47:466944;48:598016,-op=split-linear -input-dim=4096 -output-dim=11008 -rows=512 -split-k=4
135,gpt:gpt-7b:layer04_attn_softmax,row-softmax,1048576,512,1-16,16,1-16,16,1:65536;2:65536;3:65536;4:65536;5:65536;6:65536;7:65536;8:65536;9:65536;10:65536;11:65536;12:65536;13:65536;14:65536;15:65536;16:65536,-op=row-softmax -cols=512 -rows=512
136,bert:bert-7b-proxy:layer04_mlp_gelu,gelu,22544384,88064,all,48,all,48,1:466944;2:466944;3:466944;4:466944;5:466944;6:466944;7:466944;8:466944;9:466944;10:466944;11:466944;12:466944;13:466944;14:466944;15:466944;16:466944;17:466944;18:466944;19:466944;20:466944;21:466944;22:466944;23:466944;24:466944;25:466944;26:466944;27:466944;28:466944;29:466944;30:466944;31:466944;32:466944;33:466944;34:466944;35:466944;36:466944;37:466944;38:466944;39:466944;40:466944;41:466944;42:466944;43:466944;44:466944;45:466944;46:466944;47:466944;48:598016,-op=gelu -elements=5636096
137,gpt:gpt-7b:layer04_attn_value,split-linear,8388608,32768,1-47,47,1-47,47,1:176128;2:176128;3:176128;4:176128;5:176128;6:176128;7:176128;8:176128;9:176128;10:176128;11:176128;12:176128;13:176128;14:176128;15:176128;16:176128;17:176128;18:176128;19:176128;20:176128;21:176128;22:176128;23:176128;24:176128;25:176128;26:176128;27:176128;28:176128;29:176128;30:176128;31:176128;32:176128;33:176128;34:176128;35:176128;36:176128;37:176128;38:176128;39:176128;40:176128;41:176128;42:176128;43:176128;44:176128;45:176128;46:176128;47:286720,-op=split-linear -input-dim=512 -output-dim=4096 -rows=512 -split-k=4
138,bert:bert-7b-proxy:layer04_mlp_fc2,split-linear,8388608,32768,1-47,47,1-47,47,1:176128;2:176128;3:176128;4:176128;5:176128;6:176128;7:176128;8:176128;9:176128;10:176128;11:176128;12:176128;13:176128;14:176128;15:176128;16:176128;17:176128;18:176128;19:176128;20:176128;21:176128;22:176128;23:176128;24:176128;25:176128;26:176128;27:176128;28:176128;29:176128;30:176128;31:176128;32:176128;33:176128;34:176128;35:176128;36:176128;37:176128;38:176128;39:176128;40:176128;41:176128;42:176128;43:176128;44:176128;45:176128;46:176128;47:286720,-op=split-linear -input-dim=11008 -output-dim=4096 -rows=512 -split-k=4
139,gpt:gpt-7b:layer04_attn_out,split-linear,8388608,32768,1-47,47,1-47,47,1:176128;2:176128;3:176128;4:176128;5:176128;6:176128;7:176128;8:176128;9:176128;10:176128;11:176128;12:176128;13:176128;14:176128;15:176128;16:176128;17:176128;18:176128;19:176128;20:176128;21:176128;22:176128;23:176128;24:176128;25:176128;26:176128;27:176128;28:176128;29:176128;30:176128;31:176128;32:176128;33:176128;34:176128;35:176128;36:176128;37:176128;38:176128;39:176128;40:176128;41:176128;42:176128;43:176128;44:176128;45:176128;46:176128;47:286720,-op=split-linear -input-dim=4096 -output-dim=4096 -rows=512 -split-k=4
140,bert:bert-7b-proxy:layer04_mlp_residual,residual-add,8388608,32768,1-47,47,1-47,47,1:176128;2:176128;3:176128;4:176128;5:176128;6:176128;7:176128;8:176128;9:176128;10:176128;11:176128;12:176128;13:176128;14:176128;15:176128;16:176128;17:176128;18:176128;19:176128;20:176128;21:176128;22:176128;23:176128;24:176128;25:176128;26:176128;27:176128;28:176128;29:176128;30:176128;31:176128;32:176128;33:176128;34:176128;35:176128;36:176128;37:176128;38:176128;39:176128;40:176128;41:176128;42:176128;43:176128;44:176128;45:176128;46:176128;47:286720,-op=residual-add -elements=2097152
141,gpt:gpt-7b:layer04_attn_residual,residual-add,8388608,32768,1-47,47,1-47,47,1:176128;2:176128;3:176128;4:176128;5:176128;6:176128;7:176128;8:176128;9:176128;10:176128;11:176128;12:176128;13:176128;14:176128;15:176128;16:176128;17:176128;18:176128;19:176128;20:176128;21:176128;22:176128;23:176128;24:176128;25:176128;26:176128;27:176128;28:176128;29:176128;30:176128;31:176128;32:176128;33:176128;34:176128;35:176128;36:176128;37:176128;38:176128;39:176128;40:176128;41:176128;42:176128;43:176128;44:176128;45:176128;46:176128;47:286720,-op=residual-add -elements=2097152
142,bert:bert-7b-proxy:layer04_norm2,layernorm,8388608,32768,1-47,47,1-47,47,1:176128;2:176128;3:176128;4:176128;5:176128;6:176128;7:176128;8:176128;9:176128;10:176128;11:176128;12:176128;13:176128;14:176128;15:176128;16:176128;17:176128;18:176128;19:176128;20:176128;21:176128;22:176128;23:176128;24:176128;25:176128;26:176128;27:176128;28:176128;29:176128;30:176128;31:176128;32:176128;33:176128;34:176128;35:176128;36:176128;37:176128;38:176128;39:176128;40:176128;41:176128;42:176128;43:176128;44:176128;45:176128;46:176128;47:286720,-op=layernorm -hidden=4096 -rows=512
143,gpt:gpt-7b:layer04_norm2,layernorm,8388608,32768,1-47,47,1-47,47,1:176128;2:176128;3:176128;4:176128;5:176128;6:176128;7:176128;8:176128;9:176128;10:176128;11:176128;12:176128;13:176128;14:176128;15:176128;16:176128;17:176128;18:176128;19:176128;20:176128;21:176128;22:176128;23:176128;24:176128;25:176128;26:176128;27:176128;28:176128;29:176128;30:176128;31:176128;32:176128;33:176128;34:176128;35:176128;36:176128;37:176128;38:176128;39:176128;40:176128;41:176128;42:176128;43:176128;44:176128;45:176128;46:176128;47:286720,-op=layernorm -hidden=4096 -rows=512
144,bert:bert-7b-proxy:layer05_attn_q,split-linear,8388608,32768,1-47,47,1-47,47,1:176128;2:176128;3:176128;4:176128;5:176128;6:176128;7:176128;8:176128;9:176128;10:176128;11:176128;12:176128;13:176128;14:176128;15:176128;16:176128;17:176128;18:176128;19:176128;20:176128;21:176128;22:176128;23:176128;24:176128;25:176128;26:176128;27:176128;28:176128;29:176128;30:176128;31:176128;32:176128;33:176128;34:176128;35:176128;36:176128;37:176128;38:176128;39:176128;40:176128;41:176128;42:176128;43:176128;44:176128;45:176128;46:176128;47:286720,-op=split-linear -input-dim=4096 -output-dim=4096 -rows=512 -split-k=4
145,gpt:gpt-7b:layer04_mlp_fc1,split-linear,22544384,88064,all,48,all,48,1:466944;2:466944;3:466944;4:466944;5:466944;6:466944;7:466944;8:466944;9:466944;10:466944;11:466944;12:466944;13:466944;14:466944;15:466944;16:466944;17:466944;18:466944;19:466944;20:466944;21:466944;22:466944;23:466944;24:466944;25:466944;26:466944;27:466944;28:466944;29:466944;30:466944;31:466944;32:466944;33:466944;34:466944;35:466944;36:466944;37:466944;38:466944;39:466944;40:466944;41:466944;42:466944;43:466944;44:466944;45:466944;46:466944;47:466944;48:598016,-op=split-linear -input-dim=4096 -output-dim=11008 -rows=512 -split-k=4
146,bert:bert-7b-proxy:layer05_attn_k,split-linear,8388608,32768,1-47,47,1-47,47,1:176128;2:176128;3:176128;4:176128;5:176128;6:176128;7:176128;8:176128;9:176128;10:176128;11:176128;12:176128;13:176128;14:176128;15:176128;16:176128;17:176128;18:176128;19:176128;20:176128;21:176128;22:176128;23:176128;24:176128;25:176128;26:176128;27:176128;28:176128;29:176128;30:176128;31:176128;32:176128;33:176128;34:176128;35:176128;36:176128;37:176128;38:176128;39:176128;40:176128;41:176128;42:176128;43:176128;44:176128;45:176128;46:176128;47:286720,-op=split-linear -input-dim=4096 -output-dim=4096 -rows=512 -split-k=4
147,gpt:gpt-7b:layer04_mlp_gelu,gelu,22544384,88064,all,48,all,48,1:466944;2:466944;3:466944;4:466944;5:466944;6:466944;7:466944;8:466944;9:466944;10:466944;11:466944;12:466944;13:466944;14:466944;15:466944;16:466944;17:466944;18:466944;19:466944;20:466944;21:466944;22:466944;23:466944;24:466944;25:466944;26:466944;27:466944;28:466944;29:466944;30:466944;31:466944;32:466944;33:466944;34:466944;35:466944;36:466944;37:466944;38:466944;39:466944;40:466944;41:466944;42:466944;43:466944;44:466944;45:466944;46:466944;47:466944;48:598016,-op=gelu -elements=5636096
148,bert:bert-7b-proxy:layer05_attn_v,split-linear,8388608,32768,1-47,47,1-47,47,1:176128;2:176128;3:176128;4:176128;5:176128;6:176128;7:176128;8:176128;9:176128;10:176128;11:176128;12:176128;13:176128;14:176128;15:176128;16:176128;17:176128;18:176128;19:176128;20:176128;21:176128;22:176128;23:176128;24:176128;25:176128;26:176128;27:176128;28:176128;29:176128;30:176128;31:176128;32:176128;33:176128;34:176128;35:176128;36:176128;37:176128;38:176128;39:176128;40:176128;41:176128;42:176128;43:176128;44:176128;45:176128;46:176128;47:286720,-op=split-linear -input-dim=4096 -output-dim=4096 -rows=512 -split-k=4
149,gpt:gpt-7b:layer04_mlp_fc2,split-linear,8388608,32768,1-47,47,1-47,47,1:176128;2:176128;3:176128;4:176128;5:176128;6:176128;7:176128;8:176128;9:176128;10:176128;11:176128;12:176128;13:176128;14:176128;15:176128;16:176128;17:176128;18:176128;19:176128;20:176128;21:176128;22:176128;23:176128;24:176128;25:176128;26:176128;27:176128;28:176128;29:176128;30:176128;31:176128;32:176128;33:176128;34:176128;35:176128;36:176128;37:176128;38:176128;39:176128;40:176128;41:176128;42:176128;43:176128;44:176128;45:176128;46:176128;47:286720,-op=split-linear -input-dim=11008 -output-dim=4096 -rows=512 -split-k=4
150,bert:bert-7b-proxy:layer05_attn_score,split-linear,1048576,4096,1-43,43,1-43,43,1:20480;2:20480;3:20480;4:20480;5:20480;6:20480;7:20480;8:20480;9:20480;10:20480;11:20480;12:20480;13:20480;14:20480;15:20480;16:20480;17:20480;18:20480;19:20480;20:20480;21:20480;22:20480;23:20480;24:20480;25:20480;26:20480;27:20480;28:20480;29:20480;30:20480;31:20480;32:20480;33:20480;34:20480;35:20480;36:20480;37:20480;38:20480;39:20480;40:20480;41:20480;42:20480;43:188416,-op=split-linear -input-dim=4096 -output-dim=512 -rows=512 -split-k=4
151,gpt:gpt-7b:layer04_mlp_residual,residual-add,8388608,32768,1-47,47,1-47,47,1:176128;2:176128;3:176128;4:176128;5:176128;6:176128;7:176128;8:176128;9:176128;10:176128;11:176128;12:176128;13:176128;14:176128;15:176128;16:176128;17:176128;18:176128;19:176128;20:176128;21:176128;22:176128;23:176128;24:176128;25:176128;26:176128;27:176128;28:176128;29:176128;30:176128;31:176128;32:176128;33:176128;34:176128;35:176128;36:176128;37:176128;38:176128;39:176128;40:176128;41:176128;42:176128;43:176128;44:176128;45:176128;46:176128;47:286720,-op=residual-add -elements=2097152
152,bert:bert-7b-proxy:layer05_attn_softmax,row-softmax,1048576,512,1-16,16,1-16,16,1:65536;2:65536;3:65536;4:65536;5:65536;6:65536;7:65536;8:65536;9:65536;10:65536;11:65536;12:65536;13:65536;14:65536;15:65536;16:65536,-op=row-softmax -cols=512 -rows=512
153,gpt:gpt-7b:layer05_norm1,layernorm,8388608,32768,1-47,47,1-47,47,1:176128;2:176128;3:176128;4:176128;5:176128;6:176128;7:176128;8:176128;9:176128;10:176128;11:176128;12:176128;13:176128;14:176128;15:176128;16:176128;17:176128;18:176128;19:176128;20:176128;21:176128;22:176128;23:176128;24:176128;25:176128;26:176128;27:176128;28:176128;29:176128;30:176128;31:176128;32:176128;33:176128;34:176128;35:176128;36:176128;37:176128;38:176128;39:176128;40:176128;41:176128;42:176128;43:176128;44:176128;45:176128;46:176128;47:286720,-op=layernorm -hidden=4096 -rows=512
154,bert:bert-7b-proxy:layer05_attn_value,split-linear,8388608,32768,1-47,47,1-47,47,1:176128;2:176128;3:176128;4:176128;5:176128;6:176128;7:176128;8:176128;9:176128;10:176128;11:176128;12:176128;13:176128;14:176128;15:176128;16:176128;17:176128;18:176128;19:176128;20:176128;21:176128;22:176128;23:176128;24:176128;25:176128;26:176128;27:176128;28:176128;29:176128;30:176128;31:176128;32:176128;33:176128;34:176128;35:176128;36:176128;37:176128;38:176128;39:176128;40:176128;41:176128;42:176128;43:176128;44:176128;45:176128;46:176128;47:286720,-op=split-linear -input-dim=512 -output-dim=4096 -rows=512 -split-k=4
155,gpt:gpt-7b:layer05_attn_q,split-linear,8388608,32768,1-47,47,1-47,47,1:176128;2:176128;3:176128;4:176128;5:176128;6:176128;7:176128;8:176128;9:176128;10:176128;11:176128;12:176128;13:176128;14:176128;15:176128;16:176128;17:176128;18:176128;19:176128;20:176128;21:176128;22:176128;23:176128;24:176128;25:176128;26:176128;27:176128;28:176128;29:176128;30:176128;31:176128;32:176128;33:176128;34:176128;35:176128;36:176128;37:176128;38:176128;39:176128;40:176128;41:176128;42:176128;43:176128;44:176128;45:176128;46:176128;47:286720,-op=split-linear -input-dim=4096 -output-dim=4096 -rows=512 -split-k=4
156,bert:bert-7b-proxy:layer05_attn_out,split-linear,8388608,32768,1-47,47,1-47,47,1:176128;2:176128;3:176128;4:176128;5:176128;6:176128;7:176128;8:176128;9:176128;10:176128;11:176128;12:176128;13:176128;14:176128;15:176128;16:176128;17:176128;18:176128;19:176128;20:176128;21:176128;22:176128;23:176128;24:176128;25:176128;26:176128;27:176128;28:176128;29:176128;30:176128;31:176128;32:176128;33:176128;34:176128;35:176128;36:176128;37:176128;38:176128;39:176128;40:176128;41:176128;42:176128;43:176128;44:176128;45:176128;46:176128;47:286720,-op=split-linear -input-dim=4096 -output-dim=4096 -rows=512 -split-k=4
157,gpt:gpt-7b:layer05_attn_k,split-linear,8388608,32768,1-47,47,1-47,47,1:176128;2:176128;3:176128;4:176128;5:176128;6:176128;7:176128;8:176128;9:176128;10:176128;11:176128;12:176128;13:176128;14:176128;15:176128;16:176128;17:176128;18:176128;19:176128;20:176128;21:176128;22:176128;23:176128;24:176128;25:176128;26:176128;27:176128;28:176128;29:176128;30:176128;31:176128;32:176128;33:176128;34:176128;35:176128;36:176128;37:176128;38:176128;39:176128;40:176128;41:176128;42:176128;43:176128;44:176128;45:176128;46:176128;47:286720,-op=split-linear -input-dim=4096 -output-dim=4096 -rows=512 -split-k=4
158,bert:bert-7b-proxy:layer05_attn_residual,residual-add,8388608,32768,1-47,47,1-47,47,1:176128;2:176128;3:176128;4:176128;5:176128;6:176128;7:176128;8:176128;9:176128;10:176128;11:176128;12:176128;13:176128;14:176128;15:176128;16:176128;17:176128;18:176128;19:176128;20:176128;21:176128;22:176128;23:176128;24:176128;25:176128;26:176128;27:176128;28:176128;29:176128;30:176128;31:176128;32:176128;33:176128;34:176128;35:176128;36:176128;37:176128;38:176128;39:176128;40:176128;41:176128;42:176128;43:176128;44:176128;45:176128;46:176128;47:286720,-op=residual-add -elements=2097152
159,gpt:gpt-7b:layer05_attn_v,split-linear,8388608,32768,1-47,47,1-47,47,1:176128;2:176128;3:176128;4:176128;5:176128;6:176128;7:176128;8:176128;9:176128;10:176128;11:176128;12:176128;13:176128;14:176128;15:176128;16:176128;17:176128;18:176128;19:176128;20:176128;21:176128;22:176128;23:176128;24:176128;25:176128;26:176128;27:176128;28:176128;29:176128;30:176128;31:176128;32:176128;33:176128;34:176128;35:176128;36:176128;37:176128;38:176128;39:176128;40:176128;41:176128;42:176128;43:176128;44:176128;45:176128;46:176128;47:286720,-op=split-linear -input-dim=4096 -output-dim=4096 -rows=512 -split-k=4
160,bert:bert-7b-proxy:layer05_norm1,layernorm,8388608,32768,1-47,47,1-47,47,1:176128;2:176128;3:176128;4:176128;5:176128;6:176128;7:176128;8:176128;9:176128;10:176128;11:176128;12:176128;13:176128;14:176128;15:176128;16:176128;17:176128;18:176128;19:176128;20:176128;21:176128;22:176128;23:176128;24:176128;25:176128;26:176128;27:176128;28:176128;29:176128;30:176128;31:176128;32:176128;33:176128;34:176128;35:176128;36:176128;37:176128;38:176128;39:176128;40:176128;41:176128;42:176128;43:176128;44:176128;45:176128;46:176128;47:286720,-op=layernorm -hidden=4096 -rows=512
161,gpt:gpt-7b:layer05_attn_score,split-linear,1048576,4096,1-43,43,1-43,43,1:20480;2:20480;3:20480;4:20480;5:20480;6:20480;7:20480;8:20480;9:20480;10:20480;11:20480;12:20480;13:20480;14:20480;15:20480;16:20480;17:20480;18:20480;19:20480;20:20480;21:20480;22:20480;23:20480;24:20480;25:20480;26:20480;27:20480;28:20480;29:20480;30:20480;31:20480;32:20480;33:20480;34:20480;35:20480;36:20480;37:20480;38:20480;39:20480;40:20480;41:20480;42:20480;43:188416,-op=split-linear -input-dim=4096 -output-dim=512 -rows=512 -split-k=4
162,bert:bert-7b-proxy:layer05_mlp_fc1,split-linear,22544384,88064,all,48,all,48,1:466944;2:466944;3:466944;4:466944;5:466944;6:466944;7:466944;8:466944;9:466944;10:466944;11:466944;12:466944;13:466944;14:466944;15:466944;16:466944;17:466944;18:466944;19:466944;20:466944;21:466944;22:466944;23:466944;24:466944;25:466944;26:466944;27:466944;28:466944;29:466944;30:466944;31:466944;32:466944;33:466944;34:466944;35:466944;36:466944;37:466944;38:466944;39:466944;40:466944;41:466944;42:466944;43:466944;44:466944;45:466944;46:466944;47:466944;48:598016,-op=split-linear -input-dim=4096 -output-dim=11008 -rows=512 -split-k=4
163,gpt:gpt-7b:layer05_causal_mask,causal-mask,1048576,4096,1-43,43,1-43,43,1:20480;2:20480;3:20480;4:20480;5:20480;6:20480;7:20480;8:20480;9:20480;10:20480;11:20480;12:20480;13:20480;14:20480;15:20480;16:20480;17:20480;18:20480;19:20480;20:20480;21:20480;22:20480;23:20480;24:20480;25:20480;26:20480;27:20480;28:20480;29:20480;30:20480;31:20480;32:20480;33:20480;34:20480;35:20480;36:20480;37:20480;38:20480;39:20480;40:20480;41:20480;42:20480;43:188416,-op=causal-mask -batch-size=1 -rows=512 -seq-len=512
164,bert:bert-7b-proxy:layer05_mlp_gelu,gelu,22544384,88064,all,48,all,48,1:466944;2:466944;3:466944;4:466944;5:466944;6:466944;7:466944;8:466944;9:466944;10:466944;11:466944;12:466944;13:466944;14:466944;15:466944;16:466944;17:466944;18:466944;19:466944;20:466944;21:466944;22:466944;23:466944;24:466944;25:466944;26:466944;27:466944;28:466944;29:466944;30:466944;31:466944;32:466944;33:466944;34:466944;35:466944;36:466944;37:466944;38:466944;39:466944;40:466944;41:466944;42:466944;43:466944;44:466944;45:466944;46:466944;47:466944;48:598016,-op=gelu -elements=5636096
165,gpt:gpt-7b:layer05_attn_softmax,row-softmax,1048576,512,1-16,16,1-16,16,1:65536;2:65536;3:65536;4:65536;5:65536;6:65536;7:65536;8:65536;9:65536;10:65536;11:65536;12:65536;13:65536;14:65536;15:65536;16:65536,-op=row-softmax -cols=512 -rows=512
166,bert:bert-7b-proxy:layer05_mlp_fc2,split-linear,8388608,32768,1-47,47,1-47,47,1:176128;2:176128;3:176128;4:176128;5:176128;6:176128;7:176128;8:176128;9:176128;10:176128;11:176128;12:176128;13:176128;14:176128;15:176128;16:176128;17:176128;18:176128;19:176128;20:176128;21:176128;22:176128;23:176128;24:176128;25:176128;26:176128;27:176128;28:176128;29:176128;30:176128;31:176128;32:176128;33:176128;34:176128;35:176128;36:176128;37:176128;38:176128;39:176128;40:176128;41:176128;42:176128;43:176128;44:176128;45:176128;46:176128;47:286720,-op=split-linear -input-dim=11008 -output-dim=4096 -rows=512 -split-k=4
167,gpt:gpt-7b:layer05_attn_value,split-linear,8388608,32768,1-47,47,1-47,47,1:176128;2:176128;3:176128;4:176128;5:176128;6:176128;7:176128;8:176128;9:176128;10:176128;11:176128;12:176128;13:176128;14:176128;15:176128;16:176128;17:176128;18:176128;19:176128;20:176128;21:176128;22:176128;23:176128;24:176128;25:176128;26:176128;27:176128;28:176128;29:176128;30:176128;31:176128;32:176128;33:176128;34:176128;35:176128;36:176128;37:176128;38:176128;39:176128;40:176128;41:176128;42:176128;43:176128;44:176128;45:176128;46:176128;47:286720,-op=split-linear -input-dim=512 -output-dim=4096 -rows=512 -split-k=4
168,bert:bert-7b-proxy:layer05_mlp_residual,residual-add,8388608,32768,1-47,47,1-47,47,1:176128;2:176128;3:176128;4:176128;5:176128;6:176128;7:176128;8:176128;9:176128;10:176128;11:176128;12:176128;13:176128;14:176128;15:176128;16:176128;17:176128;18:176128;19:176128;20:176128;21:176128;22:176128;23:176128;24:176128;25:176128;26:176128;27:176128;28:176128;29:176128;30:176128;31:176128;32:176128;33:176128;34:176128;35:176128;36:176128;37:176128;38:176128;39:176128;40:176128;41:176128;42:176128;43:176128;44:176128;45:176128;46:176128;47:286720,-op=residual-add -elements=2097152
169,gpt:gpt-7b:layer05_attn_out,split-linear,8388608,32768,1-47,47,1-47,47,1:176128;2:176128;3:176128;4:176128;5:176128;6:176128;7:176128;8:176128;9:176128;10:176128;11:176128;12:176128;13:176128;14:176128;15:176128;16:176128;17:176128;18:176128;19:176128;20:176128;21:176128;22:176128;23:176128;24:176128;25:176128;26:176128;27:176128;28:176128;29:176128;30:176128;31:176128;32:176128;33:176128;34:176128;35:176128;36:176128;37:176128;38:176128;39:176128;40:176128;41:176128;42:176128;43:176128;44:176128;45:176128;46:176128;47:286720,-op=split-linear -input-dim=4096 -output-dim=4096 -rows=512 -split-k=4
170,bert:bert-7b-proxy:layer05_norm2,layernorm,8388608,32768,1-47,47,1-47,47,1:176128;2:176128;3:176128;4:176128;5:176128;6:176128;7:176128;8:176128;9:176128;10:176128;11:176128;12:176128;13:176128;14:176128;15:176128;16:176128;17:176128;18:176128;19:176128;20:176128;21:176128;22:176128;23:176128;24:176128;25:176128;26:176128;27:176128;28:176128;29:176128;30:176128;31:176128;32:176128;33:176128;34:176128;35:176128;36:176128;37:176128;38:176128;39:176128;40:176128;41:176128;42:176128;43:176128;44:176128;45:176128;46:176128;47:286720,-op=layernorm -hidden=4096 -rows=512
171,gpt:gpt-7b:layer05_attn_residual,residual-add,8388608,32768,1-47,47,1-47,47,1:176128;2:176128;3:176128;4:176128;5:176128;6:176128;7:176128;8:176128;9:176128;10:176128;11:176128;12:176128;13:176128;14:176128;15:176128;16:176128;17:176128;18:176128;19:176128;20:176128;21:176128;22:176128;23:176128;24:176128;25:176128;26:176128;27:176128;28:176128;29:176128;30:176128;31:176128;32:176128;33:176128;34:176128;35:176128;36:176128;37:176128;38:176128;39:176128;40:176128;41:176128;42:176128;43:176128;44:176128;45:176128;46:176128;47:286720,-op=residual-add -elements=2097152
172,bert:bert-7b-proxy:layer06_attn_q,split-linear,8388608,32768,1-47,47,1-47,47,1:176128;2:176128;3:176128;4:176128;5:176128;6:176128;7:176128;8:176128;9:176128;10:176128;11:176128;12:176128;13:176128;14:176128;15:176128;16:176128;17:176128;18:176128;19:176128;20:176128;21:176128;22:176128;23:176128;24:176128;25:176128;26:176128;27:176128;28:176128;29:176128;30:176128;31:176128;32:176128;33:176128;34:176128;35:176128;36:176128;37:176128;38:176128;39:176128;40:176128;41:176128;42:176128;43:176128;44:176128;45:176128;46:176128;47:286720,-op=split-linear -input-dim=4096 -output-dim=4096 -rows=512 -split-k=4
173,gpt:gpt-7b:layer05_norm2,layernorm,8388608,32768,1-47,47,1-47,47,1:176128;2:176128;3:176128;4:176128;5:176128;6:176128;7:176128;8:176128;9:176128;10:176128;11:176128;12:176128;13:176128;14:176128;15:176128;16:176128;17:176128;18:176128;19:176128;20:176128;21:176128;22:176128;23:176128;24:176128;25:176128;26:176128;27:176128;28:176128;29:176128;30:176128;31:176128;32:176128;33:176128;34:176128;35:176128;36:176128;37:176128;38:176128;39:176128;40:176128;41:176128;42:176128;43:176128;44:176128;45:176128;46:176128;47:286720,-op=layernorm -hidden=4096 -rows=512
174,bert:bert-7b-proxy:layer06_attn_k,split-linear,8388608,32768,1-47,47,1-47,47,1:176128;2:176128;3:176128;4:176128;5:176128;6:176128;7:176128;8:176128;9:176128;10:176128;11:176128;12:176128;13:176128;14:176128;15:176128;16:176128;17:176128;18:176128;19:176128;20:176128;21:176128;22:176128;23:176128;24:176128;25:176128;26:176128;27:176128;28:176128;29:176128;30:176128;31:176128;32:176128;33:176128;34:176128;35:176128;36:176128;37:176128;38:176128;39:176128;40:176128;41:176128;42:176128;43:176128;44:176128;45:176128;46:176128;47:286720,-op=split-linear -input-dim=4096 -output-dim=4096 -rows=512 -split-k=4
175,gpt:gpt-7b:layer05_mlp_fc1,split-linear,22544384,88064,all,48,all,48,1:466944;2:466944;3:466944;4:466944;5:466944;6:466944;7:466944;8:466944;9:466944;10:466944;11:466944;12:466944;13:466944;14:466944;15:466944;16:466944;17:466944;18:466944;19:466944;20:466944;21:466944;22:466944;23:466944;24:466944;25:466944;26:466944;27:466944;28:466944;29:466944;30:466944;31:466944;32:466944;33:466944;34:466944;35:466944;36:466944;37:466944;38:466944;39:466944;40:466944;41:466944;42:466944;43:466944;44:466944;45:466944;46:466944;47:466944;48:598016,-op=split-linear -input-dim=4096 -output-dim=11008 -rows=512 -split-k=4
176,bert:bert-7b-proxy:layer06_attn_v,split-linear,8388608,32768,1-47,47,1-47,47,1:176128;2:176128;3:176128;4:176128;5:176128;6:176128;7:176128;8:176128;9:176128;10:176128;11:176128;12:176128;13:176128;14:176128;15:176128;16:176128;17:176128;18:176128;19:176128;20:176128;21:176128;22:176128;23:176128;24:176128;25:176128;26:176128;27:176128;28:176128;29:176128;30:176128;31:176128;32:176128;33:176128;34:176128;35:176128;36:176128;37:176128;38:176128;39:176128;40:176128;41:176128;42:176128;43:176128;44:176128;45:176128;46:176128;47:286720,-op=split-linear -input-dim=4096 -output-dim=4096 -rows=512 -split-k=4
177,gpt:gpt-7b:layer05_mlp_gelu,gelu,22544384,88064,all,48,all,48,1:466944;2:466944;3:466944;4:466944;5:466944;6:466944;7:466944;8:466944;9:466944;10:466944;11:466944;12:466944;13:466944;14:466944;15:466944;16:466944;17:466944;18:466944;19:466944;20:466944;21:466944;22:466944;23:466944;24:466944;25:466944;26:466944;27:466944;28:466944;29:466944;30:466944;31:466944;32:466944;33:466944;34:466944;35:466944;36:466944;37:466944;38:466944;39:466944;40:466944;41:466944;42:466944;43:466944;44:466944;45:466944;46:466944;47:466944;48:598016,-op=gelu -elements=5636096
178,bert:bert-7b-proxy:layer06_attn_score,split-linear,1048576,4096,1-43,43,1-43,43,1:20480;2:20480;3:20480;4:20480;5:20480;6:20480;7:20480;8:20480;9:20480;10:20480;11:20480;12:20480;13:20480;14:20480;15:20480;16:20480;17:20480;18:20480;19:20480;20:20480;21:20480;22:20480;23:20480;24:20480;25:20480;26:20480;27:20480;28:20480;29:20480;30:20480;31:20480;32:20480;33:20480;34:20480;35:20480;36:20480;37:20480;38:20480;39:20480;40:20480;41:20480;42:20480;43:188416,-op=split-linear -input-dim=4096 -output-dim=512 -rows=512 -split-k=4
179,gpt:gpt-7b:layer05_mlp_fc2,split-linear,8388608,32768,1-47,47,1-47,47,1:176128;2:176128;3:176128;4:176128;5:176128;6:176128;7:176128;8:176128;9:176128;10:176128;11:176128;12:176128;13:176128;14:176128;15:176128;16:176128;17:176128;18:176128;19:176128;20:176128;21:176128;22:176128;23:176128;24:176128;25:176128;26:176128;27:176128;28:176128;29:176128;30:176128;31:176128;32:176128;33:176128;34:176128;35:176128;36:176128;37:176128;38:176128;39:176128;40:176128;41:176128;42:176128;43:176128;44:176128;45:176128;46:176128;47:286720,-op=split-linear -input-dim=11008 -output-dim=4096 -rows=512 -split-k=4
180,bert:bert-7b-proxy:layer06_attn_softmax,row-softmax,1048576,512,1-16,16,1-16,16,1:65536;2:65536;3:65536;4:65536;5:65536;6:65536;7:65536;8:65536;9:65536;10:65536;11:65536;12:65536;13:65536;14:65536;15:65536;16:65536,-op=row-softmax -cols=512 -rows=512
181,gpt:gpt-7b:layer05_mlp_residual,residual-add,8388608,32768,1-47,47,1-47,47,1:176128;2:176128;3:176128;4:176128;5:176128;6:176128;7:176128;8:176128;9:176128;10:176128;11:176128;12:176128;13:176128;14:176128;15:176128;16:176128;17:176128;18:176128;19:176128;20:176128;21:176128;22:176128;23:176128;24:176128;25:176128;26:176128;27:176128;28:176128;29:176128;30:176128;31:176128;32:176128;33:176128;34:176128;35:176128;36:176128;37:176128;38:176128;39:176128;40:176128;41:176128;42:176128;43:176128;44:176128;45:176128;46:176128;47:286720,-op=residual-add -elements=2097152
182,bert:bert-7b-proxy:layer06_attn_value,split-linear,8388608,32768,1-47,47,1-47,47,1:176128;2:176128;3:176128;4:176128;5:176128;6:176128;7:176128;8:176128;9:176128;10:176128;11:176128;12:176128;13:176128;14:176128;15:176128;16:176128;17:176128;18:176128;19:176128;20:176128;21:176128;22:176128;23:176128;24:176128;25:176128;26:176128;27:176128;28:176128;29:176128;30:176128;31:176128;32:176128;33:176128;34:176128;35:176128;36:176128;37:176128;38:176128;39:176128;40:176128;41:176128;42:176128;43:176128;44:176128;45:176128;46:176128;47:286720,-op=split-linear -input-dim=512 -output-dim=4096 -rows=512 -split-k=4
183,gpt:gpt-7b:layer06_norm1,layernorm,8388608,32768,1-47,47,1-47,47,1:176128;2:176128;3:176128;4:176128;5:176128;6:176128;7:176128;8:176128;9:176128;10:176128;11:176128;12:176128;13:176128;14:176128;15:176128;16:176128;17:176128;18:176128;19:176128;20:176128;21:176128;22:176128;23:176128;24:176128;25:176128;26:176128;27:176128;28:176128;29:176128;30:176128;31:176128;32:176128;33:176128;34:176128;35:176128;36:176128;37:176128;38:176128;39:176128;40:176128;41:176128;42:176128;43:176128;44:176128;45:176128;46:176128;47:286720,-op=layernorm -hidden=4096 -rows=512
184,bert:bert-7b-proxy:layer06_attn_out,split-linear,8388608,32768,1-47,47,1-47,47,1:176128;2:176128;3:176128;4:176128;5:176128;6:176128;7:176128;8:176128;9:176128;10:176128;11:176128;12:176128;13:176128;14:176128;15:176128;16:176128;17:176128;18:176128;19:176128;20:176128;21:176128;22:176128;23:176128;24:176128;25:176128;26:176128;27:176128;28:176128;29:176128;30:176128;31:176128;32:176128;33:176128;34:176128;35:176128;36:176128;37:176128;38:176128;39:176128;40:176128;41:176128;42:176128;43:176128;44:176128;45:176128;46:176128;47:286720,-op=split-linear -input-dim=4096 -output-dim=4096 -rows=512 -split-k=4
185,gpt:gpt-7b:layer06_attn_q,split-linear,8388608,32768,1-47,47,1-47,47,1:176128;2:176128;3:176128;4:176128;5:176128;6:176128;7:176128;8:176128;9:176128;10:176128;11:176128;12:176128;13:176128;14:176128;15:176128;16:176128;17:176128;18:176128;19:176128;20:176128;21:176128;22:176128;23:176128;24:176128;25:176128;26:176128;27:176128;28:176128;29:176128;30:176128;31:176128;32:176128;33:176128;34:176128;35:176128;36:176128;37:176128;38:176128;39:176128;40:176128;41:176128;42:176128;43:176128;44:176128;45:176128;46:176128;47:286720,-op=split-linear -input-dim=4096 -output-dim=4096 -rows=512 -split-k=4
186,bert:bert-7b-proxy:layer06_attn_residual,residual-add,8388608,32768,1-47,47,1-47,47,1:176128;2:176128;3:176128;4:176128;5:176128;6:176128;7:176128;8:176128;9:176128;10:176128;11:176128;12:176128;13:176128;14:176128;15:176128;16:176128;17:176128;18:176128;19:176128;20:176128;21:176128;22:176128;23:176128;24:176128;25:176128;26:176128;27:176128;28:176128;29:176128;30:176128;31:176128;32:176128;33:176128;34:176128;35:176128;36:176128;37:176128;38:176128;39:176128;40:176128;41:176128;42:176128;43:176128;44:176128;45:176128;46:176128;47:286720,-op=residual-add -elements=2097152
187,gpt:gpt-7b:layer06_attn_k,split-linear,8388608,32768,1-47,47,1-47,47,1:176128;2:176128;3:176128;4:176128;5:176128;6:176128;7:176128;8:176128;9:176128;10:176128;11:176128;12:176128;13:176128;14:176128;15:176128;16:176128;17:176128;18:176128;19:176128;20:176128;21:176128;22:176128;23:176128;24:176128;25:176128;26:176128;27:176128;28:176128;29:176128;30:176128;31:176128;32:176128;33:176128;34:176128;35:176128;36:176128;37:176128;38:176128;39:176128;40:176128;41:176128;42:176128;43:176128;44:176128;45:176128;46:176128;47:286720,-op=split-linear -input-dim=4096 -output-dim=4096 -rows=512 -split-k=4
188,bert:bert-7b-proxy:layer06_norm1,layernorm,8388608,32768,1-47,47,1-47,47,1:176128;2:176128;3:176128;4:176128;5:176128;6:176128;7:176128;8:176128;9:176128;10:176128;11:176128;12:176128;13:176128;14:176128;15:176128;16:176128;17:176128;18:176128;19:176128;20:176128;21:176128;22:176128;23:176128;24:176128;25:176128;26:176128;27:176128;28:176128;29:176128;30:176128;31:176128;32:176128;33:176128;34:176128;35:176128;36:176128;37:176128;38:176128;39:176128;40:176128;41:176128;42:176128;43:176128;44:176128;45:176128;46:176128;47:286720,-op=layernorm -hidden=4096 -rows=512
189,gpt:gpt-7b:layer06_attn_v,split-linear,8388608,32768,1-47,47,1-47,47,1:176128;2:176128;3:176128;4:176128;5:176128;6:176128;7:176128;8:176128;9:176128;10:176128;11:176128;12:176128;13:176128;14:176128;15:176128;16:176128;17:176128;18:176128;19:176128;20:176128;21:176128;22:176128;23:176128;24:176128;25:176128;26:176128;27:176128;28:176128;29:176128;30:176128;31:176128;32:176128;33:176128;34:176128;35:176128;36:176128;37:176128;38:176128;39:176128;40:176128;41:176128;42:176128;43:176128;44:176128;45:176128;46:176128;47:286720,-op=split-linear -input-dim=4096 -output-dim=4096 -rows=512 -split-k=4
190,bert:bert-7b-proxy:layer06_mlp_fc1,split-linear,22544384,88064,all,48,all,48,1:466944;2:466944;3:466944;4:466944;5:466944;6:466944;7:466944;8:466944;9:466944;10:466944;11:466944;12:466944;13:466944;14:466944;15:466944;16:466944;17:466944;18:466944;19:466944;20:466944;21:466944;22:466944;23:466944;24:466944;25:466944;26:466944;27:466944;28:466944;29:466944;30:466944;31:466944;32:466944;33:466944;34:466944;35:466944;36:466944;37:466944;38:466944;39:466944;40:466944;41:466944;42:466944;43:466944;44:466944;45:466944;46:466944;47:466944;48:598016,-op=split-linear -input-dim=4096 -output-dim=11008 -rows=512 -split-k=4
191,gpt:gpt-7b:layer06_attn_score,split-linear,1048576,4096,1-43,43,1-43,43,1:20480;2:20480;3:20480;4:20480;5:20480;6:20480;7:20480;8:20480;9:20480;10:20480;11:20480;12:20480;13:20480;14:20480;15:20480;16:20480;17:20480;18:20480;19:20480;20:20480;21:20480;22:20480;23:20480;24:20480;25:20480;26:20480;27:20480;28:20480;29:20480;30:20480;31:20480;32:20480;33:20480;34:20480;35:20480;36:20480;37:20480;38:20480;39:20480;40:20480;41:20480;42:20480;43:188416,-op=split-linear -input-dim=4096 -output-dim=512 -rows=512 -split-k=4
192,bert:bert-7b-proxy:layer06_mlp_gelu,gelu,22544384,88064,all,48,all,48,1:466944;2:466944;3:466944;4:466944;5:466944;6:466944;7:466944;8:466944;9:466944;10:466944;11:466944;12:466944;13:466944;14:466944;15:466944;16:466944;17:466944;18:466944;19:466944;20:466944;21:466944;22:466944;23:466944;24:466944;25:466944;26:466944;27:466944;28:466944;29:466944;30:466944;31:466944;32:466944;33:466944;34:466944;35:466944;36:466944;37:466944;38:466944;39:466944;40:466944;41:466944;42:466944;43:466944;44:466944;45:466944;46:466944;47:466944;48:598016,-op=gelu -elements=5636096
193,gpt:gpt-7b:layer06_causal_mask,causal-mask,1048576,4096,1-43,43,1-43,43,1:20480;2:20480;3:20480;4:20480;5:20480;6:20480;7:20480;8:20480;9:20480;10:20480;11:20480;12:20480;13:20480;14:20480;15:20480;16:20480;17:20480;18:20480;19:20480;20:20480;21:20480;22:20480;23:20480;24:20480;25:20480;26:20480;27:20480;28:20480;29:20480;30:20480;31:20480;32:20480;33:20480;34:20480;35:20480;36:20480;37:20480;38:20480;39:20480;40:20480;41:20480;42:20480;43:188416,-op=causal-mask -batch-size=1 -rows=512 -seq-len=512
194,bert:bert-7b-proxy:layer06_mlp_fc2,split-linear,8388608,32768,1-47,47,1-47,47,1:176128;2:176128;3:176128;4:176128;5:176128;6:176128;7:176128;8:176128;9:176128;10:176128;11:176128;12:176128;13:176128;14:176128;15:176128;16:176128;17:176128;18:176128;19:176128;20:176128;21:176128;22:176128;23:176128;24:176128;25:176128;26:176128;27:176128;28:176128;29:176128;30:176128;31:176128;32:176128;33:176128;34:176128;35:176128;36:176128;37:176128;38:176128;39:176128;40:176128;41:176128;42:176128;43:176128;44:176128;45:176128;46:176128;47:286720,-op=split-linear -input-dim=11008 -output-dim=4096 -rows=512 -split-k=4
195,gpt:gpt-7b:layer06_attn_softmax,row-softmax,1048576,512,1-16,16,1-16,16,1:65536;2:65536;3:65536;4:65536;5:65536;6:65536;7:65536;8:65536;9:65536;10:65536;11:65536;12:65536;13:65536;14:65536;15:65536;16:65536,-op=row-softmax -cols=512 -rows=512
196,bert:bert-7b-proxy:layer06_mlp_residual,residual-add,8388608,32768,1-47,47,1-47,47,1:176128;2:176128;3:176128;4:176128;5:176128;6:176128;7:176128;8:176128;9:176128;10:176128;11:176128;12:176128;13:176128;14:176128;15:176128;16:176128;17:176128;18:176128;19:176128;20:176128;21:176128;22:176128;23:176128;24:176128;25:176128;26:176128;27:176128;28:176128;29:176128;30:176128;31:176128;32:176128;33:176128;34:176128;35:176128;36:176128;37:176128;38:176128;39:176128;40:176128;41:176128;42:176128;43:176128;44:176128;45:176128;46:176128;47:286720,-op=residual-add -elements=2097152
197,gpt:gpt-7b:layer06_attn_value,split-linear,8388608,32768,1-47,47,1-47,47,1:176128;2:176128;3:176128;4:176128;5:176128;6:176128;7:176128;8:176128;9:176128;10:176128;11:176128;12:176128;13:176128;14:176128;15:176128;16:176128;17:176128;18:176128;19:176128;20:176128;21:176128;22:176128;23:176128;24:176128;25:176128;26:176128;27:176128;28:176128;29:176128;30:176128;31:176128;32:176128;33:176128;34:176128;35:176128;36:176128;37:176128;38:176128;39:176128;40:176128;41:176128;42:176128;43:176128;44:176128;45:176128;46:176128;47:286720,-op=split-linear -input-dim=512 -output-dim=4096 -rows=512 -split-k=4
198,bert:bert-7b-proxy:layer06_norm2,layernorm,8388608,32768,1-47,47,1-47,47,1:176128;2:176128;3:176128;4:176128;5:176128;6:176128;7:176128;8:176128;9:176128;10:176128;11:176128;12:176128;13:176128;14:176128;15:176128;16:176128;17:176128;18:176128;19:176128;20:176128;21:176128;22:176128;23:176128;24:176128;25:176128;26:176128;27:176128;28:176128;29:176128;30:176128;31:176128;32:176128;33:176128;34:176128;35:176128;36:176128;37:176128;38:176128;39:176128;40:176128;41:176128;42:176128;43:176128;44:176128;45:176128;46:176128;47:286720,-op=layernorm -hidden=4096 -rows=512
199,gpt:gpt-7b:layer06_attn_out,split-linear,8388608,32768,1-47,47,1-47,47,1:176128;2:176128;3:176128;4:176128;5:176128;6:176128;7:176128;8:176128;9:176128;10:176128;11:176128;12:176128;13:176128;14:176128;15:176128;16:176128;17:176128;18:176128;19:176128;20:176128;21:176128;22:176128;23:176128;24:176128;25:176128;26:176128;27:176128;28:176128;29:176128;30:176128;31:176128;32:176128;33:176128;34:176128;35:176128;36:176128;37:176128;38:176128;39:176128;40:176128;41:176128;42:176128;43:176128;44:176128;45:176128;46:176128;47:286720,-op=split-linear -input-dim=4096 -output-dim=4096 -rows=512 -split-k=4
200,bert:bert-7b-proxy:layer07_attn_q,split-linear,8388608,32768,1-47,47,1-47,47,1:176128;2:176128;3:176128;4:176128;5:176128;6:176128;7:176128;8:176128;9:176128;10:176128;11:176128;12:176128;13:176128;14:176128;15:176128;16:176128;17:176128;18:176128;19:176128;20:176128;21:176128;22:176128;23:176128;24:176128;25:176128;26:176128;27:176128;28:176128;29:176128;30:176128;31:176128;32:176128;33:176128;34:176128;35:176128;36:176128;37:176128;38:176128;39:176128;40:176128;41:176128;42:176128;43:176128;44:176128;45:176128;46:176128;47:286720,-op=split-linear -input-dim=4096 -output-dim=4096 -rows=512 -split-k=4
201,gpt:gpt-7b:layer06_attn_residual,residual-add,8388608,32768,1-47,47,1-47,47,1:176128;2:176128;3:176128;4:176128;5:176128;6:176128;7:176128;8:176128;9:176128;10:176128;11:176128;12:176128;13:176128;14:176128;15:176128;16:176128;17:176128;18:176128;19:176128;20:176128;21:176128;22:176128;23:176128;24:176128;25:176128;26:176128;27:176128;28:176128;29:176128;30:176128;31:176128;32:176128;33:176128;34:176128;35:176128;36:176128;37:176128;38:176128;39:176128;40:176128;41:176128;42:176128;43:176128;44:176128;45:176128;46:176128;47:286720,-op=residual-add -elements=2097152
202,bert:bert-7b-proxy:layer07_attn_k,split-linear,8388608,32768,1-47,47,1-47,47,1:176128;2:176128;3:176128;4:176128;5:176128;6:176128;7:176128;8:176128;9:176128;10:176128;11:176128;12:176128;13:176128;14:176128;15:176128;16:176128;17:176128;18:176128;19:176128;20:176128;21:176128;22:176128;23:176128;24:176128;25:176128;26:176128;27:176128;28:176128;29:176128;30:176128;31:176128;32:176128;33:176128;34:176128;35:176128;36:176128;37:176128;38:176128;39:176128;40:176128;41:176128;42:176128;43:176128;44:176128;45:176128;46:176128;47:286720,-op=split-linear -input-dim=4096 -output-dim=4096 -rows=512 -split-k=4
203,gpt:gpt-7b:layer06_norm2,layernorm,8388608,32768,1-47,47,1-47,47,1:176128;2:176128;3:176128;4:176128;5:176128;6:176128;7:176128;8:176128;9:176128;10:176128;11:176128;12:176128;13:176128;14:176128;15:176128;16:176128;17:176128;18:176128;19:176128;20:176128;21:176128;22:176128;23:176128;24:176128;25:176128;26:176128;27:176128;28:176128;29:176128;30:176128;31:176128;32:176128;33:176128;34:176128;35:176128;36:176128;37:176128;38:176128;39:176128;40:176128;41:176128;42:176128;43:176128;44:176128;45:176128;46:176128;47:286720,-op=layernorm -hidden=4096 -rows=512
204,bert:bert-7b-proxy:layer07_attn_v,split-linear,8388608,32768,1-47,47,1-47,47,1:176128;2:176128;3:176128;4:176128;5:176128;6:176128;7:176128;8:176128;9:176128;10:176128;11:176128;12:176128;13:176128;14:176128;15:176128;16:176128;17:176128;18:176128;19:176128;20:176128;21:176128;22:176128;23:176128;24:176128;25:176128;26:176128;27:176128;28:176128;29:176128;30:176128;31:176128;32:176128;33:176128;34:176128;35:176128;36:176128;37:176128;38:176128;39:176128;40:176128;41:176128;42:176128;43:176128;44:176128;45:176128;46:176128;47:286720,-op=split-linear -input-dim=4096 -output-dim=4096 -rows=512 -split-k=4
205,gpt:gpt-7b:layer06_mlp_fc1,split-linear,22544384,88064,all,48,all,48,1:466944;2:466944;3:466944;4:466944;5:466944;6:466944;7:466944;8:466944;9:466944;10:466944;11:466944;12:466944;13:466944;14:466944;15:466944;16:466944;17:466944;18:466944;19:466944;20:466944;21:466944;22:466944;23:466944;24:466944;25:466944;26:466944;27:466944;28:466944;29:466944;30:466944;31:466944;32:466944;33:466944;34:466944;35:466944;36:466944;37:466944;38:466944;39:466944;40:466944;41:466944;42:466944;43:466944;44:466944;45:466944;46:466944;47:466944;48:598016,-op=split-linear -input-dim=4096 -output-dim=11008 -rows=512 -split-k=4
206,bert:bert-7b-proxy:layer07_attn_score,split-linear,1048576,4096,1-43,43,1-43,43,1:20480;2:20480;3:20480;4:20480;5:20480;6:20480;7:20480;8:20480;9:20480;10:20480;11:20480;12:20480;13:20480;14:20480;15:20480;16:20480;17:20480;18:20480;19:20480;20:20480;21:20480;22:20480;23:20480;24:20480;25:20480;26:20480;27:20480;28:20480;29:20480;30:20480;31:20480;32:20480;33:20480;34:20480;35:20480;36:20480;37:20480;38:20480;39:20480;40:20480;41:20480;42:20480;43:188416,-op=split-linear -input-dim=4096 -output-dim=512 -rows=512 -split-k=4
207,gpt:gpt-7b:layer06_mlp_gelu,gelu,22544384,88064,all,48,all,48,1:466944;2:466944;3:466944;4:466944;5:466944;6:466944;7:466944;8:466944;9:466944;10:466944;11:466944;12:466944;13:466944;14:466944;15:466944;16:466944;17:466944;18:466944;19:466944;20:466944;21:466944;22:466944;23:466944;24:466944;25:466944;26:466944;27:466944;28:466944;29:466944;30:466944;31:466944;32:466944;33:466944;34:466944;35:466944;36:466944;37:466944;38:466944;39:466944;40:466944;41:466944;42:466944;43:466944;44:466944;45:466944;46:466944;47:466944;48:598016,-op=gelu -elements=5636096
208,bert:bert-7b-proxy:layer07_attn_softmax,row-softmax,1048576,512,1-16,16,1-16,16,1:65536;2:65536;3:65536;4:65536;5:65536;6:65536;7:65536;8:65536;9:65536;10:65536;11:65536;12:65536;13:65536;14:65536;15:65536;16:65536,-op=row-softmax -cols=512 -rows=512
209,gpt:gpt-7b:layer06_mlp_fc2,split-linear,8388608,32768,1-47,47,1-47,47,1:176128;2:176128;3:176128;4:176128;5:176128;6:176128;7:176128;8:176128;9:176128;10:176128;11:176128;12:176128;13:176128;14:176128;15:176128;16:176128;17:176128;18:176128;19:176128;20:176128;21:176128;22:176128;23:176128;24:176128;25:176128;26:176128;27:176128;28:176128;29:176128;30:176128;31:176128;32:176128;33:176128;34:176128;35:176128;36:176128;37:176128;38:176128;39:176128;40:176128;41:176128;42:176128;43:176128;44:176128;45:176128;46:176128;47:286720,-op=split-linear -input-dim=11008 -output-dim=4096 -rows=512 -split-k=4
210,bert:bert-7b-proxy:layer07_attn_value,split-linear,8388608,32768,1-47,47,1-47,47,1:176128;2:176128;3:176128;4:176128;5:176128;6:176128;7:176128;8:176128;9:176128;10:176128;11:176128;12:176128;13:176128;14:176128;15:176128;16:176128;17:176128;18:176128;19:176128;20:176128;21:176128;22:176128;23:176128;24:176128;25:176128;26:176128;27:176128;28:176128;29:176128;30:176128;31:176128;32:176128;33:176128;34:176128;35:176128;36:176128;37:176128;38:176128;39:176128;40:176128;41:176128;42:176128;43:176128;44:176128;45:176128;46:176128;47:286720,-op=split-linear -input-dim=512 -output-dim=4096 -rows=512 -split-k=4
211,gpt:gpt-7b:layer06_mlp_residual,residual-add,8388608,32768,1-47,47,1-47,47,1:176128;2:176128;3:176128;4:176128;5:176128;6:176128;7:176128;8:176128;9:176128;10:176128;11:176128;12:176128;13:176128;14:176128;15:176128;16:176128;17:176128;18:176128;19:176128;20:176128;21:176128;22:176128;23:176128;24:176128;25:176128;26:176128;27:176128;28:176128;29:176128;30:176128;31:176128;32:176128;33:176128;34:176128;35:176128;36:176128;37:176128;38:176128;39:176128;40:176128;41:176128;42:176128;43:176128;44:176128;45:176128;46:176128;47:286720,-op=residual-add -elements=2097152
212,bert:bert-7b-proxy:layer07_attn_out,split-linear,8388608,32768,1-47,47,1-47,47,1:176128;2:176128;3:176128;4:176128;5:176128;6:176128;7:176128;8:176128;9:176128;10:176128;11:176128;12:176128;13:176128;14:176128;15:176128;16:176128;17:176128;18:176128;19:176128;20:176128;21:176128;22:176128;23:176128;24:176128;25:176128;26:176128;27:176128;28:176128;29:176128;30:176128;31:176128;32:176128;33:176128;34:176128;35:176128;36:176128;37:176128;38:176128;39:176128;40:176128;41:176128;42:176128;43:176128;44:176128;45:176128;46:176128;47:286720,-op=split-linear -input-dim=4096 -output-dim=4096 -rows=512 -split-k=4
213,gpt:gpt-7b:layer07_norm1,layernorm,8388608,32768,1-47,47,1-47,47,1:176128;2:176128;3:176128;4:176128;5:176128;6:176128;7:176128;8:176128;9:176128;10:176128;11:176128;12:176128;13:176128;14:176128;15:176128;16:176128;17:176128;18:176128;19:176128;20:176128;21:176128;22:176128;23:176128;24:176128;25:176128;26:176128;27:176128;28:176128;29:176128;30:176128;31:176128;32:176128;33:176128;34:176128;35:176128;36:176128;37:176128;38:176128;39:176128;40:176128;41:176128;42:176128;43:176128;44:176128;45:176128;46:176128;47:286720,-op=layernorm -hidden=4096 -rows=512
214,bert:bert-7b-proxy:layer07_attn_residual,residual-add,8388608,32768,1-47,47,1-47,47,1:176128;2:176128;3:176128;4:176128;5:176128;6:176128;7:176128;8:176128;9:176128;10:176128;11:176128;12:176128;13:176128;14:176128;15:176128;16:176128;17:176128;18:176128;19:176128;20:176128;21:176128;22:176128;23:176128;24:176128;25:176128;26:176128;27:176128;28:176128;29:176128;30:176128;31:176128;32:176128;33:176128;34:176128;35:176128;36:176128;37:176128;38:176128;39:176128;40:176128;41:176128;42:176128;43:176128;44:176128;45:176128;46:176128;47:286720,-op=residual-add -elements=2097152
215,gpt:gpt-7b:layer07_attn_q,split-linear,8388608,32768,1-47,47,1-47,47,1:176128;2:176128;3:176128;4:176128;5:176128;6:176128;7:176128;8:176128;9:176128;10:176128;11:176128;12:176128;13:176128;14:176128;15:176128;16:176128;17:176128;18:176128;19:176128;20:176128;21:176128;22:176128;23:176128;24:176128;25:176128;26:176128;27:176128;28:176128;29:176128;30:176128;31:176128;32:176128;33:176128;34:176128;35:176128;36:176128;37:176128;38:176128;39:176128;40:176128;41:176128;42:176128;43:176128;44:176128;45:176128;46:176128;47:286720,-op=split-linear -input-dim=4096 -output-dim=4096 -rows=512 -split-k=4
216,bert:bert-7b-proxy:layer07_norm1,layernorm,8388608,32768,1-47,47,1-47,47,1:176128;2:176128;3:176128;4:176128;5:176128;6:176128;7:176128;8:176128;9:176128;10:176128;11:176128;12:176128;13:176128;14:176128;15:176128;16:176128;17:176128;18:176128;19:176128;20:176128;21:176128;22:176128;23:176128;24:176128;25:176128;26:176128;27:176128;28:176128;29:176128;30:176128;31:176128;32:176128;33:176128;34:176128;35:176128;36:176128;37:176128;38:176128;39:176128;40:176128;41:176128;42:176128;43:176128;44:176128;45:176128;46:176128;47:286720,-op=layernorm -hidden=4096 -rows=512
217,gpt:gpt-7b:layer07_attn_k,split-linear,8388608,32768,1-47,47,1-47,47,1:176128;2:176128;3:176128;4:176128;5:176128;6:176128;7:176128;8:176128;9:176128;10:176128;11:176128;12:176128;13:176128;14:176128;15:176128;16:176128;17:176128;18:176128;19:176128;20:176128;21:176128;22:176128;23:176128;24:176128;25:176128;26:176128;27:176128;28:176128;29:176128;30:176128;31:176128;32:176128;33:176128;34:176128;35:176128;36:176128;37:176128;38:176128;39:176128;40:176128;41:176128;42:176128;43:176128;44:176128;45:176128;46:176128;47:286720,-op=split-linear -input-dim=4096 -output-dim=4096 -rows=512 -split-k=4
218,bert:bert-7b-proxy:layer07_mlp_fc1,split-linear,22544384,88064,all,48,all,48,1:466944;2:466944;3:466944;4:466944;5:466944;6:466944;7:466944;8:466944;9:466944;10:466944;11:466944;12:466944;13:466944;14:466944;15:466944;16:466944;17:466944;18:466944;19:466944;20:466944;21:466944;22:466944;23:466944;24:466944;25:466944;26:466944;27:466944;28:466944;29:466944;30:466944;31:466944;32:466944;33:466944;34:466944;35:466944;36:466944;37:466944;38:466944;39:466944;40:466944;41:466944;42:466944;43:466944;44:466944;45:466944;46:466944;47:466944;48:598016,-op=split-linear -input-dim=4096 -output-dim=11008 -rows=512 -split-k=4
219,gpt:gpt-7b:layer07_attn_v,split-linear,8388608,32768,1-47,47,1-47,47,1:176128;2:176128;3:176128;4:176128;5:176128;6:176128;7:176128;8:176128;9:176128;10:176128;11:176128;12:176128;13:176128;14:176128;15:176128;16:176128;17:176128;18:176128;19:176128;20:176128;21:176128;22:176128;23:176128;24:176128;25:176128;26:176128;27:176128;28:176128;29:176128;30:176128;31:176128;32:176128;33:176128;34:176128;35:176128;36:176128;37:176128;38:176128;39:176128;40:176128;41:176128;42:176128;43:176128;44:176128;45:176128;46:176128;47:286720,-op=split-linear -input-dim=4096 -output-dim=4096 -rows=512 -split-k=4
220,bert:bert-7b-proxy:layer07_mlp_gelu,gelu,22544384,88064,all,48,all,48,1:466944;2:466944;3:466944;4:466944;5:466944;6:466944;7:466944;8:466944;9:466944;10:466944;11:466944;12:466944;13:466944;14:466944;15:466944;16:466944;17:466944;18:466944;19:466944;20:466944;21:466944;22:466944;23:466944;24:466944;25:466944;26:466944;27:466944;28:466944;29:466944;30:466944;31:466944;32:466944;33:466944;34:466944;35:466944;36:466944;37:466944;38:466944;39:466944;40:466944;41:466944;42:466944;43:466944;44:466944;45:466944;46:466944;47:466944;48:598016,-op=gelu -elements=5636096
221,gpt:gpt-7b:layer07_attn_score,split-linear,1048576,4096,1-43,43,1-43,43,1:20480;2:20480;3:20480;4:20480;5:20480;6:20480;7:20480;8:20480;9:20480;10:20480;11:20480;12:20480;13:20480;14:20480;15:20480;16:20480;17:20480;18:20480;19:20480;20:20480;21:20480;22:20480;23:20480;24:20480;25:20480;26:20480;27:20480;28:20480;29:20480;30:20480;31:20480;32:20480;33:20480;34:20480;35:20480;36:20480;37:20480;38:20480;39:20480;40:20480;41:20480;42:20480;43:188416,-op=split-linear -input-dim=4096 -output-dim=512 -rows=512 -split-k=4
222,bert:bert-7b-proxy:layer07_mlp_fc2,split-linear,8388608,32768,1-47,47,1-47,47,1:176128;2:176128;3:176128;4:176128;5:176128;6:176128;7:176128;8:176128;9:176128;10:176128;11:176128;12:176128;13:176128;14:176128;15:176128;16:176128;17:176128;18:176128;19:176128;20:176128;21:176128;22:176128;23:176128;24:176128;25:176128;26:176128;27:176128;28:176128;29:176128;30:176128;31:176128;32:176128;33:176128;34:176128;35:176128;36:176128;37:176128;38:176128;39:176128;40:176128;41:176128;42:176128;43:176128;44:176128;45:176128;46:176128;47:286720,-op=split-linear -input-dim=11008 -output-dim=4096 -rows=512 -split-k=4
223,gpt:gpt-7b:layer07_causal_mask,causal-mask,1048576,4096,1-43,43,1-43,43,1:20480;2:20480;3:20480;4:20480;5:20480;6:20480;7:20480;8:20480;9:20480;10:20480;11:20480;12:20480;13:20480;14:20480;15:20480;16:20480;17:20480;18:20480;19:20480;20:20480;21:20480;22:20480;23:20480;24:20480;25:20480;26:20480;27:20480;28:20480;29:20480;30:20480;31:20480;32:20480;33:20480;34:20480;35:20480;36:20480;37:20480;38:20480;39:20480;40:20480;41:20480;42:20480;43:188416,-op=causal-mask -batch-size=1 -rows=512 -seq-len=512
224,bert:bert-7b-proxy:layer07_mlp_residual,residual-add,8388608,32768,1-47,47,1-47,47,1:176128;2:176128;3:176128;4:176128;5:176128;6:176128;7:176128;8:176128;9:176128;10:176128;11:176128;12:176128;13:176128;14:176128;15:176128;16:176128;17:176128;18:176128;19:176128;20:176128;21:176128;22:176128;23:176128;24:176128;25:176128;26:176128;27:176128;28:176128;29:176128;30:176128;31:176128;32:176128;33:176128;34:176128;35:176128;36:176128;37:176128;38:176128;39:176128;40:176128;41:176128;42:176128;43:176128;44:176128;45:176128;46:176128;47:286720,-op=residual-add -elements=2097152
225,gpt:gpt-7b:layer07_attn_softmax,row-softmax,1048576,512,1-16,16,1-16,16,1:65536;2:65536;3:65536;4:65536;5:65536;6:65536;7:65536;8:65536;9:65536;10:65536;11:65536;12:65536;13:65536;14:65536;15:65536;16:65536,-op=row-softmax -cols=512 -rows=512
226,bert:bert-7b-proxy:layer07_norm2,layernorm,8388608,32768,1-47,47,1-47,47,1:176128;2:176128;3:176128;4:176128;5:176128;6:176128;7:176128;8:176128;9:176128;10:176128;11:176128;12:176128;13:176128;14:176128;15:176128;16:176128;17:176128;18:176128;19:176128;20:176128;21:176128;22:176128;23:176128;24:176128;25:176128;26:176128;27:176128;28:176128;29:176128;30:176128;31:176128;32:176128;33:176128;34:176128;35:176128;36:176128;37:176128;38:176128;39:176128;40:176128;41:176128;42:176128;43:176128;44:176128;45:176128;46:176128;47:286720,-op=layernorm -hidden=4096 -rows=512
227,gpt:gpt-7b:layer07_attn_value,split-linear,8388608,32768,1-47,47,1-47,47,1:176128;2:176128;3:176128;4:176128;5:176128;6:176128;7:176128;8:176128;9:176128;10:176128;11:176128;12:176128;13:176128;14:176128;15:176128;16:176128;17:176128;18:176128;19:176128;20:176128;21:176128;22:176128;23:176128;24:176128;25:176128;26:176128;27:176128;28:176128;29:176128;30:176128;31:176128;32:176128;33:176128;34:176128;35:176128;36:176128;37:176128;38:176128;39:176128;40:176128;41:176128;42:176128;43:176128;44:176128;45:176128;46:176128;47:286720,-op=split-linear -input-dim=512 -output-dim=4096 -rows=512 -split-k=4
228,bert:bert-7b-proxy:layer08_attn_q,split-linear,8388608,32768,1-47,47,1-47,47,1:176128;2:176128;3:176128;4:176128;5:176128;6:176128;7:176128;8:176128;9:176128;10:176128;11:176128;12:176128;13:176128;14:176128;15:176128;16:176128;17:176128;18:176128;19:176128;20:176128;21:176128;22:176128;23:176128;24:176128;25:176128;26:176128;27:176128;28:176128;29:176128;30:176128;31:176128;32:176128;33:176128;34:176128;35:176128;36:176128;37:176128;38:176128;39:176128;40:176128;41:176128;42:176128;43:176128;44:176128;45:176128;46:176128;47:286720,-op=split-linear -input-dim=4096 -output-dim=4096 -rows=512 -split-k=4
229,gpt:gpt-7b:layer07_attn_out,split-linear,8388608,32768,1-47,47,1-47,47,1:176128;2:176128;3:176128;4:176128;5:176128;6:176128;7:176128;8:176128;9:176128;10:176128;11:176128;12:176128;13:176128;14:176128;15:176128;16:176128;17:176128;18:176128;19:176128;20:176128;21:176128;22:176128;23:176128;24:176128;25:176128;26:176128;27:176128;28:176128;29:176128;30:176128;31:176128;32:176128;33:176128;34:176128;35:176128;36:176128;37:176128;38:176128;39:176128;40:176128;41:176128;42:176128;43:176128;44:176128;45:176128;46:176128;47:286720,-op=split-linear -input-dim=4096 -output-dim=4096 -rows=512 -split-k=4
230,bert:bert-7b-proxy:layer08_attn_k,split-linear,8388608,32768,1-47,47,1-47,47,1:176128;2:176128;3:176128;4:176128;5:176128;6:176128;7:176128;8:176128;9:176128;10:176128;11:176128;12:176128;13:176128;14:176128;15:176128;16:176128;17:176128;18:176128;19:176128;20:176128;21:176128;22:176128;23:176128;24:176128;25:176128;26:176128;27:176128;28:176128;29:176128;30:176128;31:176128;32:176128;33:176128;34:176128;35:176128;36:176128;37:176128;38:176128;39:176128;40:176128;41:176128;42:176128;43:176128;44:176128;45:176128;46:176128;47:286720,-op=split-linear -input-dim=4096 -output-dim=4096 -rows=512 -split-k=4
231,gpt:gpt-7b:layer07_attn_residual,residual-add,8388608,32768,1-47,47,1-47,47,1:176128;2:176128;3:176128;4:176128;5:176128;6:176128;7:176128;8:176128;9:176128;10:176128;11:176128;12:176128;13:176128;14:176128;15:176128;16:176128;17:176128;18:176128;19:176128;20:176128;21:176128;22:176128;23:176128;24:176128;25:176128;26:176128;27:176128;28:176128;29:176128;30:176128;31:176128;32:176128;33:176128;34:176128;35:176128;36:176128;37:176128;38:176128;39:176128;40:176128;41:176128;42:176128;43:176128;44:176128;45:176128;46:176128;47:286720,-op=residual-add -elements=2097152
232,bert:bert-7b-proxy:layer08_attn_v,split-linear,8388608,32768,1-47,47,1-47,47,1:176128;2:176128;3:176128;4:176128;5:176128;6:176128;7:176128;8:176128;9:176128;10:176128;11:176128;12:176128;13:176128;14:176128;15:176128;16:176128;17:176128;18:176128;19:176128;20:176128;21:176128;22:176128;23:176128;24:176128;25:176128;26:176128;27:176128;28:176128;29:176128;30:176128;31:176128;32:176128;33:176128;34:176128;35:176128;36:176128;37:176128;38:176128;39:176128;40:176128;41:176128;42:176128;43:176128;44:176128;45:176128;46:176128;47:286720,-op=split-linear -input-dim=4096 -output-dim=4096 -rows=512 -split-k=4
233,gpt:gpt-7b:layer07_norm2,layernorm,8388608,32768,1-47,47,1-47,47,1:176128;2:176128;3:176128;4:176128;5:176128;6:176128;7:176128;8:176128;9:176128;10:176128;11:176128;12:176128;13:176128;14:176128;15:176128;16:176128;17:176128;18:176128;19:176128;20:176128;21:176128;22:176128;23:176128;24:176128;25:176128;26:176128;27:176128;28:176128;29:176128;30:176128;31:176128;32:176128;33:176128;34:176128;35:176128;36:176128;37:176128;38:176128;39:176128;40:176128;41:176128;42:176128;43:176128;44:176128;45:176128;46:176128;47:286720,-op=layernorm -hidden=4096 -rows=512
234,bert:bert-7b-proxy:layer08_attn_score,split-linear,1048576,4096,1-43,43,1-43,43,1:20480;2:20480;3:20480;4:20480;5:20480;6:20480;7:20480;8:20480;9:20480;10:20480;11:20480;12:20480;13:20480;14:20480;15:20480;16:20480;17:20480;18:20480;19:20480;20:20480;21:20480;22:20480;23:20480;24:20480;25:20480;26:20480;27:20480;28:20480;29:20480;30:20480;31:20480;32:20480;33:20480;34:20480;35:20480;36:20480;37:20480;38:20480;39:20480;40:20480;41:20480;42:20480;43:188416,-op=split-linear -input-dim=4096 -output-dim=512 -rows=512 -split-k=4
235,gpt:gpt-7b:layer07_mlp_fc1,split-linear,22544384,88064,all,48,all,48,1:466944;2:466944;3:466944;4:466944;5:466944;6:466944;7:466944;8:466944;9:466944;10:466944;11:466944;12:466944;13:466944;14:466944;15:466944;16:466944;17:466944;18:466944;19:466944;20:466944;21:466944;22:466944;23:466944;24:466944;25:466944;26:466944;27:466944;28:466944;29:466944;30:466944;31:466944;32:466944;33:466944;34:466944;35:466944;36:466944;37:466944;38:466944;39:466944;40:466944;41:466944;42:466944;43:466944;44:466944;45:466944;46:466944;47:466944;48:598016,-op=split-linear -input-dim=4096 -output-dim=11008 -rows=512 -split-k=4
236,bert:bert-7b-proxy:layer08_attn_softmax,row-softmax,1048576,512,1-16,16,1-16,16,1:65536;2:65536;3:65536;4:65536;5:65536;6:65536;7:65536;8:65536;9:65536;10:65536;11:65536;12:65536;13:65536;14:65536;15:65536;16:65536,-op=row-softmax -cols=512 -rows=512
237,gpt:gpt-7b:layer07_mlp_gelu,gelu,22544384,88064,all,48,all,48,1:466944;2:466944;3:466944;4:466944;5:466944;6:466944;7:466944;8:466944;9:466944;10:466944;11:466944;12:466944;13:466944;14:466944;15:466944;16:466944;17:466944;18:466944;19:466944;20:466944;21:466944;22:466944;23:466944;24:466944;25:466944;26:466944;27:466944;28:466944;29:466944;30:466944;31:466944;32:466944;33:466944;34:466944;35:466944;36:466944;37:466944;38:466944;39:466944;40:466944;41:466944;42:466944;43:466944;44:466944;45:466944;46:466944;47:466944;48:598016,-op=gelu -elements=5636096
238,bert:bert-7b-proxy:layer08_attn_value,split-linear,8388608,32768,1-47,47,1-47,47,1:176128;2:176128;3:176128;4:176128;5:176128;6:176128;7:176128;8:176128;9:176128;10:176128;11:176128;12:176128;13:176128;14:176128;15:176128;16:176128;17:176128;18:176128;19:176128;20:176128;21:176128;22:176128;23:176128;24:176128;25:176128;26:176128;27:176128;28:176128;29:176128;30:176128;31:176128;32:176128;33:176128;34:176128;35:176128;36:176128;37:176128;38:176128;39:176128;40:176128;41:176128;42:176128;43:176128;44:176128;45:176128;46:176128;47:286720,-op=split-linear -input-dim=512 -output-dim=4096 -rows=512 -split-k=4
239,gpt:gpt-7b:layer07_mlp_fc2,split-linear,8388608,32768,1-47,47,1-47,47,1:176128;2:176128;3:176128;4:176128;5:176128;6:176128;7:176128;8:176128;9:176128;10:176128;11:176128;12:176128;13:176128;14:176128;15:176128;16:176128;17:176128;18:176128;19:176128;20:176128;21:176128;22:176128;23:176128;24:176128;25:176128;26:176128;27:176128;28:176128;29:176128;30:176128;31:176128;32:176128;33:176128;34:176128;35:176128;36:176128;37:176128;38:176128;39:176128;40:176128;41:176128;42:176128;43:176128;44:176128;45:176128;46:176128;47:286720,-op=split-linear -input-dim=11008 -output-dim=4096 -rows=512 -split-k=4
240,bert:bert-7b-proxy:layer08_attn_out,split-linear,8388608,32768,1-47,47,1-47,47,1:176128;2:176128;3:176128;4:176128;5:176128;6:176128;7:176128;8:176128;9:176128;10:176128;11:176128;12:176128;13:176128;14:176128;15:176128;16:176128;17:176128;18:176128;19:176128;20:176128;21:176128;22:176128;23:176128;24:176128;25:176128;26:176128;27:176128;28:176128;29:176128;30:176128;31:176128;32:176128;33:176128;34:176128;35:176128;36:176128;37:176128;38:176128;39:176128;40:176128;41:176128;42:176128;43:176128;44:176128;45:176128;46:176128;47:286720,-op=split-linear -input-dim=4096 -output-dim=4096 -rows=512 -split-k=4
241,gpt:gpt-7b:layer07_mlp_residual,residual-add,8388608,32768,1-47,47,1-47,47,1:176128;2:176128;3:176128;4:176128;5:176128;6:176128;7:176128;8:176128;9:176128;10:176128;11:176128;12:176128;13:176128;14:176128;15:176128;16:176128;17:176128;18:176128;19:176128;20:176128;21:176128;22:176128;23:176128;24:176128;25:176128;26:176128;27:176128;28:176128;29:176128;30:176128;31:176128;32:176128;33:176128;34:176128;35:176128;36:176128;37:176128;38:176128;39:176128;40:176128;41:176128;42:176128;43:176128;44:176128;45:176128;46:176128;47:286720,-op=residual-add -elements=2097152
242,bert:bert-7b-proxy:layer08_attn_residual,residual-add,8388608,32768,1-47,47,1-47,47,1:176128;2:176128;3:176128;4:176128;5:176128;6:176128;7:176128;8:176128;9:176128;10:176128;11:176128;12:176128;13:176128;14:176128;15:176128;16:176128;17:176128;18:176128;19:176128;20:176128;21:176128;22:176128;23:176128;24:176128;25:176128;26:176128;27:176128;28:176128;29:176128;30:176128;31:176128;32:176128;33:176128;34:176128;35:176128;36:176128;37:176128;38:176128;39:176128;40:176128;41:176128;42:176128;43:176128;44:176128;45:176128;46:176128;47:286720,-op=residual-add -elements=2097152
243,gpt:gpt-7b:layer08_norm1,layernorm,8388608,32768,1-47,47,1-47,47,1:176128;2:176128;3:176128;4:176128;5:176128;6:176128;7:176128;8:176128;9:176128;10:176128;11:176128;12:176128;13:176128;14:176128;15:176128;16:176128;17:176128;18:176128;19:176128;20:176128;21:176128;22:176128;23:176128;24:176128;25:176128;26:176128;27:176128;28:176128;29:176128;30:176128;31:176128;32:176128;33:176128;34:176128;35:176128;36:176128;37:176128;38:176128;39:176128;40:176128;41:176128;42:176128;43:176128;44:176128;45:176128;46:176128;47:286720,-op=layernorm -hidden=4096 -rows=512
244,bert:bert-7b-proxy:layer08_norm1,layernorm,8388608,32768,1-47,47,1-47,47,1:176128;2:176128;3:176128;4:176128;5:176128;6:176128;7:176128;8:176128;9:176128;10:176128;11:176128;12:176128;13:176128;14:176128;15:176128;16:176128;17:176128;18:176128;19:176128;20:176128;21:176128;22:176128;23:176128;24:176128;25:176128;26:176128;27:176128;28:176128;29:176128;30:176128;31:176128;32:176128;33:176128;34:176128;35:176128;36:176128;37:176128;38:176128;39:176128;40:176128;41:176128;42:176128;43:176128;44:176128;45:176128;46:176128;47:286720,-op=layernorm -hidden=4096 -rows=512
245,gpt:gpt-7b:layer08_attn_q,split-linear,8388608,32768,1-47,47,1-47,47,1:176128;2:176128;3:176128;4:176128;5:176128;6:176128;7:176128;8:176128;9:176128;10:176128;11:176128;12:176128;13:176128;14:176128;15:176128;16:176128;17:176128;18:176128;19:176128;20:176128;21:176128;22:176128;23:176128;24:176128;25:176128;26:176128;27:176128;28:176128;29:176128;30:176128;31:176128;32:176128;33:176128;34:176128;35:176128;36:176128;37:176128;38:176128;39:176128;40:176128;41:176128;42:176128;43:176128;44:176128;45:176128;46:176128;47:286720,-op=split-linear -input-dim=4096 -output-dim=4096 -rows=512 -split-k=4
246,bert:bert-7b-proxy:layer08_mlp_fc1,split-linear,22544384,88064,all,48,all,48,1:466944;2:466944;3:466944;4:466944;5:466944;6:466944;7:466944;8:466944;9:466944;10:466944;11:466944;12:466944;13:466944;14:466944;15:466944;16:466944;17:466944;18:466944;19:466944;20:466944;21:466944;22:466944;23:466944;24:466944;25:466944;26:466944;27:466944;28:466944;29:466944;30:466944;31:466944;32:466944;33:466944;34:466944;35:466944;36:466944;37:466944;38:466944;39:466944;40:466944;41:466944;42:466944;43:466944;44:466944;45:466944;46:466944;47:466944;48:598016,-op=split-linear -input-dim=4096 -output-dim=11008 -rows=512 -split-k=4
247,gpt:gpt-7b:layer08_attn_k,split-linear,8388608,32768,1-47,47,1-47,47,1:176128;2:176128;3:176128;4:176128;5:176128;6:176128;7:176128;8:176128;9:176128;10:176128;11:176128;12:176128;13:176128;14:176128;15:176128;16:176128;17:176128;18:176128;19:176128;20:176128;21:176128;22:176128;23:176128;24:176128;25:176128;26:176128;27:176128;28:176128;29:176128;30:176128;31:176128;32:176128;33:176128;34:176128;35:176128;36:176128;37:176128;38:176128;39:176128;40:176128;41:176128;42:176128;43:176128;44:176128;45:176128;46:176128;47:286720,-op=split-linear -input-dim=4096 -output-dim=4096 -rows=512 -split-k=4
248,bert:bert-7b-proxy:layer08_mlp_gelu,gelu,22544384,88064,all,48,all,48,1:466944;2:466944;3:466944;4:466944;5:466944;6:466944;7:466944;8:466944;9:466944;10:466944;11:466944;12:466944;13:466944;14:466944;15:466944;16:466944;17:466944;18:466944;19:466944;20:466944;21:466944;22:466944;23:466944;24:466944;25:466944;26:466944;27:466944;28:466944;29:466944;30:466944;31:466944;32:466944;33:466944;34:466944;35:466944;36:466944;37:466944;38:466944;39:466944;40:466944;41:466944;42:466944;43:466944;44:466944;45:466944;46:466944;47:466944;48:598016,-op=gelu -elements=5636096
249,gpt:gpt-7b:layer08_attn_v,split-linear,8388608,32768,1-47,47,1-47,47,1:176128;2:176128;3:176128;4:176128;5:176128;6:176128;7:176128;8:176128;9:176128;10:176128;11:176128;12:176128;13:176128;14:176128;15:176128;16:176128;17:176128;18:176128;19:176128;20:176128;21:176128;22:176128;23:176128;24:176128;25:176128;26:176128;27:176128;28:176128;29:176128;30:176128;31:176128;32:176128;33:176128;34:176128;35:176128;36:176128;37:176128;38:176128;39:176128;40:176128;41:176128;42:176128;43:176128;44:176128;45:176128;46:176128;47:286720,-op=split-linear -input-dim=4096 -output-dim=4096 -rows=512 -split-k=4
250,bert:bert-7b-proxy:layer08_mlp_fc2,split-linear,8388608,32768,1-47,47,1-47,47,1:176128;2:176128;3:176128;4:176128;5:176128;6:176128;7:176128;8:176128;9:176128;10:176128;11:176128;12:176128;13:176128;14:176128;15:176128;16:176128;17:176128;18:176128;19:176128;20:176128;21:176128;22:176128;23:176128;24:176128;25:176128;26:176128;27:176128;28:176128;29:176128;30:176128;31:176128;32:176128;33:176128;34:176128;35:176128;36:176128;37:176128;38:176128;39:176128;40:176128;41:176128;42:176128;43:176128;44:176128;45:176128;46:176128;47:286720,-op=split-linear -input-dim=11008 -output-dim=4096 -rows=512 -split-k=4
251,gpt:gpt-7b:layer08_attn_score,split-linear,1048576,4096,1-43,43,1-43,43,1:20480;2:20480;3:20480;4:20480;5:20480;6:20480;7:20480;8:20480;9:20480;10:20480;11:20480;12:20480;13:20480;14:20480;15:20480;16:20480;17:20480;18:20480;19:20480;20:20480;21:20480;22:20480;23:20480;24:20480;25:20480;26:20480;27:20480;28:20480;29:20480;30:20480;31:20480;32:20480;33:20480;34:20480;35:20480;36:20480;37:20480;38:20480;39:20480;40:20480;41:20480;42:20480;43:188416,-op=split-linear -input-dim=4096 -output-dim=512 -rows=512 -split-k=4
252,bert:bert-7b-proxy:layer08_mlp_residual,residual-add,8388608,32768,1-47,47,1-47,47,1:176128;2:176128;3:176128;4:176128;5:176128;6:176128;7:176128;8:176128;9:176128;10:176128;11:176128;12:176128;13:176128;14:176128;15:176128;16:176128;17:176128;18:176128;19:176128;20:176128;21:176128;22:176128;23:176128;24:176128;25:176128;26:176128;27:176128;28:176128;29:176128;30:176128;31:176128;32:176128;33:176128;34:176128;35:176128;36:176128;37:176128;38:176128;39:176128;40:176128;41:176128;42:176128;43:176128;44:176128;45:176128;46:176128;47:286720,-op=residual-add -elements=2097152
253,gpt:gpt-7b:layer08_causal_mask,causal-mask,1048576,4096,1-43,43,1-43,43,1:20480;2:20480;3:20480;4:20480;5:20480;6:20480;7:20480;8:20480;9:20480;10:20480;11:20480;12:20480;13:20480;14:20480;15:20480;16:20480;17:20480;18:20480;19:20480;20:20480;21:20480;22:20480;23:20480;24:20480;25:20480;26:20480;27:20480;28:20480;29:20480;30:20480;31:20480;32:20480;33:20480;34:20480;35:20480;36:20480;37:20480;38:20480;39:20480;40:20480;41:20480;42:20480;43:188416,-op=causal-mask -batch-size=1 -rows=512 -seq-len=512
254,bert:bert-7b-proxy:layer08_norm2,layernorm,8388608,32768,1-47,47,1-47,47,1:176128;2:176128;3:176128;4:176128;5:176128;6:176128;7:176128;8:176128;9:176128;10:176128;11:176128;12:176128;13:176128;14:176128;15:176128;16:176128;17:176128;18:176128;19:176128;20:176128;21:176128;22:176128;23:176128;24:176128;25:176128;26:176128;27:176128;28:176128;29:176128;30:176128;31:176128;32:176128;33:176128;34:176128;35:176128;36:176128;37:176128;38:176128;39:176128;40:176128;41:176128;42:176128;43:176128;44:176128;45:176128;46:176128;47:286720,-op=layernorm -hidden=4096 -rows=512
255,gpt:gpt-7b:layer08_attn_softmax,row-softmax,1048576,512,1-16,16,1-16,16,1:65536;2:65536;3:65536;4:65536;5:65536;6:65536;7:65536;8:65536;9:65536;10:65536;11:65536;12:65536;13:65536;14:65536;15:65536;16:65536,-op=row-softmax -cols=512 -rows=512
256,bert:bert-7b-proxy:layer09_attn_q,split-linear,8388608,32768,1-47,47,1-47,47,1:176128;2:176128;3:176128;4:176128;5:176128;6:176128;7:176128;8:176128;9:176128;10:176128;11:176128;12:176128;13:176128;14:176128;15:176128;16:176128;17:176128;18:176128;19:176128;20:176128;21:176128;22:176128;23:176128;24:176128;25:176128;26:176128;27:176128;28:176128;29:176128;30:176128;31:176128;32:176128;33:176128;34:176128;35:176128;36:176128;37:176128;38:176128;39:176128;40:176128;41:176128;42:176128;43:176128;44:176128;45:176128;46:176128;47:286720,-op=split-linear -input-dim=4096 -output-dim=4096 -rows=512 -split-k=4
257,gpt:gpt-7b:layer08_attn_value,split-linear,8388608,32768,1-47,47,1-47,47,1:176128;2:176128;3:176128;4:176128;5:176128;6:176128;7:176128;8:176128;9:176128;10:176128;11:176128;12:176128;13:176128;14:176128;15:176128;16:176128;17:176128;18:176128;19:176128;20:176128;21:176128;22:176128;23:176128;24:176128;25:176128;26:176128;27:176128;28:176128;29:176128;30:176128;31:176128;32:176128;33:176128;34:176128;35:176128;36:176128;37:176128;38:176128;39:176128;40:176128;41:176128;42:176128;43:176128;44:176128;45:176128;46:176128;47:286720,-op=split-linear -input-dim=512 -output-dim=4096 -rows=512 -split-k=4
258,bert:bert-7b-proxy:layer09_attn_k,split-linear,8388608,32768,1-47,47,1-47,47,1:176128;2:176128;3:176128;4:176128;5:176128;6:176128;7:176128;8:176128;9:176128;10:176128;11:176128;12:176128;13:176128;14:176128;15:176128;16:176128;17:176128;18:176128;19:176128;20:176128;21:176128;22:176128;23:176128;24:176128;25:176128;26:176128;27:176128;28:176128;29:176128;30:176128;31:176128;32:176128;33:176128;34:176128;35:176128;36:176128;37:176128;38:176128;39:176128;40:176128;41:176128;42:176128;43:176128;44:176128;45:176128;46:176128;47:286720,-op=split-linear -input-dim=4096 -output-dim=4096 -rows=512 -split-k=4
259,gpt:gpt-7b:layer08_attn_out,split-linear,8388608,32768,1-47,47,1-47,47,1:176128;2:176128;3:176128;4:176128;5:176128;6:176128;7:176128;8:176128;9:176128;10:176128;11:176128;12:176128;13:176128;14:176128;15:176128;16:176128;17:176128;18:176128;19:176128;20:176128;21:176128;22:176128;23:176128;24:176128;25:176128;26:176128;27:176128;28:176128;29:176128;30:176128;31:176128;32:176128;33:176128;34:176128;35:176128;36:176128;37:176128;38:176128;39:176128;40:176128;41:176128;42:176128;43:176128;44:176128;45:176128;46:176128;47:286720,-op=split-linear -input-dim=4096 -output-dim=4096 -rows=512 -split-k=4
260,bert:bert-7b-proxy:layer09_attn_v,split-linear,8388608,32768,1-47,47,1-47,47,1:176128;2:176128;3:176128;4:176128;5:176128;6:176128;7:176128;8:176128;9:176128;10:176128;11:176128;12:176128;13:176128;14:176128;15:176128;16:176128;17:176128;18:176128;19:176128;20:176128;21:176128;22:176128;23:176128;24:176128;25:176128;26:176128;27:176128;28:176128;29:176128;30:176128;31:176128;32:176128;33:176128;34:176128;35:176128;36:176128;37:176128;38:176128;39:176128;40:176128;41:176128;42:176128;43:176128;44:176128;45:176128;46:176128;47:286720,-op=split-linear -input-dim=4096 -output-dim=4096 -rows=512 -split-k=4
261,gpt:gpt-7b:layer08_attn_residual,residual-add,8388608,32768,1-47,47,1-47,47,1:176128;2:176128;3:176128;4:176128;5:176128;6:176128;7:176128;8:176128;9:176128;10:176128;11:176128;12:176128;13:176128;14:176128;15:176128;16:176128;17:176128;18:176128;19:176128;20:176128;21:176128;22:176128;23:176128;24:176128;25:176128;26:176128;27:176128;28:176128;29:176128;30:176128;31:176128;32:176128;33:176128;34:176128;35:176128;36:176128;37:176128;38:176128;39:176128;40:176128;41:176128;42:176128;43:176128;44:176128;45:176128;46:176128;47:286720,-op=residual-add -elements=2097152
262,bert:bert-7b-proxy:layer09_attn_score,split-linear,1048576,4096,1-43,43,1-43,43,1:20480;2:20480;3:20480;4:20480;5:20480;6:20480;7:20480;8:20480;9:20480;10:20480;11:20480;12:20480;13:20480;14:20480;15:20480;16:20480;17:20480;18:20480;19:20480;20:20480;21:20480;22:20480;23:20480;24:20480;25:20480;26:20480;27:20480;28:20480;29:20480;30:20480;31:20480;32:20480;33:20480;34:20480;35:20480;36:20480;37:20480;38:20480;39:20480;40:20480;41:20480;42:20480;43:188416,-op=split-linear -input-dim=4096 -output-dim=512 -rows=512 -split-k=4
263,gpt:gpt-7b:layer08_norm2,layernorm,8388608,32768,1-47,47,1-47,47,1:176128;2:176128;3:176128;4:176128;5:176128;6:176128;7:176128;8:176128;9:176128;10:176128;11:176128;12:176128;13:176128;14:176128;15:176128;16:176128;17:176128;18:176128;19:176128;20:176128;21:176128;22:176128;23:176128;24:176128;25:176128;26:176128;27:176128;28:176128;29:176128;30:176128;31:176128;32:176128;33:176128;34:176128;35:176128;36:176128;37:176128;38:176128;39:176128;40:176128;41:176128;42:176128;43:176128;44:176128;45:176128;46:176128;47:286720,-op=layernorm -hidden=4096 -rows=512
264,bert:bert-7b-proxy:layer09_attn_softmax,row-softmax,1048576,512,1-16,16,1-16,16,1:65536;2:65536;3:65536;4:65536;5:65536;6:65536;7:65536;8:65536;9:65536;10:65536;11:65536;12:65536;13:65536;14:65536;15:65536;16:65536,-op=row-softmax -cols=512 -rows=512
265,gpt:gpt-7b:layer08_mlp_fc1,split-linear,22544384,88064,all,48,all,48,1:466944;2:466944;3:466944;4:466944;5:466944;6:466944;7:466944;8:466944;9:466944;10:466944;11:466944;12:466944;13:466944;14:466944;15:466944;16:466944;17:466944;18:466944;19:466944;20:466944;21:466944;22:466944;23:466944;24:466944;25:466944;26:466944;27:466944;28:466944;29:466944;30:466944;31:466944;32:466944;33:466944;34:466944;35:466944;36:466944;37:466944;38:466944;39:466944;40:466944;41:466944;42:466944;43:466944;44:466944;45:466944;46:466944;47:466944;48:598016,-op=split-linear -input-dim=4096 -output-dim=11008 -rows=512 -split-k=4
266,bert:bert-7b-proxy:layer09_attn_value,split-linear,8388608,32768,1-47,47,1-47,47,1:176128;2:176128;3:176128;4:176128;5:176128;6:176128;7:176128;8:176128;9:176128;10:176128;11:176128;12:176128;13:176128;14:176128;15:176128;16:176128;17:176128;18:176128;19:176128;20:176128;21:176128;22:176128;23:176128;24:176128;25:176128;26:176128;27:176128;28:176128;29:176128;30:176128;31:176128;32:176128;33:176128;34:176128;35:176128;36:176128;37:176128;38:176128;39:176128;40:176128;41:176128;42:176128;43:176128;44:176128;45:176128;46:176128;47:286720,-op=split-linear -input-dim=512 -output-dim=4096 -rows=512 -split-k=4
267,gpt:gpt-7b:layer08_mlp_gelu,gelu,22544384,88064,all,48,all,48,1:466944;2:466944;3:466944;4:466944;5:466944;6:466944;7:466944;8:466944;9:466944;10:466944;11:466944;12:466944;13:466944;14:466944;15:466944;16:466944;17:466944;18:466944;19:466944;20:466944;21:466944;22:466944;23:466944;24:466944;25:466944;26:466944;27:466944;28:466944;29:466944;30:466944;31:466944;32:466944;33:466944;34:466944;35:466944;36:466944;37:466944;38:466944;39:466944;40:466944;41:466944;42:466944;43:466944;44:466944;45:466944;46:466944;47:466944;48:598016,-op=gelu -elements=5636096
268,bert:bert-7b-proxy:layer09_attn_out,split-linear,8388608,32768,1-47,47,1-47,47,1:176128;2:176128;3:176128;4:176128;5:176128;6:176128;7:176128;8:176128;9:176128;10:176128;11:176128;12:176128;13:176128;14:176128;15:176128;16:176128;17:176128;18:176128;19:176128;20:176128;21:176128;22:176128;23:176128;24:176128;25:176128;26:176128;27:176128;28:176128;29:176128;30:176128;31:176128;32:176128;33:176128;34:176128;35:176128;36:176128;37:176128;38:176128;39:176128;40:176128;41:176128;42:176128;43:176128;44:176128;45:176128;46:176128;47:286720,-op=split-linear -input-dim=4096 -output-dim=4096 -rows=512 -split-k=4
269,gpt:gpt-7b:layer08_mlp_fc2,split-linear,8388608,32768,1-47,47,1-47,47,1:176128;2:176128;3:176128;4:176128;5:176128;6:176128;7:176128;8:176128;9:176128;10:176128;11:176128;12:176128;13:176128;14:176128;15:176128;16:176128;17:176128;18:176128;19:176128;20:176128;21:176128;22:176128;23:176128;24:176128;25:176128;26:176128;27:176128;28:176128;29:176128;30:176128;31:176128;32:176128;33:176128;34:176128;35:176128;36:176128;37:176128;38:176128;39:176128;40:176128;41:176128;42:176128;43:176128;44:176128;45:176128;46:176128;47:286720,-op=split-linear -input-dim=11008 -output-dim=4096 -rows=512 -split-k=4
270,bert:bert-7b-proxy:layer09_attn_residual,residual-add,8388608,32768,1-47,47,1-47,47,1:176128;2:176128;3:176128;4:176128;5:176128;6:176128;7:176128;8:176128;9:176128;10:176128;11:176128;12:176128;13:176128;14:176128;15:176128;16:176128;17:176128;18:176128;19:176128;20:176128;21:176128;22:176128;23:176128;24:176128;25:176128;26:176128;27:176128;28:176128;29:176128;30:176128;31:176128;32:176128;33:176128;34:176128;35:176128;36:176128;37:176128;38:176128;39:176128;40:176128;41:176128;42:176128;43:176128;44:176128;45:176128;46:176128;47:286720,-op=residual-add -elements=2097152
271,gpt:gpt-7b:layer08_mlp_residual,residual-add,8388608,32768,1-47,47,1-47,47,1:176128;2:176128;3:176128;4:176128;5:176128;6:176128;7:176128;8:176128;9:176128;10:176128;11:176128;12:176128;13:176128;14:176128;15:176128;16:176128;17:176128;18:176128;19:176128;20:176128;21:176128;22:176128;23:176128;24:176128;25:176128;26:176128;27:176128;28:176128;29:176128;30:176128;31:176128;32:176128;33:176128;34:176128;35:176128;36:176128;37:176128;38:176128;39:176128;40:176128;41:176128;42:176128;43:176128;44:176128;45:176128;46:176128;47:286720,-op=residual-add -elements=2097152
272,bert:bert-7b-proxy:layer09_norm1,layernorm,8388608,32768,1-47,47,1-47,47,1:176128;2:176128;3:176128;4:176128;5:176128;6:176128;7:176128;8:176128;9:176128;10:176128;11:176128;12:176128;13:176128;14:176128;15:176128;16:176128;17:176128;18:176128;19:176128;20:176128;21:176128;22:176128;23:176128;24:176128;25:176128;26:176128;27:176128;28:176128;29:176128;30:176128;31:176128;32:176128;33:176128;34:176128;35:176128;36:176128;37:176128;38:176128;39:176128;40:176128;41:176128;42:176128;43:176128;44:176128;45:176128;46:176128;47:286720,-op=layernorm -hidden=4096 -rows=512
273,gpt:gpt-7b:layer09_norm1,layernorm,8388608,32768,1-47,47,1-47,47,1:176128;2:176128;3:176128;4:176128;5:176128;6:176128;7:176128;8:176128;9:176128;10:176128;11:176128;12:176128;13:176128;14:176128;15:176128;16:176128;17:176128;18:176128;19:176128;20:176128;21:176128;22:176128;23:176128;24:176128;25:176128;26:176128;27:176128;28:176128;29:176128;30:176128;31:176128;32:176128;33:176128;34:176128;35:176128;36:176128;37:176128;38:176128;39:176128;40:176128;41:176128;42:176128;43:176128;44:176128;45:176128;46:176128;47:286720,-op=layernorm -hidden=4096 -rows=512
274,bert:bert-7b-proxy:layer09_mlp_fc1,split-linear,22544384,88064,all,48,all,48,1:466944;2:466944;3:466944;4:466944;5:466944;6:466944;7:466944;8:466944;9:466944;10:466944;11:466944;12:466944;13:466944;14:466944;15:466944;16:466944;17:466944;18:466944;19:466944;20:466944;21:466944;22:466944;23:466944;24:466944;25:466944;26:466944;27:466944;28:466944;29:466944;30:466944;31:466944;32:466944;33:466944;34:466944;35:466944;36:466944;37:466944;38:466944;39:466944;40:466944;41:466944;42:466944;43:466944;44:466944;45:466944;46:466944;47:466944;48:598016,-op=split-linear -input-dim=4096 -output-dim=11008 -rows=512 -split-k=4
275,gpt:gpt-7b:layer09_attn_q,split-linear,8388608,32768,1-47,47,1-47,47,1:176128;2:176128;3:176128;4:176128;5:176128;6:176128;7:176128;8:176128;9:176128;10:176128;11:176128;12:176128;13:176128;14:176128;15:176128;16:176128;17:176128;18:176128;19:176128;20:176128;21:176128;22:176128;23:176128;24:176128;25:176128;26:176128;27:176128;28:176128;29:176128;30:176128;31:176128;32:176128;33:176128;34:176128;35:176128;36:176128;37:176128;38:176128;39:176128;40:176128;41:176128;42:176128;43:176128;44:176128;45:176128;46:176128;47:286720,-op=split-linear -input-dim=4096 -output-dim=4096 -rows=512 -split-k=4
276,bert:bert-7b-proxy:layer09_mlp_gelu,gelu,22544384,88064,all,48,all,48,1:466944;2:466944;3:466944;4:466944;5:466944;6:466944;7:466944;8:466944;9:466944;10:466944;11:466944;12:466944;13:466944;14:466944;15:466944;16:466944;17:466944;18:466944;19:466944;20:466944;21:466944;22:466944;23:466944;24:466944;25:466944;26:466944;27:466944;28:466944;29:466944;30:466944;31:466944;32:466944;33:466944;34:466944;35:466944;36:466944;37:466944;38:466944;39:466944;40:466944;41:466944;42:466944;43:466944;44:466944;45:466944;46:466944;47:466944;48:598016,-op=gelu -elements=5636096
277,gpt:gpt-7b:layer09_attn_k,split-linear,8388608,32768,1-47,47,1-47,47,1:176128;2:176128;3:176128;4:176128;5:176128;6:176128;7:176128;8:176128;9:176128;10:176128;11:176128;12:176128;13:176128;14:176128;15:176128;16:176128;17:176128;18:176128;19:176128;20:176128;21:176128;22:176128;23:176128;24:176128;25:176128;26:176128;27:176128;28:176128;29:176128;30:176128;31:176128;32:176128;33:176128;34:176128;35:176128;36:176128;37:176128;38:176128;39:176128;40:176128;41:176128;42:176128;43:176128;44:176128;45:176128;46:176128;47:286720,-op=split-linear -input-dim=4096 -output-dim=4096 -rows=512 -split-k=4
278,bert:bert-7b-proxy:layer09_mlp_fc2,split-linear,8388608,32768,1-47,47,1-47,47,1:176128;2:176128;3:176128;4:176128;5:176128;6:176128;7:176128;8:176128;9:176128;10:176128;11:176128;12:176128;13:176128;14:176128;15:176128;16:176128;17:176128;18:176128;19:176128;20:176128;21:176128;22:176128;23:176128;24:176128;25:176128;26:176128;27:176128;28:176128;29:176128;30:176128;31:176128;32:176128;33:176128;34:176128;35:176128;36:176128;37:176128;38:176128;39:176128;40:176128;41:176128;42:176128;43:176128;44:176128;45:176128;46:176128;47:286720,-op=split-linear -input-dim=11008 -output-dim=4096 -rows=512 -split-k=4
279,gpt:gpt-7b:layer09_attn_v,split-linear,8388608,32768,1-47,47,1-47,47,1:176128;2:176128;3:176128;4:176128;5:176128;6:176128;7:176128;8:176128;9:176128;10:176128;11:176128;12:176128;13:176128;14:176128;15:176128;16:176128;17:176128;18:176128;19:176128;20:176128;21:176128;22:176128;23:176128;24:176128;25:176128;26:176128;27:176128;28:176128;29:176128;30:176128;31:176128;32:176128;33:176128;34:176128;35:176128;36:176128;37:176128;38:176128;39:176128;40:176128;41:176128;42:176128;43:176128;44:176128;45:176128;46:176128;47:286720,-op=split-linear -input-dim=4096 -output-dim=4096 -rows=512 -split-k=4
280,bert:bert-7b-proxy:layer09_mlp_residual,residual-add,8388608,32768,1-47,47,1-47,47,1:176128;2:176128;3:176128;4:176128;5:176128;6:176128;7:176128;8:176128;9:176128;10:176128;11:176128;12:176128;13:176128;14:176128;15:176128;16:176128;17:176128;18:176128;19:176128;20:176128;21:176128;22:176128;23:176128;24:176128;25:176128;26:176128;27:176128;28:176128;29:176128;30:176128;31:176128;32:176128;33:176128;34:176128;35:176128;36:176128;37:176128;38:176128;39:176128;40:176128;41:176128;42:176128;43:176128;44:176128;45:176128;46:176128;47:286720,-op=residual-add -elements=2097152
281,gpt:gpt-7b:layer09_attn_score,split-linear,1048576,4096,1-43,43,1-43,43,1:20480;2:20480;3:20480;4:20480;5:20480;6:20480;7:20480;8:20480;9:20480;10:20480;11:20480;12:20480;13:20480;14:20480;15:20480;16:20480;17:20480;18:20480;19:20480;20:20480;21:20480;22:20480;23:20480;24:20480;25:20480;26:20480;27:20480;28:20480;29:20480;30:20480;31:20480;32:20480;33:20480;34:20480;35:20480;36:20480;37:20480;38:20480;39:20480;40:20480;41:20480;42:20480;43:188416,-op=split-linear -input-dim=4096 -output-dim=512 -rows=512 -split-k=4
282,bert:bert-7b-proxy:layer09_norm2,layernorm,8388608,32768,1-47,47,1-47,47,1:176128;2:176128;3:176128;4:176128;5:176128;6:176128;7:176128;8:176128;9:176128;10:176128;11:176128;12:176128;13:176128;14:176128;15:176128;16:176128;17:176128;18:176128;19:176128;20:176128;21:176128;22:176128;23:176128;24:176128;25:176128;26:176128;27:176128;28:176128;29:176128;30:176128;31:176128;32:176128;33:176128;34:176128;35:176128;36:176128;37:176128;38:176128;39:176128;40:176128;41:176128;42:176128;43:176128;44:176128;45:176128;46:176128;47:286720,-op=layernorm -hidden=4096 -rows=512
283,gpt:gpt-7b:layer09_causal_mask,causal-mask,1048576,4096,1-43,43,1-43,43,1:20480;2:20480;3:20480;4:20480;5:20480;6:20480;7:20480;8:20480;9:20480;10:20480;11:20480;12:20480;13:20480;14:20480;15:20480;16:20480;17:20480;18:20480;19:20480;20:20480;21:20480;22:20480;23:20480;24:20480;25:20480;26:20480;27:20480;28:20480;29:20480;30:20480;31:20480;32:20480;33:20480;34:20480;35:20480;36:20480;37:20480;38:20480;39:20480;40:20480;41:20480;42:20480;43:188416,-op=causal-mask -batch-size=1 -rows=512 -seq-len=512
284,bert:bert-7b-proxy:layer10_attn_q,split-linear,8388608,32768,1-47,47,1-47,47,1:176128;2:176128;3:176128;4:176128;5:176128;6:176128;7:176128;8:176128;9:176128;10:176128;11:176128;12:176128;13:176128;14:176128;15:176128;16:176128;17:176128;18:176128;19:176128;20:176128;21:176128;22:176128;23:176128;24:176128;25:176128;26:176128;27:176128;28:176128;29:176128;30:176128;31:176128;32:176128;33:176128;34:176128;35:176128;36:176128;37:176128;38:176128;39:176128;40:176128;41:176128;42:176128;43:176128;44:176128;45:176128;46:176128;47:286720,-op=split-linear -input-dim=4096 -output-dim=4096 -rows=512 -split-k=4
285,gpt:gpt-7b:layer09_attn_softmax,row-softmax,1048576,512,1-16,16,1-16,16,1:65536;2:65536;3:65536;4:65536;5:65536;6:65536;7:65536;8:65536;9:65536;10:65536;11:65536;12:65536;13:65536;14:65536;15:65536;16:65536,-op=row-softmax -cols=512 -rows=512
286,bert:bert-7b-proxy:layer10_attn_k,split-linear,8388608,32768,1-47,47,1-47,47,1:176128;2:176128;3:176128;4:176128;5:176128;6:176128;7:176128;8:176128;9:176128;10:176128;11:176128;12:176128;13:176128;14:176128;15:176128;16:176128;17:176128;18:176128;19:176128;20:176128;21:176128;22:176128;23:176128;24:176128;25:176128;26:176128;27:176128;28:176128;29:176128;30:176128;31:176128;32:176128;33:176128;34:176128;35:176128;36:176128;37:176128;38:176128;39:176128;40:176128;41:176128;42:176128;43:176128;44:176128;45:176128;46:176128;47:286720,-op=split-linear -input-dim=4096 -output-dim=4096 -rows=512 -split-k=4
287,gpt:gpt-7b:layer09_attn_value,split-linear,8388608,32768,1-47,47,1-47,47,1:176128;2:176128;3:176128;4:176128;5:176128;6:176128;7:176128;8:176128;9:176128;10:176128;11:176128;12:176128;13:176128;14:176128;15:176128;16:176128;17:176128;18:176128;19:176128;20:176128;21:176128;22:176128;23:176128;24:176128;25:176128;26:176128;27:176128;28:176128;29:176128;30:176128;31:176128;32:176128;33:176128;34:176128;35:176128;36:176128;37:176128;38:176128;39:176128;40:176128;41:176128;42:176128;43:176128;44:176128;45:176128;46:176128;47:286720,-op=split-linear -input-dim=512 -output-dim=4096 -rows=512 -split-k=4
288,bert:bert-7b-proxy:layer10_attn_v,split-linear,8388608,32768,1-47,47,1-47,47,1:176128;2:176128;3:176128;4:176128;5:176128;6:176128;7:176128;8:176128;9:176128;10:176128;11:176128;12:176128;13:176128;14:176128;15:176128;16:176128;17:176128;18:176128;19:176128;20:176128;21:176128;22:176128;23:176128;24:176128;25:176128;26:176128;27:176128;28:176128;29:176128;30:176128;31:176128;32:176128;33:176128;34:176128;35:176128;36:176128;37:176128;38:176128;39:176128;40:176128;41:176128;42:176128;43:176128;44:176128;45:176128;46:176128;47:286720,-op=split-linear -input-dim=4096 -output-dim=4096 -rows=512 -split-k=4
289,gpt:gpt-7b:layer09_attn_out,split-linear,8388608,32768,1-47,47,1-47,47,1:176128;2:176128;3:176128;4:176128;5:176128;6:176128;7:176128;8:176128;9:176128;10:176128;11:176128;12:176128;13:176128;14:176128;15:176128;16:176128;17:176128;18:176128;19:176128;20:176128;21:176128;22:176128;23:176128;24:176128;25:176128;26:176128;27:176128;28:176128;29:176128;30:176128;31:176128;32:176128;33:176128;34:176128;35:176128;36:176128;37:176128;38:176128;39:176128;40:176128;41:176128;42:176128;43:176128;44:176128;45:176128;46:176128;47:286720,-op=split-linear -input-dim=4096 -output-dim=4096 -rows=512 -split-k=4
290,bert:bert-7b-proxy:layer10_attn_score,split-linear,1048576,4096,1-43,43,1-43,43,1:20480;2:20480;3:20480;4:20480;5:20480;6:20480;7:20480;8:20480;9:20480;10:20480;11:20480;12:20480;13:20480;14:20480;15:20480;16:20480;17:20480;18:20480;19:20480;20:20480;21:20480;22:20480;23:20480;24:20480;25:20480;26:20480;27:20480;28:20480;29:20480;30:20480;31:20480;32:20480;33:20480;34:20480;35:20480;36:20480;37:20480;38:20480;39:20480;40:20480;41:20480;42:20480;43:188416,-op=split-linear -input-dim=4096 -output-dim=512 -rows=512 -split-k=4
291,gpt:gpt-7b:layer09_attn_residual,residual-add,8388608,32768,1-47,47,1-47,47,1:176128;2:176128;3:176128;4:176128;5:176128;6:176128;7:176128;8:176128;9:176128;10:176128;11:176128;12:176128;13:176128;14:176128;15:176128;16:176128;17:176128;18:176128;19:176128;20:176128;21:176128;22:176128;23:176128;24:176128;25:176128;26:176128;27:176128;28:176128;29:176128;30:176128;31:176128;32:176128;33:176128;34:176128;35:176128;36:176128;37:176128;38:176128;39:176128;40:176128;41:176128;42:176128;43:176128;44:176128;45:176128;46:176128;47:286720,-op=residual-add -elements=2097152
292,bert:bert-7b-proxy:layer10_attn_softmax,row-softmax,1048576,512,1-16,16,1-16,16,1:65536;2:65536;3:65536;4:65536;5:65536;6:65536;7:65536;8:65536;9:65536;10:65536;11:65536;12:65536;13:65536;14:65536;15:65536;16:65536,-op=row-softmax -cols=512 -rows=512
293,gpt:gpt-7b:layer09_norm2,layernorm,8388608,32768,1-47,47,1-47,47,1:176128;2:176128;3:176128;4:176128;5:176128;6:176128;7:176128;8:176128;9:176128;10:176128;11:176128;12:176128;13:176128;14:176128;15:176128;16:176128;17:176128;18:176128;19:176128;20:176128;21:176128;22:176128;23:176128;24:176128;25:176128;26:176128;27:176128;28:176128;29:176128;30:176128;31:176128;32:176128;33:176128;34:176128;35:176128;36:176128;37:176128;38:176128;39:176128;40:176128;41:176128;42:176128;43:176128;44:176128;45:176128;46:176128;47:286720,-op=layernorm -hidden=4096 -rows=512
294,bert:bert-7b-proxy:layer10_attn_value,split-linear,8388608,32768,1-47,47,1-47,47,1:176128;2:176128;3:176128;4:176128;5:176128;6:176128;7:176128;8:176128;9:176128;10:176128;11:176128;12:176128;13:176128;14:176128;15:176128;16:176128;17:176128;18:176128;19:176128;20:176128;21:176128;22:176128;23:176128;24:176128;25:176128;26:176128;27:176128;28:176128;29:176128;30:176128;31:176128;32:176128;33:176128;34:176128;35:176128;36:176128;37:176128;38:176128;39:176128;40:176128;41:176128;42:176128;43:176128;44:176128;45:176128;46:176128;47:286720,-op=split-linear -input-dim=512 -output-dim=4096 -rows=512 -split-k=4
295,gpt:gpt-7b:layer09_mlp_fc1,split-linear,22544384,88064,all,48,all,48,1:466944;2:466944;3:466944;4:466944;5:466944;6:466944;7:466944;8:466944;9:466944;10:466944;11:466944;12:466944;13:466944;14:466944;15:466944;16:466944;17:466944;18:466944;19:466944;20:466944;21:466944;22:466944;23:466944;24:466944;25:466944;26:466944;27:466944;28:466944;29:466944;30:466944;31:466944;32:466944;33:466944;34:466944;35:466944;36:466944;37:466944;38:466944;39:466944;40:466944;41:466944;42:466944;43:466944;44:466944;45:466944;46:466944;47:466944;48:598016,-op=split-linear -input-dim=4096 -output-dim=11008 -rows=512 -split-k=4
296,bert:bert-7b-proxy:layer10_attn_out,split-linear,8388608,32768,1-47,47,1-47,47,1:176128;2:176128;3:176128;4:176128;5:176128;6:176128;7:176128;8:176128;9:176128;10:176128;11:176128;12:176128;13:176128;14:176128;15:176128;16:176128;17:176128;18:176128;19:176128;20:176128;21:176128;22:176128;23:176128;24:176128;25:176128;26:176128;27:176128;28:176128;29:176128;30:176128;31:176128;32:176128;33:176128;34:176128;35:176128;36:176128;37:176128;38:176128;39:176128;40:176128;41:176128;42:176128;43:176128;44:176128;45:176128;46:176128;47:286720,-op=split-linear -input-dim=4096 -output-dim=4096 -rows=512 -split-k=4
297,gpt:gpt-7b:layer09_mlp_gelu,gelu,22544384,88064,all,48,all,48,1:466944;2:466944;3:466944;4:466944;5:466944;6:466944;7:466944;8:466944;9:466944;10:466944;11:466944;12:466944;13:466944;14:466944;15:466944;16:466944;17:466944;18:466944;19:466944;20:466944;21:466944;22:466944;23:466944;24:466944;25:466944;26:466944;27:466944;28:466944;29:466944;30:466944;31:466944;32:466944;33:466944;34:466944;35:466944;36:466944;37:466944;38:466944;39:466944;40:466944;41:466944;42:466944;43:466944;44:466944;45:466944;46:466944;47:466944;48:598016,-op=gelu -elements=5636096
298,bert:bert-7b-proxy:layer10_attn_residual,residual-add,8388608,32768,1-47,47,1-47,47,1:176128;2:176128;3:176128;4:176128;5:176128;6:176128;7:176128;8:176128;9:176128;10:176128;11:176128;12:176128;13:176128;14:176128;15:176128;16:176128;17:176128;18:176128;19:176128;20:176128;21:176128;22:176128;23:176128;24:176128;25:176128;26:176128;27:176128;28:176128;29:176128;30:176128;31:176128;32:176128;33:176128;34:176128;35:176128;36:176128;37:176128;38:176128;39:176128;40:176128;41:176128;42:176128;43:176128;44:176128;45:176128;46:176128;47:286720,-op=residual-add -elements=2097152
299,gpt:gpt-7b:layer09_mlp_fc2,split-linear,8388608,32768,1-47,47,1-47,47,1:176128;2:176128;3:176128;4:176128;5:176128;6:176128;7:176128;8:176128;9:176128;10:176128;11:176128;12:176128;13:176128;14:176128;15:176128;16:176128;17:176128;18:176128;19:176128;20:176128;21:176128;22:176128;23:176128;24:176128;25:176128;26:176128;27:176128;28:176128;29:176128;30:176128;31:176128;32:176128;33:176128;34:176128;35:176128;36:176128;37:176128;38:176128;39:176128;40:176128;41:176128;42:176128;43:176128;44:176128;45:176128;46:176128;47:286720,-op=split-linear -input-dim=11008 -output-dim=4096 -rows=512 -split-k=4
300,bert:bert-7b-proxy:layer10_norm1,layernorm,8388608,32768,1-47,47,1-47,47,1:176128;2:176128;3:176128;4:176128;5:176128;6:176128;7:176128;8:176128;9:176128;10:176128;11:176128;12:176128;13:176128;14:176128;15:176128;16:176128;17:176128;18:176128;19:176128;20:176128;21:176128;22:176128;23:176128;24:176128;25:176128;26:176128;27:176128;28:176128;29:176128;30:176128;31:176128;32:176128;33:176128;34:176128;35:176128;36:176128;37:176128;38:176128;39:176128;40:176128;41:176128;42:176128;43:176128;44:176128;45:176128;46:176128;47:286720,-op=layernorm -hidden=4096 -rows=512
301,gpt:gpt-7b:layer09_mlp_residual,residual-add,8388608,32768,1-47,47,1-47,47,1:176128;2:176128;3:176128;4:176128;5:176128;6:176128;7:176128;8:176128;9:176128;10:176128;11:176128;12:176128;13:176128;14:176128;15:176128;16:176128;17:176128;18:176128;19:176128;20:176128;21:176128;22:176128;23:176128;24:176128;25:176128;26:176128;27:176128;28:176128;29:176128;30:176128;31:176128;32:176128;33:176128;34:176128;35:176128;36:176128;37:176128;38:176128;39:176128;40:176128;41:176128;42:176128;43:176128;44:176128;45:176128;46:176128;47:286720,-op=residual-add -elements=2097152
302,bert:bert-7b-proxy:layer10_mlp_fc1,split-linear,22544384,88064,all,48,all,48,1:466944;2:466944;3:466944;4:466944;5:466944;6:466944;7:466944;8:466944;9:466944;10:466944;11:466944;12:466944;13:466944;14:466944;15:466944;16:466944;17:466944;18:466944;19:466944;20:466944;21:466944;22:466944;23:466944;24:466944;25:466944;26:466944;27:466944;28:466944;29:466944;30:466944;31:466944;32:466944;33:466944;34:466944;35:466944;36:466944;37:466944;38:466944;39:466944;40:466944;41:466944;42:466944;43:466944;44:466944;45:466944;46:466944;47:466944;48:598016,-op=split-linear -input-dim=4096 -output-dim=11008 -rows=512 -split-k=4
303,gpt:gpt-7b:layer10_norm1,layernorm,8388608,32768,1-47,47,1-47,47,1:176128;2:176128;3:176128;4:176128;5:176128;6:176128;7:176128;8:176128;9:176128;10:176128;11:176128;12:176128;13:176128;14:176128;15:176128;16:176128;17:176128;18:176128;19:176128;20:176128;21:176128;22:176128;23:176128;24:176128;25:176128;26:176128;27:176128;28:176128;29:176128;30:176128;31:176128;32:176128;33:176128;34:176128;35:176128;36:176128;37:176128;38:176128;39:176128;40:176128;41:176128;42:176128;43:176128;44:176128;45:176128;46:176128;47:286720,-op=layernorm -hidden=4096 -rows=512
304,bert:bert-7b-proxy:layer10_mlp_gelu,gelu,22544384,88064,all,48,all,48,1:466944;2:466944;3:466944;4:466944;5:466944;6:466944;7:466944;8:466944;9:466944;10:466944;11:466944;12:466944;13:466944;14:466944;15:466944;16:466944;17:466944;18:466944;19:466944;20:466944;21:466944;22:466944;23:466944;24:466944;25:466944;26:466944;27:466944;28:466944;29:466944;30:466944;31:466944;32:466944;33:466944;34:466944;35:466944;36:466944;37:466944;38:466944;39:466944;40:466944;41:466944;42:466944;43:466944;44:466944;45:466944;46:466944;47:466944;48:598016,-op=gelu -elements=5636096
305,gpt:gpt-7b:layer10_attn_q,split-linear,8388608,32768,1-47,47,1-47,47,1:176128;2:176128;3:176128;4:176128;5:176128;6:176128;7:176128;8:176128;9:176128;10:176128;11:176128;12:176128;13:176128;14:176128;15:176128;16:176128;17:176128;18:176128;19:176128;20:176128;21:176128;22:176128;23:176128;24:176128;25:176128;26:176128;27:176128;28:176128;29:176128;30:176128;31:176128;32:176128;33:176128;34:176128;35:176128;36:176128;37:176128;38:176128;39:176128;40:176128;41:176128;42:176128;43:176128;44:176128;45:176128;46:176128;47:286720,-op=split-linear -input-dim=4096 -output-dim=4096 -rows=512 -split-k=4
306,bert:bert-7b-proxy:layer10_mlp_fc2,split-linear,8388608,32768,1-47,47,1-47,47,1:176128;2:176128;3:176128;4:176128;5:176128;6:176128;7:176128;8:176128;9:176128;10:176128;11:176128;12:176128;13:176128;14:176128;15:176128;16:176128;17:176128;18:176128;19:176128;20:176128;21:176128;22:176128;23:176128;24:176128;25:176128;26:176128;27:176128;28:176128;29:176128;30:176128;31:176128;32:176128;33:176128;34:176128;35:176128;36:176128;37:176128;38:176128;39:176128;40:176128;41:176128;42:176128;43:176128;44:176128;45:176128;46:176128;47:286720,-op=split-linear -input-dim=11008 -output-dim=4096 -rows=512 -split-k=4
307,gpt:gpt-7b:layer10_attn_k,split-linear,8388608,32768,1-47,47,1-47,47,1:176128;2:176128;3:176128;4:176128;5:176128;6:176128;7:176128;8:176128;9:176128;10:176128;11:176128;12:176128;13:176128;14:176128;15:176128;16:176128;17:176128;18:176128;19:176128;20:176128;21:176128;22:176128;23:176128;24:176128;25:176128;26:176128;27:176128;28:176128;29:176128;30:176128;31:176128;32:176128;33:176128;34:176128;35:176128;36:176128;37:176128;38:176128;39:176128;40:176128;41:176128;42:176128;43:176128;44:176128;45:176128;46:176128;47:286720,-op=split-linear -input-dim=4096 -output-dim=4096 -rows=512 -split-k=4
308,bert:bert-7b-proxy:layer10_mlp_residual,residual-add,8388608,32768,1-47,47,1-47,47,1:176128;2:176128;3:176128;4:176128;5:176128;6:176128;7:176128;8:176128;9:176128;10:176128;11:176128;12:176128;13:176128;14:176128;15:176128;16:176128;17:176128;18:176128;19:176128;20:176128;21:176128;22:176128;23:176128;24:176128;25:176128;26:176128;27:176128;28:176128;29:176128;30:176128;31:176128;32:176128;33:176128;34:176128;35:176128;36:176128;37:176128;38:176128;39:176128;40:176128;41:176128;42:176128;43:176128;44:176128;45:176128;46:176128;47:286720,-op=residual-add -elements=2097152
309,gpt:gpt-7b:layer10_attn_v,split-linear,8388608,32768,1-47,47,1-47,47,1:176128;2:176128;3:176128;4:176128;5:176128;6:176128;7:176128;8:176128;9:176128;10:176128;11:176128;12:176128;13:176128;14:176128;15:176128;16:176128;17:176128;18:176128;19:176128;20:176128;21:176128;22:176128;23:176128;24:176128;25:176128;26:176128;27:176128;28:176128;29:176128;30:176128;31:176128;32:176128;33:176128;34:176128;35:176128;36:176128;37:176128;38:176128;39:176128;40:176128;41:176128;42:176128;43:176128;44:176128;45:176128;46:176128;47:286720,-op=split-linear -input-dim=4096 -output-dim=4096 -rows=512 -split-k=4
310,bert:bert-7b-proxy:layer10_norm2,layernorm,8388608,32768,1-47,47,1-47,47,1:176128;2:176128;3:176128;4:176128;5:176128;6:176128;7:176128;8:176128;9:176128;10:176128;11:176128;12:176128;13:176128;14:176128;15:176128;16:176128;17:176128;18:176128;19:176128;20:176128;21:176128;22:176128;23:176128;24:176128;25:176128;26:176128;27:176128;28:176128;29:176128;30:176128;31:176128;32:176128;33:176128;34:176128;35:176128;36:176128;37:176128;38:176128;39:176128;40:176128;41:176128;42:176128;43:176128;44:176128;45:176128;46:176128;47:286720,-op=layernorm -hidden=4096 -rows=512
311,gpt:gpt-7b:layer10_attn_score,split-linear,1048576,4096,1-43,43,1-43,43,1:20480;2:20480;3:20480;4:20480;5:20480;6:20480;7:20480;8:20480;9:20480;10:20480;11:20480;12:20480;13:20480;14:20480;15:20480;16:20480;17:20480;18:20480;19:20480;20:20480;21:20480;22:20480;23:20480;24:20480;25:20480;26:20480;27:20480;28:20480;29:20480;30:20480;31:20480;32:20480;33:20480;34:20480;35:20480;36:20480;37:20480;38:20480;39:20480;40:20480;41:20480;42:20480;43:188416,-op=split-linear -input-dim=4096 -output-dim=512 -rows=512 -split-k=4
312,bert:bert-7b-proxy:layer11_attn_q,split-linear,8388608,32768,1-47,47,1-47,47,1:176128;2:176128;3:176128;4:176128;5:176128;6:176128;7:176128;8:176128;9:176128;10:176128;11:176128;12:176128;13:176128;14:176128;15:176128;16:176128;17:176128;18:176128;19:176128;20:176128;21:176128;22:176128;23:176128;24:176128;25:176128;26:176128;27:176128;28:176128;29:176128;30:176128;31:176128;32:176128;33:176128;34:176128;35:176128;36:176128;37:176128;38:176128;39:176128;40:176128;41:176128;42:176128;43:176128;44:176128;45:176128;46:176128;47:286720,-op=split-linear -input-dim=4096 -output-dim=4096 -rows=512 -split-k=4
313,gpt:gpt-7b:layer10_causal_mask,causal-mask,1048576,4096,1-43,43,1-43,43,1:20480;2:20480;3:20480;4:20480;5:20480;6:20480;7:20480;8:20480;9:20480;10:20480;11:20480;12:20480;13:20480;14:20480;15:20480;16:20480;17:20480;18:20480;19:20480;20:20480;21:20480;22:20480;23:20480;24:20480;25:20480;26:20480;27:20480;28:20480;29:20480;30:20480;31:20480;32:20480;33:20480;34:20480;35:20480;36:20480;37:20480;38:20480;39:20480;40:20480;41:20480;42:20480;43:188416,-op=causal-mask -batch-size=1 -rows=512 -seq-len=512
314,bert:bert-7b-proxy:layer11_attn_k,split-linear,8388608,32768,1-47,47,1-47,47,1:176128;2:176128;3:176128;4:176128;5:176128;6:176128;7:176128;8:176128;9:176128;10:176128;11:176128;12:176128;13:176128;14:176128;15:176128;16:176128;17:176128;18:176128;19:176128;20:176128;21:176128;22:176128;23:176128;24:176128;25:176128;26:176128;27:176128;28:176128;29:176128;30:176128;31:176128;32:176128;33:176128;34:176128;35:176128;36:176128;37:176128;38:176128;39:176128;40:176128;41:176128;42:176128;43:176128;44:176128;45:176128;46:176128;47:286720,-op=split-linear -input-dim=4096 -output-dim=4096 -rows=512 -split-k=4
315,gpt:gpt-7b:layer10_attn_softmax,row-softmax,1048576,512,1-16,16,1-16,16,1:65536;2:65536;3:65536;4:65536;5:65536;6:65536;7:65536;8:65536;9:65536;10:65536;11:65536;12:65536;13:65536;14:65536;15:65536;16:65536,-op=row-softmax -cols=512 -rows=512
316,bert:bert-7b-proxy:layer11_attn_v,split-linear,8388608,32768,1-47,47,1-47,47,1:176128;2:176128;3:176128;4:176128;5:176128;6:176128;7:176128;8:176128;9:176128;10:176128;11:176128;12:176128;13:176128;14:176128;15:176128;16:176128;17:176128;18:176128;19:176128;20:176128;21:176128;22:176128;23:176128;24:176128;25:176128;26:176128;27:176128;28:176128;29:176128;30:176128;31:176128;32:176128;33:176128;34:176128;35:176128;36:176128;37:176128;38:176128;39:176128;40:176128;41:176128;42:176128;43:176128;44:176128;45:176128;46:176128;47:286720,-op=split-linear -input-dim=4096 -output-dim=4096 -rows=512 -split-k=4
317,gpt:gpt-7b:layer10_attn_value,split-linear,8388608,32768,1-47,47,1-47,47,1:176128;2:176128;3:176128;4:176128;5:176128;6:176128;7:176128;8:176128;9:176128;10:176128;11:176128;12:176128;13:176128;14:176128;15:176128;16:176128;17:176128;18:176128;19:176128;20:176128;21:176128;22:176128;23:176128;24:176128;25:176128;26:176128;27:176128;28:176128;29:176128;30:176128;31:176128;32:176128;33:176128;34:176128;35:176128;36:176128;37:176128;38:176128;39:176128;40:176128;41:176128;42:176128;43:176128;44:176128;45:176128;46:176128;47:286720,-op=split-linear -input-dim=512 -output-dim=4096 -rows=512 -split-k=4
318,bert:bert-7b-proxy:layer11_attn_score,split-linear,1048576,4096,1-43,43,1-43,43,1:20480;2:20480;3:20480;4:20480;5:20480;6:20480;7:20480;8:20480;9:20480;10:20480;11:20480;12:20480;13:20480;14:20480;15:20480;16:20480;17:20480;18:20480;19:20480;20:20480;21:20480;22:20480;23:20480;24:20480;25:20480;26:20480;27:20480;28:20480;29:20480;30:20480;31:20480;32:20480;33:20480;34:20480;35:20480;36:20480;37:20480;38:20480;39:20480;40:20480;41:20480;42:20480;43:188416,-op=split-linear -input-dim=4096 -output-dim=512 -rows=512 -split-k=4
319,gpt:gpt-7b:layer10_attn_out,split-linear,8388608,32768,1-47,47,1-47,47,1:176128;2:176128;3:176128;4:176128;5:176128;6:176128;7:176128;8:176128;9:176128;10:176128;11:176128;12:176128;13:176128;14:176128;15:176128;16:176128;17:176128;18:176128;19:176128;20:176128;21:176128;22:176128;23:176128;24:176128;25:176128;26:176128;27:176128;28:176128;29:176128;30:176128;31:176128;32:176128;33:176128;34:176128;35:176128;36:176128;37:176128;38:176128;39:176128;40:176128;41:176128;42:176128;43:176128;44:176128;45:176128;46:176128;47:286720,-op=split-linear -input-dim=4096 -output-dim=4096 -rows=512 -split-k=4
320,bert:bert-7b-proxy:layer11_attn_softmax,row-softmax,1048576,512,1-16,16,1-16,16,1:65536;2:65536;3:65536;4:65536;5:65536;6:65536;7:65536;8:65536;9:65536;10:65536;11:65536;12:65536;13:65536;14:65536;15:65536;16:65536,-op=row-softmax -cols=512 -rows=512
321,gpt:gpt-7b:layer10_attn_residual,residual-add,8388608,32768,1-47,47,1-47,47,1:176128;2:176128;3:176128;4:176128;5:176128;6:176128;7:176128;8:176128;9:176128;10:176128;11:176128;12:176128;13:176128;14:176128;15:176128;16:176128;17:176128;18:176128;19:176128;20:176128;21:176128;22:176128;23:176128;24:176128;25:176128;26:176128;27:176128;28:176128;29:176128;30:176128;31:176128;32:176128;33:176128;34:176128;35:176128;36:176128;37:176128;38:176128;39:176128;40:176128;41:176128;42:176128;43:176128;44:176128;45:176128;46:176128;47:286720,-op=residual-add -elements=2097152
322,bert:bert-7b-proxy:layer11_attn_value,split-linear,8388608,32768,1-47,47,1-47,47,1:176128;2:176128;3:176128;4:176128;5:176128;6:176128;7:176128;8:176128;9:176128;10:176128;11:176128;12:176128;13:176128;14:176128;15:176128;16:176128;17:176128;18:176128;19:176128;20:176128;21:176128;22:176128;23:176128;24:176128;25:176128;26:176128;27:176128;28:176128;29:176128;30:176128;31:176128;32:176128;33:176128;34:176128;35:176128;36:176128;37:176128;38:176128;39:176128;40:176128;41:176128;42:176128;43:176128;44:176128;45:176128;46:176128;47:286720,-op=split-linear -input-dim=512 -output-dim=4096 -rows=512 -split-k=4
323,gpt:gpt-7b:layer10_norm2,layernorm,8388608,32768,1-47,47,1-47,47,1:176128;2:176128;3:176128;4:176128;5:176128;6:176128;7:176128;8:176128;9:176128;10:176128;11:176128;12:176128;13:176128;14:176128;15:176128;16:176128;17:176128;18:176128;19:176128;20:176128;21:176128;22:176128;23:176128;24:176128;25:176128;26:176128;27:176128;28:176128;29:176128;30:176128;31:176128;32:176128;33:176128;34:176128;35:176128;36:176128;37:176128;38:176128;39:176128;40:176128;41:176128;42:176128;43:176128;44:176128;45:176128;46:176128;47:286720,-op=layernorm -hidden=4096 -rows=512
324,bert:bert-7b-proxy:layer11_attn_out,split-linear,8388608,32768,1-47,47,1-47,47,1:176128;2:176128;3:176128;4:176128;5:176128;6:176128;7:176128;8:176128;9:176128;10:176128;11:176128;12:176128;13:176128;14:176128;15:176128;16:176128;17:176128;18:176128;19:176128;20:176128;21:176128;22:176128;23:176128;24:176128;25:176128;26:176128;27:176128;28:176128;29:176128;30:176128;31:176128;32:176128;33:176128;34:176128;35:176128;36:176128;37:176128;38:176128;39:176128;40:176128;41:176128;42:176128;43:176128;44:176128;45:176128;46:176128;47:286720,-op=split-linear -input-dim=4096 -output-dim=4096 -rows=512 -split-k=4
325,gpt:gpt-7b:layer10_mlp_fc1,split-linear,22544384,88064,all,48,all,48,1:466944;2:466944;3:466944;4:466944;5:466944;6:466944;7:466944;8:466944;9:466944;10:466944;11:466944;12:466944;13:466944;14:466944;15:466944;16:466944;17:466944;18:466944;19:466944;20:466944;21:466944;22:466944;23:466944;24:466944;25:466944;26:466944;27:466944;28:466944;29:466944;30:466944;31:466944;32:466944;33:466944;34:466944;35:466944;36:466944;37:466944;38:466944;39:466944;40:466944;41:466944;42:466944;43:466944;44:466944;45:466944;46:466944;47:466944;48:598016,-op=split-linear -input-dim=4096 -output-dim=11008 -rows=512 -split-k=4
326,bert:bert-7b-proxy:layer11_attn_residual,residual-add,8388608,32768,1-47,47,1-47,47,1:176128;2:176128;3:176128;4:176128;5:176128;6:176128;7:176128;8:176128;9:176128;10:176128;11:176128;12:176128;13:176128;14:176128;15:176128;16:176128;17:176128;18:176128;19:176128;20:176128;21:176128;22:176128;23:176128;24:176128;25:176128;26:176128;27:176128;28:176128;29:176128;30:176128;31:176128;32:176128;33:176128;34:176128;35:176128;36:176128;37:176128;38:176128;39:176128;40:176128;41:176128;42:176128;43:176128;44:176128;45:176128;46:176128;47:286720,-op=residual-add -elements=2097152
327,gpt:gpt-7b:layer10_mlp_gelu,gelu,22544384,88064,all,48,all,48,1:466944;2:466944;3:466944;4:466944;5:466944;6:466944;7:466944;8:466944;9:466944;10:466944;11:466944;12:466944;13:466944;14:466944;15:466944;16:466944;17:466944;18:466944;19:466944;20:466944;21:466944;22:466944;23:466944;24:466944;25:466944;26:466944;27:466944;28:466944;29:466944;30:466944;31:466944;32:466944;33:466944;34:466944;35:466944;36:466944;37:466944;38:466944;39:466944;40:466944;41:466944;42:466944;43:466944;44:466944;45:466944;46:466944;47:466944;48:598016,-op=gelu -elements=5636096
328,bert:bert-7b-proxy:layer11_norm1,layernorm,8388608,32768,1-47,47,1-47,47,1:176128;2:176128;3:176128;4:176128;5:176128;6:176128;7:176128;8:176128;9:176128;10:176128;11:176128;12:176128;13:176128;14:176128;15:176128;16:176128;17:176128;18:176128;19:176128;20:176128;21:176128;22:176128;23:176128;24:176128;25:176128;26:176128;27:176128;28:176128;29:176128;30:176128;31:176128;32:176128;33:176128;34:176128;35:176128;36:176128;37:176128;38:176128;39:176128;40:176128;41:176128;42:176128;43:176128;44:176128;45:176128;46:176128;47:286720,-op=layernorm -hidden=4096 -rows=512
329,gpt:gpt-7b:layer10_mlp_fc2,split-linear,8388608,32768,1-47,47,1-47,47,1:176128;2:176128;3:176128;4:176128;5:176128;6:176128;7:176128;8:176128;9:176128;10:176128;11:176128;12:176128;13:176128;14:176128;15:176128;16:176128;17:176128;18:176128;19:176128;20:176128;21:176128;22:176128;23:176128;24:176128;25:176128;26:176128;27:176128;28:176128;29:176128;30:176128;31:176128;32:176128;33:176128;34:176128;35:176128;36:176128;37:176128;38:176128;39:176128;40:176128;41:176128;42:176128;43:176128;44:176128;45:176128;46:176128;47:286720,-op=split-linear -input-dim=11008 -output-dim=4096 -rows=512 -split-k=4
330,bert:bert-7b-proxy:layer11_mlp_fc1,split-linear,22544384,88064,all,48,all,48,1:466944;2:466944;3:466944;4:466944;5:466944;6:466944;7:466944;8:466944;9:466944;10:466944;11:466944;12:466944;13:466944;14:466944;15:466944;16:466944;17:466944;18:466944;19:466944;20:466944;21:466944;22:466944;23:466944;24:466944;25:466944;26:466944;27:466944;28:466944;29:466944;30:466944;31:466944;32:466944;33:466944;34:466944;35:466944;36:466944;37:466944;38:466944;39:466944;40:466944;41:466944;42:466944;43:466944;44:466944;45:466944;46:466944;47:466944;48:598016,-op=split-linear -input-dim=4096 -output-dim=11008 -rows=512 -split-k=4
331,gpt:gpt-7b:layer10_mlp_residual,residual-add,8388608,32768,1-47,47,1-47,47,1:176128;2:176128;3:176128;4:176128;5:176128;6:176128;7:176128;8:176128;9:176128;10:176128;11:176128;12:176128;13:176128;14:176128;15:176128;16:176128;17:176128;18:176128;19:176128;20:176128;21:176128;22:176128;23:176128;24:176128;25:176128;26:176128;27:176128;28:176128;29:176128;30:176128;31:176128;32:176128;33:176128;34:176128;35:176128;36:176128;37:176128;38:176128;39:176128;40:176128;41:176128;42:176128;43:176128;44:176128;45:176128;46:176128;47:286720,-op=residual-add -elements=2097152
332,bert:bert-7b-proxy:layer11_mlp_gelu,gelu,22544384,88064,all,48,all,48,1:466944;2:466944;3:466944;4:466944;5:466944;6:466944;7:466944;8:466944;9:466944;10:466944;11:466944;12:466944;13:466944;14:466944;15:466944;16:466944;17:466944;18:466944;19:466944;20:466944;21:466944;22:466944;23:466944;24:466944;25:466944;26:466944;27:466944;28:466944;29:466944;30:466944;31:466944;32:466944;33:466944;34:466944;35:466944;36:466944;37:466944;38:466944;39:466944;40:466944;41:466944;42:466944;43:466944;44:466944;45:466944;46:466944;47:466944;48:598016,-op=gelu -elements=5636096
333,gpt:gpt-7b:layer11_norm1,layernorm,8388608,32768,1-47,47,1-47,47,1:176128;2:176128;3:176128;4:176128;5:176128;6:176128;7:176128;8:176128;9:176128;10:176128;11:176128;12:176128;13:176128;14:176128;15:176128;16:176128;17:176128;18:176128;19:176128;20:176128;21:176128;22:176128;23:176128;24:176128;25:176128;26:176128;27:176128;28:176128;29:176128;30:176128;31:176128;32:176128;33:176128;34:176128;35:176128;36:176128;37:176128;38:176128;39:176128;40:176128;41:176128;42:176128;43:176128;44:176128;45:176128;46:176128;47:286720,-op=layernorm -hidden=4096 -rows=512
334,bert:bert-7b-proxy:layer11_mlp_fc2,split-linear,8388608,32768,1-47,47,1-47,47,1:176128;2:176128;3:176128;4:176128;5:176128;6:176128;7:176128;8:176128;9:176128;10:176128;11:176128;12:176128;13:176128;14:176128;15:176128;16:176128;17:176128;18:176128;19:176128;20:176128;21:176128;22:176128;23:176128;24:176128;25:176128;26:176128;27:176128;28:176128;29:176128;30:176128;31:176128;32:176128;33:176128;34:176128;35:176128;36:176128;37:176128;38:176128;39:176128;40:176128;41:176128;42:176128;43:176128;44:176128;45:176128;46:176128;47:286720,-op=split-linear -input-dim=11008 -output-dim=4096 -rows=512 -split-k=4
335,gpt:gpt-7b:layer11_attn_q,split-linear,8388608,32768,1-47,47,1-47,47,1:176128;2:176128;3:176128;4:176128;5:176128;6:176128;7:176128;8:176128;9:176128;10:176128;11:176128;12:176128;13:176128;14:176128;15:176128;16:176128;17:176128;18:176128;19:176128;20:176128;21:176128;22:176128;23:176128;24:176128;25:176128;26:176128;27:176128;28:176128;29:176128;30:176128;31:176128;32:176128;33:176128;34:176128;35:176128;36:176128;37:176128;38:176128;39:176128;40:176128;41:176128;42:176128;43:176128;44:176128;45:176128;46:176128;47:286720,-op=split-linear -input-dim=4096 -output-dim=4096 -rows=512 -split-k=4
336,bert:bert-7b-proxy:layer11_mlp_residual,residual-add,8388608,32768,1-47,47,1-47,47,1:176128;2:176128;3:176128;4:176128;5:176128;6:176128;7:176128;8:176128;9:176128;10:176128;11:176128;12:176128;13:176128;14:176128;15:176128;16:176128;17:176128;18:176128;19:176128;20:176128;21:176128;22:176128;23:176128;24:176128;25:176128;26:176128;27:176128;28:176128;29:176128;30:176128;31:176128;32:176128;33:176128;34:176128;35:176128;36:176128;37:176128;38:176128;39:176128;40:176128;41:176128;42:176128;43:176128;44:176128;45:176128;46:176128;47:286720,-op=residual-add -elements=2097152
337,gpt:gpt-7b:layer11_attn_k,split-linear,8388608,32768,1-47,47,1-47,47,1:176128;2:176128;3:176128;4:176128;5:176128;6:176128;7:176128;8:176128;9:176128;10:176128;11:176128;12:176128;13:176128;14:176128;15:176128;16:176128;17:176128;18:176128;19:176128;20:176128;21:176128;22:176128;23:176128;24:176128;25:176128;26:176128;27:176128;28:176128;29:176128;30:176128;31:176128;32:176128;33:176128;34:176128;35:176128;36:176128;37:176128;38:176128;39:176128;40:176128;41:176128;42:176128;43:176128;44:176128;45:176128;46:176128;47:286720,-op=split-linear -input-dim=4096 -output-dim=4096 -rows=512 -split-k=4
338,bert:bert-7b-proxy:layer11_norm2,layernorm,8388608,32768,1-47,47,1-47,47,1:176128;2:176128;3:176128;4:176128;5:176128;6:176128;7:176128;8:176128;9:176128;10:176128;11:176128;12:176128;13:176128;14:176128;15:176128;16:176128;17:176128;18:176128;19:176128;20:176128;21:176128;22:176128;23:176128;24:176128;25:176128;26:176128;27:176128;28:176128;29:176128;30:176128;31:176128;32:176128;33:176128;34:176128;35:176128;36:176128;37:176128;38:176128;39:176128;40:176128;41:176128;42:176128;43:176128;44:176128;45:176128;46:176128;47:286720,-op=layernorm -hidden=4096 -rows=512
339,gpt:gpt-7b:layer11_attn_v,split-linear,8388608,32768,1-47,47,1-47,47,1:176128;2:176128;3:176128;4:176128;5:176128;6:176128;7:176128;8:176128;9:176128;10:176128;11:176128;12:176128;13:176128;14:176128;15:176128;16:176128;17:176128;18:176128;19:176128;20:176128;21:176128;22:176128;23:176128;24:176128;25:176128;26:176128;27:176128;28:176128;29:176128;30:176128;31:176128;32:176128;33:176128;34:176128;35:176128;36:176128;37:176128;38:176128;39:176128;40:176128;41:176128;42:176128;43:176128;44:176128;45:176128;46:176128;47:286720,-op=split-linear -input-dim=4096 -output-dim=4096 -rows=512 -split-k=4
340,bert:bert-7b-proxy:layer12_attn_q,split-linear,8388608,32768,1-47,47,1-47,47,1:176128;2:176128;3:176128;4:176128;5:176128;6:176128;7:176128;8:176128;9:176128;10:176128;11:176128;12:176128;13:176128;14:176128;15:176128;16:176128;17:176128;18:176128;19:176128;20:176128;21:176128;22:176128;23:176128;24:176128;25:176128;26:176128;27:176128;28:176128;29:176128;30:176128;31:176128;32:176128;33:176128;34:176128;35:176128;36:176128;37:176128;38:176128;39:176128;40:176128;41:176128;42:176128;43:176128;44:176128;45:176128;46:176128;47:286720,-op=split-linear -input-dim=4096 -output-dim=4096 -rows=512 -split-k=4
341,gpt:gpt-7b:layer11_attn_score,split-linear,1048576,4096,1-43,43,1-43,43,1:20480;2:20480;3:20480;4:20480;5:20480;6:20480;7:20480;8:20480;9:20480;10:20480;11:20480;12:20480;13:20480;14:20480;15:20480;16:20480;17:20480;18:20480;19:20480;20:20480;21:20480;22:20480;23:20480;24:20480;25:20480;26:20480;27:20480;28:20480;29:20480;30:20480;31:20480;32:20480;33:20480;34:20480;35:20480;36:20480;37:20480;38:20480;39:20480;40:20480;41:20480;42:20480;43:188416,-op=split-linear -input-dim=4096 -output-dim=512 -rows=512 -split-k=4
342,bert:bert-7b-proxy:layer12_attn_k,split-linear,8388608,32768,1-47,47,1-47,47,1:176128;2:176128;3:176128;4:176128;5:176128;6:176128;7:176128;8:176128;9:176128;10:176128;11:176128;12:176128;13:176128;14:176128;15:176128;16:176128;17:176128;18:176128;19:176128;20:176128;21:176128;22:176128;23:176128;24:176128;25:176128;26:176128;27:176128;28:176128;29:176128;30:176128;31:176128;32:176128;33:176128;34:176128;35:176128;36:176128;37:176128;38:176128;39:176128;40:176128;41:176128;42:176128;43:176128;44:176128;45:176128;46:176128;47:286720,-op=split-linear -input-dim=4096 -output-dim=4096 -rows=512 -split-k=4
343,gpt:gpt-7b:layer11_causal_mask,causal-mask,1048576,4096,1-43,43,1-43,43,1:20480;2:20480;3:20480;4:20480;5:20480;6:20480;7:20480;8:20480;9:20480;10:20480;11:20480;12:20480;13:20480;14:20480;15:20480;16:20480;17:20480;18:20480;19:20480;20:20480;21:20480;22:20480;23:20480;24:20480;25:20480;26:20480;27:20480;28:20480;29:20480;30:20480;31:20480;32:20480;33:20480;34:20480;35:20480;36:20480;37:20480;38:20480;39:20480;40:20480;41:20480;42:20480;43:188416,-op=causal-mask -batch-size=1 -rows=512 -seq-len=512
344,bert:bert-7b-proxy:layer12_attn_v,split-linear,8388608,32768,1-47,47,1-47,47,1:176128;2:176128;3:176128;4:176128;5:176128;6:176128;7:176128;8:176128;9:176128;10:176128;11:176128;12:176128;13:176128;14:176128;15:176128;16:176128;17:176128;18:176128;19:176128;20:176128;21:176128;22:176128;23:176128;24:176128;25:176128;26:176128;27:176128;28:176128;29:176128;30:176128;31:176128;32:176128;33:176128;34:176128;35:176128;36:176128;37:176128;38:176128;39:176128;40:176128;41:176128;42:176128;43:176128;44:176128;45:176128;46:176128;47:286720,-op=split-linear -input-dim=4096 -output-dim=4096 -rows=512 -split-k=4
345,gpt:gpt-7b:layer11_attn_softmax,row-softmax,1048576,512,1-16,16,1-16,16,1:65536;2:65536;3:65536;4:65536;5:65536;6:65536;7:65536;8:65536;9:65536;10:65536;11:65536;12:65536;13:65536;14:65536;15:65536;16:65536,-op=row-softmax -cols=512 -rows=512
346,bert:bert-7b-proxy:layer12_attn_score,split-linear,1048576,4096,1-43,43,1-43,43,1:20480;2:20480;3:20480;4:20480;5:20480;6:20480;7:20480;8:20480;9:20480;10:20480;11:20480;12:20480;13:20480;14:20480;15:20480;16:20480;17:20480;18:20480;19:20480;20:20480;21:20480;22:20480;23:20480;24:20480;25:20480;26:20480;27:20480;28:20480;29:20480;30:20480;31:20480;32:20480;33:20480;34:20480;35:20480;36:20480;37:20480;38:20480;39:20480;40:20480;41:20480;42:20480;43:188416,-op=split-linear -input-dim=4096 -output-dim=512 -rows=512 -split-k=4
347,gpt:gpt-7b:layer11_attn_value,split-linear,8388608,32768,1-47,47,1-47,47,1:176128;2:176128;3:176128;4:176128;5:176128;6:176128;7:176128;8:176128;9:176128;10:176128;11:176128;12:176128;13:176128;14:176128;15:176128;16:176128;17:176128;18:176128;19:176128;20:176128;21:176128;22:176128;23:176128;24:176128;25:176128;26:176128;27:176128;28:176128;29:176128;30:176128;31:176128;32:176128;33:176128;34:176128;35:176128;36:176128;37:176128;38:176128;39:176128;40:176128;41:176128;42:176128;43:176128;44:176128;45:176128;46:176128;47:286720,-op=split-linear -input-dim=512 -output-dim=4096 -rows=512 -split-k=4
348,bert:bert-7b-proxy:layer12_attn_softmax,row-softmax,1048576,512,1-16,16,1-16,16,1:65536;2:65536;3:65536;4:65536;5:65536;6:65536;7:65536;8:65536;9:65536;10:65536;11:65536;12:65536;13:65536;14:65536;15:65536;16:65536,-op=row-softmax -cols=512 -rows=512
349,gpt:gpt-7b:layer11_attn_out,split-linear,8388608,32768,1-47,47,1-47,47,1:176128;2:176128;3:176128;4:176128;5:176128;6:176128;7:176128;8:176128;9:176128;10:176128;11:176128;12:176128;13:176128;14:176128;15:176128;16:176128;17:176128;18:176128;19:176128;20:176128;21:176128;22:176128;23:176128;24:176128;25:176128;26:176128;27:176128;28:176128;29:176128;30:176128;31:176128;32:176128;33:176128;34:176128;35:176128;36:176128;37:176128;38:176128;39:176128;40:176128;41:176128;42:176128;43:176128;44:176128;45:176128;46:176128;47:286720,-op=split-linear -input-dim=4096 -output-dim=4096 -rows=512 -split-k=4
350,bert:bert-7b-proxy:layer12_attn_value,split-linear,8388608,32768,1-47,47,1-47,47,1:176128;2:176128;3:176128;4:176128;5:176128;6:176128;7:176128;8:176128;9:176128;10:176128;11:176128;12:176128;13:176128;14:176128;15:176128;16:176128;17:176128;18:176128;19:176128;20:176128;21:176128;22:176128;23:176128;24:176128;25:176128;26:176128;27:176128;28:176128;29:176128;30:176128;31:176128;32:176128;33:176128;34:176128;35:176128;36:176128;37:176128;38:176128;39:176128;40:176128;41:176128;42:176128;43:176128;44:176128;45:176128;46:176128;47:286720,-op=split-linear -input-dim=512 -output-dim=4096 -rows=512 -split-k=4
351,gpt:gpt-7b:layer11_attn_residual,residual-add,8388608,32768,1-47,47,1-47,47,1:176128;2:176128;3:176128;4:176128;5:176128;6:176128;7:176128;8:176128;9:176128;10:176128;11:176128;12:176128;13:176128;14:176128;15:176128;16:176128;17:176128;18:176128;19:176128;20:176128;21:176128;22:176128;23:176128;24:176128;25:176128;26:176128;27:176128;28:176128;29:176128;30:176128;31:176128;32:176128;33:176128;34:176128;35:176128;36:176128;37:176128;38:176128;39:176128;40:176128;41:176128;42:176128;43:176128;44:176128;45:176128;46:176128;47:286720,-op=residual-add -elements=2097152
352,bert:bert-7b-proxy:layer12_attn_out,split-linear,8388608,32768,1-47,47,1-47,47,1:176128;2:176128;3:176128;4:176128;5:176128;6:176128;7:176128;8:176128;9:176128;10:176128;11:176128;12:176128;13:176128;14:176128;15:176128;16:176128;17:176128;18:176128;19:176128;20:176128;21:176128;22:176128;23:176128;24:176128;25:176128;26:176128;27:176128;28:176128;29:176128;30:176128;31:176128;32:176128;33:176128;34:176128;35:176128;36:176128;37:176128;38:176128;39:176128;40:176128;41:176128;42:176128;43:176128;44:176128;45:176128;46:176128;47:286720,-op=split-linear -input-dim=4096 -output-dim=4096 -rows=512 -split-k=4
353,gpt:gpt-7b:layer11_norm2,layernorm,8388608,32768,1-47,47,1-47,47,1:176128;2:176128;3:176128;4:176128;5:176128;6:176128;7:176128;8:176128;9:176128;10:176128;11:176128;12:176128;13:176128;14:176128;15:176128;16:176128;17:176128;18:176128;19:176128;20:176128;21:176128;22:176128;23:176128;24:176128;25:176128;26:176128;27:176128;28:176128;29:176128;30:176128;31:176128;32:176128;33:176128;34:176128;35:176128;36:176128;37:176128;38:176128;39:176128;40:176128;41:176128;42:176128;43:176128;44:176128;45:176128;46:176128;47:286720,-op=layernorm -hidden=4096 -rows=512
354,bert:bert-7b-proxy:layer12_attn_residual,residual-add,8388608,32768,1-47,47,1-47,47,1:176128;2:176128;3:176128;4:176128;5:176128;6:176128;7:176128;8:176128;9:176128;10:176128;11:176128;12:176128;13:176128;14:176128;15:176128;16:176128;17:176128;18:176128;19:176128;20:176128;21:176128;22:176128;23:176128;24:176128;25:176128;26:176128;27:176128;28:176128;29:176128;30:176128;31:176128;32:176128;33:176128;34:176128;35:176128;36:176128;37:176128;38:176128;39:176128;40:176128;41:176128;42:176128;43:176128;44:176128;45:176128;46:176128;47:286720,-op=residual-add -elements=2097152
355,gpt:gpt-7b:layer11_mlp_fc1,split-linear,22544384,88064,all,48,all,48,1:466944;2:466944;3:466944;4:466944;5:466944;6:466944;7:466944;8:466944;9:466944;10:466944;11:466944;12:466944;13:466944;14:466944;15:466944;16:466944;17:466944;18:466944;19:466944;20:466944;21:466944;22:466944;23:466944;24:466944;25:466944;26:466944;27:466944;28:466944;29:466944;30:466944;31:466944;32:466944;33:466944;34:466944;35:466944;36:466944;37:466944;38:466944;39:466944;40:466944;41:466944;42:466944;43:466944;44:466944;45:466944;46:466944;47:466944;48:598016,-op=split-linear -input-dim=4096 -output-dim=11008 -rows=512 -split-k=4
356,bert:bert-7b-proxy:layer12_norm1,layernorm,8388608,32768,1-47,47,1-47,47,1:176128;2:176128;3:176128;4:176128;5:176128;6:176128;7:176128;8:176128;9:176128;10:176128;11:176128;12:176128;13:176128;14:176128;15:176128;16:176128;17:176128;18:176128;19:176128;20:176128;21:176128;22:176128;23:176128;24:176128;25:176128;26:176128;27:176128;28:176128;29:176128;30:176128;31:176128;32:176128;33:176128;34:176128;35:176128;36:176128;37:176128;38:176128;39:176128;40:176128;41:176128;42:176128;43:176128;44:176128;45:176128;46:176128;47:286720,-op=layernorm -hidden=4096 -rows=512
357,gpt:gpt-7b:layer11_mlp_gelu,gelu,22544384,88064,all,48,all,48,1:466944;2:466944;3:466944;4:466944;5:466944;6:466944;7:466944;8:466944;9:466944;10:466944;11:466944;12:466944;13:466944;14:466944;15:466944;16:466944;17:466944;18:466944;19:466944;20:466944;21:466944;22:466944;23:466944;24:466944;25:466944;26:466944;27:466944;28:466944;29:466944;30:466944;31:466944;32:466944;33:466944;34:466944;35:466944;36:466944;37:466944;38:466944;39:466944;40:466944;41:466944;42:466944;43:466944;44:466944;45:466944;46:466944;47:466944;48:598016,-op=gelu -elements=5636096
358,bert:bert-7b-proxy:layer12_mlp_fc1,split-linear,22544384,88064,all,48,all,48,1:466944;2:466944;3:466944;4:466944;5:466944;6:466944;7:466944;8:466944;9:466944;10:466944;11:466944;12:466944;13:466944;14:466944;15:466944;16:466944;17:466944;18:466944;19:466944;20:466944;21:466944;22:466944;23:466944;24:466944;25:466944;26:466944;27:466944;28:466944;29:466944;30:466944;31:466944;32:466944;33:466944;34:466944;35:466944;36:466944;37:466944;38:466944;39:466944;40:466944;41:466944;42:466944;43:466944;44:466944;45:466944;46:466944;47:466944;48:598016,-op=split-linear -input-dim=4096 -output-dim=11008 -rows=512 -split-k=4
359,gpt:gpt-7b:layer11_mlp_fc2,split-linear,8388608,32768,1-47,47,1-47,47,1:176128;2:176128;3:176128;4:176128;5:176128;6:176128;7:176128;8:176128;9:176128;10:176128;11:176128;12:176128;13:176128;14:176128;15:176128;16:176128;17:176128;18:176128;19:176128;20:176128;21:176128;22:176128;23:176128;24:176128;25:176128;26:176128;27:176128;28:176128;29:176128;30:176128;31:176128;32:176128;33:176128;34:176128;35:176128;36:176128;37:176128;38:176128;39:176128;40:176128;41:176128;42:176128;43:176128;44:176128;45:176128;46:176128;47:286720,-op=split-linear -input-dim=11008 -output-dim=4096 -rows=512 -split-k=4
360,bert:bert-7b-proxy:layer12_mlp_gelu,gelu,22544384,88064,all,48,all,48,1:466944;2:466944;3:466944;4:466944;5:466944;6:466944;7:466944;8:466944;9:466944;10:466944;11:466944;12:466944;13:466944;14:466944;15:466944;16:466944;17:466944;18:466944;19:466944;20:466944;21:466944;22:466944;23:466944;24:466944;25:466944;26:466944;27:466944;28:466944;29:466944;30:466944;31:466944;32:466944;33:466944;34:466944;35:466944;36:466944;37:466944;38:466944;39:466944;40:466944;41:466944;42:466944;43:466944;44:466944;45:466944;46:466944;47:466944;48:598016,-op=gelu -elements=5636096
361,gpt:gpt-7b:layer11_mlp_residual,residual-add,8388608,32768,1-47,47,1-47,47,1:176128;2:176128;3:176128;4:176128;5:176128;6:176128;7:176128;8:176128;9:176128;10:176128;11:176128;12:176128;13:176128;14:176128;15:176128;16:176128;17:176128;18:176128;19:176128;20:176128;21:176128;22:176128;23:176128;24:176128;25:176128;26:176128;27:176128;28:176128;29:176128;30:176128;31:176128;32:176128;33:176128;34:176128;35:176128;36:176128;37:176128;38:176128;39:176128;40:176128;41:176128;42:176128;43:176128;44:176128;45:176128;46:176128;47:286720,-op=residual-add -elements=2097152
362,bert:bert-7b-proxy:layer12_mlp_fc2,split-linear,8388608,32768,1-47,47,1-47,47,1:176128;2:176128;3:176128;4:176128;5:176128;6:176128;7:176128;8:176128;9:176128;10:176128;11:176128;12:176128;13:176128;14:176128;15:176128;16:176128;17:176128;18:176128;19:176128;20:176128;21:176128;22:176128;23:176128;24:176128;25:176128;26:176128;27:176128;28:176128;29:176128;30:176128;31:176128;32:176128;33:176128;34:176128;35:176128;36:176128;37:176128;38:176128;39:176128;40:176128;41:176128;42:176128;43:176128;44:176128;45:176128;46:176128;47:286720,-op=split-linear -input-dim=11008 -output-dim=4096 -rows=512 -split-k=4
363,gpt:gpt-7b:layer12_norm1,layernorm,8388608,32768,1-47,47,1-47,47,1:176128;2:176128;3:176128;4:176128;5:176128;6:176128;7:176128;8:176128;9:176128;10:176128;11:176128;12:176128;13:176128;14:176128;15:176128;16:176128;17:176128;18:176128;19:176128;20:176128;21:176128;22:176128;23:176128;24:176128;25:176128;26:176128;27:176128;28:176128;29:176128;30:176128;31:176128;32:176128;33:176128;34:176128;35:176128;36:176128;37:176128;38:176128;39:176128;40:176128;41:176128;42:176128;43:176128;44:176128;45:176128;46:176128;47:286720,-op=layernorm -hidden=4096 -rows=512
364,bert:bert-7b-proxy:layer12_mlp_residual,residual-add,8388608,32768,1-47,47,1-47,47,1:176128;2:176128;3:176128;4:176128;5:176128;6:176128;7:176128;8:176128;9:176128;10:176128;11:176128;12:176128;13:176128;14:176128;15:176128;16:176128;17:176128;18:176128;19:176128;20:176128;21:176128;22:176128;23:176128;24:176128;25:176128;26:176128;27:176128;28:176128;29:176128;30:176128;31:176128;32:176128;33:176128;34:176128;35:176128;36:176128;37:176128;38:176128;39:176128;40:176128;41:176128;42:176128;43:176128;44:176128;45:176128;46:176128;47:286720,-op=residual-add -elements=2097152
365,gpt:gpt-7b:layer12_attn_q,split-linear,8388608,32768,1-47,47,1-47,47,1:176128;2:176128;3:176128;4:176128;5:176128;6:176128;7:176128;8:176128;9:176128;10:176128;11:176128;12:176128;13:176128;14:176128;15:176128;16:176128;17:176128;18:176128;19:176128;20:176128;21:176128;22:176128;23:176128;24:176128;25:176128;26:176128;27:176128;28:176128;29:176128;30:176128;31:176128;32:176128;33:176128;34:176128;35:176128;36:176128;37:176128;38:176128;39:176128;40:176128;41:176128;42:176128;43:176128;44:176128;45:176128;46:176128;47:286720,-op=split-linear -input-dim=4096 -output-dim=4096 -rows=512 -split-k=4
366,bert:bert-7b-proxy:layer12_norm2,layernorm,8388608,32768,1-47,47,1-47,47,1:176128;2:176128;3:176128;4:176128;5:176128;6:176128;7:176128;8:176128;9:176128;10:176128;11:176128;12:176128;13:176128;14:176128;15:176128;16:176128;17:176128;18:176128;19:176128;20:176128;21:176128;22:176128;23:176128;24:176128;25:176128;26:176128;27:176128;28:176128;29:176128;30:176128;31:176128;32:176128;33:176128;34:176128;35:176128;36:176128;37:176128;38:176128;39:176128;40:176128;41:176128;42:176128;43:176128;44:176128;45:176128;46:176128;47:286720,-op=layernorm -hidden=4096 -rows=512
367,gpt:gpt-7b:layer12_attn_k,split-linear,8388608,32768,1-47,47,1-47,47,1:176128;2:176128;3:176128;4:176128;5:176128;6:176128;7:176128;8:176128;9:176128;10:176128;11:176128;12:176128;13:176128;14:176128;15:176128;16:176128;17:176128;18:176128;19:176128;20:176128;21:176128;22:176128;23:176128;24:176128;25:176128;26:176128;27:176128;28:176128;29:176128;30:176128;31:176128;32:176128;33:176128;34:176128;35:176128;36:176128;37:176128;38:176128;39:176128;40:176128;41:176128;42:176128;43:176128;44:176128;45:176128;46:176128;47:286720,-op=split-linear -input-dim=4096 -output-dim=4096 -rows=512 -split-k=4
368,bert:bert-7b-proxy:layer13_attn_q,split-linear,8388608,32768,1-47,47,1-47,47,1:176128;2:176128;3:176128;4:176128;5:176128;6:176128;7:176128;8:176128;9:176128;10:176128;11:176128;12:176128;13:176128;14:176128;15:176128;16:176128;17:176128;18:176128;19:176128;20:176128;21:176128;22:176128;23:176128;24:176128;25:176128;26:176128;27:176128;28:176128;29:176128;30:176128;31:176128;32:176128;33:176128;34:176128;35:176128;36:176128;37:176128;38:176128;39:176128;40:176128;41:176128;42:176128;43:176128;44:176128;45:176128;46:176128;47:286720,-op=split-linear -input-dim=4096 -output-dim=4096 -rows=512 -split-k=4
369,gpt:gpt-7b:layer12_attn_v,split-linear,8388608,32768,1-47,47,1-47,47,1:176128;2:176128;3:176128;4:176128;5:176128;6:176128;7:176128;8:176128;9:176128;10:176128;11:176128;12:176128;13:176128;14:176128;15:176128;16:176128;17:176128;18:176128;19:176128;20:176128;21:176128;22:176128;23:176128;24:176128;25:176128;26:176128;27:176128;28:176128;29:176128;30:176128;31:176128;32:176128;33:176128;34:176128;35:176128;36:176128;37:176128;38:176128;39:176128;40:176128;41:176128;42:176128;43:176128;44:176128;45:176128;46:176128;47:286720,-op=split-linear -input-dim=4096 -output-dim=4096 -rows=512 -split-k=4
370,bert:bert-7b-proxy:layer13_attn_k,split-linear,8388608,32768,1-47,47,1-47,47,1:176128;2:176128;3:176128;4:176128;5:176128;6:176128;7:176128;8:176128;9:176128;10:176128;11:176128;12:176128;13:176128;14:176128;15:176128;16:176128;17:176128;18:176128;19:176128;20:176128;21:176128;22:176128;23:176128;24:176128;25:176128;26:176128;27:176128;28:176128;29:176128;30:176128;31:176128;32:176128;33:176128;34:176128;35:176128;36:176128;37:176128;38:176128;39:176128;40:176128;41:176128;42:176128;43:176128;44:176128;45:176128;46:176128;47:286720,-op=split-linear -input-dim=4096 -output-dim=4096 -rows=512 -split-k=4
371,gpt:gpt-7b:layer12_attn_score,split-linear,1048576,4096,1-43,43,1-43,43,1:20480;2:20480;3:20480;4:20480;5:20480;6:20480;7:20480;8:20480;9:20480;10:20480;11:20480;12:20480;13:20480;14:20480;15:20480;16:20480;17:20480;18:20480;19:20480;20:20480;21:20480;22:20480;23:20480;24:20480;25:20480;26:20480;27:20480;28:20480;29:20480;30:20480;31:20480;32:20480;33:20480;34:20480;35:20480;36:20480;37:20480;38:20480;39:20480;40:20480;41:20480;42:20480;43:188416,-op=split-linear -input-dim=4096 -output-dim=512 -rows=512 -split-k=4
372,bert:bert-7b-proxy:layer13_attn_v,split-linear,8388608,32768,1-47,47,1-47,47,1:176128;2:176128;3:176128;4:176128;5:176128;6:176128;7:176128;8:176128;9:176128;10:176128;11:176128;12:176128;13:176128;14:176128;15:176128;16:176128;17:176128;18:176128;19:176128;20:176128;21:176128;22:176128;23:176128;24:176128;25:176128;26:176128;27:176128;28:176128;29:176128;30:176128;31:176128;32:176128;33:176128;34:176128;35:176128;36:176128;37:176128;38:176128;39:176128;40:176128;41:176128;42:176128;43:176128;44:176128;45:176128;46:176128;47:286720,-op=split-linear -input-dim=4096 -output-dim=4096 -rows=512 -split-k=4
373,gpt:gpt-7b:layer12_causal_mask,causal-mask,1048576,4096,1-43,43,1-43,43,1:20480;2:20480;3:20480;4:20480;5:20480;6:20480;7:20480;8:20480;9:20480;10:20480;11:20480;12:20480;13:20480;14:20480;15:20480;16:20480;17:20480;18:20480;19:20480;20:20480;21:20480;22:20480;23:20480;24:20480;25:20480;26:20480;27:20480;28:20480;29:20480;30:20480;31:20480;32:20480;33:20480;34:20480;35:20480;36:20480;37:20480;38:20480;39:20480;40:20480;41:20480;42:20480;43:188416,-op=causal-mask -batch-size=1 -rows=512 -seq-len=512
374,bert:bert-7b-proxy:layer13_attn_score,split-linear,1048576,4096,1-43,43,1-43,43,1:20480;2:20480;3:20480;4:20480;5:20480;6:20480;7:20480;8:20480;9:20480;10:20480;11:20480;12:20480;13:20480;14:20480;15:20480;16:20480;17:20480;18:20480;19:20480;20:20480;21:20480;22:20480;23:20480;24:20480;25:20480;26:20480;27:20480;28:20480;29:20480;30:20480;31:20480;32:20480;33:20480;34:20480;35:20480;36:20480;37:20480;38:20480;39:20480;40:20480;41:20480;42:20480;43:188416,-op=split-linear -input-dim=4096 -output-dim=512 -rows=512 -split-k=4
375,gpt:gpt-7b:layer12_attn_softmax,row-softmax,1048576,512,1-16,16,1-16,16,1:65536;2:65536;3:65536;4:65536;5:65536;6:65536;7:65536;8:65536;9:65536;10:65536;11:65536;12:65536;13:65536;14:65536;15:65536;16:65536,-op=row-softmax -cols=512 -rows=512
376,bert:bert-7b-proxy:layer13_attn_softmax,row-softmax,1048576,512,1-16,16,1-16,16,1:65536;2:65536;3:65536;4:65536;5:65536;6:65536;7:65536;8:65536;9:65536;10:65536;11:65536;12:65536;13:65536;14:65536;15:65536;16:65536,-op=row-softmax -cols=512 -rows=512
377,gpt:gpt-7b:layer12_attn_value,split-linear,8388608,32768,1-47,47,1-47,47,1:176128;2:176128;3:176128;4:176128;5:176128;6:176128;7:176128;8:176128;9:176128;10:176128;11:176128;12:176128;13:176128;14:176128;15:176128;16:176128;17:176128;18:176128;19:176128;20:176128;21:176128;22:176128;23:176128;24:176128;25:176128;26:176128;27:176128;28:176128;29:176128;30:176128;31:176128;32:176128;33:176128;34:176128;35:176128;36:176128;37:176128;38:176128;39:176128;40:176128;41:176128;42:176128;43:176128;44:176128;45:176128;46:176128;47:286720,-op=split-linear -input-dim=512 -output-dim=4096 -rows=512 -split-k=4
378,bert:bert-7b-proxy:layer13_attn_value,split-linear,8388608,32768,1-47,47,1-47,47,1:176128;2:176128;3:176128;4:176128;5:176128;6:176128;7:176128;8:176128;9:176128;10:176128;11:176128;12:176128;13:176128;14:176128;15:176128;16:176128;17:176128;18:176128;19:176128;20:176128;21:176128;22:176128;23:176128;24:176128;25:176128;26:176128;27:176128;28:176128;29:176128;30:176128;31:176128;32:176128;33:176128;34:176128;35:176128;36:176128;37:176128;38:176128;39:176128;40:176128;41:176128;42:176128;43:176128;44:176128;45:176128;46:176128;47:286720,-op=split-linear -input-dim=512 -output-dim=4096 -rows=512 -split-k=4
379,gpt:gpt-7b:layer12_attn_out,split-linear,8388608,32768,1-47,47,1-47,47,1:176128;2:176128;3:176128;4:176128;5:176128;6:176128;7:176128;8:176128;9:176128;10:176128;11:176128;12:176128;13:176128;14:176128;15:176128;16:176128;17:176128;18:176128;19:176128;20:176128;21:176128;22:176128;23:176128;24:176128;25:176128;26:176128;27:176128;28:176128;29:176128;30:176128;31:176128;32:176128;33:176128;34:176128;35:176128;36:176128;37:176128;38:176128;39:176128;40:176128;41:176128;42:176128;43:176128;44:176128;45:176128;46:176128;47:286720,-op=split-linear -input-dim=4096 -output-dim=4096 -rows=512 -split-k=4
380,bert:bert-7b-proxy:layer13_attn_out,split-linear,8388608,32768,1-47,47,1-47,47,1:176128;2:176128;3:176128;4:176128;5:176128;6:176128;7:176128;8:176128;9:176128;10:176128;11:176128;12:176128;13:176128;14:176128;15:176128;16:176128;17:176128;18:176128;19:176128;20:176128;21:176128;22:176128;23:176128;24:176128;25:176128;26:176128;27:176128;28:176128;29:176128;30:176128;31:176128;32:176128;33:176128;34:176128;35:176128;36:176128;37:176128;38:176128;39:176128;40:176128;41:176128;42:176128;43:176128;44:176128;45:176128;46:176128;47:286720,-op=split-linear -input-dim=4096 -output-dim=4096 -rows=512 -split-k=4
381,gpt:gpt-7b:layer12_attn_residual,residual-add,8388608,32768,1-47,47,1-47,47,1:176128;2:176128;3:176128;4:176128;5:176128;6:176128;7:176128;8:176128;9:176128;10:176128;11:176128;12:176128;13:176128;14:176128;15:176128;16:176128;17:176128;18:176128;19:176128;20:176128;21:176128;22:176128;23:176128;24:176128;25:176128;26:176128;27:176128;28:176128;29:176128;30:176128;31:176128;32:176128;33:176128;34:176128;35:176128;36:176128;37:176128;38:176128;39:176128;40:176128;41:176128;42:176128;43:176128;44:176128;45:176128;46:176128;47:286720,-op=residual-add -elements=2097152
382,bert:bert-7b-proxy:layer13_attn_residual,residual-add,8388608,32768,1-47,47,1-47,47,1:176128;2:176128;3:176128;4:176128;5:176128;6:176128;7:176128;8:176128;9:176128;10:176128;11:176128;12:176128;13:176128;14:176128;15:176128;16:176128;17:176128;18:176128;19:176128;20:176128;21:176128;22:176128;23:176128;24:176128;25:176128;26:176128;27:176128;28:176128;29:176128;30:176128;31:176128;32:176128;33:176128;34:176128;35:176128;36:176128;37:176128;38:176128;39:176128;40:176128;41:176128;42:176128;43:176128;44:176128;45:176128;46:176128;47:286720,-op=residual-add -elements=2097152
383,gpt:gpt-7b:layer12_norm2,layernorm,8388608,32768,1-47,47,1-47,47,1:176128;2:176128;3:176128;4:176128;5:176128;6:176128;7:176128;8:176128;9:176128;10:176128;11:176128;12:176128;13:176128;14:176128;15:176128;16:176128;17:176128;18:176128;19:176128;20:176128;21:176128;22:176128;23:176128;24:176128;25:176128;26:176128;27:176128;28:176128;29:176128;30:176128;31:176128;32:176128;33:176128;34:176128;35:176128;36:176128;37:176128;38:176128;39:176128;40:176128;41:176128;42:176128;43:176128;44:176128;45:176128;46:176128;47:286720,-op=layernorm -hidden=4096 -rows=512
384,bert:bert-7b-proxy:layer13_norm1,layernorm,8388608,32768,1-47,47,1-47,47,1:176128;2:176128;3:176128;4:176128;5:176128;6:176128;7:176128;8:176128;9:176128;10:176128;11:176128;12:176128;13:176128;14:176128;15:176128;16:176128;17:176128;18:176128;19:176128;20:176128;21:176128;22:176128;23:176128;24:176128;25:176128;26:176128;27:176128;28:176128;29:176128;30:176128;31:176128;32:176128;33:176128;34:176128;35:176128;36:176128;37:176128;38:176128;39:176128;40:176128;41:176128;42:176128;43:176128;44:176128;45:176128;46:176128;47:286720,-op=layernorm -hidden=4096 -rows=512
385,gpt:gpt-7b:layer12_mlp_fc1,split-linear,22544384,88064,all,48,all,48,1:466944;2:466944;3:466944;4:466944;5:466944;6:466944;7:466944;8:466944;9:466944;10:466944;11:466944;12:466944;13:466944;14:466944;15:466944;16:466944;17:466944;18:466944;19:466944;20:466944;21:466944;22:466944;23:466944;24:466944;25:466944;26:466944;27:466944;28:466944;29:466944;30:466944;31:466944;32:466944;33:466944;34:466944;35:466944;36:466944;37:466944;38:466944;39:466944;40:466944;41:466944;42:466944;43:466944;44:466944;45:466944;46:466944;47:466944;48:598016,-op=split-linear -input-dim=4096 -output-dim=11008 -rows=512 -split-k=4
386,bert:bert-7b-proxy:layer13_mlp_fc1,split-linear,22544384,88064,all,48,all,48,1:466944;2:466944;3:466944;4:466944;5:466944;6:466944;7:466944;8:466944;9:466944;10:466944;11:466944;12:466944;13:466944;14:466944;15:466944;16:466944;17:466944;18:466944;19:466944;20:466944;21:466944;22:466944;23:466944;24:466944;25:466944;26:466944;27:466944;28:466944;29:466944;30:466944;31:466944;32:466944;33:466944;34:466944;35:466944;36:466944;37:466944;38:466944;39:466944;40:466944;41:466944;42:466944;43:466944;44:466944;45:466944;46:466944;47:466944;48:598016,-op=split-linear -input-dim=4096 -output-dim=11008 -rows=512 -split-k=4
387,gpt:gpt-7b:layer12_mlp_gelu,gelu,22544384,88064,all,48,all,48,1:466944;2:466944;3:466944;4:466944;5:466944;6:466944;7:466944;8:466944;9:466944;10:466944;11:466944;12:466944;13:466944;14:466944;15:466944;16:466944;17:466944;18:466944;19:466944;20:466944;21:466944;22:466944;23:466944;24:466944;25:466944;26:466944;27:466944;28:466944;29:466944;30:466944;31:466944;32:466944;33:466944;34:466944;35:466944;36:466944;37:466944;38:466944;39:466944;40:466944;41:466944;42:466944;43:466944;44:466944;45:466944;46:466944;47:466944;48:598016,-op=gelu -elements=5636096
388,bert:bert-7b-proxy:layer13_mlp_gelu,gelu,22544384,88064,all,48,all,48,1:466944;2:466944;3:466944;4:466944;5:466944;6:466944;7:466944;8:466944;9:466944;10:466944;11:466944;12:466944;13:466944;14:466944;15:466944;16:466944;17:466944;18:466944;19:466944;20:466944;21:466944;22:466944;23:466944;24:466944;25:466944;26:466944;27:466944;28:466944;29:466944;30:466944;31:466944;32:466944;33:466944;34:466944;35:466944;36:466944;37:466944;38:466944;39:466944;40:466944;41:466944;42:466944;43:466944;44:466944;45:466944;46:466944;47:466944;48:598016,-op=gelu -elements=5636096
389,gpt:gpt-7b:layer12_mlp_fc2,split-linear,8388608,32768,1-47,47,1-47,47,1:176128;2:176128;3:176128;4:176128;5:176128;6:176128;7:176128;8:176128;9:176128;10:176128;11:176128;12:176128;13:176128;14:176128;15:176128;16:176128;17:176128;18:176128;19:176128;20:176128;21:176128;22:176128;23:176128;24:176128;25:176128;26:176128;27:176128;28:176128;29:176128;30:176128;31:176128;32:176128;33:176128;34:176128;35:176128;36:176128;37:176128;38:176128;39:176128;40:176128;41:176128;42:176128;43:176128;44:176128;45:176128;46:176128;47:286720,-op=split-linear -input-dim=11008 -output-dim=4096 -rows=512 -split-k=4
390,bert:bert-7b-proxy:layer13_mlp_fc2,split-linear,8388608,32768,1-47,47,1-47,47,1:176128;2:176128;3:176128;4:176128;5:176128;6:176128;7:176128;8:176128;9:176128;10:176128;11:176128;12:176128;13:176128;14:176128;15:176128;16:176128;17:176128;18:176128;19:176128;20:176128;21:176128;22:176128;23:176128;24:176128;25:176128;26:176128;27:176128;28:176128;29:176128;30:176128;31:176128;32:176128;33:176128;34:176128;35:176128;36:176128;37:176128;38:176128;39:176128;40:176128;41:176128;42:176128;43:176128;44:176128;45:176128;46:176128;47:286720,-op=split-linear -input-dim=11008 -output-dim=4096 -rows=512 -split-k=4
391,gpt:gpt-7b:layer12_mlp_residual,residual-add,8388608,32768,1-47,47,1-47,47,1:176128;2:176128;3:176128;4:176128;5:176128;6:176128;7:176128;8:176128;9:176128;10:176128;11:176128;12:176128;13:176128;14:176128;15:176128;16:176128;17:176128;18:176128;19:176128;20:176128;21:176128;22:176128;23:176128;24:176128;25:176128;26:176128;27:176128;28:176128;29:176128;30:176128;31:176128;32:176128;33:176128;34:176128;35:176128;36:176128;37:176128;38:176128;39:176128;40:176128;41:176128;42:176128;43:176128;44:176128;45:176128;46:176128;47:286720,-op=residual-add -elements=2097152
392,bert:bert-7b-proxy:layer13_mlp_residual,residual-add,8388608,32768,1-47,47,1-47,47,1:176128;2:176128;3:176128;4:176128;5:176128;6:176128;7:176128;8:176128;9:176128;10:176128;11:176128;12:176128;13:176128;14:176128;15:176128;16:176128;17:176128;18:176128;19:176128;20:176128;21:176128;22:176128;23:176128;24:176128;25:176128;26:176128;27:176128;28:176128;29:176128;30:176128;31:176128;32:176128;33:176128;34:176128;35:176128;36:176128;37:176128;38:176128;39:176128;40:176128;41:176128;42:176128;43:176128;44:176128;45:176128;46:176128;47:286720,-op=residual-add -elements=2097152
393,gpt:gpt-7b:layer13_norm1,layernorm,8388608,32768,1-47,47,1-47,47,1:176128;2:176128;3:176128;4:176128;5:176128;6:176128;7:176128;8:176128;9:176128;10:176128;11:176128;12:176128;13:176128;14:176128;15:176128;16:176128;17:176128;18:176128;19:176128;20:176128;21:176128;22:176128;23:176128;24:176128;25:176128;26:176128;27:176128;28:176128;29:176128;30:176128;31:176128;32:176128;33:176128;34:176128;35:176128;36:176128;37:176128;38:176128;39:176128;40:176128;41:176128;42:176128;43:176128;44:176128;45:176128;46:176128;47:286720,-op=layernorm -hidden=4096 -rows=512
394,bert:bert-7b-proxy:layer13_norm2,layernorm,8388608,32768,1-47,47,1-47,47,1:176128;2:176128;3:176128;4:176128;5:176128;6:176128;7:176128;8:176128;9:176128;10:176128;11:176128;12:176128;13:176128;14:176128;15:176128;16:176128;17:176128;18:176128;19:176128;20:176128;21:176128;22:176128;23:176128;24:176128;25:176128;26:176128;27:176128;28:176128;29:176128;30:176128;31:176128;32:176128;33:176128;34:176128;35:176128;36:176128;37:176128;38:176128;39:176128;40:176128;41:176128;42:176128;43:176128;44:176128;45:176128;46:176128;47:286720,-op=layernorm -hidden=4096 -rows=512
395,gpt:gpt-7b:layer13_attn_q,split-linear,8388608,32768,1-47,47,1-47,47,1:176128;2:176128;3:176128;4:176128;5:176128;6:176128;7:176128;8:176128;9:176128;10:176128;11:176128;12:176128;13:176128;14:176128;15:176128;16:176128;17:176128;18:176128;19:176128;20:176128;21:176128;22:176128;23:176128;24:176128;25:176128;26:176128;27:176128;28:176128;29:176128;30:176128;31:176128;32:176128;33:176128;34:176128;35:176128;36:176128;37:176128;38:176128;39:176128;40:176128;41:176128;42:176128;43:176128;44:176128;45:176128;46:176128;47:286720,-op=split-linear -input-dim=4096 -output-dim=4096 -rows=512 -split-k=4
396,bert:bert-7b-proxy:layer14_attn_q,split-linear,8388608,32768,1-47,47,1-47,47,1:176128;2:176128;3:176128;4:176128;5:176128;6:176128;7:176128;8:176128;9:176128;10:176128;11:176128;12:176128;13:176128;14:176128;15:176128;16:176128;17:176128;18:176128;19:176128;20:176128;21:176128;22:176128;23:176128;24:176128;25:176128;26:176128;27:176128;28:176128;29:176128;30:176128;31:176128;32:176128;33:176128;34:176128;35:176128;36:176128;37:176128;38:176128;39:176128;40:176128;41:176128;42:176128;43:176128;44:176128;45:176128;46:176128;47:286720,-op=split-linear -input-dim=4096 -output-dim=4096 -rows=512 -split-k=4
397,gpt:gpt-7b:layer13_attn_k,split-linear,8388608,32768,1-47,47,1-47,47,1:176128;2:176128;3:176128;4:176128;5:176128;6:176128;7:176128;8:176128;9:176128;10:176128;11:176128;12:176128;13:176128;14:176128;15:176128;16:176128;17:176128;18:176128;19:176128;20:176128;21:176128;22:176128;23:176128;24:176128;25:176128;26:176128;27:176128;28:176128;29:176128;30:176128;31:176128;32:176128;33:176128;34:176128;35:176128;36:176128;37:176128;38:176128;39:176128;40:176128;41:176128;42:176128;43:176128;44:176128;45:176128;46:176128;47:286720,-op=split-linear -input-dim=4096 -output-dim=4096 -rows=512 -split-k=4
398,bert:bert-7b-proxy:layer14_attn_k,split-linear,8388608,32768,1-47,47,1-47,47,1:176128;2:176128;3:176128;4:176128;5:176128;6:176128;7:176128;8:176128;9:176128;10:176128;11:176128;12:176128;13:176128;14:176128;15:176128;16:176128;17:176128;18:176128;19:176128;20:176128;21:176128;22:176128;23:176128;24:176128;25:176128;26:176128;27:176128;28:176128;29:176128;30:176128;31:176128;32:176128;33:176128;34:176128;35:176128;36:176128;37:176128;38:176128;39:176128;40:176128;41:176128;42:176128;43:176128;44:176128;45:176128;46:176128;47:286720,-op=split-linear -input-dim=4096 -output-dim=4096 -rows=512 -split-k=4
399,gpt:gpt-7b:layer13_attn_v,split-linear,8388608,32768,1-47,47,1-47,47,1:176128;2:176128;3:176128;4:176128;5:176128;6:176128;7:176128;8:176128;9:176128;10:176128;11:176128;12:176128;13:176128;14:176128;15:176128;16:176128;17:176128;18:176128;19:176128;20:176128;21:176128;22:176128;23:176128;24:176128;25:176128;26:176128;27:176128;28:176128;29:176128;30:176128;31:176128;32:176128;33:176128;34:176128;35:176128;36:176128;37:176128;38:176128;39:176128;40:176128;41:176128;42:176128;43:176128;44:176128;45:176128;46:176128;47:286720,-op=split-linear -input-dim=4096 -output-dim=4096 -rows=512 -split-k=4
400,bert:bert-7b-proxy:layer14_attn_v,split-linear,8388608,32768,1-47,47,1-47,47,1:176128;2:176128;3:176128;4:176128;5:176128;6:176128;7:176128;8:176128;9:176128;10:176128;11:176128;12:176128;13:176128;14:176128;15:176128;16:176128;17:176128;18:176128;19:176128;20:176128;21:176128;22:176128;23:176128;24:176128;25:176128;26:176128;27:176128;28:176128;29:176128;30:176128;31:176128;32:176128;33:176128;34:176128;35:176128;36:176128;37:176128;38:176128;39:176128;40:176128;41:176128;42:176128;43:176128;44:176128;45:176128;46:176128;47:286720,-op=split-linear -input-dim=4096 -output-dim=4096 -rows=512 -split-k=4
401,gpt:gpt-7b:layer13_attn_score,split-linear,1048576,4096,1-43,43,1-43,43,1:20480;2:20480;3:20480;4:20480;5:20480;6:20480;7:20480;8:20480;9:20480;10:20480;11:20480;12:20480;13:20480;14:20480;15:20480;16:20480;17:20480;18:20480;19:20480;20:20480;21:20480;22:20480;23:20480;24:20480;25:20480;26:20480;27:20480;28:20480;29:20480;30:20480;31:20480;32:20480;33:20480;34:20480;35:20480;36:20480;37:20480;38:20480;39:20480;40:20480;41:20480;42:20480;43:188416,-op=split-linear -input-dim=4096 -output-dim=512 -rows=512 -split-k=4
402,bert:bert-7b-proxy:layer14_attn_score,split-linear,1048576,4096,1-43,43,1-43,43,1:20480;2:20480;3:20480;4:20480;5:20480;6:20480;7:20480;8:20480;9:20480;10:20480;11:20480;12:20480;13:20480;14:20480;15:20480;16:20480;17:20480;18:20480;19:20480;20:20480;21:20480;22:20480;23:20480;24:20480;25:20480;26:20480;27:20480;28:20480;29:20480;30:20480;31:20480;32:20480;33:20480;34:20480;35:20480;36:20480;37:20480;38:20480;39:20480;40:20480;41:20480;42:20480;43:188416,-op=split-linear -input-dim=4096 -output-dim=512 -rows=512 -split-k=4
403,gpt:gpt-7b:layer13_causal_mask,causal-mask,1048576,4096,1-43,43,1-43,43,1:20480;2:20480;3:20480;4:20480;5:20480;6:20480;7:20480;8:20480;9:20480;10:20480;11:20480;12:20480;13:20480;14:20480;15:20480;16:20480;17:20480;18:20480;19:20480;20:20480;21:20480;22:20480;23:20480;24:20480;25:20480;26:20480;27:20480;28:20480;29:20480;30:20480;31:20480;32:20480;33:20480;34:20480;35:20480;36:20480;37:20480;38:20480;39:20480;40:20480;41:20480;42:20480;43:188416,-op=causal-mask -batch-size=1 -rows=512 -seq-len=512
404,bert:bert-7b-proxy:layer14_attn_softmax,row-softmax,1048576,512,1-16,16,1-16,16,1:65536;2:65536;3:65536;4:65536;5:65536;6:65536;7:65536;8:65536;9:65536;10:65536;11:65536;12:65536;13:65536;14:65536;15:65536;16:65536,-op=row-softmax -cols=512 -rows=512
405,gpt:gpt-7b:layer13_attn_softmax,row-softmax,1048576,512,1-16,16,1-16,16,1:65536;2:65536;3:65536;4:65536;5:65536;6:65536;7:65536;8:65536;9:65536;10:65536;11:65536;12:65536;13:65536;14:65536;15:65536;16:65536,-op=row-softmax -cols=512 -rows=512
406,bert:bert-7b-proxy:layer14_attn_value,split-linear,8388608,32768,1-47,47,1-47,47,1:176128;2:176128;3:176128;4:176128;5:176128;6:176128;7:176128;8:176128;9:176128;10:176128;11:176128;12:176128;13:176128;14:176128;15:176128;16:176128;17:176128;18:176128;19:176128;20:176128;21:176128;22:176128;23:176128;24:176128;25:176128;26:176128;27:176128;28:176128;29:176128;30:176128;31:176128;32:176128;33:176128;34:176128;35:176128;36:176128;37:176128;38:176128;39:176128;40:176128;41:176128;42:176128;43:176128;44:176128;45:176128;46:176128;47:286720,-op=split-linear -input-dim=512 -output-dim=4096 -rows=512 -split-k=4
407,gpt:gpt-7b:layer13_attn_value,split-linear,8388608,32768,1-47,47,1-47,47,1:176128;2:176128;3:176128;4:176128;5:176128;6:176128;7:176128;8:176128;9:176128;10:176128;11:176128;12:176128;13:176128;14:176128;15:176128;16:176128;17:176128;18:176128;19:176128;20:176128;21:176128;22:176128;23:176128;24:176128;25:176128;26:176128;27:176128;28:176128;29:176128;30:176128;31:176128;32:176128;33:176128;34:176128;35:176128;36:176128;37:176128;38:176128;39:176128;40:176128;41:176128;42:176128;43:176128;44:176128;45:176128;46:176128;47:286720,-op=split-linear -input-dim=512 -output-dim=4096 -rows=512 -split-k=4
408,bert:bert-7b-proxy:layer14_attn_out,split-linear,8388608,32768,1-47,47,1-47,47,1:176128;2:176128;3:176128;4:176128;5:176128;6:176128;7:176128;8:176128;9:176128;10:176128;11:176128;12:176128;13:176128;14:176128;15:176128;16:176128;17:176128;18:176128;19:176128;20:176128;21:176128;22:176128;23:176128;24:176128;25:176128;26:176128;27:176128;28:176128;29:176128;30:176128;31:176128;32:176128;33:176128;34:176128;35:176128;36:176128;37:176128;38:176128;39:176128;40:176128;41:176128;42:176128;43:176128;44:176128;45:176128;46:176128;47:286720,-op=split-linear -input-dim=4096 -output-dim=4096 -rows=512 -split-k=4
409,gpt:gpt-7b:layer13_attn_out,split-linear,8388608,32768,1-47,47,1-47,47,1:176128;2:176128;3:176128;4:176128;5:176128;6:176128;7:176128;8:176128;9:176128;10:176128;11:176128;12:176128;13:176128;14:176128;15:176128;16:176128;17:176128;18:176128;19:176128;20:176128;21:176128;22:176128;23:176128;24:176128;25:176128;26:176128;27:176128;28:176128;29:176128;30:176128;31:176128;32:176128;33:176128;34:176128;35:176128;36:176128;37:176128;38:176128;39:176128;40:176128;41:176128;42:176128;43:176128;44:176128;45:176128;46:176128;47:286720,-op=split-linear -input-dim=4096 -output-dim=4096 -rows=512 -split-k=4
410,bert:bert-7b-proxy:layer14_attn_residual,residual-add,8388608,32768,1-47,47,1-47,47,1:176128;2:176128;3:176128;4:176128;5:176128;6:176128;7:176128;8:176128;9:176128;10:176128;11:176128;12:176128;13:176128;14:176128;15:176128;16:176128;17:176128;18:176128;19:176128;20:176128;21:176128;22:176128;23:176128;24:176128;25:176128;26:176128;27:176128;28:176128;29:176128;30:176128;31:176128;32:176128;33:176128;34:176128;35:176128;36:176128;37:176128;38:176128;39:176128;40:176128;41:176128;42:176128;43:176128;44:176128;45:176128;46:176128;47:286720,-op=residual-add -elements=2097152
411,gpt:gpt-7b:layer13_attn_residual,residual-add,8388608,32768,1-47,47,1-47,47,1:176128;2:176128;3:176128;4:176128;5:176128;6:176128;7:176128;8:176128;9:176128;10:176128;11:176128;12:176128;13:176128;14:176128;15:176128;16:176128;17:176128;18:176128;19:176128;20:176128;21:176128;22:176128;23:176128;24:176128;25:176128;26:176128;27:176128;28:176128;29:176128;30:176128;31:176128;32:176128;33:176128;34:176128;35:176128;36:176128;37:176128;38:176128;39:176128;40:176128;41:176128;42:176128;43:176128;44:176128;45:176128;46:176128;47:286720,-op=residual-add -elements=2097152
412,bert:bert-7b-proxy:layer14_norm1,layernorm,8388608,32768,1-47,47,1-47,47,1:176128;2:176128;3:176128;4:176128;5:176128;6:176128;7:176128;8:176128;9:176128;10:176128;11:176128;12:176128;13:176128;14:176128;15:176128;16:176128;17:176128;18:176128;19:176128;20:176128;21:176128;22:176128;23:176128;24:176128;25:176128;26:176128;27:176128;28:176128;29:176128;30:176128;31:176128;32:176128;33:176128;34:176128;35:176128;36:176128;37:176128;38:176128;39:176128;40:176128;41:176128;42:176128;43:176128;44:176128;45:176128;46:176128;47:286720,-op=layernorm -hidden=4096 -rows=512
413,gpt:gpt-7b:layer13_norm2,layernorm,8388608,32768,1-47,47,1-47,47,1:176128;2:176128;3:176128;4:176128;5:176128;6:176128;7:176128;8:176128;9:176128;10:176128;11:176128;12:176128;13:176128;14:176128;15:176128;16:176128;17:176128;18:176128;19:176128;20:176128;21:176128;22:176128;23:176128;24:176128;25:176128;26:176128;27:176128;28:176128;29:176128;30:176128;31:176128;32:176128;33:176128;34:176128;35:176128;36:176128;37:176128;38:176128;39:176128;40:176128;41:176128;42:176128;43:176128;44:176128;45:176128;46:176128;47:286720,-op=layernorm -hidden=4096 -rows=512
414,bert:bert-7b-proxy:layer14_mlp_fc1,split-linear,22544384,88064,all,48,all,48,1:466944;2:466944;3:466944;4:466944;5:466944;6:466944;7:466944;8:466944;9:466944;10:466944;11:466944;12:466944;13:466944;14:466944;15:466944;16:466944;17:466944;18:466944;19:466944;20:466944;21:466944;22:466944;23:466944;24:466944;25:466944;26:466944;27:466944;28:466944;29:466944;30:466944;31:466944;32:466944;33:466944;34:466944;35:466944;36:466944;37:466944;38:466944;39:466944;40:466944;41:466944;42:466944;43:466944;44:466944;45:466944;46:466944;47:466944;48:598016,-op=split-linear -input-dim=4096 -output-dim=11008 -rows=512 -split-k=4
415,gpt:gpt-7b:layer13_mlp_fc1,split-linear,22544384,88064,all,48,all,48,1:466944;2:466944;3:466944;4:466944;5:466944;6:466944;7:466944;8:466944;9:466944;10:466944;11:466944;12:466944;13:466944;14:466944;15:466944;16:466944;17:466944;18:466944;19:466944;20:466944;21:466944;22:466944;23:466944;24:466944;25:466944;26:466944;27:466944;28:466944;29:466944;30:466944;31:466944;32:466944;33:466944;34:466944;35:466944;36:466944;37:466944;38:466944;39:466944;40:466944;41:466944;42:466944;43:466944;44:466944;45:466944;46:466944;47:466944;48:598016,-op=split-linear -input-dim=4096 -output-dim=11008 -rows=512 -split-k=4
416,bert:bert-7b-proxy:layer14_mlp_gelu,gelu,22544384,88064,all,48,all,48,1:466944;2:466944;3:466944;4:466944;5:466944;6:466944;7:466944;8:466944;9:466944;10:466944;11:466944;12:466944;13:466944;14:466944;15:466944;16:466944;17:466944;18:466944;19:466944;20:466944;21:466944;22:466944;23:466944;24:466944;25:466944;26:466944;27:466944;28:466944;29:466944;30:466944;31:466944;32:466944;33:466944;34:466944;35:466944;36:466944;37:466944;38:466944;39:466944;40:466944;41:466944;42:466944;43:466944;44:466944;45:466944;46:466944;47:466944;48:598016,-op=gelu -elements=5636096
417,gpt:gpt-7b:layer13_mlp_gelu,gelu,22544384,88064,all,48,all,48,1:466944;2:466944;3:466944;4:466944;5:466944;6:466944;7:466944;8:466944;9:466944;10:466944;11:466944;12:466944;13:466944;14:466944;15:466944;16:466944;17:466944;18:466944;19:466944;20:466944;21:466944;22:466944;23:466944;24:466944;25:466944;26:466944;27:466944;28:466944;29:466944;30:466944;31:466944;32:466944;33:466944;34:466944;35:466944;36:466944;37:466944;38:466944;39:466944;40:466944;41:466944;42:466944;43:466944;44:466944;45:466944;46:466944;47:466944;48:598016,-op=gelu -elements=5636096
418,bert:bert-7b-proxy:layer14_mlp_fc2,split-linear,8388608,32768,1-47,47,1-47,47,1:176128;2:176128;3:176128;4:176128;5:176128;6:176128;7:176128;8:176128;9:176128;10:176128;11:176128;12:176128;13:176128;14:176128;15:176128;16:176128;17:176128;18:176128;19:176128;20:176128;21:176128;22:176128;23:176128;24:176128;25:176128;26:176128;27:176128;28:176128;29:176128;30:176128;31:176128;32:176128;33:176128;34:176128;35:176128;36:176128;37:176128;38:176128;39:176128;40:176128;41:176128;42:176128;43:176128;44:176128;45:176128;46:176128;47:286720,-op=split-linear -input-dim=11008 -output-dim=4096 -rows=512 -split-k=4
419,gpt:gpt-7b:layer13_mlp_fc2,split-linear,8388608,32768,1-47,47,1-47,47,1:176128;2:176128;3:176128;4:176128;5:176128;6:176128;7:176128;8:176128;9:176128;10:176128;11:176128;12:176128;13:176128;14:176128;15:176128;16:176128;17:176128;18:176128;19:176128;20:176128;21:176128;22:176128;23:176128;24:176128;25:176128;26:176128;27:176128;28:176128;29:176128;30:176128;31:176128;32:176128;33:176128;34:176128;35:176128;36:176128;37:176128;38:176128;39:176128;40:176128;41:176128;42:176128;43:176128;44:176128;45:176128;46:176128;47:286720,-op=split-linear -input-dim=11008 -output-dim=4096 -rows=512 -split-k=4
420,bert:bert-7b-proxy:layer14_mlp_residual,residual-add,8388608,32768,1-47,47,1-47,47,1:176128;2:176128;3:176128;4:176128;5:176128;6:176128;7:176128;8:176128;9:176128;10:176128;11:176128;12:176128;13:176128;14:176128;15:176128;16:176128;17:176128;18:176128;19:176128;20:176128;21:176128;22:176128;23:176128;24:176128;25:176128;26:176128;27:176128;28:176128;29:176128;30:176128;31:176128;32:176128;33:176128;34:176128;35:176128;36:176128;37:176128;38:176128;39:176128;40:176128;41:176128;42:176128;43:176128;44:176128;45:176128;46:176128;47:286720,-op=residual-add -elements=2097152
421,gpt:gpt-7b:layer13_mlp_residual,residual-add,8388608,32768,1-47,47,1-47,47,1:176128;2:176128;3:176128;4:176128;5:176128;6:176128;7:176128;8:176128;9:176128;10:176128;11:176128;12:176128;13:176128;14:176128;15:176128;16:176128;17:176128;18:176128;19:176128;20:176128;21:176128;22:176128;23:176128;24:176128;25:176128;26:176128;27:176128;28:176128;29:176128;30:176128;31:176128;32:176128;33:176128;34:176128;35:176128;36:176128;37:176128;38:176128;39:176128;40:176128;41:176128;42:176128;43:176128;44:176128;45:176128;46:176128;47:286720,-op=residual-add -elements=2097152
422,bert:bert-7b-proxy:layer14_norm2,layernorm,8388608,32768,1-47,47,1-47,47,1:176128;2:176128;3:176128;4:176128;5:176128;6:176128;7:176128;8:176128;9:176128;10:176128;11:176128;12:176128;13:176128;14:176128;15:176128;16:176128;17:176128;18:176128;19:176128;20:176128;21:176128;22:176128;23:176128;24:176128;25:176128;26:176128;27:176128;28:176128;29:176128;30:176128;31:176128;32:176128;33:176128;34:176128;35:176128;36:176128;37:176128;38:176128;39:176128;40:176128;41:176128;42:176128;43:176128;44:176128;45:176128;46:176128;47:286720,-op=layernorm -hidden=4096 -rows=512
423,gpt:gpt-7b:layer14_norm1,layernorm,8388608,32768,1-47,47,1-47,47,1:176128;2:176128;3:176128;4:176128;5:176128;6:176128;7:176128;8:176128;9:176128;10:176128;11:176128;12:176128;13:176128;14:176128;15:176128;16:176128;17:176128;18:176128;19:176128;20:176128;21:176128;22:176128;23:176128;24:176128;25:176128;26:176128;27:176128;28:176128;29:176128;30:176128;31:176128;32:176128;33:176128;34:176128;35:176128;36:176128;37:176128;38:176128;39:176128;40:176128;41:176128;42:176128;43:176128;44:176128;45:176128;46:176128;47:286720,-op=layernorm -hidden=4096 -rows=512
424,bert:bert-7b-proxy:layer15_attn_q,split-linear,8388608,32768,1-47,47,1-47,47,1:176128;2:176128;3:176128;4:176128;5:176128;6:176128;7:176128;8:176128;9:176128;10:176128;11:176128;12:176128;13:176128;14:176128;15:176128;16:176128;17:176128;18:176128;19:176128;20:176128;21:176128;22:176128;23:176128;24:176128;25:176128;26:176128;27:176128;28:176128;29:176128;30:176128;31:176128;32:176128;33:176128;34:176128;35:176128;36:176128;37:176128;38:176128;39:176128;40:176128;41:176128;42:176128;43:176128;44:176128;45:176128;46:176128;47:286720,-op=split-linear -input-dim=4096 -output-dim=4096 -rows=512 -split-k=4
425,gpt:gpt-7b:layer14_attn_q,split-linear,8388608,32768,1-47,47,1-47,47,1:176128;2:176128;3:176128;4:176128;5:176128;6:176128;7:176128;8:176128;9:176128;10:176128;11:176128;12:176128;13:176128;14:176128;15:176128;16:176128;17:176128;18:176128;19:176128;20:176128;21:176128;22:176128;23:176128;24:176128;25:176128;26:176128;27:176128;28:176128;29:176128;30:176128;31:176128;32:176128;33:176128;34:176128;35:176128;36:176128;37:176128;38:176128;39:176128;40:176128;41:176128;42:176128;43:176128;44:176128;45:176128;46:176128;47:286720,-op=split-linear -input-dim=4096 -output-dim=4096 -rows=512 -split-k=4
426,bert:bert-7b-proxy:layer15_attn_k,split-linear,8388608,32768,1-47,47,1-47,47,1:176128;2:176128;3:176128;4:176128;5:176128;6:176128;7:176128;8:176128;9:176128;10:176128;11:176128;12:176128;13:176128;14:176128;15:176128;16:176128;17:176128;18:176128;19:176128;20:176128;21:176128;22:176128;23:176128;24:176128;25:176128;26:176128;27:176128;28:176128;29:176128;30:176128;31:176128;32:176128;33:176128;34:176128;35:176128;36:176128;37:176128;38:176128;39:176128;40:176128;41:176128;42:176128;43:176128;44:176128;45:176128;46:176128;47:286720,-op=split-linear -input-dim=4096 -output-dim=4096 -rows=512 -split-k=4
427,gpt:gpt-7b:layer14_attn_k,split-linear,8388608,32768,1-47,47,1-47,47,1:176128;2:176128;3:176128;4:176128;5:176128;6:176128;7:176128;8:176128;9:176128;10:176128;11:176128;12:176128;13:176128;14:176128;15:176128;16:176128;17:176128;18:176128;19:176128;20:176128;21:176128;22:176128;23:176128;24:176128;25:176128;26:176128;27:176128;28:176128;29:176128;30:176128;31:176128;32:176128;33:176128;34:176128;35:176128;36:176128;37:176128;38:176128;39:176128;40:176128;41:176128;42:176128;43:176128;44:176128;45:176128;46:176128;47:286720,-op=split-linear -input-dim=4096 -output-dim=4096 -rows=512 -split-k=4
428,bert:bert-7b-proxy:layer15_attn_v,split-linear,8388608,32768,1-47,47,1-47,47,1:176128;2:176128;3:176128;4:176128;5:176128;6:176128;7:176128;8:176128;9:176128;10:176128;11:176128;12:176128;13:176128;14:176128;15:176128;16:176128;17:176128;18:176128;19:176128;20:176128;21:176128;22:176128;23:176128;24:176128;25:176128;26:176128;27:176128;28:176128;29:176128;30:176128;31:176128;32:176128;33:176128;34:176128;35:176128;36:176128;37:176128;38:176128;39:176128;40:176128;41:176128;42:176128;43:176128;44:176128;45:176128;46:176128;47:286720,-op=split-linear -input-dim=4096 -output-dim=4096 -rows=512 -split-k=4
429,gpt:gpt-7b:layer14_attn_v,split-linear,8388608,32768,1-47,47,1-47,47,1:176128;2:176128;3:176128;4:176128;5:176128;6:176128;7:176128;8:176128;9:176128;10:176128;11:176128;12:176128;13:176128;14:176128;15:176128;16:176128;17:176128;18:176128;19:176128;20:176128;21:176128;22:176128;23:176128;24:176128;25:176128;26:176128;27:176128;28:176128;29:176128;30:176128;31:176128;32:176128;33:176128;34:176128;35:176128;36:176128;37:176128;38:176128;39:176128;40:176128;41:176128;42:176128;43:176128;44:176128;45:176128;46:176128;47:286720,-op=split-linear -input-dim=4096 -output-dim=4096 -rows=512 -split-k=4
430,bert:bert-7b-proxy:layer15_attn_score,split-linear,1048576,4096,1-43,43,1-43,43,1:20480;2:20480;3:20480;4:20480;5:20480;6:20480;7:20480;8:20480;9:20480;10:20480;11:20480;12:20480;13:20480;14:20480;15:20480;16:20480;17:20480;18:20480;19:20480;20:20480;21:20480;22:20480;23:20480;24:20480;25:20480;26:20480;27:20480;28:20480;29:20480;30:20480;31:20480;32:20480;33:20480;34:20480;35:20480;36:20480;37:20480;38:20480;39:20480;40:20480;41:20480;42:20480;43:188416,-op=split-linear -input-dim=4096 -output-dim=512 -rows=512 -split-k=4
431,gpt:gpt-7b:layer14_attn_score,split-linear,1048576,4096,1-43,43,1-43,43,1:20480;2:20480;3:20480;4:20480;5:20480;6:20480;7:20480;8:20480;9:20480;10:20480;11:20480;12:20480;13:20480;14:20480;15:20480;16:20480;17:20480;18:20480;19:20480;20:20480;21:20480;22:20480;23:20480;24:20480;25:20480;26:20480;27:20480;28:20480;29:20480;30:20480;31:20480;32:20480;33:20480;34:20480;35:20480;36:20480;37:20480;38:20480;39:20480;40:20480;41:20480;42:20480;43:188416,-op=split-linear -input-dim=4096 -output-dim=512 -rows=512 -split-k=4
432,bert:bert-7b-proxy:layer15_attn_softmax,row-softmax,1048576,512,1-16,16,1-16,16,1:65536;2:65536;3:65536;4:65536;5:65536;6:65536;7:65536;8:65536;9:65536;10:65536;11:65536;12:65536;13:65536;14:65536;15:65536;16:65536,-op=row-softmax -cols=512 -rows=512
433,gpt:gpt-7b:layer14_causal_mask,causal-mask,1048576,4096,1-43,43,1-43,43,1:20480;2:20480;3:20480;4:20480;5:20480;6:20480;7:20480;8:20480;9:20480;10:20480;11:20480;12:20480;13:20480;14:20480;15:20480;16:20480;17:20480;18:20480;19:20480;20:20480;21:20480;22:20480;23:20480;24:20480;25:20480;26:20480;27:20480;28:20480;29:20480;30:20480;31:20480;32:20480;33:20480;34:20480;35:20480;36:20480;37:20480;38:20480;39:20480;40:20480;41:20480;42:20480;43:188416,-op=causal-mask -batch-size=1 -rows=512 -seq-len=512
434,bert:bert-7b-proxy:layer15_attn_value,split-linear,8388608,32768,1-47,47,1-47,47,1:176128;2:176128;3:176128;4:176128;5:176128;6:176128;7:176128;8:176128;9:176128;10:176128;11:176128;12:176128;13:176128;14:176128;15:176128;16:176128;17:176128;18:176128;19:176128;20:176128;21:176128;22:176128;23:176128;24:176128;25:176128;26:176128;27:176128;28:176128;29:176128;30:176128;31:176128;32:176128;33:176128;34:176128;35:176128;36:176128;37:176128;38:176128;39:176128;40:176128;41:176128;42:176128;43:176128;44:176128;45:176128;46:176128;47:286720,-op=split-linear -input-dim=512 -output-dim=4096 -rows=512 -split-k=4
435,gpt:gpt-7b:layer14_attn_softmax,row-softmax,1048576,512,1-16,16,1-16,16,1:65536;2:65536;3:65536;4:65536;5:65536;6:65536;7:65536;8:65536;9:65536;10:65536;11:65536;12:65536;13:65536;14:65536;15:65536;16:65536,-op=row-softmax -cols=512 -rows=512
436,bert:bert-7b-proxy:layer15_attn_out,split-linear,8388608,32768,1-47,47,1-47,47,1:176128;2:176128;3:176128;4:176128;5:176128;6:176128;7:176128;8:176128;9:176128;10:176128;11:176128;12:176128;13:176128;14:176128;15:176128;16:176128;17:176128;18:176128;19:176128;20:176128;21:176128;22:176128;23:176128;24:176128;25:176128;26:176128;27:176128;28:176128;29:176128;30:176128;31:176128;32:176128;33:176128;34:176128;35:176128;36:176128;37:176128;38:176128;39:176128;40:176128;41:176128;42:176128;43:176128;44:176128;45:176128;46:176128;47:286720,-op=split-linear -input-dim=4096 -output-dim=4096 -rows=512 -split-k=4
437,gpt:gpt-7b:layer14_attn_value,split-linear,8388608,32768,1-47,47,1-47,47,1:176128;2:176128;3:176128;4:176128;5:176128;6:176128;7:176128;8:176128;9:176128;10:176128;11:176128;12:176128;13:176128;14:176128;15:176128;16:176128;17:176128;18:176128;19:176128;20:176128;21:176128;22:176128;23:176128;24:176128;25:176128;26:176128;27:176128;28:176128;29:176128;30:176128;31:176128;32:176128;33:176128;34:176128;35:176128;36:176128;37:176128;38:176128;39:176128;40:176128;41:176128;42:176128;43:176128;44:176128;45:176128;46:176128;47:286720,-op=split-linear -input-dim=512 -output-dim=4096 -rows=512 -split-k=4
438,bert:bert-7b-proxy:layer15_attn_residual,residual-add,8388608,32768,1-47,47,1-47,47,1:176128;2:176128;3:176128;4:176128;5:176128;6:176128;7:176128;8:176128;9:176128;10:176128;11:176128;12:176128;13:176128;14:176128;15:176128;16:176128;17:176128;18:176128;19:176128;20:176128;21:176128;22:176128;23:176128;24:176128;25:176128;26:176128;27:176128;28:176128;29:176128;30:176128;31:176128;32:176128;33:176128;34:176128;35:176128;36:176128;37:176128;38:176128;39:176128;40:176128;41:176128;42:176128;43:176128;44:176128;45:176128;46:176128;47:286720,-op=residual-add -elements=2097152
439,gpt:gpt-7b:layer14_attn_out,split-linear,8388608,32768,1-47,47,1-47,47,1:176128;2:176128;3:176128;4:176128;5:176128;6:176128;7:176128;8:176128;9:176128;10:176128;11:176128;12:176128;13:176128;14:176128;15:176128;16:176128;17:176128;18:176128;19:176128;20:176128;21:176128;22:176128;23:176128;24:176128;25:176128;26:176128;27:176128;28:176128;29:176128;30:176128;31:176128;32:176128;33:176128;34:176128;35:176128;36:176128;37:176128;38:176128;39:176128;40:176128;41:176128;42:176128;43:176128;44:176128;45:176128;46:176128;47:286720,-op=split-linear -input-dim=4096 -output-dim=4096 -rows=512 -split-k=4
440,bert:bert-7b-proxy:layer15_norm1,layernorm,8388608,32768,1-47,47,1-47,47,1:176128;2:176128;3:176128;4:176128;5:176128;6:176128;7:176128;8:176128;9:176128;10:176128;11:176128;12:176128;13:176128;14:176128;15:176128;16:176128;17:176128;18:176128;19:176128;20:176128;21:176128;22:176128;23:176128;24:176128;25:176128;26:176128;27:176128;28:176128;29:176128;30:176128;31:176128;32:176128;33:176128;34:176128;35:176128;36:176128;37:176128;38:176128;39:176128;40:176128;41:176128;42:176128;43:176128;44:176128;45:176128;46:176128;47:286720,-op=layernorm -hidden=4096 -rows=512
441,gpt:gpt-7b:layer14_attn_residual,residual-add,8388608,32768,1-47,47,1-47,47,1:176128;2:176128;3:176128;4:176128;5:176128;6:176128;7:176128;8:176128;9:176128;10:176128;11:176128;12:176128;13:176128;14:176128;15:176128;16:176128;17:176128;18:176128;19:176128;20:176128;21:176128;22:176128;23:176128;24:176128;25:176128;26:176128;27:176128;28:176128;29:176128;30:176128;31:176128;32:176128;33:176128;34:176128;35:176128;36:176128;37:176128;38:176128;39:176128;40:176128;41:176128;42:176128;43:176128;44:176128;45:176128;46:176128;47:286720,-op=residual-add -elements=2097152
442,bert:bert-7b-proxy:layer15_mlp_fc1,split-linear,22544384,88064,all,48,all,48,1:466944;2:466944;3:466944;4:466944;5:466944;6:466944;7:466944;8:466944;9:466944;10:466944;11:466944;12:466944;13:466944;14:466944;15:466944;16:466944;17:466944;18:466944;19:466944;20:466944;21:466944;22:466944;23:466944;24:466944;25:466944;26:466944;27:466944;28:466944;29:466944;30:466944;31:466944;32:466944;33:466944;34:466944;35:466944;36:466944;37:466944;38:466944;39:466944;40:466944;41:466944;42:466944;43:466944;44:466944;45:466944;46:466944;47:466944;48:598016,-op=split-linear -input-dim=4096 -output-dim=11008 -rows=512 -split-k=4
443,gpt:gpt-7b:layer14_norm2,layernorm,8388608,32768,1-47,47,1-47,47,1:176128;2:176128;3:176128;4:176128;5:176128;6:176128;7:176128;8:176128;9:176128;10:176128;11:176128;12:176128;13:176128;14:176128;15:176128;16:176128;17:176128;18:176128;19:176128;20:176128;21:176128;22:176128;23:176128;24:176128;25:176128;26:176128;27:176128;28:176128;29:176128;30:176128;31:176128;32:176128;33:176128;34:176128;35:176128;36:176128;37:176128;38:176128;39:176128;40:176128;41:176128;42:176128;43:176128;44:176128;45:176128;46:176128;47:286720,-op=layernorm -hidden=4096 -rows=512
444,bert:bert-7b-proxy:layer15_mlp_gelu,gelu,22544384,88064,all,48,all,48,1:466944;2:466944;3:466944;4:466944;5:466944;6:466944;7:466944;8:466944;9:466944;10:466944;11:466944;12:466944;13:466944;14:466944;15:466944;16:466944;17:466944;18:466944;19:466944;20:466944;21:466944;22:466944;23:466944;24:466944;25:466944;26:466944;27:466944;28:466944;29:466944;30:466944;31:466944;32:466944;33:466944;34:466944;35:466944;36:466944;37:466944;38:466944;39:466944;40:466944;41:466944;42:466944;43:466944;44:466944;45:466944;46:466944;47:466944;48:598016,-op=gelu -elements=5636096
445,gpt:gpt-7b:layer14_mlp_fc1,split-linear,22544384,88064,all,48,all,48,1:466944;2:466944;3:466944;4:466944;5:466944;6:466944;7:466944;8:466944;9:466944;10:466944;11:466944;12:466944;13:466944;14:466944;15:466944;16:466944;17:466944;18:466944;19:466944;20:466944;21:466944;22:466944;23:466944;24:466944;25:466944;26:466944;27:466944;28:466944;29:466944;30:466944;31:466944;32:466944;33:466944;34:466944;35:466944;36:466944;37:466944;38:466944;39:466944;40:466944;41:466944;42:466944;43:466944;44:466944;45:466944;46:466944;47:466944;48:598016,-op=split-linear -input-dim=4096 -output-dim=11008 -rows=512 -split-k=4
446,bert:bert-7b-proxy:layer15_mlp_fc2,split-linear,8388608,32768,1-47,47,1-47,47,1:176128;2:176128;3:176128;4:176128;5:176128;6:176128;7:176128;8:176128;9:176128;10:176128;11:176128;12:176128;13:176128;14:176128;15:176128;16:176128;17:176128;18:176128;19:176128;20:176128;21:176128;22:176128;23:176128;24:176128;25:176128;26:176128;27:176128;28:176128;29:176128;30:176128;31:176128;32:176128;33:176128;34:176128;35:176128;36:176128;37:176128;38:176128;39:176128;40:176128;41:176128;42:176128;43:176128;44:176128;45:176128;46:176128;47:286720,-op=split-linear -input-dim=11008 -output-dim=4096 -rows=512 -split-k=4
447,gpt:gpt-7b:layer14_mlp_gelu,gelu,22544384,88064,all,48,all,48,1:466944;2:466944;3:466944;4:466944;5:466944;6:466944;7:466944;8:466944;9:466944;10:466944;11:466944;12:466944;13:466944;14:466944;15:466944;16:466944;17:466944;18:466944;19:466944;20:466944;21:466944;22:466944;23:466944;24:466944;25:466944;26:466944;27:466944;28:466944;29:466944;30:466944;31:466944;32:466944;33:466944;34:466944;35:466944;36:466944;37:466944;38:466944;39:466944;40:466944;41:466944;42:466944;43:466944;44:466944;45:466944;46:466944;47:466944;48:598016,-op=gelu -elements=5636096
448,bert:bert-7b-proxy:layer15_mlp_residual,residual-add,8388608,32768,1-47,47,1-47,47,1:176128;2:176128;3:176128;4:176128;5:176128;6:176128;7:176128;8:176128;9:176128;10:176128;11:176128;12:176128;13:176128;14:176128;15:176128;16:176128;17:176128;18:176128;19:176128;20:176128;21:176128;22:176128;23:176128;24:176128;25:176128;26:176128;27:176128;28:176128;29:176128;30:176128;31:176128;32:176128;33:176128;34:176128;35:176128;36:176128;37:176128;38:176128;39:176128;40:176128;41:176128;42:176128;43:176128;44:176128;45:176128;46:176128;47:286720,-op=residual-add -elements=2097152
449,gpt:gpt-7b:layer14_mlp_fc2,split-linear,8388608,32768,1-47,47,1-47,47,1:176128;2:176128;3:176128;4:176128;5:176128;6:176128;7:176128;8:176128;9:176128;10:176128;11:176128;12:176128;13:176128;14:176128;15:176128;16:176128;17:176128;18:176128;19:176128;20:176128;21:176128;22:176128;23:176128;24:176128;25:176128;26:176128;27:176128;28:176128;29:176128;30:176128;31:176128;32:176128;33:176128;34:176128;35:176128;36:176128;37:176128;38:176128;39:176128;40:176128;41:176128;42:176128;43:176128;44:176128;45:176128;46:176128;47:286720,-op=split-linear -input-dim=11008 -output-dim=4096 -rows=512 -split-k=4
450,bert:bert-7b-proxy:layer15_norm2,layernorm,8388608,32768,1-47,47,1-47,47,1:176128;2:176128;3:176128;4:176128;5:176128;6:176128;7:176128;8:176128;9:176128;10:176128;11:176128;12:176128;13:176128;14:176128;15:176128;16:176128;17:176128;18:176128;19:176128;20:176128;21:176128;22:176128;23:176128;24:176128;25:176128;26:176128;27:176128;28:176128;29:176128;30:176128;31:176128;32:176128;33:176128;34:176128;35:176128;36:176128;37:176128;38:176128;39:176128;40:176128;41:176128;42:176128;43:176128;44:176128;45:176128;46:176128;47:286720,-op=layernorm -hidden=4096 -rows=512
451,gpt:gpt-7b:layer14_mlp_residual,residual-add,8388608,32768,1-47,47,1-47,47,1:176128;2:176128;3:176128;4:176128;5:176128;6:176128;7:176128;8:176128;9:176128;10:176128;11:176128;12:176128;13:176128;14:176128;15:176128;16:176128;17:176128;18:176128;19:176128;20:176128;21:176128;22:176128;23:176128;24:176128;25:176128;26:176128;27:176128;28:176128;29:176128;30:176128;31:176128;32:176128;33:176128;34:176128;35:176128;36:176128;37:176128;38:176128;39:176128;40:176128;41:176128;42:176128;43:176128;44:176128;45:176128;46:176128;47:286720,-op=residual-add -elements=2097152
452,bert:bert-7b-proxy:layer16_attn_q,split-linear,8388608,32768,1-47,47,1-47,47,1:176128;2:176128;3:176128;4:176128;5:176128;6:176128;7:176128;8:176128;9:176128;10:176128;11:176128;12:176128;13:176128;14:176128;15:176128;16:176128;17:176128;18:176128;19:176128;20:176128;21:176128;22:176128;23:176128;24:176128;25:176128;26:176128;27:176128;28:176128;29:176128;30:176128;31:176128;32:176128;33:176128;34:176128;35:176128;36:176128;37:176128;38:176128;39:176128;40:176128;41:176128;42:176128;43:176128;44:176128;45:176128;46:176128;47:286720,-op=split-linear -input-dim=4096 -output-dim=4096 -rows=512 -split-k=4
453,gpt:gpt-7b:layer15_norm1,layernorm,8388608,32768,1-47,47,1-47,47,1:176128;2:176128;3:176128;4:176128;5:176128;6:176128;7:176128;8:176128;9:176128;10:176128;11:176128;12:176128;13:176128;14:176128;15:176128;16:176128;17:176128;18:176128;19:176128;20:176128;21:176128;22:176128;23:176128;24:176128;25:176128;26:176128;27:176128;28:176128;29:176128;30:176128;31:176128;32:176128;33:176128;34:176128;35:176128;36:176128;37:176128;38:176128;39:176128;40:176128;41:176128;42:176128;43:176128;44:176128;45:176128;46:176128;47:286720,-op=layernorm -hidden=4096 -rows=512
454,bert:bert-7b-proxy:layer16_attn_k,split-linear,8388608,32768,1-47,47,1-47,47,1:176128;2:176128;3:176128;4:176128;5:176128;6:176128;7:176128;8:176128;9:176128;10:176128;11:176128;12:176128;13:176128;14:176128;15:176128;16:176128;17:176128;18:176128;19:176128;20:176128;21:176128;22:176128;23:176128;24:176128;25:176128;26:176128;27:176128;28:176128;29:176128;30:176128;31:176128;32:176128;33:176128;34:176128;35:176128;36:176128;37:176128;38:176128;39:176128;40:176128;41:176128;42:176128;43:176128;44:176128;45:176128;46:176128;47:286720,-op=split-linear -input-dim=4096 -output-dim=4096 -rows=512 -split-k=4
455,gpt:gpt-7b:layer15_attn_q,split-linear,8388608,32768,1-47,47,1-47,47,1:176128;2:176128;3:176128;4:176128;5:176128;6:176128;7:176128;8:176128;9:176128;10:176128;11:176128;12:176128;13:176128;14:176128;15:176128;16:176128;17:176128;18:176128;19:176128;20:176128;21:176128;22:176128;23:176128;24:176128;25:176128;26:176128;27:176128;28:176128;29:176128;30:176128;31:176128;32:176128;33:176128;34:176128;35:176128;36:176128;37:176128;38:176128;39:176128;40:176128;41:176128;42:176128;43:176128;44:176128;45:176128;46:176128;47:286720,-op=split-linear -input-dim=4096 -output-dim=4096 -rows=512 -split-k=4
456,bert:bert-7b-proxy:layer16_attn_v,split-linear,8388608,32768,1-47,47,1-47,47,1:176128;2:176128;3:176128;4:176128;5:176128;6:176128;7:176128;8:176128;9:176128;10:176128;11:176128;12:176128;13:176128;14:176128;15:176128;16:176128;17:176128;18:176128;19:176128;20:176128;21:176128;22:176128;23:176128;24:176128;25:176128;26:176128;27:176128;28:176128;29:176128;30:176128;31:176128;32:176128;33:176128;34:176128;35:176128;36:176128;37:176128;38:176128;39:176128;40:176128;41:176128;42:176128;43:176128;44:176128;45:176128;46:176128;47:286720,-op=split-linear -input-dim=4096 -output-dim=4096 -rows=512 -split-k=4
457,gpt:gpt-7b:layer15_attn_k,split-linear,8388608,32768,1-47,47,1-47,47,1:176128;2:176128;3:176128;4:176128;5:176128;6:176128;7:176128;8:176128;9:176128;10:176128;11:176128;12:176128;13:176128;14:176128;15:176128;16:176128;17:176128;18:176128;19:176128;20:176128;21:176128;22:176128;23:176128;24:176128;25:176128;26:176128;27:176128;28:176128;29:176128;30:176128;31:176128;32:176128;33:176128;34:176128;35:176128;36:176128;37:176128;38:176128;39:176128;40:176128;41:176128;42:176128;43:176128;44:176128;45:176128;46:176128;47:286720,-op=split-linear -input-dim=4096 -output-dim=4096 -rows=512 -split-k=4
458,bert:bert-7b-proxy:layer16_attn_score,split-linear,1048576,4096,1-43,43,1-43,43,1:20480;2:20480;3:20480;4:20480;5:20480;6:20480;7:20480;8:20480;9:20480;10:20480;11:20480;12:20480;13:20480;14:20480;15:20480;16:20480;17:20480;18:20480;19:20480;20:20480;21:20480;22:20480;23:20480;24:20480;25:20480;26:20480;27:20480;28:20480;29:20480;30:20480;31:20480;32:20480;33:20480;34:20480;35:20480;36:20480;37:20480;38:20480;39:20480;40:20480;41:20480;42:20480;43:188416,-op=split-linear -input-dim=4096 -output-dim=512 -rows=512 -split-k=4
459,gpt:gpt-7b:layer15_attn_v,split-linear,8388608,32768,1-47,47,1-47,47,1:176128;2:176128;3:176128;4:176128;5:176128;6:176128;7:176128;8:176128;9:176128;10:176128;11:176128;12:176128;13:176128;14:176128;15:176128;16:176128;17:176128;18:176128;19:176128;20:176128;21:176128;22:176128;23:176128;24:176128;25:176128;26:176128;27:176128;28:176128;29:176128;30:176128;31:176128;32:176128;33:176128;34:176128;35:176128;36:176128;37:176128;38:176128;39:176128;40:176128;41:176128;42:176128;43:176128;44:176128;45:176128;46:176128;47:286720,-op=split-linear -input-dim=4096 -output-dim=4096 -rows=512 -split-k=4
460,bert:bert-7b-proxy:layer16_attn_softmax,row-softmax,1048576,512,1-16,16,1-16,16,1:65536;2:65536;3:65536;4:65536;5:65536;6:65536;7:65536;8:65536;9:65536;10:65536;11:65536;12:65536;13:65536;14:65536;15:65536;16:65536,-op=row-softmax -cols=512 -rows=512
461,gpt:gpt-7b:layer15_attn_score,split-linear,1048576,4096,1-43,43,1-43,43,1:20480;2:20480;3:20480;4:20480;5:20480;6:20480;7:20480;8:20480;9:20480;10:20480;11:20480;12:20480;13:20480;14:20480;15:20480;16:20480;17:20480;18:20480;19:20480;20:20480;21:20480;22:20480;23:20480;24:20480;25:20480;26:20480;27:20480;28:20480;29:20480;30:20480;31:20480;32:20480;33:20480;34:20480;35:20480;36:20480;37:20480;38:20480;39:20480;40:20480;41:20480;42:20480;43:188416,-op=split-linear -input-dim=4096 -output-dim=512 -rows=512 -split-k=4
462,bert:bert-7b-proxy:layer16_attn_value,split-linear,8388608,32768,1-47,47,1-47,47,1:176128;2:176128;3:176128;4:176128;5:176128;6:176128;7:176128;8:176128;9:176128;10:176128;11:176128;12:176128;13:176128;14:176128;15:176128;16:176128;17:176128;18:176128;19:176128;20:176128;21:176128;22:176128;23:176128;24:176128;25:176128;26:176128;27:176128;28:176128;29:176128;30:176128;31:176128;32:176128;33:176128;34:176128;35:176128;36:176128;37:176128;38:176128;39:176128;40:176128;41:176128;42:176128;43:176128;44:176128;45:176128;46:176128;47:286720,-op=split-linear -input-dim=512 -output-dim=4096 -rows=512 -split-k=4
463,gpt:gpt-7b:layer15_causal_mask,causal-mask,1048576,4096,1-43,43,1-43,43,1:20480;2:20480;3:20480;4:20480;5:20480;6:20480;7:20480;8:20480;9:20480;10:20480;11:20480;12:20480;13:20480;14:20480;15:20480;16:20480;17:20480;18:20480;19:20480;20:20480;21:20480;22:20480;23:20480;24:20480;25:20480;26:20480;27:20480;28:20480;29:20480;30:20480;31:20480;32:20480;33:20480;34:20480;35:20480;36:20480;37:20480;38:20480;39:20480;40:20480;41:20480;42:20480;43:188416,-op=causal-mask -batch-size=1 -rows=512 -seq-len=512
464,bert:bert-7b-proxy:layer16_attn_out,split-linear,8388608,32768,1-47,47,1-47,47,1:176128;2:176128;3:176128;4:176128;5:176128;6:176128;7:176128;8:176128;9:176128;10:176128;11:176128;12:176128;13:176128;14:176128;15:176128;16:176128;17:176128;18:176128;19:176128;20:176128;21:176128;22:176128;23:176128;24:176128;25:176128;26:176128;27:176128;28:176128;29:176128;30:176128;31:176128;32:176128;33:176128;34:176128;35:176128;36:176128;37:176128;38:176128;39:176128;40:176128;41:176128;42:176128;43:176128;44:176128;45:176128;46:176128;47:286720,-op=split-linear -input-dim=4096 -output-dim=4096 -rows=512 -split-k=4
465,gpt:gpt-7b:layer15_attn_softmax,row-softmax,1048576,512,1-16,16,1-16,16,1:65536;2:65536;3:65536;4:65536;5:65536;6:65536;7:65536;8:65536;9:65536;10:65536;11:65536;12:65536;13:65536;14:65536;15:65536;16:65536,-op=row-softmax -cols=512 -rows=512
466,bert:bert-7b-proxy:layer16_attn_residual,residual-add,8388608,32768,1-47,47,1-47,47,1:176128;2:176128;3:176128;4:176128;5:176128;6:176128;7:176128;8:176128;9:176128;10:176128;11:176128;12:176128;13:176128;14:176128;15:176128;16:176128;17:176128;18:176128;19:176128;20:176128;21:176128;22:176128;23:176128;24:176128;25:176128;26:176128;27:176128;28:176128;29:176128;30:176128;31:176128;32:176128;33:176128;34:176128;35:176128;36:176128;37:176128;38:176128;39:176128;40:176128;41:176128;42:176128;43:176128;44:176128;45:176128;46:176128;47:286720,-op=residual-add -elements=2097152
467,gpt:gpt-7b:layer15_attn_value,split-linear,8388608,32768,1-47,47,1-47,47,1:176128;2:176128;3:176128;4:176128;5:176128;6:176128;7:176128;8:176128;9:176128;10:176128;11:176128;12:176128;13:176128;14:176128;15:176128;16:176128;17:176128;18:176128;19:176128;20:176128;21:176128;22:176128;23:176128;24:176128;25:176128;26:176128;27:176128;28:176128;29:176128;30:176128;31:176128;32:176128;33:176128;34:176128;35:176128;36:176128;37:176128;38:176128;39:176128;40:176128;41:176128;42:176128;43:176128;44:176128;45:176128;46:176128;47:286720,-op=split-linear -input-dim=512 -output-dim=4096 -rows=512 -split-k=4
468,bert:bert-7b-proxy:layer16_norm1,layernorm,8388608,32768,1-47,47,1-47,47,1:176128;2:176128;3:176128;4:176128;5:176128;6:176128;7:176128;8:176128;9:176128;10:176128;11:176128;12:176128;13:176128;14:176128;15:176128;16:176128;17:176128;18:176128;19:176128;20:176128;21:176128;22:176128;23:176128;24:176128;25:176128;26:176128;27:176128;28:176128;29:176128;30:176128;31:176128;32:176128;33:176128;34:176128;35:176128;36:176128;37:176128;38:176128;39:176128;40:176128;41:176128;42:176128;43:176128;44:176128;45:176128;46:176128;47:286720,-op=layernorm -hidden=4096 -rows=512
469,gpt:gpt-7b:layer15_attn_out,split-linear,8388608,32768,1-47,47,1-47,47,1:176128;2:176128;3:176128;4:176128;5:176128;6:176128;7:176128;8:176128;9:176128;10:176128;11:176128;12:176128;13:176128;14:176128;15:176128;16:176128;17:176128;18:176128;19:176128;20:176128;21:176128;22:176128;23:176128;24:176128;25:176128;26:176128;27:176128;28:176128;29:176128;30:176128;31:176128;32:176128;33:176128;34:176128;35:176128;36:176128;37:176128;38:176128;39:176128;40:176128;41:176128;42:176128;43:176128;44:176128;45:176128;46:176128;47:286720,-op=split-linear -input-dim=4096 -output-dim=4096 -rows=512 -split-k=4
470,bert:bert-7b-proxy:layer16_mlp_fc1,split-linear,22544384,88064,all,48,all,48,1:466944;2:466944;3:466944;4:466944;5:466944;6:466944;7:466944;8:466944;9:466944;10:466944;11:466944;12:466944;13:466944;14:466944;15:466944;16:466944;17:466944;18:466944;19:466944;20:466944;21:466944;22:466944;23:466944;24:466944;25:466944;26:466944;27:466944;28:466944;29:466944;30:466944;31:466944;32:466944;33:466944;34:466944;35:466944;36:466944;37:466944;38:466944;39:466944;40:466944;41:466944;42:466944;43:466944;44:466944;45:466944;46:466944;47:466944;48:598016,-op=split-linear -input-dim=4096 -output-dim=11008 -rows=512 -split-k=4
471,gpt:gpt-7b:layer15_attn_residual,residual-add,8388608,32768,1-47,47,1-47,47,1:176128;2:176128;3:176128;4:176128;5:176128;6:176128;7:176128;8:176128;9:176128;10:176128;11:176128;12:176128;13:176128;14:176128;15:176128;16:176128;17:176128;18:176128;19:176128;20:176128;21:176128;22:176128;23:176128;24:176128;25:176128;26:176128;27:176128;28:176128;29:176128;30:176128;31:176128;32:176128;33:176128;34:176128;35:176128;36:176128;37:176128;38:176128;39:176128;40:176128;41:176128;42:176128;43:176128;44:176128;45:176128;46:176128;47:286720,-op=residual-add -elements=2097152
472,bert:bert-7b-proxy:layer16_mlp_gelu,gelu,22544384,88064,all,48,all,48,1:466944;2:466944;3:466944;4:466944;5:466944;6:466944;7:466944;8:466944;9:466944;10:466944;11:466944;12:466944;13:466944;14:466944;15:466944;16:466944;17:466944;18:466944;19:466944;20:466944;21:466944;22:466944;23:466944;24:466944;25:466944;26:466944;27:466944;28:466944;29:466944;30:466944;31:466944;32:466944;33:466944;34:466944;35:466944;36:466944;37:466944;38:466944;39:466944;40:466944;41:466944;42:466944;43:466944;44:466944;45:466944;46:466944;47:466944;48:598016,-op=gelu -elements=5636096
473,gpt:gpt-7b:layer15_norm2,layernorm,8388608,32768,1-47,47,1-47,47,1:176128;2:176128;3:176128;4:176128;5:176128;6:176128;7:176128;8:176128;9:176128;10:176128;11:176128;12:176128;13:176128;14:176128;15:176128;16:176128;17:176128;18:176128;19:176128;20:176128;21:176128;22:176128;23:176128;24:176128;25:176128;26:176128;27:176128;28:176128;29:176128;30:176128;31:176128;32:176128;33:176128;34:176128;35:176128;36:176128;37:176128;38:176128;39:176128;40:176128;41:176128;42:176128;43:176128;44:176128;45:176128;46:176128;47:286720,-op=layernorm -hidden=4096 -rows=512
474,bert:bert-7b-proxy:layer16_mlp_fc2,split-linear,8388608,32768,1-47,47,1-47,47,1:176128;2:176128;3:176128;4:176128;5:176128;6:176128;7:176128;8:176128;9:176128;10:176128;11:176128;12:176128;13:176128;14:176128;15:176128;16:176128;17:176128;18:176128;19:176128;20:176128;21:176128;22:176128;23:176128;24:176128;25:176128;26:176128;27:176128;28:176128;29:176128;30:176128;31:176128;32:176128;33:176128;34:176128;35:176128;36:176128;37:176128;38:176128;39:176128;40:176128;41:176128;42:176128;43:176128;44:176128;45:176128;46:176128;47:286720,-op=split-linear -input-dim=11008 -output-dim=4096 -rows=512 -split-k=4
475,gpt:gpt-7b:layer15_mlp_fc1,split-linear,22544384,88064,all,48,all,48,1:466944;2:466944;3:466944;4:466944;5:466944;6:466944;7:466944;8:466944;9:466944;10:466944;11:466944;12:466944;13:466944;14:466944;15:466944;16:466944;17:466944;18:466944;19:466944;20:466944;21:466944;22:466944;23:466944;24:466944;25:466944;26:466944;27:466944;28:466944;29:466944;30:466944;31:466944;32:466944;33:466944;34:466944;35:466944;36:466944;37:466944;38:466944;39:466944;40:466944;41:466944;42:466944;43:466944;44:466944;45:466944;46:466944;47:466944;48:598016,-op=split-linear -input-dim=4096 -output-dim=11008 -rows=512 -split-k=4
476,bert:bert-7b-proxy:layer16_mlp_residual,residual-add,8388608,32768,1-47,47,1-47,47,1:176128;2:176128;3:176128;4:176128;5:176128;6:176128;7:176128;8:176128;9:176128;10:176128;11:176128;12:176128;13:176128;14:176128;15:176128;16:176128;17:176128;18:176128;19:176128;20:176128;21:176128;22:176128;23:176128;24:176128;25:176128;26:176128;27:176128;28:176128;29:176128;30:176128;31:176128;32:176128;33:176128;34:176128;35:176128;36:176128;37:176128;38:176128;39:176128;40:176128;41:176128;42:176128;43:176128;44:176128;45:176128;46:176128;47:286720,-op=residual-add -elements=2097152
477,gpt:gpt-7b:layer15_mlp_gelu,gelu,22544384,88064,all,48,all,48,1:466944;2:466944;3:466944;4:466944;5:466944;6:466944;7:466944;8:466944;9:466944;10:466944;11:466944;12:466944;13:466944;14:466944;15:466944;16:466944;17:466944;18:466944;19:466944;20:466944;21:466944;22:466944;23:466944;24:466944;25:466944;26:466944;27:466944;28:466944;29:466944;30:466944;31:466944;32:466944;33:466944;34:466944;35:466944;36:466944;37:466944;38:466944;39:466944;40:466944;41:466944;42:466944;43:466944;44:466944;45:466944;46:466944;47:466944;48:598016,-op=gelu -elements=5636096
478,bert:bert-7b-proxy:layer16_norm2,layernorm,8388608,32768,1-47,47,1-47,47,1:176128;2:176128;3:176128;4:176128;5:176128;6:176128;7:176128;8:176128;9:176128;10:176128;11:176128;12:176128;13:176128;14:176128;15:176128;16:176128;17:176128;18:176128;19:176128;20:176128;21:176128;22:176128;23:176128;24:176128;25:176128;26:176128;27:176128;28:176128;29:176128;30:176128;31:176128;32:176128;33:176128;34:176128;35:176128;36:176128;37:176128;38:176128;39:176128;40:176128;41:176128;42:176128;43:176128;44:176128;45:176128;46:176128;47:286720,-op=layernorm -hidden=4096 -rows=512
479,gpt:gpt-7b:layer15_mlp_fc2,split-linear,8388608,32768,1-47,47,1-47,47,1:176128;2:176128;3:176128;4:176128;5:176128;6:176128;7:176128;8:176128;9:176128;10:176128;11:176128;12:176128;13:176128;14:176128;15:176128;16:176128;17:176128;18:176128;19:176128;20:176128;21:176128;22:176128;23:176128;24:176128;25:176128;26:176128;27:176128;28:176128;29:176128;30:176128;31:176128;32:176128;33:176128;34:176128;35:176128;36:176128;37:176128;38:176128;39:176128;40:176128;41:176128;42:176128;43:176128;44:176128;45:176128;46:176128;47:286720,-op=split-linear -input-dim=11008 -output-dim=4096 -rows=512 -split-k=4
480,bert:bert-7b-proxy:layer17_attn_q,split-linear,8388608,32768,1-47,47,1-47,47,1:176128;2:176128;3:176128;4:176128;5:176128;6:176128;7:176128;8:176128;9:176128;10:176128;11:176128;12:176128;13:176128;14:176128;15:176128;16:176128;17:176128;18:176128;19:176128;20:176128;21:176128;22:176128;23:176128;24:176128;25:176128;26:176128;27:176128;28:176128;29:176128;30:176128;31:176128;32:176128;33:176128;34:176128;35:176128;36:176128;37:176128;38:176128;39:176128;40:176128;41:176128;42:176128;43:176128;44:176128;45:176128;46:176128;47:286720,-op=split-linear -input-dim=4096 -output-dim=4096 -rows=512 -split-k=4
481,gpt:gpt-7b:layer15_mlp_residual,residual-add,8388608,32768,1-47,47,1-47,47,1:176128;2:176128;3:176128;4:176128;5:176128;6:176128;7:176128;8:176128;9:176128;10:176128;11:176128;12:176128;13:176128;14:176128;15:176128;16:176128;17:176128;18:176128;19:176128;20:176128;21:176128;22:176128;23:176128;24:176128;25:176128;26:176128;27:176128;28:176128;29:176128;30:176128;31:176128;32:176128;33:176128;34:176128;35:176128;36:176128;37:176128;38:176128;39:176128;40:176128;41:176128;42:176128;43:176128;44:176128;45:176128;46:176128;47:286720,-op=residual-add -elements=2097152
482,bert:bert-7b-proxy:layer17_attn_k,split-linear,8388608,32768,1-47,47,1-47,47,1:176128;2:176128;3:176128;4:176128;5:176128;6:176128;7:176128;8:176128;9:176128;10:176128;11:176128;12:176128;13:176128;14:176128;15:176128;16:176128;17:176128;18:176128;19:176128;20:176128;21:176128;22:176128;23:176128;24:176128;25:176128;26:176128;27:176128;28:176128;29:176128;30:176128;31:176128;32:176128;33:176128;34:176128;35:176128;36:176128;37:176128;38:176128;39:176128;40:176128;41:176128;42:176128;43:176128;44:176128;45:176128;46:176128;47:286720,-op=split-linear -input-dim=4096 -output-dim=4096 -rows=512 -split-k=4
483,gpt:gpt-7b:layer16_norm1,layernorm,8388608,32768,1-47,47,1-47,47,1:176128;2:176128;3:176128;4:176128;5:176128;6:176128;7:176128;8:176128;9:176128;10:176128;11:176128;12:176128;13:176128;14:176128;15:176128;16:176128;17:176128;18:176128;19:176128;20:176128;21:176128;22:176128;23:176128;24:176128;25:176128;26:176128;27:176128;28:176128;29:176128;30:176128;31:176128;32:176128;33:176128;34:176128;35:176128;36:176128;37:176128;38:176128;39:176128;40:176128;41:176128;42:176128;43:176128;44:176128;45:176128;46:176128;47:286720,-op=layernorm -hidden=4096 -rows=512
484,bert:bert-7b-proxy:layer17_attn_v,split-linear,8388608,32768,1-47,47,1-47,47,1:176128;2:176128;3:176128;4:176128;5:176128;6:176128;7:176128;8:176128;9:176128;10:176128;11:176128;12:176128;13:176128;14:176128;15:176128;16:176128;17:176128;18:176128;19:176128;20:176128;21:176128;22:176128;23:176128;24:176128;25:176128;26:176128;27:176128;28:176128;29:176128;30:176128;31:176128;32:176128;33:176128;34:176128;35:176128;36:176128;37:176128;38:176128;39:176128;40:176128;41:176128;42:176128;43:176128;44:176128;45:176128;46:176128;47:286720,-op=split-linear -input-dim=4096 -output-dim=4096 -rows=512 -split-k=4
485,gpt:gpt-7b:layer16_attn_q,split-linear,8388608,32768,1-47,47,1-47,47,1:176128;2:176128;3:176128;4:176128;5:176128;6:176128;7:176128;8:176128;9:176128;10:176128;11:176128;12:176128;13:176128;14:176128;15:176128;16:176128;17:176128;18:176128;19:176128;20:176128;21:176128;22:176128;23:176128;24:176128;25:176128;26:176128;27:176128;28:176128;29:176128;30:176128;31:176128;32:176128;33:176128;34:176128;35:176128;36:176128;37:176128;38:176128;39:176128;40:176128;41:176128;42:176128;43:176128;44:176128;45:176128;46:176128;47:286720,-op=split-linear -input-dim=4096 -output-dim=4096 -rows=512 -split-k=4
486,bert:bert-7b-proxy:layer17_attn_score,split-linear,1048576,4096,1-43,43,1-43,43,1:20480;2:20480;3:20480;4:20480;5:20480;6:20480;7:20480;8:20480;9:20480;10:20480;11:20480;12:20480;13:20480;14:20480;15:20480;16:20480;17:20480;18:20480;19:20480;20:20480;21:20480;22:20480;23:20480;24:20480;25:20480;26:20480;27:20480;28:20480;29:20480;30:20480;31:20480;32:20480;33:20480;34:20480;35:20480;36:20480;37:20480;38:20480;39:20480;40:20480;41:20480;42:20480;43:188416,-op=split-linear -input-dim=4096 -output-dim=512 -rows=512 -split-k=4
487,gpt:gpt-7b:layer16_attn_k,split-linear,8388608,32768,1-47,47,1-47,47,1:176128;2:176128;3:176128;4:176128;5:176128;6:176128;7:176128;8:176128;9:176128;10:176128;11:176128;12:176128;13:176128;14:176128;15:176128;16:176128;17:176128;18:176128;19:176128;20:176128;21:176128;22:176128;23:176128;24:176128;25:176128;26:176128;27:176128;28:176128;29:176128;30:176128;31:176128;32:176128;33:176128;34:176128;35:176128;36:176128;37:176128;38:176128;39:176128;40:176128;41:176128;42:176128;43:176128;44:176128;45:176128;46:176128;47:286720,-op=split-linear -input-dim=4096 -output-dim=4096 -rows=512 -split-k=4
488,bert:bert-7b-proxy:layer17_attn_softmax,row-softmax,1048576,512,1-16,16,1-16,16,1:65536;2:65536;3:65536;4:65536;5:65536;6:65536;7:65536;8:65536;9:65536;10:65536;11:65536;12:65536;13:65536;14:65536;15:65536;16:65536,-op=row-softmax -cols=512 -rows=512
489,gpt:gpt-7b:layer16_attn_v,split-linear,8388608,32768,1-47,47,1-47,47,1:176128;2:176128;3:176128;4:176128;5:176128;6:176128;7:176128;8:176128;9:176128;10:176128;11:176128;12:176128;13:176128;14:176128;15:176128;16:176128;17:176128;18:176128;19:176128;20:176128;21:176128;22:176128;23:176128;24:176128;25:176128;26:176128;27:176128;28:176128;29:176128;30:176128;31:176128;32:176128;33:176128;34:176128;35:176128;36:176128;37:176128;38:176128;39:176128;40:176128;41:176128;42:176128;43:176128;44:176128;45:176128;46:176128;47:286720,-op=split-linear -input-dim=4096 -output-dim=4096 -rows=512 -split-k=4
490,bert:bert-7b-proxy:layer17_attn_value,split-linear,8388608,32768,1-47,47,1-47,47,1:176128;2:176128;3:176128;4:176128;5:176128;6:176128;7:176128;8:176128;9:176128;10:176128;11:176128;12:176128;13:176128;14:176128;15:176128;16:176128;17:176128;18:176128;19:176128;20:176128;21:176128;22:176128;23:176128;24:176128;25:176128;26:176128;27:176128;28:176128;29:176128;30:176128;31:176128;32:176128;33:176128;34:176128;35:176128;36:176128;37:176128;38:176128;39:176128;40:176128;41:176128;42:176128;43:176128;44:176128;45:176128;46:176128;47:286720,-op=split-linear -input-dim=512 -output-dim=4096 -rows=512 -split-k=4
491,gpt:gpt-7b:layer16_attn_score,split-linear,1048576,4096,1-43,43,1-43,43,1:20480;2:20480;3:20480;4:20480;5:20480;6:20480;7:20480;8:20480;9:20480;10:20480;11:20480;12:20480;13:20480;14:20480;15:20480;16:20480;17:20480;18:20480;19:20480;20:20480;21:20480;22:20480;23:20480;24:20480;25:20480;26:20480;27:20480;28:20480;29:20480;30:20480;31:20480;32:20480;33:20480;34:20480;35:20480;36:20480;37:20480;38:20480;39:20480;40:20480;41:20480;42:20480;43:188416,-op=split-linear -input-dim=4096 -output-dim=512 -rows=512 -split-k=4
492,bert:bert-7b-proxy:layer17_attn_out,split-linear,8388608,32768,1-47,47,1-47,47,1:176128;2:176128;3:176128;4:176128;5:176128;6:176128;7:176128;8:176128;9:176128;10:176128;11:176128;12:176128;13:176128;14:176128;15:176128;16:176128;17:176128;18:176128;19:176128;20:176128;21:176128;22:176128;23:176128;24:176128;25:176128;26:176128;27:176128;28:176128;29:176128;30:176128;31:176128;32:176128;33:176128;34:176128;35:176128;36:176128;37:176128;38:176128;39:176128;40:176128;41:176128;42:176128;43:176128;44:176128;45:176128;46:176128;47:286720,-op=split-linear -input-dim=4096 -output-dim=4096 -rows=512 -split-k=4
493,gpt:gpt-7b:layer16_causal_mask,causal-mask,1048576,4096,1-43,43,1-43,43,1:20480;2:20480;3:20480;4:20480;5:20480;6:20480;7:20480;8:20480;9:20480;10:20480;11:20480;12:20480;13:20480;14:20480;15:20480;16:20480;17:20480;18:20480;19:20480;20:20480;21:20480;22:20480;23:20480;24:20480;25:20480;26:20480;27:20480;28:20480;29:20480;30:20480;31:20480;32:20480;33:20480;34:20480;35:20480;36:20480;37:20480;38:20480;39:20480;40:20480;41:20480;42:20480;43:188416,-op=causal-mask -batch-size=1 -rows=512 -seq-len=512
494,bert:bert-7b-proxy:layer17_attn_residual,residual-add,8388608,32768,1-47,47,1-47,47,1:176128;2:176128;3:176128;4:176128;5:176128;6:176128;7:176128;8:176128;9:176128;10:176128;11:176128;12:176128;13:176128;14:176128;15:176128;16:176128;17:176128;18:176128;19:176128;20:176128;21:176128;22:176128;23:176128;24:176128;25:176128;26:176128;27:176128;28:176128;29:176128;30:176128;31:176128;32:176128;33:176128;34:176128;35:176128;36:176128;37:176128;38:176128;39:176128;40:176128;41:176128;42:176128;43:176128;44:176128;45:176128;46:176128;47:286720,-op=residual-add -elements=2097152
495,gpt:gpt-7b:layer16_attn_softmax,row-softmax,1048576,512,1-16,16,1-16,16,1:65536;2:65536;3:65536;4:65536;5:65536;6:65536;7:65536;8:65536;9:65536;10:65536;11:65536;12:65536;13:65536;14:65536;15:65536;16:65536,-op=row-softmax -cols=512 -rows=512
496,bert:bert-7b-proxy:layer17_norm1,layernorm,8388608,32768,1-47,47,1-47,47,1:176128;2:176128;3:176128;4:176128;5:176128;6:176128;7:176128;8:176128;9:176128;10:176128;11:176128;12:176128;13:176128;14:176128;15:176128;16:176128;17:176128;18:176128;19:176128;20:176128;21:176128;22:176128;23:176128;24:176128;25:176128;26:176128;27:176128;28:176128;29:176128;30:176128;31:176128;32:176128;33:176128;34:176128;35:176128;36:176128;37:176128;38:176128;39:176128;40:176128;41:176128;42:176128;43:176128;44:176128;45:176128;46:176128;47:286720,-op=layernorm -hidden=4096 -rows=512
497,gpt:gpt-7b:layer16_attn_value,split-linear,8388608,32768,1-47,47,1-47,47,1:176128;2:176128;3:176128;4:176128;5:176128;6:176128;7:176128;8:176128;9:176128;10:176128;11:176128;12:176128;13:176128;14:176128;15:176128;16:176128;17:176128;18:176128;19:176128;20:176128;21:176128;22:176128;23:176128;24:176128;25:176128;26:176128;27:176128;28:176128;29:176128;30:176128;31:176128;32:176128;33:176128;34:176128;35:176128;36:176128;37:176128;38:176128;39:176128;40:176128;41:176128;42:176128;43:176128;44:176128;45:176128;46:176128;47:286720,-op=split-linear -input-dim=512 -output-dim=4096 -rows=512 -split-k=4
498,bert:bert-7b-proxy:layer17_mlp_fc1,split-linear,22544384,88064,all,48,all,48,1:466944;2:466944;3:466944;4:466944;5:466944;6:466944;7:466944;8:466944;9:466944;10:466944;11:466944;12:466944;13:466944;14:466944;15:466944;16:466944;17:466944;18:466944;19:466944;20:466944;21:466944;22:466944;23:466944;24:466944;25:466944;26:466944;27:466944;28:466944;29:466944;30:466944;31:466944;32:466944;33:466944;34:466944;35:466944;36:466944;37:466944;38:466944;39:466944;40:466944;41:466944;42:466944;43:466944;44:466944;45:466944;46:466944;47:466944;48:598016,-op=split-linear -input-dim=4096 -output-dim=11008 -rows=512 -split-k=4
499,gpt:gpt-7b:layer16_attn_out,split-linear,8388608,32768,1-47,47,1-47,47,1:176128;2:176128;3:176128;4:176128;5:176128;6:176128;7:176128;8:176128;9:176128;10:176128;11:176128;12:176128;13:176128;14:176128;15:176128;16:176128;17:176128;18:176128;19:176128;20:176128;21:176128;22:176128;23:176128;24:176128;25:176128;26:176128;27:176128;28:176128;29:176128;30:176128;31:176128;32:176128;33:176128;34:176128;35:176128;36:176128;37:176128;38:176128;39:176128;40:176128;41:176128;42:176128;43:176128;44:176128;45:176128;46:176128;47:286720,-op=split-linear -input-dim=4096 -output-dim=4096 -rows=512 -split-k=4
500,bert:bert-7b-proxy:layer17_mlp_gelu,gelu,22544384,88064,all,48,all,48,1:466944;2:466944;3:466944;4:466944;5:466944;6:466944;7:466944;8:466944;9:466944;10:466944;11:466944;12:466944;13:466944;14:466944;15:466944;16:466944;17:466944;18:466944;19:466944;20:466944;21:466944;22:466944;23:466944;24:466944;25:466944;26:466944;27:466944;28:466944;29:466944;30:466944;31:466944;32:466944;33:466944;34:466944;35:466944;36:466944;37:466944;38:466944;39:466944;40:466944;41:466944;42:466944;43:466944;44:466944;45:466944;46:466944;47:466944;48:598016,-op=gelu -elements=5636096
501,gpt:gpt-7b:layer16_attn_residual,residual-add,8388608,32768,1-47,47,1-47,47,1:176128;2:176128;3:176128;4:176128;5:176128;6:176128;7:176128;8:176128;9:176128;10:176128;11:176128;12:176128;13:176128;14:176128;15:176128;16:176128;17:176128;18:176128;19:176128;20:176128;21:176128;22:176128;23:176128;24:176128;25:176128;26:176128;27:176128;28:176128;29:176128;30:176128;31:176128;32:176128;33:176128;34:176128;35:176128;36:176128;37:176128;38:176128;39:176128;40:176128;41:176128;42:176128;43:176128;44:176128;45:176128;46:176128;47:286720,-op=residual-add -elements=2097152
502,bert:bert-7b-proxy:layer17_mlp_fc2,split-linear,8388608,32768,1-47,47,1-47,47,1:176128;2:176128;3:176128;4:176128;5:176128;6:176128;7:176128;8:176128;9:176128;10:176128;11:176128;12:176128;13:176128;14:176128;15:176128;16:176128;17:176128;18:176128;19:176128;20:176128;21:176128;22:176128;23:176128;24:176128;25:176128;26:176128;27:176128;28:176128;29:176128;30:176128;31:176128;32:176128;33:176128;34:176128;35:176128;36:176128;37:176128;38:176128;39:176128;40:176128;41:176128;42:176128;43:176128;44:176128;45:176128;46:176128;47:286720,-op=split-linear -input-dim=11008 -output-dim=4096 -rows=512 -split-k=4
503,gpt:gpt-7b:layer16_norm2,layernorm,8388608,32768,1-47,47,1-47,47,1:176128;2:176128;3:176128;4:176128;5:176128;6:176128;7:176128;8:176128;9:176128;10:176128;11:176128;12:176128;13:176128;14:176128;15:176128;16:176128;17:176128;18:176128;19:176128;20:176128;21:176128;22:176128;23:176128;24:176128;25:176128;26:176128;27:176128;28:176128;29:176128;30:176128;31:176128;32:176128;33:176128;34:176128;35:176128;36:176128;37:176128;38:176128;39:176128;40:176128;41:176128;42:176128;43:176128;44:176128;45:176128;46:176128;47:286720,-op=layernorm -hidden=4096 -rows=512
504,bert:bert-7b-proxy:layer17_mlp_residual,residual-add,8388608,32768,1-47,47,1-47,47,1:176128;2:176128;3:176128;4:176128;5:176128;6:176128;7:176128;8:176128;9:176128;10:176128;11:176128;12:176128;13:176128;14:176128;15:176128;16:176128;17:176128;18:176128;19:176128;20:176128;21:176128;22:176128;23:176128;24:176128;25:176128;26:176128;27:176128;28:176128;29:176128;30:176128;31:176128;32:176128;33:176128;34:176128;35:176128;36:176128;37:176128;38:176128;39:176128;40:176128;41:176128;42:176128;43:176128;44:176128;45:176128;46:176128;47:286720,-op=residual-add -elements=2097152
505,gpt:gpt-7b:layer16_mlp_fc1,split-linear,22544384,88064,all,48,all,48,1:466944;2:466944;3:466944;4:466944;5:466944;6:466944;7:466944;8:466944;9:466944;10:466944;11:466944;12:466944;13:466944;14:466944;15:466944;16:466944;17:466944;18:466944;19:466944;20:466944;21:466944;22:466944;23:466944;24:466944;25:466944;26:466944;27:466944;28:466944;29:466944;30:466944;31:466944;32:466944;33:466944;34:466944;35:466944;36:466944;37:466944;38:466944;39:466944;40:466944;41:466944;42:466944;43:466944;44:466944;45:466944;46:466944;47:466944;48:598016,-op=split-linear -input-dim=4096 -output-dim=11008 -rows=512 -split-k=4
506,bert:bert-7b-proxy:layer17_norm2,layernorm,8388608,32768,1-47,47,1-47,47,1:176128;2:176128;3:176128;4:176128;5:176128;6:176128;7:176128;8:176128;9:176128;10:176128;11:176128;12:176128;13:176128;14:176128;15:176128;16:176128;17:176128;18:176128;19:176128;20:176128;21:176128;22:176128;23:176128;24:176128;25:176128;26:176128;27:176128;28:176128;29:176128;30:176128;31:176128;32:176128;33:176128;34:176128;35:176128;36:176128;37:176128;38:176128;39:176128;40:176128;41:176128;42:176128;43:176128;44:176128;45:176128;46:176128;47:286720,-op=layernorm -hidden=4096 -rows=512
507,gpt:gpt-7b:layer16_mlp_gelu,gelu,22544384,88064,all,48,all,48,1:466944;2:466944;3:466944;4:466944;5:466944;6:466944;7:466944;8:466944;9:466944;10:466944;11:466944;12:466944;13:466944;14:466944;15:466944;16:466944;17:466944;18:466944;19:466944;20:466944;21:466944;22:466944;23:466944;24:466944;25:466944;26:466944;27:466944;28:466944;29:466944;30:466944;31:466944;32:466944;33:466944;34:466944;35:466944;36:466944;37:466944;38:466944;39:466944;40:466944;41:466944;42:466944;43:466944;44:466944;45:466944;46:466944;47:466944;48:598016,-op=gelu -elements=5636096
508,bert:bert-7b-proxy:layer18_attn_q,split-linear,8388608,32768,1-47,47,1-47,47,1:176128;2:176128;3:176128;4:176128;5:176128;6:176128;7:176128;8:176128;9:176128;10:176128;11:176128;12:176128;13:176128;14:176128;15:176128;16:176128;17:176128;18:176128;19:176128;20:176128;21:176128;22:176128;23:176128;24:176128;25:176128;26:176128;27:176128;28:176128;29:176128;30:176128;31:176128;32:176128;33:176128;34:176128;35:176128;36:176128;37:176128;38:176128;39:176128;40:176128;41:176128;42:176128;43:176128;44:176128;45:176128;46:176128;47:286720,-op=split-linear -input-dim=4096 -output-dim=4096 -rows=512 -split-k=4
509,gpt:gpt-7b:layer16_mlp_fc2,split-linear,8388608,32768,1-47,47,1-47,47,1:176128;2:176128;3:176128;4:176128;5:176128;6:176128;7:176128;8:176128;9:176128;10:176128;11:176128;12:176128;13:176128;14:176128;15:176128;16:176128;17:176128;18:176128;19:176128;20:176128;21:176128;22:176128;23:176128;24:176128;25:176128;26:176128;27:176128;28:176128;29:176128;30:176128;31:176128;32:176128;33:176128;34:176128;35:176128;36:176128;37:176128;38:176128;39:176128;40:176128;41:176128;42:176128;43:176128;44:176128;45:176128;46:176128;47:286720,-op=split-linear -input-dim=11008 -output-dim=4096 -rows=512 -split-k=4
510,bert:bert-7b-proxy:layer18_attn_k,split-linear,8388608,32768,1-47,47,1-47,47,1:176128;2:176128;3:176128;4:176128;5:176128;6:176128;7:176128;8:176128;9:176128;10:176128;11:176128;12:176128;13:176128;14:176128;15:176128;16:176128;17:176128;18:176128;19:176128;20:176128;21:176128;22:176128;23:176128;24:176128;25:176128;26:176128;27:176128;28:176128;29:176128;30:176128;31:176128;32:176128;33:176128;34:176128;35:176128;36:176128;37:176128;38:176128;39:176128;40:176128;41:176128;42:176128;43:176128;44:176128;45:176128;46:176128;47:286720,-op=split-linear -input-dim=4096 -output-dim=4096 -rows=512 -split-k=4
511,gpt:gpt-7b:layer16_mlp_residual,residual-add,8388608,32768,1-47,47,1-47,47,1:176128;2:176128;3:176128;4:176128;5:176128;6:176128;7:176128;8:176128;9:176128;10:176128;11:176128;12:176128;13:176128;14:176128;15:176128;16:176128;17:176128;18:176128;19:176128;20:176128;21:176128;22:176128;23:176128;24:176128;25:176128;26:176128;27:176128;28:176128;29:176128;30:176128;31:176128;32:176128;33:176128;34:176128;35:176128;36:176128;37:176128;38:176128;39:176128;40:176128;41:176128;42:176128;43:176128;44:176128;45:176128;46:176128;47:286720,-op=residual-add -elements=2097152
512,bert:bert-7b-proxy:layer18_attn_v,split-linear,8388608,32768,1-47,47,1-47,47,1:176128;2:176128;3:176128;4:176128;5:176128;6:176128;7:176128;8:176128;9:176128;10:176128;11:176128;12:176128;13:176128;14:176128;15:176128;16:176128;17:176128;18:176128;19:176128;20:176128;21:176128;22:176128;23:176128;24:176128;25:176128;26:176128;27:176128;28:176128;29:176128;30:176128;31:176128;32:176128;33:176128;34:176128;35:176128;36:176128;37:176128;38:176128;39:176128;40:176128;41:176128;42:176128;43:176128;44:176128;45:176128;46:176128;47:286720,-op=split-linear -input-dim=4096 -output-dim=4096 -rows=512 -split-k=4
513,gpt:gpt-7b:layer17_norm1,layernorm,8388608,32768,1-47,47,1-47,47,1:176128;2:176128;3:176128;4:176128;5:176128;6:176128;7:176128;8:176128;9:176128;10:176128;11:176128;12:176128;13:176128;14:176128;15:176128;16:176128;17:176128;18:176128;19:176128;20:176128;21:176128;22:176128;23:176128;24:176128;25:176128;26:176128;27:176128;28:176128;29:176128;30:176128;31:176128;32:176128;33:176128;34:176128;35:176128;36:176128;37:176128;38:176128;39:176128;40:176128;41:176128;42:176128;43:176128;44:176128;45:176128;46:176128;47:286720,-op=layernorm -hidden=4096 -rows=512
514,bert:bert-7b-proxy:layer18_attn_score,split-linear,1048576,4096,1-43,43,1-43,43,1:20480;2:20480;3:20480;4:20480;5:20480;6:20480;7:20480;8:20480;9:20480;10:20480;11:20480;12:20480;13:20480;14:20480;15:20480;16:20480;17:20480;18:20480;19:20480;20:20480;21:20480;22:20480;23:20480;24:20480;25:20480;26:20480;27:20480;28:20480;29:20480;30:20480;31:20480;32:20480;33:20480;34:20480;35:20480;36:20480;37:20480;38:20480;39:20480;40:20480;41:20480;42:20480;43:188416,-op=split-linear -input-dim=4096 -output-dim=512 -rows=512 -split-k=4
515,gpt:gpt-7b:layer17_attn_q,split-linear,8388608,32768,1-47,47,1-47,47,1:176128;2:176128;3:176128;4:176128;5:176128;6:176128;7:176128;8:176128;9:176128;10:176128;11:176128;12:176128;13:176128;14:176128;15:176128;16:176128;17:176128;18:176128;19:176128;20:176128;21:176128;22:176128;23:176128;24:176128;25:176128;26:176128;27:176128;28:176128;29:176128;30:176128;31:176128;32:176128;33:176128;34:176128;35:176128;36:176128;37:176128;38:176128;39:176128;40:176128;41:176128;42:176128;43:176128;44:176128;45:176128;46:176128;47:286720,-op=split-linear -input-dim=4096 -output-dim=4096 -rows=512 -split-k=4
516,bert:bert-7b-proxy:layer18_attn_softmax,row-softmax,1048576,512,1-16,16,1-16,16,1:65536;2:65536;3:65536;4:65536;5:65536;6:65536;7:65536;8:65536;9:65536;10:65536;11:65536;12:65536;13:65536;14:65536;15:65536;16:65536,-op=row-softmax -cols=512 -rows=512
517,gpt:gpt-7b:layer17_attn_k,split-linear,8388608,32768,1-47,47,1-47,47,1:176128;2:176128;3:176128;4:176128;5:176128;6:176128;7:176128;8:176128;9:176128;10:176128;11:176128;12:176128;13:176128;14:176128;15:176128;16:176128;17:176128;18:176128;19:176128;20:176128;21:176128;22:176128;23:176128;24:176128;25:176128;26:176128;27:176128;28:176128;29:176128;30:176128;31:176128;32:176128;33:176128;34:176128;35:176128;36:176128;37:176128;38:176128;39:176128;40:176128;41:176128;42:176128;43:176128;44:176128;45:176128;46:176128;47:286720,-op=split-linear -input-dim=4096 -output-dim=4096 -rows=512 -split-k=4
518,bert:bert-7b-proxy:layer18_attn_value,split-linear,8388608,32768,1-47,47,1-47,47,1:176128;2:176128;3:176128;4:176128;5:176128;6:176128;7:176128;8:176128;9:176128;10:176128;11:176128;12:176128;13:176128;14:176128;15:176128;16:176128;17:176128;18:176128;19:176128;20:176128;21:176128;22:176128;23:176128;24:176128;25:176128;26:176128;27:176128;28:176128;29:176128;30:176128;31:176128;32:176128;33:176128;34:176128;35:176128;36:176128;37:176128;38:176128;39:176128;40:176128;41:176128;42:176128;43:176128;44:176128;45:176128;46:176128;47:286720,-op=split-linear -input-dim=512 -output-dim=4096 -rows=512 -split-k=4
519,gpt:gpt-7b:layer17_attn_v,split-linear,8388608,32768,1-47,47,1-47,47,1:176128;2:176128;3:176128;4:176128;5:176128;6:176128;7:176128;8:176128;9:176128;10:176128;11:176128;12:176128;13:176128;14:176128;15:176128;16:176128;17:176128;18:176128;19:176128;20:176128;21:176128;22:176128;23:176128;24:176128;25:176128;26:176128;27:176128;28:176128;29:176128;30:176128;31:176128;32:176128;33:176128;34:176128;35:176128;36:176128;37:176128;38:176128;39:176128;40:176128;41:176128;42:176128;43:176128;44:176128;45:176128;46:176128;47:286720,-op=split-linear -input-dim=4096 -output-dim=4096 -rows=512 -split-k=4
520,bert:bert-7b-proxy:layer18_attn_out,split-linear,8388608,32768,1-47,47,1-47,47,1:176128;2:176128;3:176128;4:176128;5:176128;6:176128;7:176128;8:176128;9:176128;10:176128;11:176128;12:176128;13:176128;14:176128;15:176128;16:176128;17:176128;18:176128;19:176128;20:176128;21:176128;22:176128;23:176128;24:176128;25:176128;26:176128;27:176128;28:176128;29:176128;30:176128;31:176128;32:176128;33:176128;34:176128;35:176128;36:176128;37:176128;38:176128;39:176128;40:176128;41:176128;42:176128;43:176128;44:176128;45:176128;46:176128;47:286720,-op=split-linear -input-dim=4096 -output-dim=4096 -rows=512 -split-k=4
521,gpt:gpt-7b:layer17_attn_score,split-linear,1048576,4096,1-43,43,1-43,43,1:20480;2:20480;3:20480;4:20480;5:20480;6:20480;7:20480;8:20480;9:20480;10:20480;11:20480;12:20480;13:20480;14:20480;15:20480;16:20480;17:20480;18:20480;19:20480;20:20480;21:20480;22:20480;23:20480;24:20480;25:20480;26:20480;27:20480;28:20480;29:20480;30:20480;31:20480;32:20480;33:20480;34:20480;35:20480;36:20480;37:20480;38:20480;39:20480;40:20480;41:20480;42:20480;43:188416,-op=split-linear -input-dim=4096 -output-dim=512 -rows=512 -split-k=4
522,bert:bert-7b-proxy:layer18_attn_residual,residual-add,8388608,32768,1-47,47,1-47,47,1:176128;2:176128;3:176128;4:176128;5:176128;6:176128;7:176128;8:176128;9:176128;10:176128;11:176128;12:176128;13:176128;14:176128;15:176128;16:176128;17:176128;18:176128;19:176128;20:176128;21:176128;22:176128;23:176128;24:176128;25:176128;26:176128;27:176128;28:176128;29:176128;30:176128;31:176128;32:176128;33:176128;34:176128;35:176128;36:176128;37:176128;38:176128;39:176128;40:176128;41:176128;42:176128;43:176128;44:176128;45:176128;46:176128;47:286720,-op=residual-add -elements=2097152
523,gpt:gpt-7b:layer17_causal_mask,causal-mask,1048576,4096,1-43,43,1-43,43,1:20480;2:20480;3:20480;4:20480;5:20480;6:20480;7:20480;8:20480;9:20480;10:20480;11:20480;12:20480;13:20480;14:20480;15:20480;16:20480;17:20480;18:20480;19:20480;20:20480;21:20480;22:20480;23:20480;24:20480;25:20480;26:20480;27:20480;28:20480;29:20480;30:20480;31:20480;32:20480;33:20480;34:20480;35:20480;36:20480;37:20480;38:20480;39:20480;40:20480;41:20480;42:20480;43:188416,-op=causal-mask -batch-size=1 -rows=512 -seq-len=512
524,bert:bert-7b-proxy:layer18_norm1,layernorm,8388608,32768,1-47,47,1-47,47,1:176128;2:176128;3:176128;4:176128;5:176128;6:176128;7:176128;8:176128;9:176128;10:176128;11:176128;12:176128;13:176128;14:176128;15:176128;16:176128;17:176128;18:176128;19:176128;20:176128;21:176128;22:176128;23:176128;24:176128;25:176128;26:176128;27:176128;28:176128;29:176128;30:176128;31:176128;32:176128;33:176128;34:176128;35:176128;36:176128;37:176128;38:176128;39:176128;40:176128;41:176128;42:176128;43:176128;44:176128;45:176128;46:176128;47:286720,-op=layernorm -hidden=4096 -rows=512
525,gpt:gpt-7b:layer17_attn_softmax,row-softmax,1048576,512,1-16,16,1-16,16,1:65536;2:65536;3:65536;4:65536;5:65536;6:65536;7:65536;8:65536;9:65536;10:65536;11:65536;12:65536;13:65536;14:65536;15:65536;16:65536,-op=row-softmax -cols=512 -rows=512
526,bert:bert-7b-proxy:layer18_mlp_fc1,split-linear,22544384,88064,all,48,all,48,1:466944;2:466944;3:466944;4:466944;5:466944;6:466944;7:466944;8:466944;9:466944;10:466944;11:466944;12:466944;13:466944;14:466944;15:466944;16:466944;17:466944;18:466944;19:466944;20:466944;21:466944;22:466944;23:466944;24:466944;25:466944;26:466944;27:466944;28:466944;29:466944;30:466944;31:466944;32:466944;33:466944;34:466944;35:466944;36:466944;37:466944;38:466944;39:466944;40:466944;41:466944;42:466944;43:466944;44:466944;45:466944;46:466944;47:466944;48:598016,-op=split-linear -input-dim=4096 -output-dim=11008 -rows=512 -split-k=4
527,gpt:gpt-7b:layer17_attn_value,split-linear,8388608,32768,1-47,47,1-47,47,1:176128;2:176128;3:176128;4:176128;5:176128;6:176128;7:176128;8:176128;9:176128;10:176128;11:176128;12:176128;13:176128;14:176128;15:176128;16:176128;17:176128;18:176128;19:176128;20:176128;21:176128;22:176128;23:176128;24:176128;25:176128;26:176128;27:176128;28:176128;29:176128;30:176128;31:176128;32:176128;33:176128;34:176128;35:176128;36:176128;37:176128;38:176128;39:176128;40:176128;41:176128;42:176128;43:176128;44:176128;45:176128;46:176128;47:286720,-op=split-linear -input-dim=512 -output-dim=4096 -rows=512 -split-k=4
528,bert:bert-7b-proxy:layer18_mlp_gelu,gelu,22544384,88064,all,48,all,48,1:466944;2:466944;3:466944;4:466944;5:466944;6:466944;7:466944;8:466944;9:466944;10:466944;11:466944;12:466944;13:466944;14:466944;15:466944;16:466944;17:466944;18:466944;19:466944;20:466944;21:466944;22:466944;23:466944;24:466944;25:466944;26:466944;27:466944;28:466944;29:466944;30:466944;31:466944;32:466944;33:466944;34:466944;35:466944;36:466944;37:466944;38:466944;39:466944;40:466944;41:466944;42:466944;43:466944;44:466944;45:466944;46:466944;47:466944;48:598016,-op=gelu -elements=5636096
529,gpt:gpt-7b:layer17_attn_out,split-linear,8388608,32768,1-47,47,1-47,47,1:176128;2:176128;3:176128;4:176128;5:176128;6:176128;7:176128;8:176128;9:176128;10:176128;11:176128;12:176128;13:176128;14:176128;15:176128;16:176128;17:176128;18:176128;19:176128;20:176128;21:176128;22:176128;23:176128;24:176128;25:176128;26:176128;27:176128;28:176128;29:176128;30:176128;31:176128;32:176128;33:176128;34:176128;35:176128;36:176128;37:176128;38:176128;39:176128;40:176128;41:176128;42:176128;43:176128;44:176128;45:176128;46:176128;47:286720,-op=split-linear -input-dim=4096 -output-dim=4096 -rows=512 -split-k=4
530,bert:bert-7b-proxy:layer18_mlp_fc2,split-linear,8388608,32768,1-47,47,1-47,47,1:176128;2:176128;3:176128;4:176128;5:176128;6:176128;7:176128;8:176128;9:176128;10:176128;11:176128;12:176128;13:176128;14:176128;15:176128;16:176128;17:176128;18:176128;19:176128;20:176128;21:176128;22:176128;23:176128;24:176128;25:176128;26:176128;27:176128;28:176128;29:176128;30:176128;31:176128;32:176128;33:176128;34:176128;35:176128;36:176128;37:176128;38:176128;39:176128;40:176128;41:176128;42:176128;43:176128;44:176128;45:176128;46:176128;47:286720,-op=split-linear -input-dim=11008 -output-dim=4096 -rows=512 -split-k=4
531,gpt:gpt-7b:layer17_attn_residual,residual-add,8388608,32768,1-47,47,1-47,47,1:176128;2:176128;3:176128;4:176128;5:176128;6:176128;7:176128;8:176128;9:176128;10:176128;11:176128;12:176128;13:176128;14:176128;15:176128;16:176128;17:176128;18:176128;19:176128;20:176128;21:176128;22:176128;23:176128;24:176128;25:176128;26:176128;27:176128;28:176128;29:176128;30:176128;31:176128;32:176128;33:176128;34:176128;35:176128;36:176128;37:176128;38:176128;39:176128;40:176128;41:176128;42:176128;43:176128;44:176128;45:176128;46:176128;47:286720,-op=residual-add -elements=2097152
532,bert:bert-7b-proxy:layer18_mlp_residual,residual-add,8388608,32768,1-47,47,1-47,47,1:176128;2:176128;3:176128;4:176128;5:176128;6:176128;7:176128;8:176128;9:176128;10:176128;11:176128;12:176128;13:176128;14:176128;15:176128;16:176128;17:176128;18:176128;19:176128;20:176128;21:176128;22:176128;23:176128;24:176128;25:176128;26:176128;27:176128;28:176128;29:176128;30:176128;31:176128;32:176128;33:176128;34:176128;35:176128;36:176128;37:176128;38:176128;39:176128;40:176128;41:176128;42:176128;43:176128;44:176128;45:176128;46:176128;47:286720,-op=residual-add -elements=2097152
533,gpt:gpt-7b:layer17_norm2,layernorm,8388608,32768,1-47,47,1-47,47,1:176128;2:176128;3:176128;4:176128;5:176128;6:176128;7:176128;8:176128;9:176128;10:176128;11:176128;12:176128;13:176128;14:176128;15:176128;16:176128;17:176128;18:176128;19:176128;20:176128;21:176128;22:176128;23:176128;24:176128;25:176128;26:176128;27:176128;28:176128;29:176128;30:176128;31:176128;32:176128;33:176128;34:176128;35:176128;36:176128;37:176128;38:176128;39:176128;40:176128;41:176128;42:176128;43:176128;44:176128;45:176128;46:176128;47:286720,-op=layernorm -hidden=4096 -rows=512
534,bert:bert-7b-proxy:layer18_norm2,layernorm,8388608,32768,1-47,47,1-47,47,1:176128;2:176128;3:176128;4:176128;5:176128;6:176128;7:176128;8:176128;9:176128;10:176128;11:176128;12:176128;13:176128;14:176128;15:176128;16:176128;17:176128;18:176128;19:176128;20:176128;21:176128;22:176128;23:176128;24:176128;25:176128;26:176128;27:176128;28:176128;29:176128;30:176128;31:176128;32:176128;33:176128;34:176128;35:176128;36:176128;37:176128;38:176128;39:176128;40:176128;41:176128;42:176128;43:176128;44:176128;45:176128;46:176128;47:286720,-op=layernorm -hidden=4096 -rows=512
535,gpt:gpt-7b:layer17_mlp_fc1,split-linear,22544384,88064,all,48,all,48,1:466944;2:466944;3:466944;4:466944;5:466944;6:466944;7:466944;8:466944;9:466944;10:466944;11:466944;12:466944;13:466944;14:466944;15:466944;16:466944;17:466944;18:466944;19:466944;20:466944;21:466944;22:466944;23:466944;24:466944;25:466944;26:466944;27:466944;28:466944;29:466944;30:466944;31:466944;32:466944;33:466944;34:466944;35:466944;36:466944;37:466944;38:466944;39:466944;40:466944;41:466944;42:466944;43:466944;44:466944;45:466944;46:466944;47:466944;48:598016,-op=split-linear -input-dim=4096 -output-dim=11008 -rows=512 -split-k=4
536,bert:bert-7b-proxy:layer19_attn_q,split-linear,8388608,32768,1-47,47,1-47,47,1:176128;2:176128;3:176128;4:176128;5:176128;6:176128;7:176128;8:176128;9:176128;10:176128;11:176128;12:176128;13:176128;14:176128;15:176128;16:176128;17:176128;18:176128;19:176128;20:176128;21:176128;22:176128;23:176128;24:176128;25:176128;26:176128;27:176128;28:176128;29:176128;30:176128;31:176128;32:176128;33:176128;34:176128;35:176128;36:176128;37:176128;38:176128;39:176128;40:176128;41:176128;42:176128;43:176128;44:176128;45:176128;46:176128;47:286720,-op=split-linear -input-dim=4096 -output-dim=4096 -rows=512 -split-k=4
537,gpt:gpt-7b:layer17_mlp_gelu,gelu,22544384,88064,all,48,all,48,1:466944;2:466944;3:466944;4:466944;5:466944;6:466944;7:466944;8:466944;9:466944;10:466944;11:466944;12:466944;13:466944;14:466944;15:466944;16:466944;17:466944;18:466944;19:466944;20:466944;21:466944;22:466944;23:466944;24:466944;25:466944;26:466944;27:466944;28:466944;29:466944;30:466944;31:466944;32:466944;33:466944;34:466944;35:466944;36:466944;37:466944;38:466944;39:466944;40:466944;41:466944;42:466944;43:466944;44:466944;45:466944;46:466944;47:466944;48:598016,-op=gelu -elements=5636096
538,bert:bert-7b-proxy:layer19_attn_k,split-linear,8388608,32768,1-47,47,1-47,47,1:176128;2:176128;3:176128;4:176128;5:176128;6:176128;7:176128;8:176128;9:176128;10:176128;11:176128;12:176128;13:176128;14:176128;15:176128;16:176128;17:176128;18:176128;19:176128;20:176128;21:176128;22:176128;23:176128;24:176128;25:176128;26:176128;27:176128;28:176128;29:176128;30:176128;31:176128;32:176128;33:176128;34:176128;35:176128;36:176128;37:176128;38:176128;39:176128;40:176128;41:176128;42:176128;43:176128;44:176128;45:176128;46:176128;47:286720,-op=split-linear -input-dim=4096 -output-dim=4096 -rows=512 -split-k=4
539,gpt:gpt-7b:layer17_mlp_fc2,split-linear,8388608,32768,1-47,47,1-47,47,1:176128;2:176128;3:176128;4:176128;5:176128;6:176128;7:176128;8:176128;9:176128;10:176128;11:176128;12:176128;13:176128;14:176128;15:176128;16:176128;17:176128;18:176128;19:176128;20:176128;21:176128;22:176128;23:176128;24:176128;25:176128;26:176128;27:176128;28:176128;29:176128;30:176128;31:176128;32:176128;33:176128;34:176128;35:176128;36:176128;37:176128;38:176128;39:176128;40:176128;41:176128;42:176128;43:176128;44:176128;45:176128;46:176128;47:286720,-op=split-linear -input-dim=11008 -output-dim=4096 -rows=512 -split-k=4
540,bert:bert-7b-proxy:layer19_attn_v,split-linear,8388608,32768,1-47,47,1-47,47,1:176128;2:176128;3:176128;4:176128;5:176128;6:176128;7:176128;8:176128;9:176128;10:176128;11:176128;12:176128;13:176128;14:176128;15:176128;16:176128;17:176128;18:176128;19:176128;20:176128;21:176128;22:176128;23:176128;24:176128;25:176128;26:176128;27:176128;28:176128;29:176128;30:176128;31:176128;32:176128;33:176128;34:176128;35:176128;36:176128;37:176128;38:176128;39:176128;40:176128;41:176128;42:176128;43:176128;44:176128;45:176128;46:176128;47:286720,-op=split-linear -input-dim=4096 -output-dim=4096 -rows=512 -split-k=4
541,gpt:gpt-7b:layer17_mlp_residual,residual-add,8388608,32768,1-47,47,1-47,47,1:176128;2:176128;3:176128;4:176128;5:176128;6:176128;7:176128;8:176128;9:176128;10:176128;11:176128;12:176128;13:176128;14:176128;15:176128;16:176128;17:176128;18:176128;19:176128;20:176128;21:176128;22:176128;23:176128;24:176128;25:176128;26:176128;27:176128;28:176128;29:176128;30:176128;31:176128;32:176128;33:176128;34:176128;35:176128;36:176128;37:176128;38:176128;39:176128;40:176128;41:176128;42:176128;43:176128;44:176128;45:176128;46:176128;47:286720,-op=residual-add -elements=2097152
542,bert:bert-7b-proxy:layer19_attn_score,split-linear,1048576,4096,1-43,43,1-43,43,1:20480;2:20480;3:20480;4:20480;5:20480;6:20480;7:20480;8:20480;9:20480;10:20480;11:20480;12:20480;13:20480;14:20480;15:20480;16:20480;17:20480;18:20480;19:20480;20:20480;21:20480;22:20480;23:20480;24:20480;25:20480;26:20480;27:20480;28:20480;29:20480;30:20480;31:20480;32:20480;33:20480;34:20480;35:20480;36:20480;37:20480;38:20480;39:20480;40:20480;41:20480;42:20480;43:188416,-op=split-linear -input-dim=4096 -output-dim=512 -rows=512 -split-k=4
543,gpt:gpt-7b:layer18_norm1,layernorm,8388608,32768,1-47,47,1-47,47,1:176128;2:176128;3:176128;4:176128;5:176128;6:176128;7:176128;8:176128;9:176128;10:176128;11:176128;12:176128;13:176128;14:176128;15:176128;16:176128;17:176128;18:176128;19:176128;20:176128;21:176128;22:176128;23:176128;24:176128;25:176128;26:176128;27:176128;28:176128;29:176128;30:176128;31:176128;32:176128;33:176128;34:176128;35:176128;36:176128;37:176128;38:176128;39:176128;40:176128;41:176128;42:176128;43:176128;44:176128;45:176128;46:176128;47:286720,-op=layernorm -hidden=4096 -rows=512
544,bert:bert-7b-proxy:layer19_attn_softmax,row-softmax,1048576,512,1-16,16,1-16,16,1:65536;2:65536;3:65536;4:65536;5:65536;6:65536;7:65536;8:65536;9:65536;10:65536;11:65536;12:65536;13:65536;14:65536;15:65536;16:65536,-op=row-softmax -cols=512 -rows=512
545,gpt:gpt-7b:layer18_attn_q,split-linear,8388608,32768,1-47,47,1-47,47,1:176128;2:176128;3:176128;4:176128;5:176128;6:176128;7:176128;8:176128;9:176128;10:176128;11:176128;12:176128;13:176128;14:176128;15:176128;16:176128;17:176128;18:176128;19:176128;20:176128;21:176128;22:176128;23:176128;24:176128;25:176128;26:176128;27:176128;28:176128;29:176128;30:176128;31:176128;32:176128;33:176128;34:176128;35:176128;36:176128;37:176128;38:176128;39:176128;40:176128;41:176128;42:176128;43:176128;44:176128;45:176128;46:176128;47:286720,-op=split-linear -input-dim=4096 -output-dim=4096 -rows=512 -split-k=4
546,bert:bert-7b-proxy:layer19_attn_value,split-linear,8388608,32768,1-47,47,1-47,47,1:176128;2:176128;3:176128;4:176128;5:176128;6:176128;7:176128;8:176128;9:176128;10:176128;11:176128;12:176128;13:176128;14:176128;15:176128;16:176128;17:176128;18:176128;19:176128;20:176128;21:176128;22:176128;23:176128;24:176128;25:176128;26:176128;27:176128;28:176128;29:176128;30:176128;31:176128;32:176128;33:176128;34:176128;35:176128;36:176128;37:176128;38:176128;39:176128;40:176128;41:176128;42:176128;43:176128;44:176128;45:176128;46:176128;47:286720,-op=split-linear -input-dim=512 -output-dim=4096 -rows=512 -split-k=4
547,gpt:gpt-7b:layer18_attn_k,split-linear,8388608,32768,1-47,47,1-47,47,1:176128;2:176128;3:176128;4:176128;5:176128;6:176128;7:176128;8:176128;9:176128;10:176128;11:176128;12:176128;13:176128;14:176128;15:176128;16:176128;17:176128;18:176128;19:176128;20:176128;21:176128;22:176128;23:176128;24:176128;25:176128;26:176128;27:176128;28:176128;29:176128;30:176128;31:176128;32:176128;33:176128;34:176128;35:176128;36:176128;37:176128;38:176128;39:176128;40:176128;41:176128;42:176128;43:176128;44:176128;45:176128;46:176128;47:286720,-op=split-linear -input-dim=4096 -output-dim=4096 -rows=512 -split-k=4
548,bert:bert-7b-proxy:layer19_attn_out,split-linear,8388608,32768,1-47,47,1-47,47,1:176128;2:176128;3:176128;4:176128;5:176128;6:176128;7:176128;8:176128;9:176128;10:176128;11:176128;12:176128;13:176128;14:176128;15:176128;16:176128;17:176128;18:176128;19:176128;20:176128;21:176128;22:176128;23:176128;24:176128;25:176128;26:176128;27:176128;28:176128;29:176128;30:176128;31:176128;32:176128;33:176128;34:176128;35:176128;36:176128;37:176128;38:176128;39:176128;40:176128;41:176128;42:176128;43:176128;44:176128;45:176128;46:176128;47:286720,-op=split-linear -input-dim=4096 -output-dim=4096 -rows=512 -split-k=4
549,gpt:gpt-7b:layer18_attn_v,split-linear,8388608,32768,1-47,47,1-47,47,1:176128;2:176128;3:176128;4:176128;5:176128;6:176128;7:176128;8:176128;9:176128;10:176128;11:176128;12:176128;13:176128;14:176128;15:176128;16:176128;17:176128;18:176128;19:176128;20:176128;21:176128;22:176128;23:176128;24:176128;25:176128;26:176128;27:176128;28:176128;29:176128;30:176128;31:176128;32:176128;33:176128;34:176128;35:176128;36:176128;37:176128;38:176128;39:176128;40:176128;41:176128;42:176128;43:176128;44:176128;45:176128;46:176128;47:286720,-op=split-linear -input-dim=4096 -output-dim=4096 -rows=512 -split-k=4
550,bert:bert-7b-proxy:layer19_attn_residual,residual-add,8388608,32768,1-47,47,1-47,47,1:176128;2:176128;3:176128;4:176128;5:176128;6:176128;7:176128;8:176128;9:176128;10:176128;11:176128;12:176128;13:176128;14:176128;15:176128;16:176128;17:176128;18:176128;19:176128;20:176128;21:176128;22:176128;23:176128;24:176128;25:176128;26:176128;27:176128;28:176128;29:176128;30:176128;31:176128;32:176128;33:176128;34:176128;35:176128;36:176128;37:176128;38:176128;39:176128;40:176128;41:176128;42:176128;43:176128;44:176128;45:176128;46:176128;47:286720,-op=residual-add -elements=2097152
551,gpt:gpt-7b:layer18_attn_score,split-linear,1048576,4096,1-43,43,1-43,43,1:20480;2:20480;3:20480;4:20480;5:20480;6:20480;7:20480;8:20480;9:20480;10:20480;11:20480;12:20480;13:20480;14:20480;15:20480;16:20480;17:20480;18:20480;19:20480;20:20480;21:20480;22:20480;23:20480;24:20480;25:20480;26:20480;27:20480;28:20480;29:20480;30:20480;31:20480;32:20480;33:20480;34:20480;35:20480;36:20480;37:20480;38:20480;39:20480;40:20480;41:20480;42:20480;43:188416,-op=split-linear -input-dim=4096 -output-dim=512 -rows=512 -split-k=4
552,bert:bert-7b-proxy:layer19_norm1,layernorm,8388608,32768,1-47,47,1-47,47,1:176128;2:176128;3:176128;4:176128;5:176128;6:176128;7:176128;8:176128;9:176128;10:176128;11:176128;12:176128;13:176128;14:176128;15:176128;16:176128;17:176128;18:176128;19:176128;20:176128;21:176128;22:176128;23:176128;24:176128;25:176128;26:176128;27:176128;28:176128;29:176128;30:176128;31:176128;32:176128;33:176128;34:176128;35:176128;36:176128;37:176128;38:176128;39:176128;40:176128;41:176128;42:176128;43:176128;44:176128;45:176128;46:176128;47:286720,-op=layernorm -hidden=4096 -rows=512
553,gpt:gpt-7b:layer18_causal_mask,causal-mask,1048576,4096,1-43,43,1-43,43,1:20480;2:20480;3:20480;4:20480;5:20480;6:20480;7:20480;8:20480;9:20480;10:20480;11:20480;12:20480;13:20480;14:20480;15:20480;16:20480;17:20480;18:20480;19:20480;20:20480;21:20480;22:20480;23:20480;24:20480;25:20480;26:20480;27:20480;28:20480;29:20480;30:20480;31:20480;32:20480;33:20480;34:20480;35:20480;36:20480;37:20480;38:20480;39:20480;40:20480;41:20480;42:20480;43:188416,-op=causal-mask -batch-size=1 -rows=512 -seq-len=512
554,bert:bert-7b-proxy:layer19_mlp_fc1,split-linear,22544384,88064,all,48,all,48,1:466944;2:466944;3:466944;4:466944;5:466944;6:466944;7:466944;8:466944;9:466944;10:466944;11:466944;12:466944;13:466944;14:466944;15:466944;16:466944;17:466944;18:466944;19:466944;20:466944;21:466944;22:466944;23:466944;24:466944;25:466944;26:466944;27:466944;28:466944;29:466944;30:466944;31:466944;32:466944;33:466944;34:466944;35:466944;36:466944;37:466944;38:466944;39:466944;40:466944;41:466944;42:466944;43:466944;44:466944;45:466944;46:466944;47:466944;48:598016,-op=split-linear -input-dim=4096 -output-dim=11008 -rows=512 -split-k=4
555,gpt:gpt-7b:layer18_attn_softmax,row-softmax,1048576,512,1-16,16,1-16,16,1:65536;2:65536;3:65536;4:65536;5:65536;6:65536;7:65536;8:65536;9:65536;10:65536;11:65536;12:65536;13:65536;14:65536;15:65536;16:65536,-op=row-softmax -cols=512 -rows=512
556,bert:bert-7b-proxy:layer19_mlp_gelu,gelu,22544384,88064,all,48,all,48,1:466944;2:466944;3:466944;4:466944;5:466944;6:466944;7:466944;8:466944;9:466944;10:466944;11:466944;12:466944;13:466944;14:466944;15:466944;16:466944;17:466944;18:466944;19:466944;20:466944;21:466944;22:466944;23:466944;24:466944;25:466944;26:466944;27:466944;28:466944;29:466944;30:466944;31:466944;32:466944;33:466944;34:466944;35:466944;36:466944;37:466944;38:466944;39:466944;40:466944;41:466944;42:466944;43:466944;44:466944;45:466944;46:466944;47:466944;48:598016,-op=gelu -elements=5636096
557,gpt:gpt-7b:layer18_attn_value,split-linear,8388608,32768,1-47,47,1-47,47,1:176128;2:176128;3:176128;4:176128;5:176128;6:176128;7:176128;8:176128;9:176128;10:176128;11:176128;12:176128;13:176128;14:176128;15:176128;16:176128;17:176128;18:176128;19:176128;20:176128;21:176128;22:176128;23:176128;24:176128;25:176128;26:176128;27:176128;28:176128;29:176128;30:176128;31:176128;32:176128;33:176128;34:176128;35:176128;36:176128;37:176128;38:176128;39:176128;40:176128;41:176128;42:176128;43:176128;44:176128;45:176128;46:176128;47:286720,-op=split-linear -input-dim=512 -output-dim=4096 -rows=512 -split-k=4
558,bert:bert-7b-proxy:layer19_mlp_fc2,split-linear,8388608,32768,1-47,47,1-47,47,1:176128;2:176128;3:176128;4:176128;5:176128;6:176128;7:176128;8:176128;9:176128;10:176128;11:176128;12:176128;13:176128;14:176128;15:176128;16:176128;17:176128;18:176128;19:176128;20:176128;21:176128;22:176128;23:176128;24:176128;25:176128;26:176128;27:176128;28:176128;29:176128;30:176128;31:176128;32:176128;33:176128;34:176128;35:176128;36:176128;37:176128;38:176128;39:176128;40:176128;41:176128;42:176128;43:176128;44:176128;45:176128;46:176128;47:286720,-op=split-linear -input-dim=11008 -output-dim=4096 -rows=512 -split-k=4
559,gpt:gpt-7b:layer18_attn_out,split-linear,8388608,32768,1-47,47,1-47,47,1:176128;2:176128;3:176128;4:176128;5:176128;6:176128;7:176128;8:176128;9:176128;10:176128;11:176128;12:176128;13:176128;14:176128;15:176128;16:176128;17:176128;18:176128;19:176128;20:176128;21:176128;22:176128;23:176128;24:176128;25:176128;26:176128;27:176128;28:176128;29:176128;30:176128;31:176128;32:176128;33:176128;34:176128;35:176128;36:176128;37:176128;38:176128;39:176128;40:176128;41:176128;42:176128;43:176128;44:176128;45:176128;46:176128;47:286720,-op=split-linear -input-dim=4096 -output-dim=4096 -rows=512 -split-k=4
560,bert:bert-7b-proxy:layer19_mlp_residual,residual-add,8388608,32768,1-47,47,1-47,47,1:176128;2:176128;3:176128;4:176128;5:176128;6:176128;7:176128;8:176128;9:176128;10:176128;11:176128;12:176128;13:176128;14:176128;15:176128;16:176128;17:176128;18:176128;19:176128;20:176128;21:176128;22:176128;23:176128;24:176128;25:176128;26:176128;27:176128;28:176128;29:176128;30:176128;31:176128;32:176128;33:176128;34:176128;35:176128;36:176128;37:176128;38:176128;39:176128;40:176128;41:176128;42:176128;43:176128;44:176128;45:176128;46:176128;47:286720,-op=residual-add -elements=2097152
561,gpt:gpt-7b:layer18_attn_residual,residual-add,8388608,32768,1-47,47,1-47,47,1:176128;2:176128;3:176128;4:176128;5:176128;6:176128;7:176128;8:176128;9:176128;10:176128;11:176128;12:176128;13:176128;14:176128;15:176128;16:176128;17:176128;18:176128;19:176128;20:176128;21:176128;22:176128;23:176128;24:176128;25:176128;26:176128;27:176128;28:176128;29:176128;30:176128;31:176128;32:176128;33:176128;34:176128;35:176128;36:176128;37:176128;38:176128;39:176128;40:176128;41:176128;42:176128;43:176128;44:176128;45:176128;46:176128;47:286720,-op=residual-add -elements=2097152
562,bert:bert-7b-proxy:layer19_norm2,layernorm,8388608,32768,1-47,47,1-47,47,1:176128;2:176128;3:176128;4:176128;5:176128;6:176128;7:176128;8:176128;9:176128;10:176128;11:176128;12:176128;13:176128;14:176128;15:176128;16:176128;17:176128;18:176128;19:176128;20:176128;21:176128;22:176128;23:176128;24:176128;25:176128;26:176128;27:176128;28:176128;29:176128;30:176128;31:176128;32:176128;33:176128;34:176128;35:176128;36:176128;37:176128;38:176128;39:176128;40:176128;41:176128;42:176128;43:176128;44:176128;45:176128;46:176128;47:286720,-op=layernorm -hidden=4096 -rows=512
563,gpt:gpt-7b:layer18_norm2,layernorm,8388608,32768,1-47,47,1-47,47,1:176128;2:176128;3:176128;4:176128;5:176128;6:176128;7:176128;8:176128;9:176128;10:176128;11:176128;12:176128;13:176128;14:176128;15:176128;16:176128;17:176128;18:176128;19:176128;20:176128;21:176128;22:176128;23:176128;24:176128;25:176128;26:176128;27:176128;28:176128;29:176128;30:176128;31:176128;32:176128;33:176128;34:176128;35:176128;36:176128;37:176128;38:176128;39:176128;40:176128;41:176128;42:176128;43:176128;44:176128;45:176128;46:176128;47:286720,-op=layernorm -hidden=4096 -rows=512
564,bert:bert-7b-proxy:layer20_attn_q,split-linear,8388608,32768,1-47,47,1-47,47,1:176128;2:176128;3:176128;4:176128;5:176128;6:176128;7:176128;8:176128;9:176128;10:176128;11:176128;12:176128;13:176128;14:176128;15:176128;16:176128;17:176128;18:176128;19:176128;20:176128;21:176128;22:176128;23:176128;24:176128;25:176128;26:176128;27:176128;28:176128;29:176128;30:176128;31:176128;32:176128;33:176128;34:176128;35:176128;36:176128;37:176128;38:176128;39:176128;40:176128;41:176128;42:176128;43:176128;44:176128;45:176128;46:176128;47:286720,-op=split-linear -input-dim=4096 -output-dim=4096 -rows=512 -split-k=4
565,gpt:gpt-7b:layer18_mlp_fc1,split-linear,22544384,88064,all,48,all,48,1:466944;2:466944;3:466944;4:466944;5:466944;6:466944;7:466944;8:466944;9:466944;10:466944;11:466944;12:466944;13:466944;14:466944;15:466944;16:466944;17:466944;18:466944;19:466944;20:466944;21:466944;22:466944;23:466944;24:466944;25:466944;26:466944;27:466944;28:466944;29:466944;30:466944;31:466944;32:466944;33:466944;34:466944;35:466944;36:466944;37:466944;38:466944;39:466944;40:466944;41:466944;42:466944;43:466944;44:466944;45:466944;46:466944;47:466944;48:598016,-op=split-linear -input-dim=4096 -output-dim=11008 -rows=512 -split-k=4
566,bert:bert-7b-proxy:layer20_attn_k,split-linear,8388608,32768,1-47,47,1-47,47,1:176128;2:176128;3:176128;4:176128;5:176128;6:176128;7:176128;8:176128;9:176128;10:176128;11:176128;12:176128;13:176128;14:176128;15:176128;16:176128;17:176128;18:176128;19:176128;20:176128;21:176128;22:176128;23:176128;24:176128;25:176128;26:176128;27:176128;28:176128;29:176128;30:176128;31:176128;32:176128;33:176128;34:176128;35:176128;36:176128;37:176128;38:176128;39:176128;40:176128;41:176128;42:176128;43:176128;44:176128;45:176128;46:176128;47:286720,-op=split-linear -input-dim=4096 -output-dim=4096 -rows=512 -split-k=4
567,gpt:gpt-7b:layer18_mlp_gelu,gelu,22544384,88064,all,48,all,48,1:466944;2:466944;3:466944;4:466944;5:466944;6:466944;7:466944;8:466944;9:466944;10:466944;11:466944;12:466944;13:466944;14:466944;15:466944;16:466944;17:466944;18:466944;19:466944;20:466944;21:466944;22:466944;23:466944;24:466944;25:466944;26:466944;27:466944;28:466944;29:466944;30:466944;31:466944;32:466944;33:466944;34:466944;35:466944;36:466944;37:466944;38:466944;39:466944;40:466944;41:466944;42:466944;43:466944;44:466944;45:466944;46:466944;47:466944;48:598016,-op=gelu -elements=5636096
568,bert:bert-7b-proxy:layer20_attn_v,split-linear,8388608,32768,1-47,47,1-47,47,1:176128;2:176128;3:176128;4:176128;5:176128;6:176128;7:176128;8:176128;9:176128;10:176128;11:176128;12:176128;13:176128;14:176128;15:176128;16:176128;17:176128;18:176128;19:176128;20:176128;21:176128;22:176128;23:176128;24:176128;25:176128;26:176128;27:176128;28:176128;29:176128;30:176128;31:176128;32:176128;33:176128;34:176128;35:176128;36:176128;37:176128;38:176128;39:176128;40:176128;41:176128;42:176128;43:176128;44:176128;45:176128;46:176128;47:286720,-op=split-linear -input-dim=4096 -output-dim=4096 -rows=512 -split-k=4
569,gpt:gpt-7b:layer18_mlp_fc2,split-linear,8388608,32768,1-47,47,1-47,47,1:176128;2:176128;3:176128;4:176128;5:176128;6:176128;7:176128;8:176128;9:176128;10:176128;11:176128;12:176128;13:176128;14:176128;15:176128;16:176128;17:176128;18:176128;19:176128;20:176128;21:176128;22:176128;23:176128;24:176128;25:176128;26:176128;27:176128;28:176128;29:176128;30:176128;31:176128;32:176128;33:176128;34:176128;35:176128;36:176128;37:176128;38:176128;39:176128;40:176128;41:176128;42:176128;43:176128;44:176128;45:176128;46:176128;47:286720,-op=split-linear -input-dim=11008 -output-dim=4096 -rows=512 -split-k=4
570,bert:bert-7b-proxy:layer20_attn_score,split-linear,1048576,4096,1-43,43,1-43,43,1:20480;2:20480;3:20480;4:20480;5:20480;6:20480;7:20480;8:20480;9:20480;10:20480;11:20480;12:20480;13:20480;14:20480;15:20480;16:20480;17:20480;18:20480;19:20480;20:20480;21:20480;22:20480;23:20480;24:20480;25:20480;26:20480;27:20480;28:20480;29:20480;30:20480;31:20480;32:20480;33:20480;34:20480;35:20480;36:20480;37:20480;38:20480;39:20480;40:20480;41:20480;42:20480;43:188416,-op=split-linear -input-dim=4096 -output-dim=512 -rows=512 -split-k=4
571,gpt:gpt-7b:layer18_mlp_residual,residual-add,8388608,32768,1-47,47,1-47,47,1:176128;2:176128;3:176128;4:176128;5:176128;6:176128;7:176128;8:176128;9:176128;10:176128;11:176128;12:176128;13:176128;14:176128;15:176128;16:176128;17:176128;18:176128;19:176128;20:176128;21:176128;22:176128;23:176128;24:176128;25:176128;26:176128;27:176128;28:176128;29:176128;30:176128;31:176128;32:176128;33:176128;34:176128;35:176128;36:176128;37:176128;38:176128;39:176128;40:176128;41:176128;42:176128;43:176128;44:176128;45:176128;46:176128;47:286720,-op=residual-add -elements=2097152
572,bert:bert-7b-proxy:layer20_attn_softmax,row-softmax,1048576,512,1-16,16,1-16,16,1:65536;2:65536;3:65536;4:65536;5:65536;6:65536;7:65536;8:65536;9:65536;10:65536;11:65536;12:65536;13:65536;14:65536;15:65536;16:65536,-op=row-softmax -cols=512 -rows=512
573,gpt:gpt-7b:layer19_norm1,layernorm,8388608,32768,1-47,47,1-47,47,1:176128;2:176128;3:176128;4:176128;5:176128;6:176128;7:176128;8:176128;9:176128;10:176128;11:176128;12:176128;13:176128;14:176128;15:176128;16:176128;17:176128;18:176128;19:176128;20:176128;21:176128;22:176128;23:176128;24:176128;25:176128;26:176128;27:176128;28:176128;29:176128;30:176128;31:176128;32:176128;33:176128;34:176128;35:176128;36:176128;37:176128;38:176128;39:176128;40:176128;41:176128;42:176128;43:176128;44:176128;45:176128;46:176128;47:286720,-op=layernorm -hidden=4096 -rows=512
574,bert:bert-7b-proxy:layer20_attn_value,split-linear,8388608,32768,1-47,47,1-47,47,1:176128;2:176128;3:176128;4:176128;5:176128;6:176128;7:176128;8:176128;9:176128;10:176128;11:176128;12:176128;13:176128;14:176128;15:176128;16:176128;17:176128;18:176128;19:176128;20:176128;21:176128;22:176128;23:176128;24:176128;25:176128;26:176128;27:176128;28:176128;29:176128;30:176128;31:176128;32:176128;33:176128;34:176128;35:176128;36:176128;37:176128;38:176128;39:176128;40:176128;41:176128;42:176128;43:176128;44:176128;45:176128;46:176128;47:286720,-op=split-linear -input-dim=512 -output-dim=4096 -rows=512 -split-k=4
575,gpt:gpt-7b:layer19_attn_q,split-linear,8388608,32768,1-47,47,1-47,47,1:176128;2:176128;3:176128;4:176128;5:176128;6:176128;7:176128;8:176128;9:176128;10:176128;11:176128;12:176128;13:176128;14:176128;15:176128;16:176128;17:176128;18:176128;19:176128;20:176128;21:176128;22:176128;23:176128;24:176128;25:176128;26:176128;27:176128;28:176128;29:176128;30:176128;31:176128;32:176128;33:176128;34:176128;35:176128;36:176128;37:176128;38:176128;39:176128;40:176128;41:176128;42:176128;43:176128;44:176128;45:176128;46:176128;47:286720,-op=split-linear -input-dim=4096 -output-dim=4096 -rows=512 -split-k=4
576,bert:bert-7b-proxy:layer20_attn_out,split-linear,8388608,32768,1-47,47,1-47,47,1:176128;2:176128;3:176128;4:176128;5:176128;6:176128;7:176128;8:176128;9:176128;10:176128;11:176128;12:176128;13:176128;14:176128;15:176128;16:176128;17:176128;18:176128;19:176128;20:176128;21:176128;22:176128;23:176128;24:176128;25:176128;26:176128;27:176128;28:176128;29:176128;30:176128;31:176128;32:176128;33:176128;34:176128;35:176128;36:176128;37:176128;38:176128;39:176128;40:176128;41:176128;42:176128;43:176128;44:176128;45:176128;46:176128;47:286720,-op=split-linear -input-dim=4096 -output-dim=4096 -rows=512 -split-k=4
577,gpt:gpt-7b:layer19_attn_k,split-linear,8388608,32768,1-47,47,1-47,47,1:176128;2:176128;3:176128;4:176128;5:176128;6:176128;7:176128;8:176128;9:176128;10:176128;11:176128;12:176128;13:176128;14:176128;15:176128;16:176128;17:176128;18:176128;19:176128;20:176128;21:176128;22:176128;23:176128;24:176128;25:176128;26:176128;27:176128;28:176128;29:176128;30:176128;31:176128;32:176128;33:176128;34:176128;35:176128;36:176128;37:176128;38:176128;39:176128;40:176128;41:176128;42:176128;43:176128;44:176128;45:176128;46:176128;47:286720,-op=split-linear -input-dim=4096 -output-dim=4096 -rows=512 -split-k=4
578,bert:bert-7b-proxy:layer20_attn_residual,residual-add,8388608,32768,1-47,47,1-47,47,1:176128;2:176128;3:176128;4:176128;5:176128;6:176128;7:176128;8:176128;9:176128;10:176128;11:176128;12:176128;13:176128;14:176128;15:176128;16:176128;17:176128;18:176128;19:176128;20:176128;21:176128;22:176128;23:176128;24:176128;25:176128;26:176128;27:176128;28:176128;29:176128;30:176128;31:176128;32:176128;33:176128;34:176128;35:176128;36:176128;37:176128;38:176128;39:176128;40:176128;41:176128;42:176128;43:176128;44:176128;45:176128;46:176128;47:286720,-op=residual-add -elements=2097152
579,gpt:gpt-7b:layer19_attn_v,split-linear,8388608,32768,1-47,47,1-47,47,1:176128;2:176128;3:176128;4:176128;5:176128;6:176128;7:176128;8:176128;9:176128;10:176128;11:176128;12:176128;13:176128;14:176128;15:176128;16:176128;17:176128;18:176128;19:176128;20:176128;21:176128;22:176128;23:176128;24:176128;25:176128;26:176128;27:176128;28:176128;29:176128;30:176128;31:176128;32:176128;33:176128;34:176128;35:176128;36:176128;37:176128;38:176128;39:176128;40:176128;41:176128;42:176128;43:176128;44:176128;45:176128;46:176128;47:286720,-op=split-linear -input-dim=4096 -output-dim=4096 -rows=512 -split-k=4
580,bert:bert-7b-proxy:layer20_norm1,layernorm,8388608,32768,1-47,47,1-47,47,1:176128;2:176128;3:176128;4:176128;5:176128;6:176128;7:176128;8:176128;9:176128;10:176128;11:176128;12:176128;13:176128;14:176128;15:176128;16:176128;17:176128;18:176128;19:176128;20:176128;21:176128;22:176128;23:176128;24:176128;25:176128;26:176128;27:176128;28:176128;29:176128;30:176128;31:176128;32:176128;33:176128;34:176128;35:176128;36:176128;37:176128;38:176128;39:176128;40:176128;41:176128;42:176128;43:176128;44:176128;45:176128;46:176128;47:286720,-op=layernorm -hidden=4096 -rows=512
581,gpt:gpt-7b:layer19_attn_score,split-linear,1048576,4096,1-43,43,1-43,43,1:20480;2:20480;3:20480;4:20480;5:20480;6:20480;7:20480;8:20480;9:20480;10:20480;11:20480;12:20480;13:20480;14:20480;15:20480;16:20480;17:20480;18:20480;19:20480;20:20480;21:20480;22:20480;23:20480;24:20480;25:20480;26:20480;27:20480;28:20480;29:20480;30:20480;31:20480;32:20480;33:20480;34:20480;35:20480;36:20480;37:20480;38:20480;39:20480;40:20480;41:20480;42:20480;43:188416,-op=split-linear -input-dim=4096 -output-dim=512 -rows=512 -split-k=4
582,bert:bert-7b-proxy:layer20_mlp_fc1,split-linear,22544384,88064,all,48,all,48,1:466944;2:466944;3:466944;4:466944;5:466944;6:466944;7:466944;8:466944;9:466944;10:466944;11:466944;12:466944;13:466944;14:466944;15:466944;16:466944;17:466944;18:466944;19:466944;20:466944;21:466944;22:466944;23:466944;24:466944;25:466944;26:466944;27:466944;28:466944;29:466944;30:466944;31:466944;32:466944;33:466944;34:466944;35:466944;36:466944;37:466944;38:466944;39:466944;40:466944;41:466944;42:466944;43:466944;44:466944;45:466944;46:466944;47:466944;48:598016,-op=split-linear -input-dim=4096 -output-dim=11008 -rows=512 -split-k=4
583,gpt:gpt-7b:layer19_causal_mask,causal-mask,1048576,4096,1-43,43,1-43,43,1:20480;2:20480;3:20480;4:20480;5:20480;6:20480;7:20480;8:20480;9:20480;10:20480;11:20480;12:20480;13:20480;14:20480;15:20480;16:20480;17:20480;18:20480;19:20480;20:20480;21:20480;22:20480;23:20480;24:20480;25:20480;26:20480;27:20480;28:20480;29:20480;30:20480;31:20480;32:20480;33:20480;34:20480;35:20480;36:20480;37:20480;38:20480;39:20480;40:20480;41:20480;42:20480;43:188416,-op=causal-mask -batch-size=1 -rows=512 -seq-len=512
584,bert:bert-7b-proxy:layer20_mlp_gelu,gelu,22544384,88064,all,48,all,48,1:466944;2:466944;3:466944;4:466944;5:466944;6:466944;7:466944;8:466944;9:466944;10:466944;11:466944;12:466944;13:466944;14:466944;15:466944;16:466944;17:466944;18:466944;19:466944;20:466944;21:466944;22:466944;23:466944;24:466944;25:466944;26:466944;27:466944;28:466944;29:466944;30:466944;31:466944;32:466944;33:466944;34:466944;35:466944;36:466944;37:466944;38:466944;39:466944;40:466944;41:466944;42:466944;43:466944;44:466944;45:466944;46:466944;47:466944;48:598016,-op=gelu -elements=5636096
585,gpt:gpt-7b:layer19_attn_softmax,row-softmax,1048576,512,1-16,16,1-16,16,1:65536;2:65536;3:65536;4:65536;5:65536;6:65536;7:65536;8:65536;9:65536;10:65536;11:65536;12:65536;13:65536;14:65536;15:65536;16:65536,-op=row-softmax -cols=512 -rows=512
586,bert:bert-7b-proxy:layer20_mlp_fc2,split-linear,8388608,32768,1-47,47,1-47,47,1:176128;2:176128;3:176128;4:176128;5:176128;6:176128;7:176128;8:176128;9:176128;10:176128;11:176128;12:176128;13:176128;14:176128;15:176128;16:176128;17:176128;18:176128;19:176128;20:176128;21:176128;22:176128;23:176128;24:176128;25:176128;26:176128;27:176128;28:176128;29:176128;30:176128;31:176128;32:176128;33:176128;34:176128;35:176128;36:176128;37:176128;38:176128;39:176128;40:176128;41:176128;42:176128;43:176128;44:176128;45:176128;46:176128;47:286720,-op=split-linear -input-dim=11008 -output-dim=4096 -rows=512 -split-k=4
587,gpt:gpt-7b:layer19_attn_value,split-linear,8388608,32768,1-47,47,1-47,47,1:176128;2:176128;3:176128;4:176128;5:176128;6:176128;7:176128;8:176128;9:176128;10:176128;11:176128;12:176128;13:176128;14:176128;15:176128;16:176128;17:176128;18:176128;19:176128;20:176128;21:176128;22:176128;23:176128;24:176128;25:176128;26:176128;27:176128;28:176128;29:176128;30:176128;31:176128;32:176128;33:176128;34:176128;35:176128;36:176128;37:176128;38:176128;39:176128;40:176128;41:176128;42:176128;43:176128;44:176128;45:176128;46:176128;47:286720,-op=split-linear -input-dim=512 -output-dim=4096 -rows=512 -split-k=4
588,bert:bert-7b-proxy:layer20_mlp_residual,residual-add,8388608,32768,1-47,47,1-47,47,1:176128;2:176128;3:176128;4:176128;5:176128;6:176128;7:176128;8:176128;9:176128;10:176128;11:176128;12:176128;13:176128;14:176128;15:176128;16:176128;17:176128;18:176128;19:176128;20:176128;21:176128;22:176128;23:176128;24:176128;25:176128;26:176128;27:176128;28:176128;29:176128;30:176128;31:176128;32:176128;33:176128;34:176128;35:176128;36:176128;37:176128;38:176128;39:176128;40:176128;41:176128;42:176128;43:176128;44:176128;45:176128;46:176128;47:286720,-op=residual-add -elements=2097152
589,gpt:gpt-7b:layer19_attn_out,split-linear,8388608,32768,1-47,47,1-47,47,1:176128;2:176128;3:176128;4:176128;5:176128;6:176128;7:176128;8:176128;9:176128;10:176128;11:176128;12:176128;13:176128;14:176128;15:176128;16:176128;17:176128;18:176128;19:176128;20:176128;21:176128;22:176128;23:176128;24:176128;25:176128;26:176128;27:176128;28:176128;29:176128;30:176128;31:176128;32:176128;33:176128;34:176128;35:176128;36:176128;37:176128;38:176128;39:176128;40:176128;41:176128;42:176128;43:176128;44:176128;45:176128;46:176128;47:286720,-op=split-linear -input-dim=4096 -output-dim=4096 -rows=512 -split-k=4
590,bert:bert-7b-proxy:layer20_norm2,layernorm,8388608,32768,1-47,47,1-47,47,1:176128;2:176128;3:176128;4:176128;5:176128;6:176128;7:176128;8:176128;9:176128;10:176128;11:176128;12:176128;13:176128;14:176128;15:176128;16:176128;17:176128;18:176128;19:176128;20:176128;21:176128;22:176128;23:176128;24:176128;25:176128;26:176128;27:176128;28:176128;29:176128;30:176128;31:176128;32:176128;33:176128;34:176128;35:176128;36:176128;37:176128;38:176128;39:176128;40:176128;41:176128;42:176128;43:176128;44:176128;45:176128;46:176128;47:286720,-op=layernorm -hidden=4096 -rows=512
591,gpt:gpt-7b:layer19_attn_residual,residual-add,8388608,32768,1-47,47,1-47,47,1:176128;2:176128;3:176128;4:176128;5:176128;6:176128;7:176128;8:176128;9:176128;10:176128;11:176128;12:176128;13:176128;14:176128;15:176128;16:176128;17:176128;18:176128;19:176128;20:176128;21:176128;22:176128;23:176128;24:176128;25:176128;26:176128;27:176128;28:176128;29:176128;30:176128;31:176128;32:176128;33:176128;34:176128;35:176128;36:176128;37:176128;38:176128;39:176128;40:176128;41:176128;42:176128;43:176128;44:176128;45:176128;46:176128;47:286720,-op=residual-add -elements=2097152
592,bert:bert-7b-proxy:layer21_attn_q,split-linear,8388608,32768,1-47,47,1-47,47,1:176128;2:176128;3:176128;4:176128;5:176128;6:176128;7:176128;8:176128;9:176128;10:176128;11:176128;12:176128;13:176128;14:176128;15:176128;16:176128;17:176128;18:176128;19:176128;20:176128;21:176128;22:176128;23:176128;24:176128;25:176128;26:176128;27:176128;28:176128;29:176128;30:176128;31:176128;32:176128;33:176128;34:176128;35:176128;36:176128;37:176128;38:176128;39:176128;40:176128;41:176128;42:176128;43:176128;44:176128;45:176128;46:176128;47:286720,-op=split-linear -input-dim=4096 -output-dim=4096 -rows=512 -split-k=4
593,gpt:gpt-7b:layer19_norm2,layernorm,8388608,32768,1-47,47,1-47,47,1:176128;2:176128;3:176128;4:176128;5:176128;6:176128;7:176128;8:176128;9:176128;10:176128;11:176128;12:176128;13:176128;14:176128;15:176128;16:176128;17:176128;18:176128;19:176128;20:176128;21:176128;22:176128;23:176128;24:176128;25:176128;26:176128;27:176128;28:176128;29:176128;30:176128;31:176128;32:176128;33:176128;34:176128;35:176128;36:176128;37:176128;38:176128;39:176128;40:176128;41:176128;42:176128;43:176128;44:176128;45:176128;46:176128;47:286720,-op=layernorm -hidden=4096 -rows=512
594,bert:bert-7b-proxy:layer21_attn_k,split-linear,8388608,32768,1-47,47,1-47,47,1:176128;2:176128;3:176128;4:176128;5:176128;6:176128;7:176128;8:176128;9:176128;10:176128;11:176128;12:176128;13:176128;14:176128;15:176128;16:176128;17:176128;18:176128;19:176128;20:176128;21:176128;22:176128;23:176128;24:176128;25:176128;26:176128;27:176128;28:176128;29:176128;30:176128;31:176128;32:176128;33:176128;34:176128;35:176128;36:176128;37:176128;38:176128;39:176128;40:176128;41:176128;42:176128;43:176128;44:176128;45:176128;46:176128;47:286720,-op=split-linear -input-dim=4096 -output-dim=4096 -rows=512 -split-k=4
595,gpt:gpt-7b:layer19_mlp_fc1,split-linear,22544384,88064,all,48,all,48,1:466944;2:466944;3:466944;4:466944;5:466944;6:466944;7:466944;8:466944;9:466944;10:466944;11:466944;12:466944;13:466944;14:466944;15:466944;16:466944;17:466944;18:466944;19:466944;20:466944;21:466944;22:466944;23:466944;24:466944;25:466944;26:466944;27:466944;28:466944;29:466944;30:466944;31:466944;32:466944;33:466944;34:466944;35:466944;36:466944;37:466944;38:466944;39:466944;40:466944;41:466944;42:466944;43:466944;44:466944;45:466944;46:466944;47:466944;48:598016,-op=split-linear -input-dim=4096 -output-dim=11008 -rows=512 -split-k=4
596,bert:bert-7b-proxy:layer21_attn_v,split-linear,8388608,32768,1-47,47,1-47,47,1:176128;2:176128;3:176128;4:176128;5:176128;6:176128;7:176128;8:176128;9:176128;10:176128;11:176128;12:176128;13:176128;14:176128;15:176128;16:176128;17:176128;18:176128;19:176128;20:176128;21:176128;22:176128;23:176128;24:176128;25:176128;26:176128;27:176128;28:176128;29:176128;30:176128;31:176128;32:176128;33:176128;34:176128;35:176128;36:176128;37:176128;38:176128;39:176128;40:176128;41:176128;42:176128;43:176128;44:176128;45:176128;46:176128;47:286720,-op=split-linear -input-dim=4096 -output-dim=4096 -rows=512 -split-k=4
597,gpt:gpt-7b:layer19_mlp_gelu,gelu,22544384,88064,all,48,all,48,1:466944;2:466944;3:466944;4:466944;5:466944;6:466944;7:466944;8:466944;9:466944;10:466944;11:466944;12:466944;13:466944;14:466944;15:466944;16:466944;17:466944;18:466944;19:466944;20:466944;21:466944;22:466944;23:466944;24:466944;25:466944;26:466944;27:466944;28:466944;29:466944;30:466944;31:466944;32:466944;33:466944;34:466944;35:466944;36:466944;37:466944;38:466944;39:466944;40:466944;41:466944;42:466944;43:466944;44:466944;45:466944;46:466944;47:466944;48:598016,-op=gelu -elements=5636096
598,bert:bert-7b-proxy:layer21_attn_score,split-linear,1048576,4096,1-43,43,1-43,43,1:20480;2:20480;3:20480;4:20480;5:20480;6:20480;7:20480;8:20480;9:20480;10:20480;11:20480;12:20480;13:20480;14:20480;15:20480;16:20480;17:20480;18:20480;19:20480;20:20480;21:20480;22:20480;23:20480;24:20480;25:20480;26:20480;27:20480;28:20480;29:20480;30:20480;31:20480;32:20480;33:20480;34:20480;35:20480;36:20480;37:20480;38:20480;39:20480;40:20480;41:20480;42:20480;43:188416,-op=split-linear -input-dim=4096 -output-dim=512 -rows=512 -split-k=4
599,gpt:gpt-7b:layer19_mlp_fc2,split-linear,8388608,32768,1-47,47,1-47,47,1:176128;2:176128;3:176128;4:176128;5:176128;6:176128;7:176128;8:176128;9:176128;10:176128;11:176128;12:176128;13:176128;14:176128;15:176128;16:176128;17:176128;18:176128;19:176128;20:176128;21:176128;22:176128;23:176128;24:176128;25:176128;26:176128;27:176128;28:176128;29:176128;30:176128;31:176128;32:176128;33:176128;34:176128;35:176128;36:176128;37:176128;38:176128;39:176128;40:176128;41:176128;42:176128;43:176128;44:176128;45:176128;46:176128;47:286720,-op=split-linear -input-dim=11008 -output-dim=4096 -rows=512 -split-k=4
600,bert:bert-7b-proxy:layer21_attn_softmax,row-softmax,1048576,512,1-16,16,1-16,16,1:65536;2:65536;3:65536;4:65536;5:65536;6:65536;7:65536;8:65536;9:65536;10:65536;11:65536;12:65536;13:65536;14:65536;15:65536;16:65536,-op=row-softmax -cols=512 -rows=512
601,gpt:gpt-7b:layer19_mlp_residual,residual-add,8388608,32768,1-47,47,1-47,47,1:176128;2:176128;3:176128;4:176128;5:176128;6:176128;7:176128;8:176128;9:176128;10:176128;11:176128;12:176128;13:176128;14:176128;15:176128;16:176128;17:176128;18:176128;19:176128;20:176128;21:176128;22:176128;23:176128;24:176128;25:176128;26:176128;27:176128;28:176128;29:176128;30:176128;31:176128;32:176128;33:176128;34:176128;35:176128;36:176128;37:176128;38:176128;39:176128;40:176128;41:176128;42:176128;43:176128;44:176128;45:176128;46:176128;47:286720,-op=residual-add -elements=2097152
602,bert:bert-7b-proxy:layer21_attn_value,split-linear,8388608,32768,1-47,47,1-47,47,1:176128;2:176128;3:176128;4:176128;5:176128;6:176128;7:176128;8:176128;9:176128;10:176128;11:176128;12:176128;13:176128;14:176128;15:176128;16:176128;17:176128;18:176128;19:176128;20:176128;21:176128;22:176128;23:176128;24:176128;25:176128;26:176128;27:176128;28:176128;29:176128;30:176128;31:176128;32:176128;33:176128;34:176128;35:176128;36:176128;37:176128;38:176128;39:176128;40:176128;41:176128;42:176128;43:176128;44:176128;45:176128;46:176128;47:286720,-op=split-linear -input-dim=512 -output-dim=4096 -rows=512 -split-k=4
603,gpt:gpt-7b:layer20_norm1,layernorm,8388608,32768,1-47,47,1-47,47,1:176128;2:176128;3:176128;4:176128;5:176128;6:176128;7:176128;8:176128;9:176128;10:176128;11:176128;12:176128;13:176128;14:176128;15:176128;16:176128;17:176128;18:176128;19:176128;20:176128;21:176128;22:176128;23:176128;24:176128;25:176128;26:176128;27:176128;28:176128;29:176128;30:176128;31:176128;32:176128;33:176128;34:176128;35:176128;36:176128;37:176128;38:176128;39:176128;40:176128;41:176128;42:176128;43:176128;44:176128;45:176128;46:176128;47:286720,-op=layernorm -hidden=4096 -rows=512
604,bert:bert-7b-proxy:layer21_attn_out,split-linear,8388608,32768,1-47,47,1-47,47,1:176128;2:176128;3:176128;4:176128;5:176128;6:176128;7:176128;8:176128;9:176128;10:176128;11:176128;12:176128;13:176128;14:176128;15:176128;16:176128;17:176128;18:176128;19:176128;20:176128;21:176128;22:176128;23:176128;24:176128;25:176128;26:176128;27:176128;28:176128;29:176128;30:176128;31:176128;32:176128;33:176128;34:176128;35:176128;36:176128;37:176128;38:176128;39:176128;40:176128;41:176128;42:176128;43:176128;44:176128;45:176128;46:176128;47:286720,-op=split-linear -input-dim=4096 -output-dim=4096 -rows=512 -split-k=4
605,gpt:gpt-7b:layer20_attn_q,split-linear,8388608,32768,1-47,47,1-47,47,1:176128;2:176128;3:176128;4:176128;5:176128;6:176128;7:176128;8:176128;9:176128;10:176128;11:176128;12:176128;13:176128;14:176128;15:176128;16:176128;17:176128;18:176128;19:176128;20:176128;21:176128;22:176128;23:176128;24:176128;25:176128;26:176128;27:176128;28:176128;29:176128;30:176128;31:176128;32:176128;33:176128;34:176128;35:176128;36:176128;37:176128;38:176128;39:176128;40:176128;41:176128;42:176128;43:176128;44:176128;45:176128;46:176128;47:286720,-op=split-linear -input-dim=4096 -output-dim=4096 -rows=512 -split-k=4
606,bert:bert-7b-proxy:layer21_attn_residual,residual-add,8388608,32768,1-47,47,1-47,47,1:176128;2:176128;3:176128;4:176128;5:176128;6:176128;7:176128;8:176128;9:176128;10:176128;11:176128;12:176128;13:176128;14:176128;15:176128;16:176128;17:176128;18:176128;19:176128;20:176128;21:176128;22:176128;23:176128;24:176128;25:176128;26:176128;27:176128;28:176128;29:176128;30:176128;31:176128;32:176128;33:176128;34:176128;35:176128;36:176128;37:176128;38:176128;39:176128;40:176128;41:176128;42:176128;43:176128;44:176128;45:176128;46:176128;47:286720,-op=residual-add -elements=2097152
607,gpt:gpt-7b:layer20_attn_k,split-linear,8388608,32768,1-47,47,1-47,47,1:176128;2:176128;3:176128;4:176128;5:176128;6:176128;7:176128;8:176128;9:176128;10:176128;11:176128;12:176128;13:176128;14:176128;15:176128;16:176128;17:176128;18:176128;19:176128;20:176128;21:176128;22:176128;23:176128;24:176128;25:176128;26:176128;27:176128;28:176128;29:176128;30:176128;31:176128;32:176128;33:176128;34:176128;35:176128;36:176128;37:176128;38:176128;39:176128;40:176128;41:176128;42:176128;43:176128;44:176128;45:176128;46:176128;47:286720,-op=split-linear -input-dim=4096 -output-dim=4096 -rows=512 -split-k=4
608,bert:bert-7b-proxy:layer21_norm1,layernorm,8388608,32768,1-47,47,1-47,47,1:176128;2:176128;3:176128;4:176128;5:176128;6:176128;7:176128;8:176128;9:176128;10:176128;11:176128;12:176128;13:176128;14:176128;15:176128;16:176128;17:176128;18:176128;19:176128;20:176128;21:176128;22:176128;23:176128;24:176128;25:176128;26:176128;27:176128;28:176128;29:176128;30:176128;31:176128;32:176128;33:176128;34:176128;35:176128;36:176128;37:176128;38:176128;39:176128;40:176128;41:176128;42:176128;43:176128;44:176128;45:176128;46:176128;47:286720,-op=layernorm -hidden=4096 -rows=512
609,gpt:gpt-7b:layer20_attn_v,split-linear,8388608,32768,1-47,47,1-47,47,1:176128;2:176128;3:176128;4:176128;5:176128;6:176128;7:176128;8:176128;9:176128;10:176128;11:176128;12:176128;13:176128;14:176128;15:176128;16:176128;17:176128;18:176128;19:176128;20:176128;21:176128;22:176128;23:176128;24:176128;25:176128;26:176128;27:176128;28:176128;29:176128;30:176128;31:176128;32:176128;33:176128;34:176128;35:176128;36:176128;37:176128;38:176128;39:176128;40:176128;41:176128;42:176128;43:176128;44:176128;45:176128;46:176128;47:286720,-op=split-linear -input-dim=4096 -output-dim=4096 -rows=512 -split-k=4
610,bert:bert-7b-proxy:layer21_mlp_fc1,split-linear,22544384,88064,all,48,all,48,1:466944;2:466944;3:466944;4:466944;5:466944;6:466944;7:466944;8:466944;9:466944;10:466944;11:466944;12:466944;13:466944;14:466944;15:466944;16:466944;17:466944;18:466944;19:466944;20:466944;21:466944;22:466944;23:466944;24:466944;25:466944;26:466944;27:466944;28:466944;29:466944;30:466944;31:466944;32:466944;33:466944;34:466944;35:466944;36:466944;37:466944;38:466944;39:466944;40:466944;41:466944;42:466944;43:466944;44:466944;45:466944;46:466944;47:466944;48:598016,-op=split-linear -input-dim=4096 -output-dim=11008 -rows=512 -split-k=4
611,gpt:gpt-7b:layer20_attn_score,split-linear,1048576,4096,1-43,43,1-43,43,1:20480;2:20480;3:20480;4:20480;5:20480;6:20480;7:20480;8:20480;9:20480;10:20480;11:20480;12:20480;13:20480;14:20480;15:20480;16:20480;17:20480;18:20480;19:20480;20:20480;21:20480;22:20480;23:20480;24:20480;25:20480;26:20480;27:20480;28:20480;29:20480;30:20480;31:20480;32:20480;33:20480;34:20480;35:20480;36:20480;37:20480;38:20480;39:20480;40:20480;41:20480;42:20480;43:188416,-op=split-linear -input-dim=4096 -output-dim=512 -rows=512 -split-k=4
612,bert:bert-7b-proxy:layer21_mlp_gelu,gelu,22544384,88064,all,48,all,48,1:466944;2:466944;3:466944;4:466944;5:466944;6:466944;7:466944;8:466944;9:466944;10:466944;11:466944;12:466944;13:466944;14:466944;15:466944;16:466944;17:466944;18:466944;19:466944;20:466944;21:466944;22:466944;23:466944;24:466944;25:466944;26:466944;27:466944;28:466944;29:466944;30:466944;31:466944;32:466944;33:466944;34:466944;35:466944;36:466944;37:466944;38:466944;39:466944;40:466944;41:466944;42:466944;43:466944;44:466944;45:466944;46:466944;47:466944;48:598016,-op=gelu -elements=5636096
613,gpt:gpt-7b:layer20_causal_mask,causal-mask,1048576,4096,1-43,43,1-43,43,1:20480;2:20480;3:20480;4:20480;5:20480;6:20480;7:20480;8:20480;9:20480;10:20480;11:20480;12:20480;13:20480;14:20480;15:20480;16:20480;17:20480;18:20480;19:20480;20:20480;21:20480;22:20480;23:20480;24:20480;25:20480;26:20480;27:20480;28:20480;29:20480;30:20480;31:20480;32:20480;33:20480;34:20480;35:20480;36:20480;37:20480;38:20480;39:20480;40:20480;41:20480;42:20480;43:188416,-op=causal-mask -batch-size=1 -rows=512 -seq-len=512
614,bert:bert-7b-proxy:layer21_mlp_fc2,split-linear,8388608,32768,1-47,47,1-47,47,1:176128;2:176128;3:176128;4:176128;5:176128;6:176128;7:176128;8:176128;9:176128;10:176128;11:176128;12:176128;13:176128;14:176128;15:176128;16:176128;17:176128;18:176128;19:176128;20:176128;21:176128;22:176128;23:176128;24:176128;25:176128;26:176128;27:176128;28:176128;29:176128;30:176128;31:176128;32:176128;33:176128;34:176128;35:176128;36:176128;37:176128;38:176128;39:176128;40:176128;41:176128;42:176128;43:176128;44:176128;45:176128;46:176128;47:286720,-op=split-linear -input-dim=11008 -output-dim=4096 -rows=512 -split-k=4
615,gpt:gpt-7b:layer20_attn_softmax,row-softmax,1048576,512,1-16,16,1-16,16,1:65536;2:65536;3:65536;4:65536;5:65536;6:65536;7:65536;8:65536;9:65536;10:65536;11:65536;12:65536;13:65536;14:65536;15:65536;16:65536,-op=row-softmax -cols=512 -rows=512
616,bert:bert-7b-proxy:layer21_mlp_residual,residual-add,8388608,32768,1-47,47,1-47,47,1:176128;2:176128;3:176128;4:176128;5:176128;6:176128;7:176128;8:176128;9:176128;10:176128;11:176128;12:176128;13:176128;14:176128;15:176128;16:176128;17:176128;18:176128;19:176128;20:176128;21:176128;22:176128;23:176128;24:176128;25:176128;26:176128;27:176128;28:176128;29:176128;30:176128;31:176128;32:176128;33:176128;34:176128;35:176128;36:176128;37:176128;38:176128;39:176128;40:176128;41:176128;42:176128;43:176128;44:176128;45:176128;46:176128;47:286720,-op=residual-add -elements=2097152
617,gpt:gpt-7b:layer20_attn_value,split-linear,8388608,32768,1-47,47,1-47,47,1:176128;2:176128;3:176128;4:176128;5:176128;6:176128;7:176128;8:176128;9:176128;10:176128;11:176128;12:176128;13:176128;14:176128;15:176128;16:176128;17:176128;18:176128;19:176128;20:176128;21:176128;22:176128;23:176128;24:176128;25:176128;26:176128;27:176128;28:176128;29:176128;30:176128;31:176128;32:176128;33:176128;34:176128;35:176128;36:176128;37:176128;38:176128;39:176128;40:176128;41:176128;42:176128;43:176128;44:176128;45:176128;46:176128;47:286720,-op=split-linear -input-dim=512 -output-dim=4096 -rows=512 -split-k=4
618,bert:bert-7b-proxy:layer21_norm2,layernorm,8388608,32768,1-47,47,1-47,47,1:176128;2:176128;3:176128;4:176128;5:176128;6:176128;7:176128;8:176128;9:176128;10:176128;11:176128;12:176128;13:176128;14:176128;15:176128;16:176128;17:176128;18:176128;19:176128;20:176128;21:176128;22:176128;23:176128;24:176128;25:176128;26:176128;27:176128;28:176128;29:176128;30:176128;31:176128;32:176128;33:176128;34:176128;35:176128;36:176128;37:176128;38:176128;39:176128;40:176128;41:176128;42:176128;43:176128;44:176128;45:176128;46:176128;47:286720,-op=layernorm -hidden=4096 -rows=512
619,gpt:gpt-7b:layer20_attn_out,split-linear,8388608,32768,1-47,47,1-47,47,1:176128;2:176128;3:176128;4:176128;5:176128;6:176128;7:176128;8:176128;9:176128;10:176128;11:176128;12:176128;13:176128;14:176128;15:176128;16:176128;17:176128;18:176128;19:176128;20:176128;21:176128;22:176128;23:176128;24:176128;25:176128;26:176128;27:176128;28:176128;29:176128;30:176128;31:176128;32:176128;33:176128;34:176128;35:176128;36:176128;37:176128;38:176128;39:176128;40:176128;41:176128;42:176128;43:176128;44:176128;45:176128;46:176128;47:286720,-op=split-linear -input-dim=4096 -output-dim=4096 -rows=512 -split-k=4
620,bert:bert-7b-proxy:layer22_attn_q,split-linear,8388608,32768,1-47,47,1-47,47,1:176128;2:176128;3:176128;4:176128;5:176128;6:176128;7:176128;8:176128;9:176128;10:176128;11:176128;12:176128;13:176128;14:176128;15:176128;16:176128;17:176128;18:176128;19:176128;20:176128;21:176128;22:176128;23:176128;24:176128;25:176128;26:176128;27:176128;28:176128;29:176128;30:176128;31:176128;32:176128;33:176128;34:176128;35:176128;36:176128;37:176128;38:176128;39:176128;40:176128;41:176128;42:176128;43:176128;44:176128;45:176128;46:176128;47:286720,-op=split-linear -input-dim=4096 -output-dim=4096 -rows=512 -split-k=4
621,gpt:gpt-7b:layer20_attn_residual,residual-add,8388608,32768,1-47,47,1-47,47,1:176128;2:176128;3:176128;4:176128;5:176128;6:176128;7:176128;8:176128;9:176128;10:176128;11:176128;12:176128;13:176128;14:176128;15:176128;16:176128;17:176128;18:176128;19:176128;20:176128;21:176128;22:176128;23:176128;24:176128;25:176128;26:176128;27:176128;28:176128;29:176128;30:176128;31:176128;32:176128;33:176128;34:176128;35:176128;36:176128;37:176128;38:176128;39:176128;40:176128;41:176128;42:176128;43:176128;44:176128;45:176128;46:176128;47:286720,-op=residual-add -elements=2097152
622,bert:bert-7b-proxy:layer22_attn_k,split-linear,8388608,32768,1-47,47,1-47,47,1:176128;2:176128;3:176128;4:176128;5:176128;6:176128;7:176128;8:176128;9:176128;10:176128;11:176128;12:176128;13:176128;14:176128;15:176128;16:176128;17:176128;18:176128;19:176128;20:176128;21:176128;22:176128;23:176128;24:176128;25:176128;26:176128;27:176128;28:176128;29:176128;30:176128;31:176128;32:176128;33:176128;34:176128;35:176128;36:176128;37:176128;38:176128;39:176128;40:176128;41:176128;42:176128;43:176128;44:176128;45:176128;46:176128;47:286720,-op=split-linear -input-dim=4096 -output-dim=4096 -rows=512 -split-k=4
623,gpt:gpt-7b:layer20_norm2,layernorm,8388608,32768,1-47,47,1-47,47,1:176128;2:176128;3:176128;4:176128;5:176128;6:176128;7:176128;8:176128;9:176128;10:176128;11:176128;12:176128;13:176128;14:176128;15:176128;16:176128;17:176128;18:176128;19:176128;20:176128;21:176128;22:176128;23:176128;24:176128;25:176128;26:176128;27:176128;28:176128;29:176128;30:176128;31:176128;32:176128;33:176128;34:176128;35:176128;36:176128;37:176128;38:176128;39:176128;40:176128;41:176128;42:176128;43:176128;44:176128;45:176128;46:176128;47:286720,-op=layernorm -hidden=4096 -rows=512
624,bert:bert-7b-proxy:layer22_attn_v,split-linear,8388608,32768,1-47,47,1-47,47,1:176128;2:176128;3:176128;4:176128;5:176128;6:176128;7:176128;8:176128;9:176128;10:176128;11:176128;12:176128;13:176128;14:176128;15:176128;16:176128;17:176128;18:176128;19:176128;20:176128;21:176128;22:176128;23:176128;24:176128;25:176128;26:176128;27:176128;28:176128;29:176128;30:176128;31:176128;32:176128;33:176128;34:176128;35:176128;36:176128;37:176128;38:176128;39:176128;40:176128;41:176128;42:176128;43:176128;44:176128;45:176128;46:176128;47:286720,-op=split-linear -input-dim=4096 -output-dim=4096 -rows=512 -split-k=4
625,gpt:gpt-7b:layer20_mlp_fc1,split-linear,22544384,88064,all,48,all,48,1:466944;2:466944;3:466944;4:466944;5:466944;6:466944;7:466944;8:466944;9:466944;10:466944;11:466944;12:466944;13:466944;14:466944;15:466944;16:466944;17:466944;18:466944;19:466944;20:466944;21:466944;22:466944;23:466944;24:466944;25:466944;26:466944;27:466944;28:466944;29:466944;30:466944;31:466944;32:466944;33:466944;34:466944;35:466944;36:466944;37:466944;38:466944;39:466944;40:466944;41:466944;42:466944;43:466944;44:466944;45:466944;46:466944;47:466944;48:598016,-op=split-linear -input-dim=4096 -output-dim=11008 -rows=512 -split-k=4
626,bert:bert-7b-proxy:layer22_attn_score,split-linear,1048576,4096,1-43,43,1-43,43,1:20480;2:20480;3:20480;4:20480;5:20480;6:20480;7:20480;8:20480;9:20480;10:20480;11:20480;12:20480;13:20480;14:20480;15:20480;16:20480;17:20480;18:20480;19:20480;20:20480;21:20480;22:20480;23:20480;24:20480;25:20480;26:20480;27:20480;28:20480;29:20480;30:20480;31:20480;32:20480;33:20480;34:20480;35:20480;36:20480;37:20480;38:20480;39:20480;40:20480;41:20480;42:20480;43:188416,-op=split-linear -input-dim=4096 -output-dim=512 -rows=512 -split-k=4
627,gpt:gpt-7b:layer20_mlp_gelu,gelu,22544384,88064,all,48,all,48,1:466944;2:466944;3:466944;4:466944;5:466944;6:466944;7:466944;8:466944;9:466944;10:466944;11:466944;12:466944;13:466944;14:466944;15:466944;16:466944;17:466944;18:466944;19:466944;20:466944;21:466944;22:466944;23:466944;24:466944;25:466944;26:466944;27:466944;28:466944;29:466944;30:466944;31:466944;32:466944;33:466944;34:466944;35:466944;36:466944;37:466944;38:466944;39:466944;40:466944;41:466944;42:466944;43:466944;44:466944;45:466944;46:466944;47:466944;48:598016,-op=gelu -elements=5636096
628,bert:bert-7b-proxy:layer22_attn_softmax,row-softmax,1048576,512,1-16,16,1-16,16,1:65536;2:65536;3:65536;4:65536;5:65536;6:65536;7:65536;8:65536;9:65536;10:65536;11:65536;12:65536;13:65536;14:65536;15:65536;16:65536,-op=row-softmax -cols=512 -rows=512
629,gpt:gpt-7b:layer20_mlp_fc2,split-linear,8388608,32768,1-47,47,1-47,47,1:176128;2:176128;3:176128;4:176128;5:176128;6:176128;7:176128;8:176128;9:176128;10:176128;11:176128;12:176128;13:176128;14:176128;15:176128;16:176128;17:176128;18:176128;19:176128;20:176128;21:176128;22:176128;23:176128;24:176128;25:176128;26:176128;27:176128;28:176128;29:176128;30:176128;31:176128;32:176128;33:176128;34:176128;35:176128;36:176128;37:176128;38:176128;39:176128;40:176128;41:176128;42:176128;43:176128;44:176128;45:176128;46:176128;47:286720,-op=split-linear -input-dim=11008 -output-dim=4096 -rows=512 -split-k=4
630,bert:bert-7b-proxy:layer22_attn_value,split-linear,8388608,32768,1-47,47,1-47,47,1:176128;2:176128;3:176128;4:176128;5:176128;6:176128;7:176128;8:176128;9:176128;10:176128;11:176128;12:176128;13:176128;14:176128;15:176128;16:176128;17:176128;18:176128;19:176128;20:176128;21:176128;22:176128;23:176128;24:176128;25:176128;26:176128;27:176128;28:176128;29:176128;30:176128;31:176128;32:176128;33:176128;34:176128;35:176128;36:176128;37:176128;38:176128;39:176128;40:176128;41:176128;42:176128;43:176128;44:176128;45:176128;46:176128;47:286720,-op=split-linear -input-dim=512 -output-dim=4096 -rows=512 -split-k=4
631,gpt:gpt-7b:layer20_mlp_residual,residual-add,8388608,32768,1-47,47,1-47,47,1:176128;2:176128;3:176128;4:176128;5:176128;6:176128;7:176128;8:176128;9:176128;10:176128;11:176128;12:176128;13:176128;14:176128;15:176128;16:176128;17:176128;18:176128;19:176128;20:176128;21:176128;22:176128;23:176128;24:176128;25:176128;26:176128;27:176128;28:176128;29:176128;30:176128;31:176128;32:176128;33:176128;34:176128;35:176128;36:176128;37:176128;38:176128;39:176128;40:176128;41:176128;42:176128;43:176128;44:176128;45:176128;46:176128;47:286720,-op=residual-add -elements=2097152
632,bert:bert-7b-proxy:layer22_attn_out,split-linear,8388608,32768,1-47,47,1-47,47,1:176128;2:176128;3:176128;4:176128;5:176128;6:176128;7:176128;8:176128;9:176128;10:176128;11:176128;12:176128;13:176128;14:176128;15:176128;16:176128;17:176128;18:176128;19:176128;20:176128;21:176128;22:176128;23:176128;24:176128;25:176128;26:176128;27:176128;28:176128;29:176128;30:176128;31:176128;32:176128;33:176128;34:176128;35:176128;36:176128;37:176128;38:176128;39:176128;40:176128;41:176128;42:176128;43:176128;44:176128;45:176128;46:176128;47:286720,-op=split-linear -input-dim=4096 -output-dim=4096 -rows=512 -split-k=4
633,gpt:gpt-7b:layer21_norm1,layernorm,8388608,32768,1-47,47,1-47,47,1:176128;2:176128;3:176128;4:176128;5:176128;6:176128;7:176128;8:176128;9:176128;10:176128;11:176128;12:176128;13:176128;14:176128;15:176128;16:176128;17:176128;18:176128;19:176128;20:176128;21:176128;22:176128;23:176128;24:176128;25:176128;26:176128;27:176128;28:176128;29:176128;30:176128;31:176128;32:176128;33:176128;34:176128;35:176128;36:176128;37:176128;38:176128;39:176128;40:176128;41:176128;42:176128;43:176128;44:176128;45:176128;46:176128;47:286720,-op=layernorm -hidden=4096 -rows=512
634,bert:bert-7b-proxy:layer22_attn_residual,residual-add,8388608,32768,1-47,47,1-47,47,1:176128;2:176128;3:176128;4:176128;5:176128;6:176128;7:176128;8:176128;9:176128;10:176128;11:176128;12:176128;13:176128;14:176128;15:176128;16:176128;17:176128;18:176128;19:176128;20:176128;21:176128;22:176128;23:176128;24:176128;25:176128;26:176128;27:176128;28:176128;29:176128;30:176128;31:176128;32:176128;33:176128;34:176128;35:176128;36:176128;37:176128;38:176128;39:176128;40:176128;41:176128;42:176128;43:176128;44:176128;45:176128;46:176128;47:286720,-op=residual-add -elements=2097152
635,gpt:gpt-7b:layer21_attn_q,split-linear,8388608,32768,1-47,47,1-47,47,1:176128;2:176128;3:176128;4:176128;5:176128;6:176128;7:176128;8:176128;9:176128;10:176128;11:176128;12:176128;13:176128;14:176128;15:176128;16:176128;17:176128;18:176128;19:176128;20:176128;21:176128;22:176128;23:176128;24:176128;25:176128;26:176128;27:176128;28:176128;29:176128;30:176128;31:176128;32:176128;33:176128;34:176128;35:176128;36:176128;37:176128;38:176128;39:176128;40:176128;41:176128;42:176128;43:176128;44:176128;45:176128;46:176128;47:286720,-op=split-linear -input-dim=4096 -output-dim=4096 -rows=512 -split-k=4
636,bert:bert-7b-proxy:layer22_norm1,layernorm,8388608,32768,1-47,47,1-47,47,1:176128;2:176128;3:176128;4:176128;5:176128;6:176128;7:176128;8:176128;9:176128;10:176128;11:176128;12:176128;13:176128;14:176128;15:176128;16:176128;17:176128;18:176128;19:176128;20:176128;21:176128;22:176128;23:176128;24:176128;25:176128;26:176128;27:176128;28:176128;29:176128;30:176128;31:176128;32:176128;33:176128;34:176128;35:176128;36:176128;37:176128;38:176128;39:176128;40:176128;41:176128;42:176128;43:176128;44:176128;45:176128;46:176128;47:286720,-op=layernorm -hidden=4096 -rows=512
637,gpt:gpt-7b:layer21_attn_k,split-linear,8388608,32768,1-47,47,1-47,47,1:176128;2:176128;3:176128;4:176128;5:176128;6:176128;7:176128;8:176128;9:176128;10:176128;11:176128;12:176128;13:176128;14:176128;15:176128;16:176128;17:176128;18:176128;19:176128;20:176128;21:176128;22:176128;23:176128;24:176128;25:176128;26:176128;27:176128;28:176128;29:176128;30:176128;31:176128;32:176128;33:176128;34:176128;35:176128;36:176128;37:176128;38:176128;39:176128;40:176128;41:176128;42:176128;43:176128;44:176128;45:176128;46:176128;47:286720,-op=split-linear -input-dim=4096 -output-dim=4096 -rows=512 -split-k=4
638,bert:bert-7b-proxy:layer22_mlp_fc1,split-linear,22544384,88064,all,48,all,48,1:466944;2:466944;3:466944;4:466944;5:466944;6:466944;7:466944;8:466944;9:466944;10:466944;11:466944;12:466944;13:466944;14:466944;15:466944;16:466944;17:466944;18:466944;19:466944;20:466944;21:466944;22:466944;23:466944;24:466944;25:466944;26:466944;27:466944;28:466944;29:466944;30:466944;31:466944;32:466944;33:466944;34:466944;35:466944;36:466944;37:466944;38:466944;39:466944;40:466944;41:466944;42:466944;43:466944;44:466944;45:466944;46:466944;47:466944;48:598016,-op=split-linear -input-dim=4096 -output-dim=11008 -rows=512 -split-k=4
639,gpt:gpt-7b:layer21_attn_v,split-linear,8388608,32768,1-47,47,1-47,47,1:176128;2:176128;3:176128;4:176128;5:176128;6:176128;7:176128;8:176128;9:176128;10:176128;11:176128;12:176128;13:176128;14:176128;15:176128;16:176128;17:176128;18:176128;19:176128;20:176128;21:176128;22:176128;23:176128;24:176128;25:176128;26:176128;27:176128;28:176128;29:176128;30:176128;31:176128;32:176128;33:176128;34:176128;35:176128;36:176128;37:176128;38:176128;39:176128;40:176128;41:176128;42:176128;43:176128;44:176128;45:176128;46:176128;47:286720,-op=split-linear -input-dim=4096 -output-dim=4096 -rows=512 -split-k=4
640,bert:bert-7b-proxy:layer22_mlp_gelu,gelu,22544384,88064,all,48,all,48,1:466944;2:466944;3:466944;4:466944;5:466944;6:466944;7:466944;8:466944;9:466944;10:466944;11:466944;12:466944;13:466944;14:466944;15:466944;16:466944;17:466944;18:466944;19:466944;20:466944;21:466944;22:466944;23:466944;24:466944;25:466944;26:466944;27:466944;28:466944;29:466944;30:466944;31:466944;32:466944;33:466944;34:466944;35:466944;36:466944;37:466944;38:466944;39:466944;40:466944;41:466944;42:466944;43:466944;44:466944;45:466944;46:466944;47:466944;48:598016,-op=gelu -elements=5636096
641,gpt:gpt-7b:layer21_attn_score,split-linear,1048576,4096,1-43,43,1-43,43,1:20480;2:20480;3:20480;4:20480;5:20480;6:20480;7:20480;8:20480;9:20480;10:20480;11:20480;12:20480;13:20480;14:20480;15:20480;16:20480;17:20480;18:20480;19:20480;20:20480;21:20480;22:20480;23:20480;24:20480;25:20480;26:20480;27:20480;28:20480;29:20480;30:20480;31:20480;32:20480;33:20480;34:20480;35:20480;36:20480;37:20480;38:20480;39:20480;40:20480;41:20480;42:20480;43:188416,-op=split-linear -input-dim=4096 -output-dim=512 -rows=512 -split-k=4
642,bert:bert-7b-proxy:layer22_mlp_fc2,split-linear,8388608,32768,1-47,47,1-47,47,1:176128;2:176128;3:176128;4:176128;5:176128;6:176128;7:176128;8:176128;9:176128;10:176128;11:176128;12:176128;13:176128;14:176128;15:176128;16:176128;17:176128;18:176128;19:176128;20:176128;21:176128;22:176128;23:176128;24:176128;25:176128;26:176128;27:176128;28:176128;29:176128;30:176128;31:176128;32:176128;33:176128;34:176128;35:176128;36:176128;37:176128;38:176128;39:176128;40:176128;41:176128;42:176128;43:176128;44:176128;45:176128;46:176128;47:286720,-op=split-linear -input-dim=11008 -output-dim=4096 -rows=512 -split-k=4
643,gpt:gpt-7b:layer21_causal_mask,causal-mask,1048576,4096,1-43,43,1-43,43,1:20480;2:20480;3:20480;4:20480;5:20480;6:20480;7:20480;8:20480;9:20480;10:20480;11:20480;12:20480;13:20480;14:20480;15:20480;16:20480;17:20480;18:20480;19:20480;20:20480;21:20480;22:20480;23:20480;24:20480;25:20480;26:20480;27:20480;28:20480;29:20480;30:20480;31:20480;32:20480;33:20480;34:20480;35:20480;36:20480;37:20480;38:20480;39:20480;40:20480;41:20480;42:20480;43:188416,-op=causal-mask -batch-size=1 -rows=512 -seq-len=512
644,bert:bert-7b-proxy:layer22_mlp_residual,residual-add,8388608,32768,1-47,47,1-47,47,1:176128;2:176128;3:176128;4:176128;5:176128;6:176128;7:176128;8:176128;9:176128;10:176128;11:176128;12:176128;13:176128;14:176128;15:176128;16:176128;17:176128;18:176128;19:176128;20:176128;21:176128;22:176128;23:176128;24:176128;25:176128;26:176128;27:176128;28:176128;29:176128;30:176128;31:176128;32:176128;33:176128;34:176128;35:176128;36:176128;37:176128;38:176128;39:176128;40:176128;41:176128;42:176128;43:176128;44:176128;45:176128;46:176128;47:286720,-op=residual-add -elements=2097152
645,gpt:gpt-7b:layer21_attn_softmax,row-softmax,1048576,512,1-16,16,1-16,16,1:65536;2:65536;3:65536;4:65536;5:65536;6:65536;7:65536;8:65536;9:65536;10:65536;11:65536;12:65536;13:65536;14:65536;15:65536;16:65536,-op=row-softmax -cols=512 -rows=512
646,bert:bert-7b-proxy:layer22_norm2,layernorm,8388608,32768,1-47,47,1-47,47,1:176128;2:176128;3:176128;4:176128;5:176128;6:176128;7:176128;8:176128;9:176128;10:176128;11:176128;12:176128;13:176128;14:176128;15:176128;16:176128;17:176128;18:176128;19:176128;20:176128;21:176128;22:176128;23:176128;24:176128;25:176128;26:176128;27:176128;28:176128;29:176128;30:176128;31:176128;32:176128;33:176128;34:176128;35:176128;36:176128;37:176128;38:176128;39:176128;40:176128;41:176128;42:176128;43:176128;44:176128;45:176128;46:176128;47:286720,-op=layernorm -hidden=4096 -rows=512
647,gpt:gpt-7b:layer21_attn_value,split-linear,8388608,32768,1-47,47,1-47,47,1:176128;2:176128;3:176128;4:176128;5:176128;6:176128;7:176128;8:176128;9:176128;10:176128;11:176128;12:176128;13:176128;14:176128;15:176128;16:176128;17:176128;18:176128;19:176128;20:176128;21:176128;22:176128;23:176128;24:176128;25:176128;26:176128;27:176128;28:176128;29:176128;30:176128;31:176128;32:176128;33:176128;34:176128;35:176128;36:176128;37:176128;38:176128;39:176128;40:176128;41:176128;42:176128;43:176128;44:176128;45:176128;46:176128;47:286720,-op=split-linear -input-dim=512 -output-dim=4096 -rows=512 -split-k=4
648,bert:bert-7b-proxy:layer23_attn_q,split-linear,8388608,32768,1-47,47,1-47,47,1:176128;2:176128;3:176128;4:176128;5:176128;6:176128;7:176128;8:176128;9:176128;10:176128;11:176128;12:176128;13:176128;14:176128;15:176128;16:176128;17:176128;18:176128;19:176128;20:176128;21:176128;22:176128;23:176128;24:176128;25:176128;26:176128;27:176128;28:176128;29:176128;30:176128;31:176128;32:176128;33:176128;34:176128;35:176128;36:176128;37:176128;38:176128;39:176128;40:176128;41:176128;42:176128;43:176128;44:176128;45:176128;46:176128;47:286720,-op=split-linear -input-dim=4096 -output-dim=4096 -rows=512 -split-k=4
649,gpt:gpt-7b:layer21_attn_out,split-linear,8388608,32768,1-47,47,1-47,47,1:176128;2:176128;3:176128;4:176128;5:176128;6:176128;7:176128;8:176128;9:176128;10:176128;11:176128;12:176128;13:176128;14:176128;15:176128;16:176128;17:176128;18:176128;19:176128;20:176128;21:176128;22:176128;23:176128;24:176128;25:176128;26:176128;27:176128;28:176128;29:176128;30:176128;31:176128;32:176128;33:176128;34:176128;35:176128;36:176128;37:176128;38:176128;39:176128;40:176128;41:176128;42:176128;43:176128;44:176128;45:176128;46:176128;47:286720,-op=split-linear -input-dim=4096 -output-dim=4096 -rows=512 -split-k=4
650,bert:bert-7b-proxy:layer23_attn_k,split-linear,8388608,32768,1-47,47,1-47,47,1:176128;2:176128;3:176128;4:176128;5:176128;6:176128;7:176128;8:176128;9:176128;10:176128;11:176128;12:176128;13:176128;14:176128;15:176128;16:176128;17:176128;18:176128;19:176128;20:176128;21:176128;22:176128;23:176128;24:176128;25:176128;26:176128;27:176128;28:176128;29:176128;30:176128;31:176128;32:176128;33:176128;34:176128;35:176128;36:176128;37:176128;38:176128;39:176128;40:176128;41:176128;42:176128;43:176128;44:176128;45:176128;46:176128;47:286720,-op=split-linear -input-dim=4096 -output-dim=4096 -rows=512 -split-k=4
651,gpt:gpt-7b:layer21_attn_residual,residual-add,8388608,32768,1-47,47,1-47,47,1:176128;2:176128;3:176128;4:176128;5:176128;6:176128;7:176128;8:176128;9:176128;10:176128;11:176128;12:176128;13:176128;14:176128;15:176128;16:176128;17:176128;18:176128;19:176128;20:176128;21:176128;22:176128;23:176128;24:176128;25:176128;26:176128;27:176128;28:176128;29:176128;30:176128;31:176128;32:176128;33:176128;34:176128;35:176128;36:176128;37:176128;38:176128;39:176128;40:176128;41:176128;42:176128;43:176128;44:176128;45:176128;46:176128;47:286720,-op=residual-add -elements=2097152
652,bert:bert-7b-proxy:layer23_attn_v,split-linear,8388608,32768,1-47,47,1-47,47,1:176128;2:176128;3:176128;4:176128;5:176128;6:176128;7:176128;8:176128;9:176128;10:176128;11:176128;12:176128;13:176128;14:176128;15:176128;16:176128;17:176128;18:176128;19:176128;20:176128;21:176128;22:176128;23:176128;24:176128;25:176128;26:176128;27:176128;28:176128;29:176128;30:176128;31:176128;32:176128;33:176128;34:176128;35:176128;36:176128;37:176128;38:176128;39:176128;40:176128;41:176128;42:176128;43:176128;44:176128;45:176128;46:176128;47:286720,-op=split-linear -input-dim=4096 -output-dim=4096 -rows=512 -split-k=4
653,gpt:gpt-7b:layer21_norm2,layernorm,8388608,32768,1-47,47,1-47,47,1:176128;2:176128;3:176128;4:176128;5:176128;6:176128;7:176128;8:176128;9:176128;10:176128;11:176128;12:176128;13:176128;14:176128;15:176128;16:176128;17:176128;18:176128;19:176128;20:176128;21:176128;22:176128;23:176128;24:176128;25:176128;26:176128;27:176128;28:176128;29:176128;30:176128;31:176128;32:176128;33:176128;34:176128;35:176128;36:176128;37:176128;38:176128;39:176128;40:176128;41:176128;42:176128;43:176128;44:176128;45:176128;46:176128;47:286720,-op=layernorm -hidden=4096 -rows=512
654,bert:bert-7b-proxy:layer23_attn_score,split-linear,1048576,4096,1-43,43,1-43,43,1:20480;2:20480;3:20480;4:20480;5:20480;6:20480;7:20480;8:20480;9:20480;10:20480;11:20480;12:20480;13:20480;14:20480;15:20480;16:20480;17:20480;18:20480;19:20480;20:20480;21:20480;22:20480;23:20480;24:20480;25:20480;26:20480;27:20480;28:20480;29:20480;30:20480;31:20480;32:20480;33:20480;34:20480;35:20480;36:20480;37:20480;38:20480;39:20480;40:20480;41:20480;42:20480;43:188416,-op=split-linear -input-dim=4096 -output-dim=512 -rows=512 -split-k=4
655,gpt:gpt-7b:layer21_mlp_fc1,split-linear,22544384,88064,all,48,all,48,1:466944;2:466944;3:466944;4:466944;5:466944;6:466944;7:466944;8:466944;9:466944;10:466944;11:466944;12:466944;13:466944;14:466944;15:466944;16:466944;17:466944;18:466944;19:466944;20:466944;21:466944;22:466944;23:466944;24:466944;25:466944;26:466944;27:466944;28:466944;29:466944;30:466944;31:466944;32:466944;33:466944;34:466944;35:466944;36:466944;37:466944;38:466944;39:466944;40:466944;41:466944;42:466944;43:466944;44:466944;45:466944;46:466944;47:466944;48:598016,-op=split-linear -input-dim=4096 -output-dim=11008 -rows=512 -split-k=4
656,bert:bert-7b-proxy:layer23_attn_softmax,row-softmax,1048576,512,1-16,16,1-16,16,1:65536;2:65536;3:65536;4:65536;5:65536;6:65536;7:65536;8:65536;9:65536;10:65536;11:65536;12:65536;13:65536;14:65536;15:65536;16:65536,-op=row-softmax -cols=512 -rows=512
657,gpt:gpt-7b:layer21_mlp_gelu,gelu,22544384,88064,all,48,all,48,1:466944;2:466944;3:466944;4:466944;5:466944;6:466944;7:466944;8:466944;9:466944;10:466944;11:466944;12:466944;13:466944;14:466944;15:466944;16:466944;17:466944;18:466944;19:466944;20:466944;21:466944;22:466944;23:466944;24:466944;25:466944;26:466944;27:466944;28:466944;29:466944;30:466944;31:466944;32:466944;33:466944;34:466944;35:466944;36:466944;37:466944;38:466944;39:466944;40:466944;41:466944;42:466944;43:466944;44:466944;45:466944;46:466944;47:466944;48:598016,-op=gelu -elements=5636096
658,bert:bert-7b-proxy:layer23_attn_value,split-linear,8388608,32768,1-47,47,1-47,47,1:176128;2:176128;3:176128;4:176128;5:176128;6:176128;7:176128;8:176128;9:176128;10:176128;11:176128;12:176128;13:176128;14:176128;15:176128;16:176128;17:176128;18:176128;19:176128;20:176128;21:176128;22:176128;23:176128;24:176128;25:176128;26:176128;27:176128;28:176128;29:176128;30:176128;31:176128;32:176128;33:176128;34:176128;35:176128;36:176128;37:176128;38:176128;39:176128;40:176128;41:176128;42:176128;43:176128;44:176128;45:176128;46:176128;47:286720,-op=split-linear -input-dim=512 -output-dim=4096 -rows=512 -split-k=4
659,gpt:gpt-7b:layer21_mlp_fc2,split-linear,8388608,32768,1-47,47,1-47,47,1:176128;2:176128;3:176128;4:176128;5:176128;6:176128;7:176128;8:176128;9:176128;10:176128;11:176128;12:176128;13:176128;14:176128;15:176128;16:176128;17:176128;18:176128;19:176128;20:176128;21:176128;22:176128;23:176128;24:176128;25:176128;26:176128;27:176128;28:176128;29:176128;30:176128;31:176128;32:176128;33:176128;34:176128;35:176128;36:176128;37:176128;38:176128;39:176128;40:176128;41:176128;42:176128;43:176128;44:176128;45:176128;46:176128;47:286720,-op=split-linear -input-dim=11008 -output-dim=4096 -rows=512 -split-k=4
660,bert:bert-7b-proxy:layer23_attn_out,split-linear,8388608,32768,1-47,47,1-47,47,1:176128;2:176128;3:176128;4:176128;5:176128;6:176128;7:176128;8:176128;9:176128;10:176128;11:176128;12:176128;13:176128;14:176128;15:176128;16:176128;17:176128;18:176128;19:176128;20:176128;21:176128;22:176128;23:176128;24:176128;25:176128;26:176128;27:176128;28:176128;29:176128;30:176128;31:176128;32:176128;33:176128;34:176128;35:176128;36:176128;37:176128;38:176128;39:176128;40:176128;41:176128;42:176128;43:176128;44:176128;45:176128;46:176128;47:286720,-op=split-linear -input-dim=4096 -output-dim=4096 -rows=512 -split-k=4
661,gpt:gpt-7b:layer21_mlp_residual,residual-add,8388608,32768,1-47,47,1-47,47,1:176128;2:176128;3:176128;4:176128;5:176128;6:176128;7:176128;8:176128;9:176128;10:176128;11:176128;12:176128;13:176128;14:176128;15:176128;16:176128;17:176128;18:176128;19:176128;20:176128;21:176128;22:176128;23:176128;24:176128;25:176128;26:176128;27:176128;28:176128;29:176128;30:176128;31:176128;32:176128;33:176128;34:176128;35:176128;36:176128;37:176128;38:176128;39:176128;40:176128;41:176128;42:176128;43:176128;44:176128;45:176128;46:176128;47:286720,-op=residual-add -elements=2097152
662,bert:bert-7b-proxy:layer23_attn_residual,residual-add,8388608,32768,1-47,47,1-47,47,1:176128;2:176128;3:176128;4:176128;5:176128;6:176128;7:176128;8:176128;9:176128;10:176128;11:176128;12:176128;13:176128;14:176128;15:176128;16:176128;17:176128;18:176128;19:176128;20:176128;21:176128;22:176128;23:176128;24:176128;25:176128;26:176128;27:176128;28:176128;29:176128;30:176128;31:176128;32:176128;33:176128;34:176128;35:176128;36:176128;37:176128;38:176128;39:176128;40:176128;41:176128;42:176128;43:176128;44:176128;45:176128;46:176128;47:286720,-op=residual-add -elements=2097152
663,gpt:gpt-7b:layer22_norm1,layernorm,8388608,32768,1-47,47,1-47,47,1:176128;2:176128;3:176128;4:176128;5:176128;6:176128;7:176128;8:176128;9:176128;10:176128;11:176128;12:176128;13:176128;14:176128;15:176128;16:176128;17:176128;18:176128;19:176128;20:176128;21:176128;22:176128;23:176128;24:176128;25:176128;26:176128;27:176128;28:176128;29:176128;30:176128;31:176128;32:176128;33:176128;34:176128;35:176128;36:176128;37:176128;38:176128;39:176128;40:176128;41:176128;42:176128;43:176128;44:176128;45:176128;46:176128;47:286720,-op=layernorm -hidden=4096 -rows=512
664,bert:bert-7b-proxy:layer23_norm1,layernorm,8388608,32768,1-47,47,1-47,47,1:176128;2:176128;3:176128;4:176128;5:176128;6:176128;7:176128;8:176128;9:176128;10:176128;11:176128;12:176128;13:176128;14:176128;15:176128;16:176128;17:176128;18:176128;19:176128;20:176128;21:176128;22:176128;23:176128;24:176128;25:176128;26:176128;27:176128;28:176128;29:176128;30:176128;31:176128;32:176128;33:176128;34:176128;35:176128;36:176128;37:176128;38:176128;39:176128;40:176128;41:176128;42:176128;43:176128;44:176128;45:176128;46:176128;47:286720,-op=layernorm -hidden=4096 -rows=512
665,gpt:gpt-7b:layer22_attn_q,split-linear,8388608,32768,1-47,47,1-47,47,1:176128;2:176128;3:176128;4:176128;5:176128;6:176128;7:176128;8:176128;9:176128;10:176128;11:176128;12:176128;13:176128;14:176128;15:176128;16:176128;17:176128;18:176128;19:176128;20:176128;21:176128;22:176128;23:176128;24:176128;25:176128;26:176128;27:176128;28:176128;29:176128;30:176128;31:176128;32:176128;33:176128;34:176128;35:176128;36:176128;37:176128;38:176128;39:176128;40:176128;41:176128;42:176128;43:176128;44:176128;45:176128;46:176128;47:286720,-op=split-linear -input-dim=4096 -output-dim=4096 -rows=512 -split-k=4
666,bert:bert-7b-proxy:layer23_mlp_fc1,split-linear,22544384,88064,all,48,all,48,1:466944;2:466944;3:466944;4:466944;5:466944;6:466944;7:466944;8:466944;9:466944;10:466944;11:466944;12:466944;13:466944;14:466944;15:466944;16:466944;17:466944;18:466944;19:466944;20:466944;21:466944;22:466944;23:466944;24:466944;25:466944;26:466944;27:466944;28:466944;29:466944;30:466944;31:466944;32:466944;33:466944;34:466944;35:466944;36:466944;37:466944;38:466944;39:466944;40:466944;41:466944;42:466944;43:466944;44:466944;45:466944;46:466944;47:466944;48:598016,-op=split-linear -input-dim=4096 -output-dim=11008 -rows=512 -split-k=4
667,gpt:gpt-7b:layer22_attn_k,split-linear,8388608,32768,1-47,47,1-47,47,1:176128;2:176128;3:176128;4:176128;5:176128;6:176128;7:176128;8:176128;9:176128;10:176128;11:176128;12:176128;13:176128;14:176128;15:176128;16:176128;17:176128;18:176128;19:176128;20:176128;21:176128;22:176128;23:176128;24:176128;25:176128;26:176128;27:176128;28:176128;29:176128;30:176128;31:176128;32:176128;33:176128;34:176128;35:176128;36:176128;37:176128;38:176128;39:176128;40:176128;41:176128;42:176128;43:176128;44:176128;45:176128;46:176128;47:286720,-op=split-linear -input-dim=4096 -output-dim=4096 -rows=512 -split-k=4
668,bert:bert-7b-proxy:layer23_mlp_gelu,gelu,22544384,88064,all,48,all,48,1:466944;2:466944;3:466944;4:466944;5:466944;6:466944;7:466944;8:466944;9:466944;10:466944;11:466944;12:466944;13:466944;14:466944;15:466944;16:466944;17:466944;18:466944;19:466944;20:466944;21:466944;22:466944;23:466944;24:466944;25:466944;26:466944;27:466944;28:466944;29:466944;30:466944;31:466944;32:466944;33:466944;34:466944;35:466944;36:466944;37:466944;38:466944;39:466944;40:466944;41:466944;42:466944;43:466944;44:466944;45:466944;46:466944;47:466944;48:598016,-op=gelu -elements=5636096
669,gpt:gpt-7b:layer22_attn_v,split-linear,8388608,32768,1-47,47,1-47,47,1:176128;2:176128;3:176128;4:176128;5:176128;6:176128;7:176128;8:176128;9:176128;10:176128;11:176128;12:176128;13:176128;14:176128;15:176128;16:176128;17:176128;18:176128;19:176128;20:176128;21:176128;22:176128;23:176128;24:176128;25:176128;26:176128;27:176128;28:176128;29:176128;30:176128;31:176128;32:176128;33:176128;34:176128;35:176128;36:176128;37:176128;38:176128;39:176128;40:176128;41:176128;42:176128;43:176128;44:176128;45:176128;46:176128;47:286720,-op=split-linear -input-dim=4096 -output-dim=4096 -rows=512 -split-k=4
670,bert:bert-7b-proxy:layer23_mlp_fc2,split-linear,8388608,32768,1-47,47,1-47,47,1:176128;2:176128;3:176128;4:176128;5:176128;6:176128;7:176128;8:176128;9:176128;10:176128;11:176128;12:176128;13:176128;14:176128;15:176128;16:176128;17:176128;18:176128;19:176128;20:176128;21:176128;22:176128;23:176128;24:176128;25:176128;26:176128;27:176128;28:176128;29:176128;30:176128;31:176128;32:176128;33:176128;34:176128;35:176128;36:176128;37:176128;38:176128;39:176128;40:176128;41:176128;42:176128;43:176128;44:176128;45:176128;46:176128;47:286720,-op=split-linear -input-dim=11008 -output-dim=4096 -rows=512 -split-k=4
671,gpt:gpt-7b:layer22_attn_score,split-linear,1048576,4096,1-43,43,1-43,43,1:20480;2:20480;3:20480;4:20480;5:20480;6:20480;7:20480;8:20480;9:20480;10:20480;11:20480;12:20480;13:20480;14:20480;15:20480;16:20480;17:20480;18:20480;19:20480;20:20480;21:20480;22:20480;23:20480;24:20480;25:20480;26:20480;27:20480;28:20480;29:20480;30:20480;31:20480;32:20480;33:20480;34:20480;35:20480;36:20480;37:20480;38:20480;39:20480;40:20480;41:20480;42:20480;43:188416,-op=split-linear -input-dim=4096 -output-dim=512 -rows=512 -split-k=4
672,bert:bert-7b-proxy:layer23_mlp_residual,residual-add,8388608,32768,1-47,47,1-47,47,1:176128;2:176128;3:176128;4:176128;5:176128;6:176128;7:176128;8:176128;9:176128;10:176128;11:176128;12:176128;13:176128;14:176128;15:176128;16:176128;17:176128;18:176128;19:176128;20:176128;21:176128;22:176128;23:176128;24:176128;25:176128;26:176128;27:176128;28:176128;29:176128;30:176128;31:176128;32:176128;33:176128;34:176128;35:176128;36:176128;37:176128;38:176128;39:176128;40:176128;41:176128;42:176128;43:176128;44:176128;45:176128;46:176128;47:286720,-op=residual-add -elements=2097152
673,gpt:gpt-7b:layer22_causal_mask,causal-mask,1048576,4096,1-43,43,1-43,43,1:20480;2:20480;3:20480;4:20480;5:20480;6:20480;7:20480;8:20480;9:20480;10:20480;11:20480;12:20480;13:20480;14:20480;15:20480;16:20480;17:20480;18:20480;19:20480;20:20480;21:20480;22:20480;23:20480;24:20480;25:20480;26:20480;27:20480;28:20480;29:20480;30:20480;31:20480;32:20480;33:20480;34:20480;35:20480;36:20480;37:20480;38:20480;39:20480;40:20480;41:20480;42:20480;43:188416,-op=causal-mask -batch-size=1 -rows=512 -seq-len=512
674,bert:bert-7b-proxy:layer23_norm2,layernorm,8388608,32768,1-47,47,1-47,47,1:176128;2:176128;3:176128;4:176128;5:176128;6:176128;7:176128;8:176128;9:176128;10:176128;11:176128;12:176128;13:176128;14:176128;15:176128;16:176128;17:176128;18:176128;19:176128;20:176128;21:176128;22:176128;23:176128;24:176128;25:176128;26:176128;27:176128;28:176128;29:176128;30:176128;31:176128;32:176128;33:176128;34:176128;35:176128;36:176128;37:176128;38:176128;39:176128;40:176128;41:176128;42:176128;43:176128;44:176128;45:176128;46:176128;47:286720,-op=layernorm -hidden=4096 -rows=512
675,gpt:gpt-7b:layer22_attn_softmax,row-softmax,1048576,512,1-16,16,1-16,16,1:65536;2:65536;3:65536;4:65536;5:65536;6:65536;7:65536;8:65536;9:65536;10:65536;11:65536;12:65536;13:65536;14:65536;15:65536;16:65536,-op=row-softmax -cols=512 -rows=512
676,bert:bert-7b-proxy:layer24_attn_q,split-linear,8388608,32768,1-47,47,1-47,47,1:176128;2:176128;3:176128;4:176128;5:176128;6:176128;7:176128;8:176128;9:176128;10:176128;11:176128;12:176128;13:176128;14:176128;15:176128;16:176128;17:176128;18:176128;19:176128;20:176128;21:176128;22:176128;23:176128;24:176128;25:176128;26:176128;27:176128;28:176128;29:176128;30:176128;31:176128;32:176128;33:176128;34:176128;35:176128;36:176128;37:176128;38:176128;39:176128;40:176128;41:176128;42:176128;43:176128;44:176128;45:176128;46:176128;47:286720,-op=split-linear -input-dim=4096 -output-dim=4096 -rows=512 -split-k=4
677,gpt:gpt-7b:layer22_attn_value,split-linear,8388608,32768,1-47,47,1-47,47,1:176128;2:176128;3:176128;4:176128;5:176128;6:176128;7:176128;8:176128;9:176128;10:176128;11:176128;12:176128;13:176128;14:176128;15:176128;16:176128;17:176128;18:176128;19:176128;20:176128;21:176128;22:176128;23:176128;24:176128;25:176128;26:176128;27:176128;28:176128;29:176128;30:176128;31:176128;32:176128;33:176128;34:176128;35:176128;36:176128;37:176128;38:176128;39:176128;40:176128;41:176128;42:176128;43:176128;44:176128;45:176128;46:176128;47:286720,-op=split-linear -input-dim=512 -output-dim=4096 -rows=512 -split-k=4
678,bert:bert-7b-proxy:layer24_attn_k,split-linear,8388608,32768,1-47,47,1-47,47,1:176128;2:176128;3:176128;4:176128;5:176128;6:176128;7:176128;8:176128;9:176128;10:176128;11:176128;12:176128;13:176128;14:176128;15:176128;16:176128;17:176128;18:176128;19:176128;20:176128;21:176128;22:176128;23:176128;24:176128;25:176128;26:176128;27:176128;28:176128;29:176128;30:176128;31:176128;32:176128;33:176128;34:176128;35:176128;36:176128;37:176128;38:176128;39:176128;40:176128;41:176128;42:176128;43:176128;44:176128;45:176128;46:176128;47:286720,-op=split-linear -input-dim=4096 -output-dim=4096 -rows=512 -split-k=4
679,gpt:gpt-7b:layer22_attn_out,split-linear,8388608,32768,1-47,47,1-47,47,1:176128;2:176128;3:176128;4:176128;5:176128;6:176128;7:176128;8:176128;9:176128;10:176128;11:176128;12:176128;13:176128;14:176128;15:176128;16:176128;17:176128;18:176128;19:176128;20:176128;21:176128;22:176128;23:176128;24:176128;25:176128;26:176128;27:176128;28:176128;29:176128;30:176128;31:176128;32:176128;33:176128;34:176128;35:176128;36:176128;37:176128;38:176128;39:176128;40:176128;41:176128;42:176128;43:176128;44:176128;45:176128;46:176128;47:286720,-op=split-linear -input-dim=4096 -output-dim=4096 -rows=512 -split-k=4
680,bert:bert-7b-proxy:layer24_attn_v,split-linear,8388608,32768,1-47,47,1-47,47,1:176128;2:176128;3:176128;4:176128;5:176128;6:176128;7:176128;8:176128;9:176128;10:176128;11:176128;12:176128;13:176128;14:176128;15:176128;16:176128;17:176128;18:176128;19:176128;20:176128;21:176128;22:176128;23:176128;24:176128;25:176128;26:176128;27:176128;28:176128;29:176128;30:176128;31:176128;32:176128;33:176128;34:176128;35:176128;36:176128;37:176128;38:176128;39:176128;40:176128;41:176128;42:176128;43:176128;44:176128;45:176128;46:176128;47:286720,-op=split-linear -input-dim=4096 -output-dim=4096 -rows=512 -split-k=4
681,gpt:gpt-7b:layer22_attn_residual,residual-add,8388608,32768,1-47,47,1-47,47,1:176128;2:176128;3:176128;4:176128;5:176128;6:176128;7:176128;8:176128;9:176128;10:176128;11:176128;12:176128;13:176128;14:176128;15:176128;16:176128;17:176128;18:176128;19:176128;20:176128;21:176128;22:176128;23:176128;24:176128;25:176128;26:176128;27:176128;28:176128;29:176128;30:176128;31:176128;32:176128;33:176128;34:176128;35:176128;36:176128;37:176128;38:176128;39:176128;40:176128;41:176128;42:176128;43:176128;44:176128;45:176128;46:176128;47:286720,-op=residual-add -elements=2097152
682,bert:bert-7b-proxy:layer24_attn_score,split-linear,1048576,4096,1-43,43,1-43,43,1:20480;2:20480;3:20480;4:20480;5:20480;6:20480;7:20480;8:20480;9:20480;10:20480;11:20480;12:20480;13:20480;14:20480;15:20480;16:20480;17:20480;18:20480;19:20480;20:20480;21:20480;22:20480;23:20480;24:20480;25:20480;26:20480;27:20480;28:20480;29:20480;30:20480;31:20480;32:20480;33:20480;34:20480;35:20480;36:20480;37:20480;38:20480;39:20480;40:20480;41:20480;42:20480;43:188416,-op=split-linear -input-dim=4096 -output-dim=512 -rows=512 -split-k=4
683,gpt:gpt-7b:layer22_norm2,layernorm,8388608,32768,1-47,47,1-47,47,1:176128;2:176128;3:176128;4:176128;5:176128;6:176128;7:176128;8:176128;9:176128;10:176128;11:176128;12:176128;13:176128;14:176128;15:176128;16:176128;17:176128;18:176128;19:176128;20:176128;21:176128;22:176128;23:176128;24:176128;25:176128;26:176128;27:176128;28:176128;29:176128;30:176128;31:176128;32:176128;33:176128;34:176128;35:176128;36:176128;37:176128;38:176128;39:176128;40:176128;41:176128;42:176128;43:176128;44:176128;45:176128;46:176128;47:286720,-op=layernorm -hidden=4096 -rows=512
684,bert:bert-7b-proxy:layer24_attn_softmax,row-softmax,1048576,512,1-16,16,1-16,16,1:65536;2:65536;3:65536;4:65536;5:65536;6:65536;7:65536;8:65536;9:65536;10:65536;11:65536;12:65536;13:65536;14:65536;15:65536;16:65536,-op=row-softmax -cols=512 -rows=512
685,gpt:gpt-7b:layer22_mlp_fc1,split-linear,22544384,88064,all,48,all,48,1:466944;2:466944;3:466944;4:466944;5:466944;6:466944;7:466944;8:466944;9:466944;10:466944;11:466944;12:466944;13:466944;14:466944;15:466944;16:466944;17:466944;18:466944;19:466944;20:466944;21:466944;22:466944;23:466944;24:466944;25:466944;26:466944;27:466944;28:466944;29:466944;30:466944;31:466944;32:466944;33:466944;34:466944;35:466944;36:466944;37:466944;38:466944;39:466944;40:466944;41:466944;42:466944;43:466944;44:466944;45:466944;46:466944;47:466944;48:598016,-op=split-linear -input-dim=4096 -output-dim=11008 -rows=512 -split-k=4
686,bert:bert-7b-proxy:layer24_attn_value,split-linear,8388608,32768,1-47,47,1-47,47,1:176128;2:176128;3:176128;4:176128;5:176128;6:176128;7:176128;8:176128;9:176128;10:176128;11:176128;12:176128;13:176128;14:176128;15:176128;16:176128;17:176128;18:176128;19:176128;20:176128;21:176128;22:176128;23:176128;24:176128;25:176128;26:176128;27:176128;28:176128;29:176128;30:176128;31:176128;32:176128;33:176128;34:176128;35:176128;36:176128;37:176128;38:176128;39:176128;40:176128;41:176128;42:176128;43:176128;44:176128;45:176128;46:176128;47:286720,-op=split-linear -input-dim=512 -output-dim=4096 -rows=512 -split-k=4
687,gpt:gpt-7b:layer22_mlp_gelu,gelu,22544384,88064,all,48,all,48,1:466944;2:466944;3:466944;4:466944;5:466944;6:466944;7:466944;8:466944;9:466944;10:466944;11:466944;12:466944;13:466944;14:466944;15:466944;16:466944;17:466944;18:466944;19:466944;20:466944;21:466944;22:466944;23:466944;24:466944;25:466944;26:466944;27:466944;28:466944;29:466944;30:466944;31:466944;32:466944;33:466944;34:466944;35:466944;36:466944;37:466944;38:466944;39:466944;40:466944;41:466944;42:466944;43:466944;44:466944;45:466944;46:466944;47:466944;48:598016,-op=gelu -elements=5636096
688,bert:bert-7b-proxy:layer24_attn_out,split-linear,8388608,32768,1-47,47,1-47,47,1:176128;2:176128;3:176128;4:176128;5:176128;6:176128;7:176128;8:176128;9:176128;10:176128;11:176128;12:176128;13:176128;14:176128;15:176128;16:176128;17:176128;18:176128;19:176128;20:176128;21:176128;22:176128;23:176128;24:176128;25:176128;26:176128;27:176128;28:176128;29:176128;30:176128;31:176128;32:176128;33:176128;34:176128;35:176128;36:176128;37:176128;38:176128;39:176128;40:176128;41:176128;42:176128;43:176128;44:176128;45:176128;46:176128;47:286720,-op=split-linear -input-dim=4096 -output-dim=4096 -rows=512 -split-k=4
689,gpt:gpt-7b:layer22_mlp_fc2,split-linear,8388608,32768,1-47,47,1-47,47,1:176128;2:176128;3:176128;4:176128;5:176128;6:176128;7:176128;8:176128;9:176128;10:176128;11:176128;12:176128;13:176128;14:176128;15:176128;16:176128;17:176128;18:176128;19:176128;20:176128;21:176128;22:176128;23:176128;24:176128;25:176128;26:176128;27:176128;28:176128;29:176128;30:176128;31:176128;32:176128;33:176128;34:176128;35:176128;36:176128;37:176128;38:176128;39:176128;40:176128;41:176128;42:176128;43:176128;44:176128;45:176128;46:176128;47:286720,-op=split-linear -input-dim=11008 -output-dim=4096 -rows=512 -split-k=4
690,bert:bert-7b-proxy:layer24_attn_residual,residual-add,8388608,32768,1-47,47,1-47,47,1:176128;2:176128;3:176128;4:176128;5:176128;6:176128;7:176128;8:176128;9:176128;10:176128;11:176128;12:176128;13:176128;14:176128;15:176128;16:176128;17:176128;18:176128;19:176128;20:176128;21:176128;22:176128;23:176128;24:176128;25:176128;26:176128;27:176128;28:176128;29:176128;30:176128;31:176128;32:176128;33:176128;34:176128;35:176128;36:176128;37:176128;38:176128;39:176128;40:176128;41:176128;42:176128;43:176128;44:176128;45:176128;46:176128;47:286720,-op=residual-add -elements=2097152
691,gpt:gpt-7b:layer22_mlp_residual,residual-add,8388608,32768,1-47,47,1-47,47,1:176128;2:176128;3:176128;4:176128;5:176128;6:176128;7:176128;8:176128;9:176128;10:176128;11:176128;12:176128;13:176128;14:176128;15:176128;16:176128;17:176128;18:176128;19:176128;20:176128;21:176128;22:176128;23:176128;24:176128;25:176128;26:176128;27:176128;28:176128;29:176128;30:176128;31:176128;32:176128;33:176128;34:176128;35:176128;36:176128;37:176128;38:176128;39:176128;40:176128;41:176128;42:176128;43:176128;44:176128;45:176128;46:176128;47:286720,-op=residual-add -elements=2097152
692,bert:bert-7b-proxy:layer24_norm1,layernorm,8388608,32768,1-47,47,1-47,47,1:176128;2:176128;3:176128;4:176128;5:176128;6:176128;7:176128;8:176128;9:176128;10:176128;11:176128;12:176128;13:176128;14:176128;15:176128;16:176128;17:176128;18:176128;19:176128;20:176128;21:176128;22:176128;23:176128;24:176128;25:176128;26:176128;27:176128;28:176128;29:176128;30:176128;31:176128;32:176128;33:176128;34:176128;35:176128;36:176128;37:176128;38:176128;39:176128;40:176128;41:176128;42:176128;43:176128;44:176128;45:176128;46:176128;47:286720,-op=layernorm -hidden=4096 -rows=512
693,gpt:gpt-7b:layer23_norm1,layernorm,8388608,32768,1-47,47,1-47,47,1:176128;2:176128;3:176128;4:176128;5:176128;6:176128;7:176128;8:176128;9:176128;10:176128;11:176128;12:176128;13:176128;14:176128;15:176128;16:176128;17:176128;18:176128;19:176128;20:176128;21:176128;22:176128;23:176128;24:176128;25:176128;26:176128;27:176128;28:176128;29:176128;30:176128;31:176128;32:176128;33:176128;34:176128;35:176128;36:176128;37:176128;38:176128;39:176128;40:176128;41:176128;42:176128;43:176128;44:176128;45:176128;46:176128;47:286720,-op=layernorm -hidden=4096 -rows=512
694,bert:bert-7b-proxy:layer24_mlp_fc1,split-linear,22544384,88064,all,48,all,48,1:466944;2:466944;3:466944;4:466944;5:466944;6:466944;7:466944;8:466944;9:466944;10:466944;11:466944;12:466944;13:466944;14:466944;15:466944;16:466944;17:466944;18:466944;19:466944;20:466944;21:466944;22:466944;23:466944;24:466944;25:466944;26:466944;27:466944;28:466944;29:466944;30:466944;31:466944;32:466944;33:466944;34:466944;35:466944;36:466944;37:466944;38:466944;39:466944;40:466944;41:466944;42:466944;43:466944;44:466944;45:466944;46:466944;47:466944;48:598016,-op=split-linear -input-dim=4096 -output-dim=11008 -rows=512 -split-k=4
695,gpt:gpt-7b:layer23_attn_q,split-linear,8388608,32768,1-47,47,1-47,47,1:176128;2:176128;3:176128;4:176128;5:176128;6:176128;7:176128;8:176128;9:176128;10:176128;11:176128;12:176128;13:176128;14:176128;15:176128;16:176128;17:176128;18:176128;19:176128;20:176128;21:176128;22:176128;23:176128;24:176128;25:176128;26:176128;27:176128;28:176128;29:176128;30:176128;31:176128;32:176128;33:176128;34:176128;35:176128;36:176128;37:176128;38:176128;39:176128;40:176128;41:176128;42:176128;43:176128;44:176128;45:176128;46:176128;47:286720,-op=split-linear -input-dim=4096 -output-dim=4096 -rows=512 -split-k=4
696,bert:bert-7b-proxy:layer24_mlp_gelu,gelu,22544384,88064,all,48,all,48,1:466944;2:466944;3:466944;4:466944;5:466944;6:466944;7:466944;8:466944;9:466944;10:466944;11:466944;12:466944;13:466944;14:466944;15:466944;16:466944;17:466944;18:466944;19:466944;20:466944;21:466944;22:466944;23:466944;24:466944;25:466944;26:466944;27:466944;28:466944;29:466944;30:466944;31:466944;32:466944;33:466944;34:466944;35:466944;36:466944;37:466944;38:466944;39:466944;40:466944;41:466944;42:466944;43:466944;44:466944;45:466944;46:466944;47:466944;48:598016,-op=gelu -elements=5636096
697,gpt:gpt-7b:layer23_attn_k,split-linear,8388608,32768,1-47,47,1-47,47,1:176128;2:176128;3:176128;4:176128;5:176128;6:176128;7:176128;8:176128;9:176128;10:176128;11:176128;12:176128;13:176128;14:176128;15:176128;16:176128;17:176128;18:176128;19:176128;20:176128;21:176128;22:176128;23:176128;24:176128;25:176128;26:176128;27:176128;28:176128;29:176128;30:176128;31:176128;32:176128;33:176128;34:176128;35:176128;36:176128;37:176128;38:176128;39:176128;40:176128;41:176128;42:176128;43:176128;44:176128;45:176128;46:176128;47:286720,-op=split-linear -input-dim=4096 -output-dim=4096 -rows=512 -split-k=4
698,bert:bert-7b-proxy:layer24_mlp_fc2,split-linear,8388608,32768,1-47,47,1-47,47,1:176128;2:176128;3:176128;4:176128;5:176128;6:176128;7:176128;8:176128;9:176128;10:176128;11:176128;12:176128;13:176128;14:176128;15:176128;16:176128;17:176128;18:176128;19:176128;20:176128;21:176128;22:176128;23:176128;24:176128;25:176128;26:176128;27:176128;28:176128;29:176128;30:176128;31:176128;32:176128;33:176128;34:176128;35:176128;36:176128;37:176128;38:176128;39:176128;40:176128;41:176128;42:176128;43:176128;44:176128;45:176128;46:176128;47:286720,-op=split-linear -input-dim=11008 -output-dim=4096 -rows=512 -split-k=4
699,gpt:gpt-7b:layer23_attn_v,split-linear,8388608,32768,1-47,47,1-47,47,1:176128;2:176128;3:176128;4:176128;5:176128;6:176128;7:176128;8:176128;9:176128;10:176128;11:176128;12:176128;13:176128;14:176128;15:176128;16:176128;17:176128;18:176128;19:176128;20:176128;21:176128;22:176128;23:176128;24:176128;25:176128;26:176128;27:176128;28:176128;29:176128;30:176128;31:176128;32:176128;33:176128;34:176128;35:176128;36:176128;37:176128;38:176128;39:176128;40:176128;41:176128;42:176128;43:176128;44:176128;45:176128;46:176128;47:286720,-op=split-linear -input-dim=4096 -output-dim=4096 -rows=512 -split-k=4
700,bert:bert-7b-proxy:layer24_mlp_residual,residual-add,8388608,32768,1-47,47,1-47,47,1:176128;2:176128;3:176128;4:176128;5:176128;6:176128;7:176128;8:176128;9:176128;10:176128;11:176128;12:176128;13:176128;14:176128;15:176128;16:176128;17:176128;18:176128;19:176128;20:176128;21:176128;22:176128;23:176128;24:176128;25:176128;26:176128;27:176128;28:176128;29:176128;30:176128;31:176128;32:176128;33:176128;34:176128;35:176128;36:176128;37:176128;38:176128;39:176128;40:176128;41:176128;42:176128;43:176128;44:176128;45:176128;46:176128;47:286720,-op=residual-add -elements=2097152
701,gpt:gpt-7b:layer23_attn_score,split-linear,1048576,4096,1-43,43,1-43,43,1:20480;2:20480;3:20480;4:20480;5:20480;6:20480;7:20480;8:20480;9:20480;10:20480;11:20480;12:20480;13:20480;14:20480;15:20480;16:20480;17:20480;18:20480;19:20480;20:20480;21:20480;22:20480;23:20480;24:20480;25:20480;26:20480;27:20480;28:20480;29:20480;30:20480;31:20480;32:20480;33:20480;34:20480;35:20480;36:20480;37:20480;38:20480;39:20480;40:20480;41:20480;42:20480;43:188416,-op=split-linear -input-dim=4096 -output-dim=512 -rows=512 -split-k=4
702,bert:bert-7b-proxy:layer24_norm2,layernorm,8388608,32768,1-47,47,1-47,47,1:176128;2:176128;3:176128;4:176128;5:176128;6:176128;7:176128;8:176128;9:176128;10:176128;11:176128;12:176128;13:176128;14:176128;15:176128;16:176128;17:176128;18:176128;19:176128;20:176128;21:176128;22:176128;23:176128;24:176128;25:176128;26:176128;27:176128;28:176128;29:176128;30:176128;31:176128;32:176128;33:176128;34:176128;35:176128;36:176128;37:176128;38:176128;39:176128;40:176128;41:176128;42:176128;43:176128;44:176128;45:176128;46:176128;47:286720,-op=layernorm -hidden=4096 -rows=512
703,gpt:gpt-7b:layer23_causal_mask,causal-mask,1048576,4096,1-43,43,1-43,43,1:20480;2:20480;3:20480;4:20480;5:20480;6:20480;7:20480;8:20480;9:20480;10:20480;11:20480;12:20480;13:20480;14:20480;15:20480;16:20480;17:20480;18:20480;19:20480;20:20480;21:20480;22:20480;23:20480;24:20480;25:20480;26:20480;27:20480;28:20480;29:20480;30:20480;31:20480;32:20480;33:20480;34:20480;35:20480;36:20480;37:20480;38:20480;39:20480;40:20480;41:20480;42:20480;43:188416,-op=causal-mask -batch-size=1 -rows=512 -seq-len=512
704,bert:bert-7b-proxy:layer25_attn_q,split-linear,8388608,32768,1-47,47,1-47,47,1:176128;2:176128;3:176128;4:176128;5:176128;6:176128;7:176128;8:176128;9:176128;10:176128;11:176128;12:176128;13:176128;14:176128;15:176128;16:176128;17:176128;18:176128;19:176128;20:176128;21:176128;22:176128;23:176128;24:176128;25:176128;26:176128;27:176128;28:176128;29:176128;30:176128;31:176128;32:176128;33:176128;34:176128;35:176128;36:176128;37:176128;38:176128;39:176128;40:176128;41:176128;42:176128;43:176128;44:176128;45:176128;46:176128;47:286720,-op=split-linear -input-dim=4096 -output-dim=4096 -rows=512 -split-k=4
705,gpt:gpt-7b:layer23_attn_softmax,row-softmax,1048576,512,1-16,16,1-16,16,1:65536;2:65536;3:65536;4:65536;5:65536;6:65536;7:65536;8:65536;9:65536;10:65536;11:65536;12:65536;13:65536;14:65536;15:65536;16:65536,-op=row-softmax -cols=512 -rows=512
706,bert:bert-7b-proxy:layer25_attn_k,split-linear,8388608,32768,1-47,47,1-47,47,1:176128;2:176128;3:176128;4:176128;5:176128;6:176128;7:176128;8:176128;9:176128;10:176128;11:176128;12:176128;13:176128;14:176128;15:176128;16:176128;17:176128;18:176128;19:176128;20:176128;21:176128;22:176128;23:176128;24:176128;25:176128;26:176128;27:176128;28:176128;29:176128;30:176128;31:176128;32:176128;33:176128;34:176128;35:176128;36:176128;37:176128;38:176128;39:176128;40:176128;41:176128;42:176128;43:176128;44:176128;45:176128;46:176128;47:286720,-op=split-linear -input-dim=4096 -output-dim=4096 -rows=512 -split-k=4
707,gpt:gpt-7b:layer23_attn_value,split-linear,8388608,32768,1-47,47,1-47,47,1:176128;2:176128;3:176128;4:176128;5:176128;6:176128;7:176128;8:176128;9:176128;10:176128;11:176128;12:176128;13:176128;14:176128;15:176128;16:176128;17:176128;18:176128;19:176128;20:176128;21:176128;22:176128;23:176128;24:176128;25:176128;26:176128;27:176128;28:176128;29:176128;30:176128;31:176128;32:176128;33:176128;34:176128;35:176128;36:176128;37:176128;38:176128;39:176128;40:176128;41:176128;42:176128;43:176128;44:176128;45:176128;46:176128;47:286720,-op=split-linear -input-dim=512 -output-dim=4096 -rows=512 -split-k=4
708,bert:bert-7b-proxy:layer25_attn_v,split-linear,8388608,32768,1-47,47,1-47,47,1:176128;2:176128;3:176128;4:176128;5:176128;6:176128;7:176128;8:176128;9:176128;10:176128;11:176128;12:176128;13:176128;14:176128;15:176128;16:176128;17:176128;18:176128;19:176128;20:176128;21:176128;22:176128;23:176128;24:176128;25:176128;26:176128;27:176128;28:176128;29:176128;30:176128;31:176128;32:176128;33:176128;34:176128;35:176128;36:176128;37:176128;38:176128;39:176128;40:176128;41:176128;42:176128;43:176128;44:176128;45:176128;46:176128;47:286720,-op=split-linear -input-dim=4096 -output-dim=4096 -rows=512 -split-k=4
709,gpt:gpt-7b:layer23_attn_out,split-linear,8388608,32768,1-47,47,1-47,47,1:176128;2:176128;3:176128;4:176128;5:176128;6:176128;7:176128;8:176128;9:176128;10:176128;11:176128;12:176128;13:176128;14:176128;15:176128;16:176128;17:176128;18:176128;19:176128;20:176128;21:176128;22:176128;23:176128;24:176128;25:176128;26:176128;27:176128;28:176128;29:176128;30:176128;31:176128;32:176128;33:176128;34:176128;35:176128;36:176128;37:176128;38:176128;39:176128;40:176128;41:176128;42:176128;43:176128;44:176128;45:176128;46:176128;47:286720,-op=split-linear -input-dim=4096 -output-dim=4096 -rows=512 -split-k=4
710,bert:bert-7b-proxy:layer25_attn_score,split-linear,1048576,4096,1-43,43,1-43,43,1:20480;2:20480;3:20480;4:20480;5:20480;6:20480;7:20480;8:20480;9:20480;10:20480;11:20480;12:20480;13:20480;14:20480;15:20480;16:20480;17:20480;18:20480;19:20480;20:20480;21:20480;22:20480;23:20480;24:20480;25:20480;26:20480;27:20480;28:20480;29:20480;30:20480;31:20480;32:20480;33:20480;34:20480;35:20480;36:20480;37:20480;38:20480;39:20480;40:20480;41:20480;42:20480;43:188416,-op=split-linear -input-dim=4096 -output-dim=512 -rows=512 -split-k=4
711,gpt:gpt-7b:layer23_attn_residual,residual-add,8388608,32768,1-47,47,1-47,47,1:176128;2:176128;3:176128;4:176128;5:176128;6:176128;7:176128;8:176128;9:176128;10:176128;11:176128;12:176128;13:176128;14:176128;15:176128;16:176128;17:176128;18:176128;19:176128;20:176128;21:176128;22:176128;23:176128;24:176128;25:176128;26:176128;27:176128;28:176128;29:176128;30:176128;31:176128;32:176128;33:176128;34:176128;35:176128;36:176128;37:176128;38:176128;39:176128;40:176128;41:176128;42:176128;43:176128;44:176128;45:176128;46:176128;47:286720,-op=residual-add -elements=2097152
712,bert:bert-7b-proxy:layer25_attn_softmax,row-softmax,1048576,512,1-16,16,1-16,16,1:65536;2:65536;3:65536;4:65536;5:65536;6:65536;7:65536;8:65536;9:65536;10:65536;11:65536;12:65536;13:65536;14:65536;15:65536;16:65536,-op=row-softmax -cols=512 -rows=512
713,gpt:gpt-7b:layer23_norm2,layernorm,8388608,32768,1-47,47,1-47,47,1:176128;2:176128;3:176128;4:176128;5:176128;6:176128;7:176128;8:176128;9:176128;10:176128;11:176128;12:176128;13:176128;14:176128;15:176128;16:176128;17:176128;18:176128;19:176128;20:176128;21:176128;22:176128;23:176128;24:176128;25:176128;26:176128;27:176128;28:176128;29:176128;30:176128;31:176128;32:176128;33:176128;34:176128;35:176128;36:176128;37:176128;38:176128;39:176128;40:176128;41:176128;42:176128;43:176128;44:176128;45:176128;46:176128;47:286720,-op=layernorm -hidden=4096 -rows=512
714,bert:bert-7b-proxy:layer25_attn_value,split-linear,8388608,32768,1-47,47,1-47,47,1:176128;2:176128;3:176128;4:176128;5:176128;6:176128;7:176128;8:176128;9:176128;10:176128;11:176128;12:176128;13:176128;14:176128;15:176128;16:176128;17:176128;18:176128;19:176128;20:176128;21:176128;22:176128;23:176128;24:176128;25:176128;26:176128;27:176128;28:176128;29:176128;30:176128;31:176128;32:176128;33:176128;34:176128;35:176128;36:176128;37:176128;38:176128;39:176128;40:176128;41:176128;42:176128;43:176128;44:176128;45:176128;46:176128;47:286720,-op=split-linear -input-dim=512 -output-dim=4096 -rows=512 -split-k=4
715,gpt:gpt-7b:layer23_mlp_fc1,split-linear,22544384,88064,all,48,all,48,1:466944;2:466944;3:466944;4:466944;5:466944;6:466944;7:466944;8:466944;9:466944;10:466944;11:466944;12:466944;13:466944;14:466944;15:466944;16:466944;17:466944;18:466944;19:466944;20:466944;21:466944;22:466944;23:466944;24:466944;25:466944;26:466944;27:466944;28:466944;29:466944;30:466944;31:466944;32:466944;33:466944;34:466944;35:466944;36:466944;37:466944;38:466944;39:466944;40:466944;41:466944;42:466944;43:466944;44:466944;45:466944;46:466944;47:466944;48:598016,-op=split-linear -input-dim=4096 -output-dim=11008 -rows=512 -split-k=4
716,bert:bert-7b-proxy:layer25_attn_out,split-linear,8388608,32768,1-47,47,1-47,47,1:176128;2:176128;3:176128;4:176128;5:176128;6:176128;7:176128;8:176128;9:176128;10:176128;11:176128;12:176128;13:176128;14:176128;15:176128;16:176128;17:176128;18:176128;19:176128;20:176128;21:176128;22:176128;23:176128;24:176128;25:176128;26:176128;27:176128;28:176128;29:176128;30:176128;31:176128;32:176128;33:176128;34:176128;35:176128;36:176128;37:176128;38:176128;39:176128;40:176128;41:176128;42:176128;43:176128;44:176128;45:176128;46:176128;47:286720,-op=split-linear -input-dim=4096 -output-dim=4096 -rows=512 -split-k=4
717,gpt:gpt-7b:layer23_mlp_gelu,gelu,22544384,88064,all,48,all,48,1:466944;2:466944;3:466944;4:466944;5:466944;6:466944;7:466944;8:466944;9:466944;10:466944;11:466944;12:466944;13:466944;14:466944;15:466944;16:466944;17:466944;18:466944;19:466944;20:466944;21:466944;22:466944;23:466944;24:466944;25:466944;26:466944;27:466944;28:466944;29:466944;30:466944;31:466944;32:466944;33:466944;34:466944;35:466944;36:466944;37:466944;38:466944;39:466944;40:466944;41:466944;42:466944;43:466944;44:466944;45:466944;46:466944;47:466944;48:598016,-op=gelu -elements=5636096
718,bert:bert-7b-proxy:layer25_attn_residual,residual-add,8388608,32768,1-47,47,1-47,47,1:176128;2:176128;3:176128;4:176128;5:176128;6:176128;7:176128;8:176128;9:176128;10:176128;11:176128;12:176128;13:176128;14:176128;15:176128;16:176128;17:176128;18:176128;19:176128;20:176128;21:176128;22:176128;23:176128;24:176128;25:176128;26:176128;27:176128;28:176128;29:176128;30:176128;31:176128;32:176128;33:176128;34:176128;35:176128;36:176128;37:176128;38:176128;39:176128;40:176128;41:176128;42:176128;43:176128;44:176128;45:176128;46:176128;47:286720,-op=residual-add -elements=2097152
719,gpt:gpt-7b:layer23_mlp_fc2,split-linear,8388608,32768,1-47,47,1-47,47,1:176128;2:176128;3:176128;4:176128;5:176128;6:176128;7:176128;8:176128;9:176128;10:176128;11:176128;12:176128;13:176128;14:176128;15:176128;16:176128;17:176128;18:176128;19:176128;20:176128;21:176128;22:176128;23:176128;24:176128;25:176128;26:176128;27:176128;28:176128;29:176128;30:176128;31:176128;32:176128;33:176128;34:176128;35:176128;36:176128;37:176128;38:176128;39:176128;40:176128;41:176128;42:176128;43:176128;44:176128;45:176128;46:176128;47:286720,-op=split-linear -input-dim=11008 -output-dim=4096 -rows=512 -split-k=4
720,bert:bert-7b-proxy:layer25_norm1,layernorm,8388608,32768,1-47,47,1-47,47,1:176128;2:176128;3:176128;4:176128;5:176128;6:176128;7:176128;8:176128;9:176128;10:176128;11:176128;12:176128;13:176128;14:176128;15:176128;16:176128;17:176128;18:176128;19:176128;20:176128;21:176128;22:176128;23:176128;24:176128;25:176128;26:176128;27:176128;28:176128;29:176128;30:176128;31:176128;32:176128;33:176128;34:176128;35:176128;36:176128;37:176128;38:176128;39:176128;40:176128;41:176128;42:176128;43:176128;44:176128;45:176128;46:176128;47:286720,-op=layernorm -hidden=4096 -rows=512
721,gpt:gpt-7b:layer23_mlp_residual,residual-add,8388608,32768,1-47,47,1-47,47,1:176128;2:176128;3:176128;4:176128;5:176128;6:176128;7:176128;8:176128;9:176128;10:176128;11:176128;12:176128;13:176128;14:176128;15:176128;16:176128;17:176128;18:176128;19:176128;20:176128;21:176128;22:176128;23:176128;24:176128;25:176128;26:176128;27:176128;28:176128;29:176128;30:176128;31:176128;32:176128;33:176128;34:176128;35:176128;36:176128;37:176128;38:176128;39:176128;40:176128;41:176128;42:176128;43:176128;44:176128;45:176128;46:176128;47:286720,-op=residual-add -elements=2097152
722,bert:bert-7b-proxy:layer25_mlp_fc1,split-linear,22544384,88064,all,48,all,48,1:466944;2:466944;3:466944;4:466944;5:466944;6:466944;7:466944;8:466944;9:466944;10:466944;11:466944;12:466944;13:466944;14:466944;15:466944;16:466944;17:466944;18:466944;19:466944;20:466944;21:466944;22:466944;23:466944;24:466944;25:466944;26:466944;27:466944;28:466944;29:466944;30:466944;31:466944;32:466944;33:466944;34:466944;35:466944;36:466944;37:466944;38:466944;39:466944;40:466944;41:466944;42:466944;43:466944;44:466944;45:466944;46:466944;47:466944;48:598016,-op=split-linear -input-dim=4096 -output-dim=11008 -rows=512 -split-k=4
723,gpt:gpt-7b:layer24_norm1,layernorm,8388608,32768,1-47,47,1-47,47,1:176128;2:176128;3:176128;4:176128;5:176128;6:176128;7:176128;8:176128;9:176128;10:176128;11:176128;12:176128;13:176128;14:176128;15:176128;16:176128;17:176128;18:176128;19:176128;20:176128;21:176128;22:176128;23:176128;24:176128;25:176128;26:176128;27:176128;28:176128;29:176128;30:176128;31:176128;32:176128;33:176128;34:176128;35:176128;36:176128;37:176128;38:176128;39:176128;40:176128;41:176128;42:176128;43:176128;44:176128;45:176128;46:176128;47:286720,-op=layernorm -hidden=4096 -rows=512
724,bert:bert-7b-proxy:layer25_mlp_gelu,gelu,22544384,88064,all,48,all,48,1:466944;2:466944;3:466944;4:466944;5:466944;6:466944;7:466944;8:466944;9:466944;10:466944;11:466944;12:466944;13:466944;14:466944;15:466944;16:466944;17:466944;18:466944;19:466944;20:466944;21:466944;22:466944;23:466944;24:466944;25:466944;26:466944;27:466944;28:466944;29:466944;30:466944;31:466944;32:466944;33:466944;34:466944;35:466944;36:466944;37:466944;38:466944;39:466944;40:466944;41:466944;42:466944;43:466944;44:466944;45:466944;46:466944;47:466944;48:598016,-op=gelu -elements=5636096
725,gpt:gpt-7b:layer24_attn_q,split-linear,8388608,32768,1-47,47,1-47,47,1:176128;2:176128;3:176128;4:176128;5:176128;6:176128;7:176128;8:176128;9:176128;10:176128;11:176128;12:176128;13:176128;14:176128;15:176128;16:176128;17:176128;18:176128;19:176128;20:176128;21:176128;22:176128;23:176128;24:176128;25:176128;26:176128;27:176128;28:176128;29:176128;30:176128;31:176128;32:176128;33:176128;34:176128;35:176128;36:176128;37:176128;38:176128;39:176128;40:176128;41:176128;42:176128;43:176128;44:176128;45:176128;46:176128;47:286720,-op=split-linear -input-dim=4096 -output-dim=4096 -rows=512 -split-k=4
726,bert:bert-7b-proxy:layer25_mlp_fc2,split-linear,8388608,32768,1-47,47,1-47,47,1:176128;2:176128;3:176128;4:176128;5:176128;6:176128;7:176128;8:176128;9:176128;10:176128;11:176128;12:176128;13:176128;14:176128;15:176128;16:176128;17:176128;18:176128;19:176128;20:176128;21:176128;22:176128;23:176128;24:176128;25:176128;26:176128;27:176128;28:176128;29:176128;30:176128;31:176128;32:176128;33:176128;34:176128;35:176128;36:176128;37:176128;38:176128;39:176128;40:176128;41:176128;42:176128;43:176128;44:176128;45:176128;46:176128;47:286720,-op=split-linear -input-dim=11008 -output-dim=4096 -rows=512 -split-k=4
727,gpt:gpt-7b:layer24_attn_k,split-linear,8388608,32768,1-47,47,1-47,47,1:176128;2:176128;3:176128;4:176128;5:176128;6:176128;7:176128;8:176128;9:176128;10:176128;11:176128;12:176128;13:176128;14:176128;15:176128;16:176128;17:176128;18:176128;19:176128;20:176128;21:176128;22:176128;23:176128;24:176128;25:176128;26:176128;27:176128;28:176128;29:176128;30:176128;31:176128;32:176128;33:176128;34:176128;35:176128;36:176128;37:176128;38:176128;39:176128;40:176128;41:176128;42:176128;43:176128;44:176128;45:176128;46:176128;47:286720,-op=split-linear -input-dim=4096 -output-dim=4096 -rows=512 -split-k=4
728,bert:bert-7b-proxy:layer25_mlp_residual,residual-add,8388608,32768,1-47,47,1-47,47,1:176128;2:176128;3:176128;4:176128;5:176128;6:176128;7:176128;8:176128;9:176128;10:176128;11:176128;12:176128;13:176128;14:176128;15:176128;16:176128;17:176128;18:176128;19:176128;20:176128;21:176128;22:176128;23:176128;24:176128;25:176128;26:176128;27:176128;28:176128;29:176128;30:176128;31:176128;32:176128;33:176128;34:176128;35:176128;36:176128;37:176128;38:176128;39:176128;40:176128;41:176128;42:176128;43:176128;44:176128;45:176128;46:176128;47:286720,-op=residual-add -elements=2097152
729,gpt:gpt-7b:layer24_attn_v,split-linear,8388608,32768,1-47,47,1-47,47,1:176128;2:176128;3:176128;4:176128;5:176128;6:176128;7:176128;8:176128;9:176128;10:176128;11:176128;12:176128;13:176128;14:176128;15:176128;16:176128;17:176128;18:176128;19:176128;20:176128;21:176128;22:176128;23:176128;24:176128;25:176128;26:176128;27:176128;28:176128;29:176128;30:176128;31:176128;32:176128;33:176128;34:176128;35:176128;36:176128;37:176128;38:176128;39:176128;40:176128;41:176128;42:176128;43:176128;44:176128;45:176128;46:176128;47:286720,-op=split-linear -input-dim=4096 -output-dim=4096 -rows=512 -split-k=4
730,bert:bert-7b-proxy:layer25_norm2,layernorm,8388608,32768,1-47,47,1-47,47,1:176128;2:176128;3:176128;4:176128;5:176128;6:176128;7:176128;8:176128;9:176128;10:176128;11:176128;12:176128;13:176128;14:176128;15:176128;16:176128;17:176128;18:176128;19:176128;20:176128;21:176128;22:176128;23:176128;24:176128;25:176128;26:176128;27:176128;28:176128;29:176128;30:176128;31:176128;32:176128;33:176128;34:176128;35:176128;36:176128;37:176128;38:176128;39:176128;40:176128;41:176128;42:176128;43:176128;44:176128;45:176128;46:176128;47:286720,-op=layernorm -hidden=4096 -rows=512
731,gpt:gpt-7b:layer24_attn_score,split-linear,1048576,4096,1-43,43,1-43,43,1:20480;2:20480;3:20480;4:20480;5:20480;6:20480;7:20480;8:20480;9:20480;10:20480;11:20480;12:20480;13:20480;14:20480;15:20480;16:20480;17:20480;18:20480;19:20480;20:20480;21:20480;22:20480;23:20480;24:20480;25:20480;26:20480;27:20480;28:20480;29:20480;30:20480;31:20480;32:20480;33:20480;34:20480;35:20480;36:20480;37:20480;38:20480;39:20480;40:20480;41:20480;42:20480;43:188416,-op=split-linear -input-dim=4096 -output-dim=512 -rows=512 -split-k=4
732,bert:bert-7b-proxy:layer26_attn_q,split-linear,8388608,32768,1-47,47,1-47,47,1:176128;2:176128;3:176128;4:176128;5:176128;6:176128;7:176128;8:176128;9:176128;10:176128;11:176128;12:176128;13:176128;14:176128;15:176128;16:176128;17:176128;18:176128;19:176128;20:176128;21:176128;22:176128;23:176128;24:176128;25:176128;26:176128;27:176128;28:176128;29:176128;30:176128;31:176128;32:176128;33:176128;34:176128;35:176128;36:176128;37:176128;38:176128;39:176128;40:176128;41:176128;42:176128;43:176128;44:176128;45:176128;46:176128;47:286720,-op=split-linear -input-dim=4096 -output-dim=4096 -rows=512 -split-k=4
733,gpt:gpt-7b:layer24_causal_mask,causal-mask,1048576,4096,1-43,43,1-43,43,1:20480;2:20480;3:20480;4:20480;5:20480;6:20480;7:20480;8:20480;9:20480;10:20480;11:20480;12:20480;13:20480;14:20480;15:20480;16:20480;17:20480;18:20480;19:20480;20:20480;21:20480;22:20480;23:20480;24:20480;25:20480;26:20480;27:20480;28:20480;29:20480;30:20480;31:20480;32:20480;33:20480;34:20480;35:20480;36:20480;37:20480;38:20480;39:20480;40:20480;41:20480;42:20480;43:188416,-op=causal-mask -batch-size=1 -rows=512 -seq-len=512
734,bert:bert-7b-proxy:layer26_attn_k,split-linear,8388608,32768,1-47,47,1-47,47,1:176128;2:176128;3:176128;4:176128;5:176128;6:176128;7:176128;8:176128;9:176128;10:176128;11:176128;12:176128;13:176128;14:176128;15:176128;16:176128;17:176128;18:176128;19:176128;20:176128;21:176128;22:176128;23:176128;24:176128;25:176128;26:176128;27:176128;28:176128;29:176128;30:176128;31:176128;32:176128;33:176128;34:176128;35:176128;36:176128;37:176128;38:176128;39:176128;40:176128;41:176128;42:176128;43:176128;44:176128;45:176128;46:176128;47:286720,-op=split-linear -input-dim=4096 -output-dim=4096 -rows=512 -split-k=4
735,gpt:gpt-7b:layer24_attn_softmax,row-softmax,1048576,512,1-16,16,1-16,16,1:65536;2:65536;3:65536;4:65536;5:65536;6:65536;7:65536;8:65536;9:65536;10:65536;11:65536;12:65536;13:65536;14:65536;15:65536;16:65536,-op=row-softmax -cols=512 -rows=512
736,bert:bert-7b-proxy:layer26_attn_v,split-linear,8388608,32768,1-47,47,1-47,47,1:176128;2:176128;3:176128;4:176128;5:176128;6:176128;7:176128;8:176128;9:176128;10:176128;11:176128;12:176128;13:176128;14:176128;15:176128;16:176128;17:176128;18:176128;19:176128;20:176128;21:176128;22:176128;23:176128;24:176128;25:176128;26:176128;27:176128;28:176128;29:176128;30:176128;31:176128;32:176128;33:176128;34:176128;35:176128;36:176128;37:176128;38:176128;39:176128;40:176128;41:176128;42:176128;43:176128;44:176128;45:176128;46:176128;47:286720,-op=split-linear -input-dim=4096 -output-dim=4096 -rows=512 -split-k=4
737,gpt:gpt-7b:layer24_attn_value,split-linear,8388608,32768,1-47,47,1-47,47,1:176128;2:176128;3:176128;4:176128;5:176128;6:176128;7:176128;8:176128;9:176128;10:176128;11:176128;12:176128;13:176128;14:176128;15:176128;16:176128;17:176128;18:176128;19:176128;20:176128;21:176128;22:176128;23:176128;24:176128;25:176128;26:176128;27:176128;28:176128;29:176128;30:176128;31:176128;32:176128;33:176128;34:176128;35:176128;36:176128;37:176128;38:176128;39:176128;40:176128;41:176128;42:176128;43:176128;44:176128;45:176128;46:176128;47:286720,-op=split-linear -input-dim=512 -output-dim=4096 -rows=512 -split-k=4
738,bert:bert-7b-proxy:layer26_attn_score,split-linear,1048576,4096,1-43,43,1-43,43,1:20480;2:20480;3:20480;4:20480;5:20480;6:20480;7:20480;8:20480;9:20480;10:20480;11:20480;12:20480;13:20480;14:20480;15:20480;16:20480;17:20480;18:20480;19:20480;20:20480;21:20480;22:20480;23:20480;24:20480;25:20480;26:20480;27:20480;28:20480;29:20480;30:20480;31:20480;32:20480;33:20480;34:20480;35:20480;36:20480;37:20480;38:20480;39:20480;40:20480;41:20480;42:20480;43:188416,-op=split-linear -input-dim=4096 -output-dim=512 -rows=512 -split-k=4
739,gpt:gpt-7b:layer24_attn_out,split-linear,8388608,32768,1-47,47,1-47,47,1:176128;2:176128;3:176128;4:176128;5:176128;6:176128;7:176128;8:176128;9:176128;10:176128;11:176128;12:176128;13:176128;14:176128;15:176128;16:176128;17:176128;18:176128;19:176128;20:176128;21:176128;22:176128;23:176128;24:176128;25:176128;26:176128;27:176128;28:176128;29:176128;30:176128;31:176128;32:176128;33:176128;34:176128;35:176128;36:176128;37:176128;38:176128;39:176128;40:176128;41:176128;42:176128;43:176128;44:176128;45:176128;46:176128;47:286720,-op=split-linear -input-dim=4096 -output-dim=4096 -rows=512 -split-k=4
740,bert:bert-7b-proxy:layer26_attn_softmax,row-softmax,1048576,512,1-16,16,1-16,16,1:65536;2:65536;3:65536;4:65536;5:65536;6:65536;7:65536;8:65536;9:65536;10:65536;11:65536;12:65536;13:65536;14:65536;15:65536;16:65536,-op=row-softmax -cols=512 -rows=512
741,gpt:gpt-7b:layer24_attn_residual,residual-add,8388608,32768,1-47,47,1-47,47,1:176128;2:176128;3:176128;4:176128;5:176128;6:176128;7:176128;8:176128;9:176128;10:176128;11:176128;12:176128;13:176128;14:176128;15:176128;16:176128;17:176128;18:176128;19:176128;20:176128;21:176128;22:176128;23:176128;24:176128;25:176128;26:176128;27:176128;28:176128;29:176128;30:176128;31:176128;32:176128;33:176128;34:176128;35:176128;36:176128;37:176128;38:176128;39:176128;40:176128;41:176128;42:176128;43:176128;44:176128;45:176128;46:176128;47:286720,-op=residual-add -elements=2097152
742,bert:bert-7b-proxy:layer26_attn_value,split-linear,8388608,32768,1-47,47,1-47,47,1:176128;2:176128;3:176128;4:176128;5:176128;6:176128;7:176128;8:176128;9:176128;10:176128;11:176128;12:176128;13:176128;14:176128;15:176128;16:176128;17:176128;18:176128;19:176128;20:176128;21:176128;22:176128;23:176128;24:176128;25:176128;26:176128;27:176128;28:176128;29:176128;30:176128;31:176128;32:176128;33:176128;34:176128;35:176128;36:176128;37:176128;38:176128;39:176128;40:176128;41:176128;42:176128;43:176128;44:176128;45:176128;46:176128;47:286720,-op=split-linear -input-dim=512 -output-dim=4096 -rows=512 -split-k=4
743,gpt:gpt-7b:layer24_norm2,layernorm,8388608,32768,1-47,47,1-47,47,1:176128;2:176128;3:176128;4:176128;5:176128;6:176128;7:176128;8:176128;9:176128;10:176128;11:176128;12:176128;13:176128;14:176128;15:176128;16:176128;17:176128;18:176128;19:176128;20:176128;21:176128;22:176128;23:176128;24:176128;25:176128;26:176128;27:176128;28:176128;29:176128;30:176128;31:176128;32:176128;33:176128;34:176128;35:176128;36:176128;37:176128;38:176128;39:176128;40:176128;41:176128;42:176128;43:176128;44:176128;45:176128;46:176128;47:286720,-op=layernorm -hidden=4096 -rows=512
744,bert:bert-7b-proxy:layer26_attn_out,split-linear,8388608,32768,1-47,47,1-47,47,1:176128;2:176128;3:176128;4:176128;5:176128;6:176128;7:176128;8:176128;9:176128;10:176128;11:176128;12:176128;13:176128;14:176128;15:176128;16:176128;17:176128;18:176128;19:176128;20:176128;21:176128;22:176128;23:176128;24:176128;25:176128;26:176128;27:176128;28:176128;29:176128;30:176128;31:176128;32:176128;33:176128;34:176128;35:176128;36:176128;37:176128;38:176128;39:176128;40:176128;41:176128;42:176128;43:176128;44:176128;45:176128;46:176128;47:286720,-op=split-linear -input-dim=4096 -output-dim=4096 -rows=512 -split-k=4
745,gpt:gpt-7b:layer24_mlp_fc1,split-linear,22544384,88064,all,48,all,48,1:466944;2:466944;3:466944;4:466944;5:466944;6:466944;7:466944;8:466944;9:466944;10:466944;11:466944;12:466944;13:466944;14:466944;15:466944;16:466944;17:466944;18:466944;19:466944;20:466944;21:466944;22:466944;23:466944;24:466944;25:466944;26:466944;27:466944;28:466944;29:466944;30:466944;31:466944;32:466944;33:466944;34:466944;35:466944;36:466944;37:466944;38:466944;39:466944;40:466944;41:466944;42:466944;43:466944;44:466944;45:466944;46:466944;47:466944;48:598016,-op=split-linear -input-dim=4096 -output-dim=11008 -rows=512 -split-k=4
746,bert:bert-7b-proxy:layer26_attn_residual,residual-add,8388608,32768,1-47,47,1-47,47,1:176128;2:176128;3:176128;4:176128;5:176128;6:176128;7:176128;8:176128;9:176128;10:176128;11:176128;12:176128;13:176128;14:176128;15:176128;16:176128;17:176128;18:176128;19:176128;20:176128;21:176128;22:176128;23:176128;24:176128;25:176128;26:176128;27:176128;28:176128;29:176128;30:176128;31:176128;32:176128;33:176128;34:176128;35:176128;36:176128;37:176128;38:176128;39:176128;40:176128;41:176128;42:176128;43:176128;44:176128;45:176128;46:176128;47:286720,-op=residual-add -elements=2097152
747,gpt:gpt-7b:layer24_mlp_gelu,gelu,22544384,88064,all,48,all,48,1:466944;2:466944;3:466944;4:466944;5:466944;6:466944;7:466944;8:466944;9:466944;10:466944;11:466944;12:466944;13:466944;14:466944;15:466944;16:466944;17:466944;18:466944;19:466944;20:466944;21:466944;22:466944;23:466944;24:466944;25:466944;26:466944;27:466944;28:466944;29:466944;30:466944;31:466944;32:466944;33:466944;34:466944;35:466944;36:466944;37:466944;38:466944;39:466944;40:466944;41:466944;42:466944;43:466944;44:466944;45:466944;46:466944;47:466944;48:598016,-op=gelu -elements=5636096
748,bert:bert-7b-proxy:layer26_norm1,layernorm,8388608,32768,1-47,47,1-47,47,1:176128;2:176128;3:176128;4:176128;5:176128;6:176128;7:176128;8:176128;9:176128;10:176128;11:176128;12:176128;13:176128;14:176128;15:176128;16:176128;17:176128;18:176128;19:176128;20:176128;21:176128;22:176128;23:176128;24:176128;25:176128;26:176128;27:176128;28:176128;29:176128;30:176128;31:176128;32:176128;33:176128;34:176128;35:176128;36:176128;37:176128;38:176128;39:176128;40:176128;41:176128;42:176128;43:176128;44:176128;45:176128;46:176128;47:286720,-op=layernorm -hidden=4096 -rows=512
749,gpt:gpt-7b:layer24_mlp_fc2,split-linear,8388608,32768,1-47,47,1-47,47,1:176128;2:176128;3:176128;4:176128;5:176128;6:176128;7:176128;8:176128;9:176128;10:176128;11:176128;12:176128;13:176128;14:176128;15:176128;16:176128;17:176128;18:176128;19:176128;20:176128;21:176128;22:176128;23:176128;24:176128;25:176128;26:176128;27:176128;28:176128;29:176128;30:176128;31:176128;32:176128;33:176128;34:176128;35:176128;36:176128;37:176128;38:176128;39:176128;40:176128;41:176128;42:176128;43:176128;44:176128;45:176128;46:176128;47:286720,-op=split-linear -input-dim=11008 -output-dim=4096 -rows=512 -split-k=4
750,bert:bert-7b-proxy:layer26_mlp_fc1,split-linear,22544384,88064,all,48,all,48,1:466944;2:466944;3:466944;4:466944;5:466944;6:466944;7:466944;8:466944;9:466944;10:466944;11:466944;12:466944;13:466944;14:466944;15:466944;16:466944;17:466944;18:466944;19:466944;20:466944;21:466944;22:466944;23:466944;24:466944;25:466944;26:466944;27:466944;28:466944;29:466944;30:466944;31:466944;32:466944;33:466944;34:466944;35:466944;36:466944;37:466944;38:466944;39:466944;40:466944;41:466944;42:466944;43:466944;44:466944;45:466944;46:466944;47:466944;48:598016,-op=split-linear -input-dim=4096 -output-dim=11008 -rows=512 -split-k=4
751,gpt:gpt-7b:layer24_mlp_residual,residual-add,8388608,32768,1-47,47,1-47,47,1:176128;2:176128;3:176128;4:176128;5:176128;6:176128;7:176128;8:176128;9:176128;10:176128;11:176128;12:176128;13:176128;14:176128;15:176128;16:176128;17:176128;18:176128;19:176128;20:176128;21:176128;22:176128;23:176128;24:176128;25:176128;26:176128;27:176128;28:176128;29:176128;30:176128;31:176128;32:176128;33:176128;34:176128;35:176128;36:176128;37:176128;38:176128;39:176128;40:176128;41:176128;42:176128;43:176128;44:176128;45:176128;46:176128;47:286720,-op=residual-add -elements=2097152
752,bert:bert-7b-proxy:layer26_mlp_gelu,gelu,22544384,88064,all,48,all,48,1:466944;2:466944;3:466944;4:466944;5:466944;6:466944;7:466944;8:466944;9:466944;10:466944;11:466944;12:466944;13:466944;14:466944;15:466944;16:466944;17:466944;18:466944;19:466944;20:466944;21:466944;22:466944;23:466944;24:466944;25:466944;26:466944;27:466944;28:466944;29:466944;30:466944;31:466944;32:466944;33:466944;34:466944;35:466944;36:466944;37:466944;38:466944;39:466944;40:466944;41:466944;42:466944;43:466944;44:466944;45:466944;46:466944;47:466944;48:598016,-op=gelu -elements=5636096
753,gpt:gpt-7b:layer25_norm1,layernorm,8388608,32768,1-47,47,1-47,47,1:176128;2:176128;3:176128;4:176128;5:176128;6:176128;7:176128;8:176128;9:176128;10:176128;11:176128;12:176128;13:176128;14:176128;15:176128;16:176128;17:176128;18:176128;19:176128;20:176128;21:176128;22:176128;23:176128;24:176128;25:176128;26:176128;27:176128;28:176128;29:176128;30:176128;31:176128;32:176128;33:176128;34:176128;35:176128;36:176128;37:176128;38:176128;39:176128;40:176128;41:176128;42:176128;43:176128;44:176128;45:176128;46:176128;47:286720,-op=layernorm -hidden=4096 -rows=512
754,bert:bert-7b-proxy:layer26_mlp_fc2,split-linear,8388608,32768,1-47,47,1-47,47,1:176128;2:176128;3:176128;4:176128;5:176128;6:176128;7:176128;8:176128;9:176128;10:176128;11:176128;12:176128;13:176128;14:176128;15:176128;16:176128;17:176128;18:176128;19:176128;20:176128;21:176128;22:176128;23:176128;24:176128;25:176128;26:176128;27:176128;28:176128;29:176128;30:176128;31:176128;32:176128;33:176128;34:176128;35:176128;36:176128;37:176128;38:176128;39:176128;40:176128;41:176128;42:176128;43:176128;44:176128;45:176128;46:176128;47:286720,-op=split-linear -input-dim=11008 -output-dim=4096 -rows=512 -split-k=4
755,gpt:gpt-7b:layer25_attn_q,split-linear,8388608,32768,1-47,47,1-47,47,1:176128;2:176128;3:176128;4:176128;5:176128;6:176128;7:176128;8:176128;9:176128;10:176128;11:176128;12:176128;13:176128;14:176128;15:176128;16:176128;17:176128;18:176128;19:176128;20:176128;21:176128;22:176128;23:176128;24:176128;25:176128;26:176128;27:176128;28:176128;29:176128;30:176128;31:176128;32:176128;33:176128;34:176128;35:176128;36:176128;37:176128;38:176128;39:176128;40:176128;41:176128;42:176128;43:176128;44:176128;45:176128;46:176128;47:286720,-op=split-linear -input-dim=4096 -output-dim=4096 -rows=512 -split-k=4
756,bert:bert-7b-proxy:layer26_mlp_residual,residual-add,8388608,32768,1-47,47,1-47,47,1:176128;2:176128;3:176128;4:176128;5:176128;6:176128;7:176128;8:176128;9:176128;10:176128;11:176128;12:176128;13:176128;14:176128;15:176128;16:176128;17:176128;18:176128;19:176128;20:176128;21:176128;22:176128;23:176128;24:176128;25:176128;26:176128;27:176128;28:176128;29:176128;30:176128;31:176128;32:176128;33:176128;34:176128;35:176128;36:176128;37:176128;38:176128;39:176128;40:176128;41:176128;42:176128;43:176128;44:176128;45:176128;46:176128;47:286720,-op=residual-add -elements=2097152
757,gpt:gpt-7b:layer25_attn_k,split-linear,8388608,32768,1-47,47,1-47,47,1:176128;2:176128;3:176128;4:176128;5:176128;6:176128;7:176128;8:176128;9:176128;10:176128;11:176128;12:176128;13:176128;14:176128;15:176128;16:176128;17:176128;18:176128;19:176128;20:176128;21:176128;22:176128;23:176128;24:176128;25:176128;26:176128;27:176128;28:176128;29:176128;30:176128;31:176128;32:176128;33:176128;34:176128;35:176128;36:176128;37:176128;38:176128;39:176128;40:176128;41:176128;42:176128;43:176128;44:176128;45:176128;46:176128;47:286720,-op=split-linear -input-dim=4096 -output-dim=4096 -rows=512 -split-k=4
758,bert:bert-7b-proxy:layer26_norm2,layernorm,8388608,32768,1-47,47,1-47,47,1:176128;2:176128;3:176128;4:176128;5:176128;6:176128;7:176128;8:176128;9:176128;10:176128;11:176128;12:176128;13:176128;14:176128;15:176128;16:176128;17:176128;18:176128;19:176128;20:176128;21:176128;22:176128;23:176128;24:176128;25:176128;26:176128;27:176128;28:176128;29:176128;30:176128;31:176128;32:176128;33:176128;34:176128;35:176128;36:176128;37:176128;38:176128;39:176128;40:176128;41:176128;42:176128;43:176128;44:176128;45:176128;46:176128;47:286720,-op=layernorm -hidden=4096 -rows=512
759,gpt:gpt-7b:layer25_attn_v,split-linear,8388608,32768,1-47,47,1-47,47,1:176128;2:176128;3:176128;4:176128;5:176128;6:176128;7:176128;8:176128;9:176128;10:176128;11:176128;12:176128;13:176128;14:176128;15:176128;16:176128;17:176128;18:176128;19:176128;20:176128;21:176128;22:176128;23:176128;24:176128;25:176128;26:176128;27:176128;28:176128;29:176128;30:176128;31:176128;32:176128;33:176128;34:176128;35:176128;36:176128;37:176128;38:176128;39:176128;40:176128;41:176128;42:176128;43:176128;44:176128;45:176128;46:176128;47:286720,-op=split-linear -input-dim=4096 -output-dim=4096 -rows=512 -split-k=4
760,bert:bert-7b-proxy:layer27_attn_q,split-linear,8388608,32768,1-47,47,1-47,47,1:176128;2:176128;3:176128;4:176128;5:176128;6:176128;7:176128;8:176128;9:176128;10:176128;11:176128;12:176128;13:176128;14:176128;15:176128;16:176128;17:176128;18:176128;19:176128;20:176128;21:176128;22:176128;23:176128;24:176128;25:176128;26:176128;27:176128;28:176128;29:176128;30:176128;31:176128;32:176128;33:176128;34:176128;35:176128;36:176128;37:176128;38:176128;39:176128;40:176128;41:176128;42:176128;43:176128;44:176128;45:176128;46:176128;47:286720,-op=split-linear -input-dim=4096 -output-dim=4096 -rows=512 -split-k=4
761,gpt:gpt-7b:layer25_attn_score,split-linear,1048576,4096,1-43,43,1-43,43,1:20480;2:20480;3:20480;4:20480;5:20480;6:20480;7:20480;8:20480;9:20480;10:20480;11:20480;12:20480;13:20480;14:20480;15:20480;16:20480;17:20480;18:20480;19:20480;20:20480;21:20480;22:20480;23:20480;24:20480;25:20480;26:20480;27:20480;28:20480;29:20480;30:20480;31:20480;32:20480;33:20480;34:20480;35:20480;36:20480;37:20480;38:20480;39:20480;40:20480;41:20480;42:20480;43:188416,-op=split-linear -input-dim=4096 -output-dim=512 -rows=512 -split-k=4
762,bert:bert-7b-proxy:layer27_attn_k,split-linear,8388608,32768,1-47,47,1-47,47,1:176128;2:176128;3:176128;4:176128;5:176128;6:176128;7:176128;8:176128;9:176128;10:176128;11:176128;12:176128;13:176128;14:176128;15:176128;16:176128;17:176128;18:176128;19:176128;20:176128;21:176128;22:176128;23:176128;24:176128;25:176128;26:176128;27:176128;28:176128;29:176128;30:176128;31:176128;32:176128;33:176128;34:176128;35:176128;36:176128;37:176128;38:176128;39:176128;40:176128;41:176128;42:176128;43:176128;44:176128;45:176128;46:176128;47:286720,-op=split-linear -input-dim=4096 -output-dim=4096 -rows=512 -split-k=4
763,gpt:gpt-7b:layer25_causal_mask,causal-mask,1048576,4096,1-43,43,1-43,43,1:20480;2:20480;3:20480;4:20480;5:20480;6:20480;7:20480;8:20480;9:20480;10:20480;11:20480;12:20480;13:20480;14:20480;15:20480;16:20480;17:20480;18:20480;19:20480;20:20480;21:20480;22:20480;23:20480;24:20480;25:20480;26:20480;27:20480;28:20480;29:20480;30:20480;31:20480;32:20480;33:20480;34:20480;35:20480;36:20480;37:20480;38:20480;39:20480;40:20480;41:20480;42:20480;43:188416,-op=causal-mask -batch-size=1 -rows=512 -seq-len=512
764,bert:bert-7b-proxy:layer27_attn_v,split-linear,8388608,32768,1-47,47,1-47,47,1:176128;2:176128;3:176128;4:176128;5:176128;6:176128;7:176128;8:176128;9:176128;10:176128;11:176128;12:176128;13:176128;14:176128;15:176128;16:176128;17:176128;18:176128;19:176128;20:176128;21:176128;22:176128;23:176128;24:176128;25:176128;26:176128;27:176128;28:176128;29:176128;30:176128;31:176128;32:176128;33:176128;34:176128;35:176128;36:176128;37:176128;38:176128;39:176128;40:176128;41:176128;42:176128;43:176128;44:176128;45:176128;46:176128;47:286720,-op=split-linear -input-dim=4096 -output-dim=4096 -rows=512 -split-k=4
765,gpt:gpt-7b:layer25_attn_softmax,row-softmax,1048576,512,1-16,16,1-16,16,1:65536;2:65536;3:65536;4:65536;5:65536;6:65536;7:65536;8:65536;9:65536;10:65536;11:65536;12:65536;13:65536;14:65536;15:65536;16:65536,-op=row-softmax -cols=512 -rows=512
766,bert:bert-7b-proxy:layer27_attn_score,split-linear,1048576,4096,1-43,43,1-43,43,1:20480;2:20480;3:20480;4:20480;5:20480;6:20480;7:20480;8:20480;9:20480;10:20480;11:20480;12:20480;13:20480;14:20480;15:20480;16:20480;17:20480;18:20480;19:20480;20:20480;21:20480;22:20480;23:20480;24:20480;25:20480;26:20480;27:20480;28:20480;29:20480;30:20480;31:20480;32:20480;33:20480;34:20480;35:20480;36:20480;37:20480;38:20480;39:20480;40:20480;41:20480;42:20480;43:188416,-op=split-linear -input-dim=4096 -output-dim=512 -rows=512 -split-k=4
767,gpt:gpt-7b:layer25_attn_value,split-linear,8388608,32768,1-47,47,1-47,47,1:176128;2:176128;3:176128;4:176128;5:176128;6:176128;7:176128;8:176128;9:176128;10:176128;11:176128;12:176128;13:176128;14:176128;15:176128;16:176128;17:176128;18:176128;19:176128;20:176128;21:176128;22:176128;23:176128;24:176128;25:176128;26:176128;27:176128;28:176128;29:176128;30:176128;31:176128;32:176128;33:176128;34:176128;35:176128;36:176128;37:176128;38:176128;39:176128;40:176128;41:176128;42:176128;43:176128;44:176128;45:176128;46:176128;47:286720,-op=split-linear -input-dim=512 -output-dim=4096 -rows=512 -split-k=4
768,bert:bert-7b-proxy:layer27_attn_softmax,row-softmax,1048576,512,1-16,16,1-16,16,1:65536;2:65536;3:65536;4:65536;5:65536;6:65536;7:65536;8:65536;9:65536;10:65536;11:65536;12:65536;13:65536;14:65536;15:65536;16:65536,-op=row-softmax -cols=512 -rows=512
769,gpt:gpt-7b:layer25_attn_out,split-linear,8388608,32768,1-47,47,1-47,47,1:176128;2:176128;3:176128;4:176128;5:176128;6:176128;7:176128;8:176128;9:176128;10:176128;11:176128;12:176128;13:176128;14:176128;15:176128;16:176128;17:176128;18:176128;19:176128;20:176128;21:176128;22:176128;23:176128;24:176128;25:176128;26:176128;27:176128;28:176128;29:176128;30:176128;31:176128;32:176128;33:176128;34:176128;35:176128;36:176128;37:176128;38:176128;39:176128;40:176128;41:176128;42:176128;43:176128;44:176128;45:176128;46:176128;47:286720,-op=split-linear -input-dim=4096 -output-dim=4096 -rows=512 -split-k=4
770,bert:bert-7b-proxy:layer27_attn_value,split-linear,8388608,32768,1-47,47,1-47,47,1:176128;2:176128;3:176128;4:176128;5:176128;6:176128;7:176128;8:176128;9:176128;10:176128;11:176128;12:176128;13:176128;14:176128;15:176128;16:176128;17:176128;18:176128;19:176128;20:176128;21:176128;22:176128;23:176128;24:176128;25:176128;26:176128;27:176128;28:176128;29:176128;30:176128;31:176128;32:176128;33:176128;34:176128;35:176128;36:176128;37:176128;38:176128;39:176128;40:176128;41:176128;42:176128;43:176128;44:176128;45:176128;46:176128;47:286720,-op=split-linear -input-dim=512 -output-dim=4096 -rows=512 -split-k=4
771,gpt:gpt-7b:layer25_attn_residual,residual-add,8388608,32768,1-47,47,1-47,47,1:176128;2:176128;3:176128;4:176128;5:176128;6:176128;7:176128;8:176128;9:176128;10:176128;11:176128;12:176128;13:176128;14:176128;15:176128;16:176128;17:176128;18:176128;19:176128;20:176128;21:176128;22:176128;23:176128;24:176128;25:176128;26:176128;27:176128;28:176128;29:176128;30:176128;31:176128;32:176128;33:176128;34:176128;35:176128;36:176128;37:176128;38:176128;39:176128;40:176128;41:176128;42:176128;43:176128;44:176128;45:176128;46:176128;47:286720,-op=residual-add -elements=2097152
772,bert:bert-7b-proxy:layer27_attn_out,split-linear,8388608,32768,1-47,47,1-47,47,1:176128;2:176128;3:176128;4:176128;5:176128;6:176128;7:176128;8:176128;9:176128;10:176128;11:176128;12:176128;13:176128;14:176128;15:176128;16:176128;17:176128;18:176128;19:176128;20:176128;21:176128;22:176128;23:176128;24:176128;25:176128;26:176128;27:176128;28:176128;29:176128;30:176128;31:176128;32:176128;33:176128;34:176128;35:176128;36:176128;37:176128;38:176128;39:176128;40:176128;41:176128;42:176128;43:176128;44:176128;45:176128;46:176128;47:286720,-op=split-linear -input-dim=4096 -output-dim=4096 -rows=512 -split-k=4
773,gpt:gpt-7b:layer25_norm2,layernorm,8388608,32768,1-47,47,1-47,47,1:176128;2:176128;3:176128;4:176128;5:176128;6:176128;7:176128;8:176128;9:176128;10:176128;11:176128;12:176128;13:176128;14:176128;15:176128;16:176128;17:176128;18:176128;19:176128;20:176128;21:176128;22:176128;23:176128;24:176128;25:176128;26:176128;27:176128;28:176128;29:176128;30:176128;31:176128;32:176128;33:176128;34:176128;35:176128;36:176128;37:176128;38:176128;39:176128;40:176128;41:176128;42:176128;43:176128;44:176128;45:176128;46:176128;47:286720,-op=layernorm -hidden=4096 -rows=512
774,bert:bert-7b-proxy:layer27_attn_residual,residual-add,8388608,32768,1-47,47,1-47,47,1:176128;2:176128;3:176128;4:176128;5:176128;6:176128;7:176128;8:176128;9:176128;10:176128;11:176128;12:176128;13:176128;14:176128;15:176128;16:176128;17:176128;18:176128;19:176128;20:176128;21:176128;22:176128;23:176128;24:176128;25:176128;26:176128;27:176128;28:176128;29:176128;30:176128;31:176128;32:176128;33:176128;34:176128;35:176128;36:176128;37:176128;38:176128;39:176128;40:176128;41:176128;42:176128;43:176128;44:176128;45:176128;46:176128;47:286720,-op=residual-add -elements=2097152
775,gpt:gpt-7b:layer25_mlp_fc1,split-linear,22544384,88064,all,48,all,48,1:466944;2:466944;3:466944;4:466944;5:466944;6:466944;7:466944;8:466944;9:466944;10:466944;11:466944;12:466944;13:466944;14:466944;15:466944;16:466944;17:466944;18:466944;19:466944;20:466944;21:466944;22:466944;23:466944;24:466944;25:466944;26:466944;27:466944;28:466944;29:466944;30:466944;31:466944;32:466944;33:466944;34:466944;35:466944;36:466944;37:466944;38:466944;39:466944;40:466944;41:466944;42:466944;43:466944;44:466944;45:466944;46:466944;47:466944;48:598016,-op=split-linear -input-dim=4096 -output-dim=11008 -rows=512 -split-k=4
776,bert:bert-7b-proxy:layer27_norm1,layernorm,8388608,32768,1-47,47,1-47,47,1:176128;2:176128;3:176128;4:176128;5:176128;6:176128;7:176128;8:176128;9:176128;10:176128;11:176128;12:176128;13:176128;14:176128;15:176128;16:176128;17:176128;18:176128;19:176128;20:176128;21:176128;22:176128;23:176128;24:176128;25:176128;26:176128;27:176128;28:176128;29:176128;30:176128;31:176128;32:176128;33:176128;34:176128;35:176128;36:176128;37:176128;38:176128;39:176128;40:176128;41:176128;42:176128;43:176128;44:176128;45:176128;46:176128;47:286720,-op=layernorm -hidden=4096 -rows=512
777,gpt:gpt-7b:layer25_mlp_gelu,gelu,22544384,88064,all,48,all,48,1:466944;2:466944;3:466944;4:466944;5:466944;6:466944;7:466944;8:466944;9:466944;10:466944;11:466944;12:466944;13:466944;14:466944;15:466944;16:466944;17:466944;18:466944;19:466944;20:466944;21:466944;22:466944;23:466944;24:466944;25:466944;26:466944;27:466944;28:466944;29:466944;30:466944;31:466944;32:466944;33:466944;34:466944;35:466944;36:466944;37:466944;38:466944;39:466944;40:466944;41:466944;42:466944;43:466944;44:466944;45:466944;46:466944;47:466944;48:598016,-op=gelu -elements=5636096
778,bert:bert-7b-proxy:layer27_mlp_fc1,split-linear,22544384,88064,all,48,all,48,1:466944;2:466944;3:466944;4:466944;5:466944;6:466944;7:466944;8:466944;9:466944;10:466944;11:466944;12:466944;13:466944;14:466944;15:466944;16:466944;17:466944;18:466944;19:466944;20:466944;21:466944;22:466944;23:466944;24:466944;25:466944;26:466944;27:466944;28:466944;29:466944;30:466944;31:466944;32:466944;33:466944;34:466944;35:466944;36:466944;37:466944;38:466944;39:466944;40:466944;41:466944;42:466944;43:466944;44:466944;45:466944;46:466944;47:466944;48:598016,-op=split-linear -input-dim=4096 -output-dim=11008 -rows=512 -split-k=4
779,gpt:gpt-7b:layer25_mlp_fc2,split-linear,8388608,32768,1-47,47,1-47,47,1:176128;2:176128;3:176128;4:176128;5:176128;6:176128;7:176128;8:176128;9:176128;10:176128;11:176128;12:176128;13:176128;14:176128;15:176128;16:176128;17:176128;18:176128;19:176128;20:176128;21:176128;22:176128;23:176128;24:176128;25:176128;26:176128;27:176128;28:176128;29:176128;30:176128;31:176128;32:176128;33:176128;34:176128;35:176128;36:176128;37:176128;38:176128;39:176128;40:176128;41:176128;42:176128;43:176128;44:176128;45:176128;46:176128;47:286720,-op=split-linear -input-dim=11008 -output-dim=4096 -rows=512 -split-k=4
780,bert:bert-7b-proxy:layer27_mlp_gelu,gelu,22544384,88064,all,48,all,48,1:466944;2:466944;3:466944;4:466944;5:466944;6:466944;7:466944;8:466944;9:466944;10:466944;11:466944;12:466944;13:466944;14:466944;15:466944;16:466944;17:466944;18:466944;19:466944;20:466944;21:466944;22:466944;23:466944;24:466944;25:466944;26:466944;27:466944;28:466944;29:466944;30:466944;31:466944;32:466944;33:466944;34:466944;35:466944;36:466944;37:466944;38:466944;39:466944;40:466944;41:466944;42:466944;43:466944;44:466944;45:466944;46:466944;47:466944;48:598016,-op=gelu -elements=5636096
781,gpt:gpt-7b:layer25_mlp_residual,residual-add,8388608,32768,1-47,47,1-47,47,1:176128;2:176128;3:176128;4:176128;5:176128;6:176128;7:176128;8:176128;9:176128;10:176128;11:176128;12:176128;13:176128;14:176128;15:176128;16:176128;17:176128;18:176128;19:176128;20:176128;21:176128;22:176128;23:176128;24:176128;25:176128;26:176128;27:176128;28:176128;29:176128;30:176128;31:176128;32:176128;33:176128;34:176128;35:176128;36:176128;37:176128;38:176128;39:176128;40:176128;41:176128;42:176128;43:176128;44:176128;45:176128;46:176128;47:286720,-op=residual-add -elements=2097152
782,bert:bert-7b-proxy:layer27_mlp_fc2,split-linear,8388608,32768,1-47,47,1-47,47,1:176128;2:176128;3:176128;4:176128;5:176128;6:176128;7:176128;8:176128;9:176128;10:176128;11:176128;12:176128;13:176128;14:176128;15:176128;16:176128;17:176128;18:176128;19:176128;20:176128;21:176128;22:176128;23:176128;24:176128;25:176128;26:176128;27:176128;28:176128;29:176128;30:176128;31:176128;32:176128;33:176128;34:176128;35:176128;36:176128;37:176128;38:176128;39:176128;40:176128;41:176128;42:176128;43:176128;44:176128;45:176128;46:176128;47:286720,-op=split-linear -input-dim=11008 -output-dim=4096 -rows=512 -split-k=4
783,gpt:gpt-7b:layer26_norm1,layernorm,8388608,32768,1-47,47,1-47,47,1:176128;2:176128;3:176128;4:176128;5:176128;6:176128;7:176128;8:176128;9:176128;10:176128;11:176128;12:176128;13:176128;14:176128;15:176128;16:176128;17:176128;18:176128;19:176128;20:176128;21:176128;22:176128;23:176128;24:176128;25:176128;26:176128;27:176128;28:176128;29:176128;30:176128;31:176128;32:176128;33:176128;34:176128;35:176128;36:176128;37:176128;38:176128;39:176128;40:176128;41:176128;42:176128;43:176128;44:176128;45:176128;46:176128;47:286720,-op=layernorm -hidden=4096 -rows=512
784,bert:bert-7b-proxy:layer27_mlp_residual,residual-add,8388608,32768,1-47,47,1-47,47,1:176128;2:176128;3:176128;4:176128;5:176128;6:176128;7:176128;8:176128;9:176128;10:176128;11:176128;12:176128;13:176128;14:176128;15:176128;16:176128;17:176128;18:176128;19:176128;20:176128;21:176128;22:176128;23:176128;24:176128;25:176128;26:176128;27:176128;28:176128;29:176128;30:176128;31:176128;32:176128;33:176128;34:176128;35:176128;36:176128;37:176128;38:176128;39:176128;40:176128;41:176128;42:176128;43:176128;44:176128;45:176128;46:176128;47:286720,-op=residual-add -elements=2097152
785,gpt:gpt-7b:layer26_attn_q,split-linear,8388608,32768,1-47,47,1-47,47,1:176128;2:176128;3:176128;4:176128;5:176128;6:176128;7:176128;8:176128;9:176128;10:176128;11:176128;12:176128;13:176128;14:176128;15:176128;16:176128;17:176128;18:176128;19:176128;20:176128;21:176128;22:176128;23:176128;24:176128;25:176128;26:176128;27:176128;28:176128;29:176128;30:176128;31:176128;32:176128;33:176128;34:176128;35:176128;36:176128;37:176128;38:176128;39:176128;40:176128;41:176128;42:176128;43:176128;44:176128;45:176128;46:176128;47:286720,-op=split-linear -input-dim=4096 -output-dim=4096 -rows=512 -split-k=4
786,bert:bert-7b-proxy:layer27_norm2,layernorm,8388608,32768,1-47,47,1-47,47,1:176128;2:176128;3:176128;4:176128;5:176128;6:176128;7:176128;8:176128;9:176128;10:176128;11:176128;12:176128;13:176128;14:176128;15:176128;16:176128;17:176128;18:176128;19:176128;20:176128;21:176128;22:176128;23:176128;24:176128;25:176128;26:176128;27:176128;28:176128;29:176128;30:176128;31:176128;32:176128;33:176128;34:176128;35:176128;36:176128;37:176128;38:176128;39:176128;40:176128;41:176128;42:176128;43:176128;44:176128;45:176128;46:176128;47:286720,-op=layernorm -hidden=4096 -rows=512
787,gpt:gpt-7b:layer26_attn_k,split-linear,8388608,32768,1-47,47,1-47,47,1:176128;2:176128;3:176128;4:176128;5:176128;6:176128;7:176128;8:176128;9:176128;10:176128;11:176128;12:176128;13:176128;14:176128;15:176128;16:176128;17:176128;18:176128;19:176128;20:176128;21:176128;22:176128;23:176128;24:176128;25:176128;26:176128;27:176128;28:176128;29:176128;30:176128;31:176128;32:176128;33:176128;34:176128;35:176128;36:176128;37:176128;38:176128;39:176128;40:176128;41:176128;42:176128;43:176128;44:176128;45:176128;46:176128;47:286720,-op=split-linear -input-dim=4096 -output-dim=4096 -rows=512 -split-k=4
788,bert:bert-7b-proxy:layer28_attn_q,split-linear,8388608,32768,1-47,47,1-47,47,1:176128;2:176128;3:176128;4:176128;5:176128;6:176128;7:176128;8:176128;9:176128;10:176128;11:176128;12:176128;13:176128;14:176128;15:176128;16:176128;17:176128;18:176128;19:176128;20:176128;21:176128;22:176128;23:176128;24:176128;25:176128;26:176128;27:176128;28:176128;29:176128;30:176128;31:176128;32:176128;33:176128;34:176128;35:176128;36:176128;37:176128;38:176128;39:176128;40:176128;41:176128;42:176128;43:176128;44:176128;45:176128;46:176128;47:286720,-op=split-linear -input-dim=4096 -output-dim=4096 -rows=512 -split-k=4
789,gpt:gpt-7b:layer26_attn_v,split-linear,8388608,32768,1-47,47,1-47,47,1:176128;2:176128;3:176128;4:176128;5:176128;6:176128;7:176128;8:176128;9:176128;10:176128;11:176128;12:176128;13:176128;14:176128;15:176128;16:176128;17:176128;18:176128;19:176128;20:176128;21:176128;22:176128;23:176128;24:176128;25:176128;26:176128;27:176128;28:176128;29:176128;30:176128;31:176128;32:176128;33:176128;34:176128;35:176128;36:176128;37:176128;38:176128;39:176128;40:176128;41:176128;42:176128;43:176128;44:176128;45:176128;46:176128;47:286720,-op=split-linear -input-dim=4096 -output-dim=4096 -rows=512 -split-k=4
790,bert:bert-7b-proxy:layer28_attn_k,split-linear,8388608,32768,1-47,47,1-47,47,1:176128;2:176128;3:176128;4:176128;5:176128;6:176128;7:176128;8:176128;9:176128;10:176128;11:176128;12:176128;13:176128;14:176128;15:176128;16:176128;17:176128;18:176128;19:176128;20:176128;21:176128;22:176128;23:176128;24:176128;25:176128;26:176128;27:176128;28:176128;29:176128;30:176128;31:176128;32:176128;33:176128;34:176128;35:176128;36:176128;37:176128;38:176128;39:176128;40:176128;41:176128;42:176128;43:176128;44:176128;45:176128;46:176128;47:286720,-op=split-linear -input-dim=4096 -output-dim=4096 -rows=512 -split-k=4
791,gpt:gpt-7b:layer26_attn_score,split-linear,1048576,4096,1-43,43,1-43,43,1:20480;2:20480;3:20480;4:20480;5:20480;6:20480;7:20480;8:20480;9:20480;10:20480;11:20480;12:20480;13:20480;14:20480;15:20480;16:20480;17:20480;18:20480;19:20480;20:20480;21:20480;22:20480;23:20480;24:20480;25:20480;26:20480;27:20480;28:20480;29:20480;30:20480;31:20480;32:20480;33:20480;34:20480;35:20480;36:20480;37:20480;38:20480;39:20480;40:20480;41:20480;42:20480;43:188416,-op=split-linear -input-dim=4096 -output-dim=512 -rows=512 -split-k=4
792,bert:bert-7b-proxy:layer28_attn_v,split-linear,8388608,32768,1-47,47,1-47,47,1:176128;2:176128;3:176128;4:176128;5:176128;6:176128;7:176128;8:176128;9:176128;10:176128;11:176128;12:176128;13:176128;14:176128;15:176128;16:176128;17:176128;18:176128;19:176128;20:176128;21:176128;22:176128;23:176128;24:176128;25:176128;26:176128;27:176128;28:176128;29:176128;30:176128;31:176128;32:176128;33:176128;34:176128;35:176128;36:176128;37:176128;38:176128;39:176128;40:176128;41:176128;42:176128;43:176128;44:176128;45:176128;46:176128;47:286720,-op=split-linear -input-dim=4096 -output-dim=4096 -rows=512 -split-k=4
793,gpt:gpt-7b:layer26_causal_mask,causal-mask,1048576,4096,1-43,43,1-43,43,1:20480;2:20480;3:20480;4:20480;5:20480;6:20480;7:20480;8:20480;9:20480;10:20480;11:20480;12:20480;13:20480;14:20480;15:20480;16:20480;17:20480;18:20480;19:20480;20:20480;21:20480;22:20480;23:20480;24:20480;25:20480;26:20480;27:20480;28:20480;29:20480;30:20480;31:20480;32:20480;33:20480;34:20480;35:20480;36:20480;37:20480;38:20480;39:20480;40:20480;41:20480;42:20480;43:188416,-op=causal-mask -batch-size=1 -rows=512 -seq-len=512
794,bert:bert-7b-proxy:layer28_attn_score,split-linear,1048576,4096,1-43,43,1-43,43,1:20480;2:20480;3:20480;4:20480;5:20480;6:20480;7:20480;8:20480;9:20480;10:20480;11:20480;12:20480;13:20480;14:20480;15:20480;16:20480;17:20480;18:20480;19:20480;20:20480;21:20480;22:20480;23:20480;24:20480;25:20480;26:20480;27:20480;28:20480;29:20480;30:20480;31:20480;32:20480;33:20480;34:20480;35:20480;36:20480;37:20480;38:20480;39:20480;40:20480;41:20480;42:20480;43:188416,-op=split-linear -input-dim=4096 -output-dim=512 -rows=512 -split-k=4
795,gpt:gpt-7b:layer26_attn_softmax,row-softmax,1048576,512,1-16,16,1-16,16,1:65536;2:65536;3:65536;4:65536;5:65536;6:65536;7:65536;8:65536;9:65536;10:65536;11:65536;12:65536;13:65536;14:65536;15:65536;16:65536,-op=row-softmax -cols=512 -rows=512
796,bert:bert-7b-proxy:layer28_attn_softmax,row-softmax,1048576,512,1-16,16,1-16,16,1:65536;2:65536;3:65536;4:65536;5:65536;6:65536;7:65536;8:65536;9:65536;10:65536;11:65536;12:65536;13:65536;14:65536;15:65536;16:65536,-op=row-softmax -cols=512 -rows=512
797,gpt:gpt-7b:layer26_attn_value,split-linear,8388608,32768,1-47,47,1-47,47,1:176128;2:176128;3:176128;4:176128;5:176128;6:176128;7:176128;8:176128;9:176128;10:176128;11:176128;12:176128;13:176128;14:176128;15:176128;16:176128;17:176128;18:176128;19:176128;20:176128;21:176128;22:176128;23:176128;24:176128;25:176128;26:176128;27:176128;28:176128;29:176128;30:176128;31:176128;32:176128;33:176128;34:176128;35:176128;36:176128;37:176128;38:176128;39:176128;40:176128;41:176128;42:176128;43:176128;44:176128;45:176128;46:176128;47:286720,-op=split-linear -input-dim=512 -output-dim=4096 -rows=512 -split-k=4
798,bert:bert-7b-proxy:layer28_attn_value,split-linear,8388608,32768,1-47,47,1-47,47,1:176128;2:176128;3:176128;4:176128;5:176128;6:176128;7:176128;8:176128;9:176128;10:176128;11:176128;12:176128;13:176128;14:176128;15:176128;16:176128;17:176128;18:176128;19:176128;20:176128;21:176128;22:176128;23:176128;24:176128;25:176128;26:176128;27:176128;28:176128;29:176128;30:176128;31:176128;32:176128;33:176128;34:176128;35:176128;36:176128;37:176128;38:176128;39:176128;40:176128;41:176128;42:176128;43:176128;44:176128;45:176128;46:176128;47:286720,-op=split-linear -input-dim=512 -output-dim=4096 -rows=512 -split-k=4
799,gpt:gpt-7b:layer26_attn_out,split-linear,8388608,32768,1-47,47,1-47,47,1:176128;2:176128;3:176128;4:176128;5:176128;6:176128;7:176128;8:176128;9:176128;10:176128;11:176128;12:176128;13:176128;14:176128;15:176128;16:176128;17:176128;18:176128;19:176128;20:176128;21:176128;22:176128;23:176128;24:176128;25:176128;26:176128;27:176128;28:176128;29:176128;30:176128;31:176128;32:176128;33:176128;34:176128;35:176128;36:176128;37:176128;38:176128;39:176128;40:176128;41:176128;42:176128;43:176128;44:176128;45:176128;46:176128;47:286720,-op=split-linear -input-dim=4096 -output-dim=4096 -rows=512 -split-k=4
800,bert:bert-7b-proxy:layer28_attn_out,split-linear,8388608,32768,1-47,47,1-47,47,1:176128;2:176128;3:176128;4:176128;5:176128;6:176128;7:176128;8:176128;9:176128;10:176128;11:176128;12:176128;13:176128;14:176128;15:176128;16:176128;17:176128;18:176128;19:176128;20:176128;21:176128;22:176128;23:176128;24:176128;25:176128;26:176128;27:176128;28:176128;29:176128;30:176128;31:176128;32:176128;33:176128;34:176128;35:176128;36:176128;37:176128;38:176128;39:176128;40:176128;41:176128;42:176128;43:176128;44:176128;45:176128;46:176128;47:286720,-op=split-linear -input-dim=4096 -output-dim=4096 -rows=512 -split-k=4
801,gpt:gpt-7b:layer26_attn_residual,residual-add,8388608,32768,1-47,47,1-47,47,1:176128;2:176128;3:176128;4:176128;5:176128;6:176128;7:176128;8:176128;9:176128;10:176128;11:176128;12:176128;13:176128;14:176128;15:176128;16:176128;17:176128;18:176128;19:176128;20:176128;21:176128;22:176128;23:176128;24:176128;25:176128;26:176128;27:176128;28:176128;29:176128;30:176128;31:176128;32:176128;33:176128;34:176128;35:176128;36:176128;37:176128;38:176128;39:176128;40:176128;41:176128;42:176128;43:176128;44:176128;45:176128;46:176128;47:286720,-op=residual-add -elements=2097152
802,bert:bert-7b-proxy:layer28_attn_residual,residual-add,8388608,32768,1-47,47,1-47,47,1:176128;2:176128;3:176128;4:176128;5:176128;6:176128;7:176128;8:176128;9:176128;10:176128;11:176128;12:176128;13:176128;14:176128;15:176128;16:176128;17:176128;18:176128;19:176128;20:176128;21:176128;22:176128;23:176128;24:176128;25:176128;26:176128;27:176128;28:176128;29:176128;30:176128;31:176128;32:176128;33:176128;34:176128;35:176128;36:176128;37:176128;38:176128;39:176128;40:176128;41:176128;42:176128;43:176128;44:176128;45:176128;46:176128;47:286720,-op=residual-add -elements=2097152
803,gpt:gpt-7b:layer26_norm2,layernorm,8388608,32768,1-47,47,1-47,47,1:176128;2:176128;3:176128;4:176128;5:176128;6:176128;7:176128;8:176128;9:176128;10:176128;11:176128;12:176128;13:176128;14:176128;15:176128;16:176128;17:176128;18:176128;19:176128;20:176128;21:176128;22:176128;23:176128;24:176128;25:176128;26:176128;27:176128;28:176128;29:176128;30:176128;31:176128;32:176128;33:176128;34:176128;35:176128;36:176128;37:176128;38:176128;39:176128;40:176128;41:176128;42:176128;43:176128;44:176128;45:176128;46:176128;47:286720,-op=layernorm -hidden=4096 -rows=512
804,bert:bert-7b-proxy:layer28_norm1,layernorm,8388608,32768,1-47,47,1-47,47,1:176128;2:176128;3:176128;4:176128;5:176128;6:176128;7:176128;8:176128;9:176128;10:176128;11:176128;12:176128;13:176128;14:176128;15:176128;16:176128;17:176128;18:176128;19:176128;20:176128;21:176128;22:176128;23:176128;24:176128;25:176128;26:176128;27:176128;28:176128;29:176128;30:176128;31:176128;32:176128;33:176128;34:176128;35:176128;36:176128;37:176128;38:176128;39:176128;40:176128;41:176128;42:176128;43:176128;44:176128;45:176128;46:176128;47:286720,-op=layernorm -hidden=4096 -rows=512
805,gpt:gpt-7b:layer26_mlp_fc1,split-linear,22544384,88064,all,48,all,48,1:466944;2:466944;3:466944;4:466944;5:466944;6:466944;7:466944;8:466944;9:466944;10:466944;11:466944;12:466944;13:466944;14:466944;15:466944;16:466944;17:466944;18:466944;19:466944;20:466944;21:466944;22:466944;23:466944;24:466944;25:466944;26:466944;27:466944;28:466944;29:466944;30:466944;31:466944;32:466944;33:466944;34:466944;35:466944;36:466944;37:466944;38:466944;39:466944;40:466944;41:466944;42:466944;43:466944;44:466944;45:466944;46:466944;47:466944;48:598016,-op=split-linear -input-dim=4096 -output-dim=11008 -rows=512 -split-k=4
806,bert:bert-7b-proxy:layer28_mlp_fc1,split-linear,22544384,88064,all,48,all,48,1:466944;2:466944;3:466944;4:466944;5:466944;6:466944;7:466944;8:466944;9:466944;10:466944;11:466944;12:466944;13:466944;14:466944;15:466944;16:466944;17:466944;18:466944;19:466944;20:466944;21:466944;22:466944;23:466944;24:466944;25:466944;26:466944;27:466944;28:466944;29:466944;30:466944;31:466944;32:466944;33:466944;34:466944;35:466944;36:466944;37:466944;38:466944;39:466944;40:466944;41:466944;42:466944;43:466944;44:466944;45:466944;46:466944;47:466944;48:598016,-op=split-linear -input-dim=4096 -output-dim=11008 -rows=512 -split-k=4
807,gpt:gpt-7b:layer26_mlp_gelu,gelu,22544384,88064,all,48,all,48,1:466944;2:466944;3:466944;4:466944;5:466944;6:466944;7:466944;8:466944;9:466944;10:466944;11:466944;12:466944;13:466944;14:466944;15:466944;16:466944;17:466944;18:466944;19:466944;20:466944;21:466944;22:466944;23:466944;24:466944;25:466944;26:466944;27:466944;28:466944;29:466944;30:466944;31:466944;32:466944;33:466944;34:466944;35:466944;36:466944;37:466944;38:466944;39:466944;40:466944;41:466944;42:466944;43:466944;44:466944;45:466944;46:466944;47:466944;48:598016,-op=gelu -elements=5636096
808,bert:bert-7b-proxy:layer28_mlp_gelu,gelu,22544384,88064,all,48,all,48,1:466944;2:466944;3:466944;4:466944;5:466944;6:466944;7:466944;8:466944;9:466944;10:466944;11:466944;12:466944;13:466944;14:466944;15:466944;16:466944;17:466944;18:466944;19:466944;20:466944;21:466944;22:466944;23:466944;24:466944;25:466944;26:466944;27:466944;28:466944;29:466944;30:466944;31:466944;32:466944;33:466944;34:466944;35:466944;36:466944;37:466944;38:466944;39:466944;40:466944;41:466944;42:466944;43:466944;44:466944;45:466944;46:466944;47:466944;48:598016,-op=gelu -elements=5636096
809,gpt:gpt-7b:layer26_mlp_fc2,split-linear,8388608,32768,1-47,47,1-47,47,1:176128;2:176128;3:176128;4:176128;5:176128;6:176128;7:176128;8:176128;9:176128;10:176128;11:176128;12:176128;13:176128;14:176128;15:176128;16:176128;17:176128;18:176128;19:176128;20:176128;21:176128;22:176128;23:176128;24:176128;25:176128;26:176128;27:176128;28:176128;29:176128;30:176128;31:176128;32:176128;33:176128;34:176128;35:176128;36:176128;37:176128;38:176128;39:176128;40:176128;41:176128;42:176128;43:176128;44:176128;45:176128;46:176128;47:286720,-op=split-linear -input-dim=11008 -output-dim=4096 -rows=512 -split-k=4
810,bert:bert-7b-proxy:layer28_mlp_fc2,split-linear,8388608,32768,1-47,47,1-47,47,1:176128;2:176128;3:176128;4:176128;5:176128;6:176128;7:176128;8:176128;9:176128;10:176128;11:176128;12:176128;13:176128;14:176128;15:176128;16:176128;17:176128;18:176128;19:176128;20:176128;21:176128;22:176128;23:176128;24:176128;25:176128;26:176128;27:176128;28:176128;29:176128;30:176128;31:176128;32:176128;33:176128;34:176128;35:176128;36:176128;37:176128;38:176128;39:176128;40:176128;41:176128;42:176128;43:176128;44:176128;45:176128;46:176128;47:286720,-op=split-linear -input-dim=11008 -output-dim=4096 -rows=512 -split-k=4
811,gpt:gpt-7b:layer26_mlp_residual,residual-add,8388608,32768,1-47,47,1-47,47,1:176128;2:176128;3:176128;4:176128;5:176128;6:176128;7:176128;8:176128;9:176128;10:176128;11:176128;12:176128;13:176128;14:176128;15:176128;16:176128;17:176128;18:176128;19:176128;20:176128;21:176128;22:176128;23:176128;24:176128;25:176128;26:176128;27:176128;28:176128;29:176128;30:176128;31:176128;32:176128;33:176128;34:176128;35:176128;36:176128;37:176128;38:176128;39:176128;40:176128;41:176128;42:176128;43:176128;44:176128;45:176128;46:176128;47:286720,-op=residual-add -elements=2097152
812,bert:bert-7b-proxy:layer28_mlp_residual,residual-add,8388608,32768,1-47,47,1-47,47,1:176128;2:176128;3:176128;4:176128;5:176128;6:176128;7:176128;8:176128;9:176128;10:176128;11:176128;12:176128;13:176128;14:176128;15:176128;16:176128;17:176128;18:176128;19:176128;20:176128;21:176128;22:176128;23:176128;24:176128;25:176128;26:176128;27:176128;28:176128;29:176128;30:176128;31:176128;32:176128;33:176128;34:176128;35:176128;36:176128;37:176128;38:176128;39:176128;40:176128;41:176128;42:176128;43:176128;44:176128;45:176128;46:176128;47:286720,-op=residual-add -elements=2097152
813,gpt:gpt-7b:layer27_norm1,layernorm,8388608,32768,1-47,47,1-47,47,1:176128;2:176128;3:176128;4:176128;5:176128;6:176128;7:176128;8:176128;9:176128;10:176128;11:176128;12:176128;13:176128;14:176128;15:176128;16:176128;17:176128;18:176128;19:176128;20:176128;21:176128;22:176128;23:176128;24:176128;25:176128;26:176128;27:176128;28:176128;29:176128;30:176128;31:176128;32:176128;33:176128;34:176128;35:176128;36:176128;37:176128;38:176128;39:176128;40:176128;41:176128;42:176128;43:176128;44:176128;45:176128;46:176128;47:286720,-op=layernorm -hidden=4096 -rows=512
814,bert:bert-7b-proxy:layer28_norm2,layernorm,8388608,32768,1-47,47,1-47,47,1:176128;2:176128;3:176128;4:176128;5:176128;6:176128;7:176128;8:176128;9:176128;10:176128;11:176128;12:176128;13:176128;14:176128;15:176128;16:176128;17:176128;18:176128;19:176128;20:176128;21:176128;22:176128;23:176128;24:176128;25:176128;26:176128;27:176128;28:176128;29:176128;30:176128;31:176128;32:176128;33:176128;34:176128;35:176128;36:176128;37:176128;38:176128;39:176128;40:176128;41:176128;42:176128;43:176128;44:176128;45:176128;46:176128;47:286720,-op=layernorm -hidden=4096 -rows=512
815,gpt:gpt-7b:layer27_attn_q,split-linear,8388608,32768,1-47,47,1-47,47,1:176128;2:176128;3:176128;4:176128;5:176128;6:176128;7:176128;8:176128;9:176128;10:176128;11:176128;12:176128;13:176128;14:176128;15:176128;16:176128;17:176128;18:176128;19:176128;20:176128;21:176128;22:176128;23:176128;24:176128;25:176128;26:176128;27:176128;28:176128;29:176128;30:176128;31:176128;32:176128;33:176128;34:176128;35:176128;36:176128;37:176128;38:176128;39:176128;40:176128;41:176128;42:176128;43:176128;44:176128;45:176128;46:176128;47:286720,-op=split-linear -input-dim=4096 -output-dim=4096 -rows=512 -split-k=4
816,bert:bert-7b-proxy:layer29_attn_q,split-linear,8388608,32768,1-47,47,1-47,47,1:176128;2:176128;3:176128;4:176128;5:176128;6:176128;7:176128;8:176128;9:176128;10:176128;11:176128;12:176128;13:176128;14:176128;15:176128;16:176128;17:176128;18:176128;19:176128;20:176128;21:176128;22:176128;23:176128;24:176128;25:176128;26:176128;27:176128;28:176128;29:176128;30:176128;31:176128;32:176128;33:176128;34:176128;35:176128;36:176128;37:176128;38:176128;39:176128;40:176128;41:176128;42:176128;43:176128;44:176128;45:176128;46:176128;47:286720,-op=split-linear -input-dim=4096 -output-dim=4096 -rows=512 -split-k=4
817,gpt:gpt-7b:layer27_attn_k,split-linear,8388608,32768,1-47,47,1-47,47,1:176128;2:176128;3:176128;4:176128;5:176128;6:176128;7:176128;8:176128;9:176128;10:176128;11:176128;12:176128;13:176128;14:176128;15:176128;16:176128;17:176128;18:176128;19:176128;20:176128;21:176128;22:176128;23:176128;24:176128;25:176128;26:176128;27:176128;28:176128;29:176128;30:176128;31:176128;32:176128;33:176128;34:176128;35:176128;36:176128;37:176128;38:176128;39:176128;40:176128;41:176128;42:176128;43:176128;44:176128;45:176128;46:176128;47:286720,-op=split-linear -input-dim=4096 -output-dim=4096 -rows=512 -split-k=4
818,bert:bert-7b-proxy:layer29_attn_k,split-linear,8388608,32768,1-47,47,1-47,47,1:176128;2:176128;3:176128;4:176128;5:176128;6:176128;7:176128;8:176128;9:176128;10:176128;11:176128;12:176128;13:176128;14:176128;15:176128;16:176128;17:176128;18:176128;19:176128;20:176128;21:176128;22:176128;23:176128;24:176128;25:176128;26:176128;27:176128;28:176128;29:176128;30:176128;31:176128;32:176128;33:176128;34:176128;35:176128;36:176128;37:176128;38:176128;39:176128;40:176128;41:176128;42:176128;43:176128;44:176128;45:176128;46:176128;47:286720,-op=split-linear -input-dim=4096 -output-dim=4096 -rows=512 -split-k=4
819,gpt:gpt-7b:layer27_attn_v,split-linear,8388608,32768,1-47,47,1-47,47,1:176128;2:176128;3:176128;4:176128;5:176128;6:176128;7:176128;8:176128;9:176128;10:176128;11:176128;12:176128;13:176128;14:176128;15:176128;16:176128;17:176128;18:176128;19:176128;20:176128;21:176128;22:176128;23:176128;24:176128;25:176128;26:176128;27:176128;28:176128;29:176128;30:176128;31:176128;32:176128;33:176128;34:176128;35:176128;36:176128;37:176128;38:176128;39:176128;40:176128;41:176128;42:176128;43:176128;44:176128;45:176128;46:176128;47:286720,-op=split-linear -input-dim=4096 -output-dim=4096 -rows=512 -split-k=4
820,bert:bert-7b-proxy:layer29_attn_v,split-linear,8388608,32768,1-47,47,1-47,47,1:176128;2:176128;3:176128;4:176128;5:176128;6:176128;7:176128;8:176128;9:176128;10:176128;11:176128;12:176128;13:176128;14:176128;15:176128;16:176128;17:176128;18:176128;19:176128;20:176128;21:176128;22:176128;23:176128;24:176128;25:176128;26:176128;27:176128;28:176128;29:176128;30:176128;31:176128;32:176128;33:176128;34:176128;35:176128;36:176128;37:176128;38:176128;39:176128;40:176128;41:176128;42:176128;43:176128;44:176128;45:176128;46:176128;47:286720,-op=split-linear -input-dim=4096 -output-dim=4096 -rows=512 -split-k=4
821,gpt:gpt-7b:layer27_attn_score,split-linear,1048576,4096,1-43,43,1-43,43,1:20480;2:20480;3:20480;4:20480;5:20480;6:20480;7:20480;8:20480;9:20480;10:20480;11:20480;12:20480;13:20480;14:20480;15:20480;16:20480;17:20480;18:20480;19:20480;20:20480;21:20480;22:20480;23:20480;24:20480;25:20480;26:20480;27:20480;28:20480;29:20480;30:20480;31:20480;32:20480;33:20480;34:20480;35:20480;36:20480;37:20480;38:20480;39:20480;40:20480;41:20480;42:20480;43:188416,-op=split-linear -input-dim=4096 -output-dim=512 -rows=512 -split-k=4
822,bert:bert-7b-proxy:layer29_attn_score,split-linear,1048576,4096,1-43,43,1-43,43,1:20480;2:20480;3:20480;4:20480;5:20480;6:20480;7:20480;8:20480;9:20480;10:20480;11:20480;12:20480;13:20480;14:20480;15:20480;16:20480;17:20480;18:20480;19:20480;20:20480;21:20480;22:20480;23:20480;24:20480;25:20480;26:20480;27:20480;28:20480;29:20480;30:20480;31:20480;32:20480;33:20480;34:20480;35:20480;36:20480;37:20480;38:20480;39:20480;40:20480;41:20480;42:20480;43:188416,-op=split-linear -input-dim=4096 -output-dim=512 -rows=512 -split-k=4
823,gpt:gpt-7b:layer27_causal_mask,causal-mask,1048576,4096,1-43,43,1-43,43,1:20480;2:20480;3:20480;4:20480;5:20480;6:20480;7:20480;8:20480;9:20480;10:20480;11:20480;12:20480;13:20480;14:20480;15:20480;16:20480;17:20480;18:20480;19:20480;20:20480;21:20480;22:20480;23:20480;24:20480;25:20480;26:20480;27:20480;28:20480;29:20480;30:20480;31:20480;32:20480;33:20480;34:20480;35:20480;36:20480;37:20480;38:20480;39:20480;40:20480;41:20480;42:20480;43:188416,-op=causal-mask -batch-size=1 -rows=512 -seq-len=512
824,bert:bert-7b-proxy:layer29_attn_softmax,row-softmax,1048576,512,1-16,16,1-16,16,1:65536;2:65536;3:65536;4:65536;5:65536;6:65536;7:65536;8:65536;9:65536;10:65536;11:65536;12:65536;13:65536;14:65536;15:65536;16:65536,-op=row-softmax -cols=512 -rows=512
825,gpt:gpt-7b:layer27_attn_softmax,row-softmax,1048576,512,1-16,16,1-16,16,1:65536;2:65536;3:65536;4:65536;5:65536;6:65536;7:65536;8:65536;9:65536;10:65536;11:65536;12:65536;13:65536;14:65536;15:65536;16:65536,-op=row-softmax -cols=512 -rows=512
826,bert:bert-7b-proxy:layer29_attn_value,split-linear,8388608,32768,1-47,47,1-47,47,1:176128;2:176128;3:176128;4:176128;5:176128;6:176128;7:176128;8:176128;9:176128;10:176128;11:176128;12:176128;13:176128;14:176128;15:176128;16:176128;17:176128;18:176128;19:176128;20:176128;21:176128;22:176128;23:176128;24:176128;25:176128;26:176128;27:176128;28:176128;29:176128;30:176128;31:176128;32:176128;33:176128;34:176128;35:176128;36:176128;37:176128;38:176128;39:176128;40:176128;41:176128;42:176128;43:176128;44:176128;45:176128;46:176128;47:286720,-op=split-linear -input-dim=512 -output-dim=4096 -rows=512 -split-k=4
827,gpt:gpt-7b:layer27_attn_value,split-linear,8388608,32768,1-47,47,1-47,47,1:176128;2:176128;3:176128;4:176128;5:176128;6:176128;7:176128;8:176128;9:176128;10:176128;11:176128;12:176128;13:176128;14:176128;15:176128;16:176128;17:176128;18:176128;19:176128;20:176128;21:176128;22:176128;23:176128;24:176128;25:176128;26:176128;27:176128;28:176128;29:176128;30:176128;31:176128;32:176128;33:176128;34:176128;35:176128;36:176128;37:176128;38:176128;39:176128;40:176128;41:176128;42:176128;43:176128;44:176128;45:176128;46:176128;47:286720,-op=split-linear -input-dim=512 -output-dim=4096 -rows=512 -split-k=4
828,bert:bert-7b-proxy:layer29_attn_out,split-linear,8388608,32768,1-47,47,1-47,47,1:176128;2:176128;3:176128;4:176128;5:176128;6:176128;7:176128;8:176128;9:176128;10:176128;11:176128;12:176128;13:176128;14:176128;15:176128;16:176128;17:176128;18:176128;19:176128;20:176128;21:176128;22:176128;23:176128;24:176128;25:176128;26:176128;27:176128;28:176128;29:176128;30:176128;31:176128;32:176128;33:176128;34:176128;35:176128;36:176128;37:176128;38:176128;39:176128;40:176128;41:176128;42:176128;43:176128;44:176128;45:176128;46:176128;47:286720,-op=split-linear -input-dim=4096 -output-dim=4096 -rows=512 -split-k=4
829,gpt:gpt-7b:layer27_attn_out,split-linear,8388608,32768,1-47,47,1-47,47,1:176128;2:176128;3:176128;4:176128;5:176128;6:176128;7:176128;8:176128;9:176128;10:176128;11:176128;12:176128;13:176128;14:176128;15:176128;16:176128;17:176128;18:176128;19:176128;20:176128;21:176128;22:176128;23:176128;24:176128;25:176128;26:176128;27:176128;28:176128;29:176128;30:176128;31:176128;32:176128;33:176128;34:176128;35:176128;36:176128;37:176128;38:176128;39:176128;40:176128;41:176128;42:176128;43:176128;44:176128;45:176128;46:176128;47:286720,-op=split-linear -input-dim=4096 -output-dim=4096 -rows=512 -split-k=4
830,bert:bert-7b-proxy:layer29_attn_residual,residual-add,8388608,32768,1-47,47,1-47,47,1:176128;2:176128;3:176128;4:176128;5:176128;6:176128;7:176128;8:176128;9:176128;10:176128;11:176128;12:176128;13:176128;14:176128;15:176128;16:176128;17:176128;18:176128;19:176128;20:176128;21:176128;22:176128;23:176128;24:176128;25:176128;26:176128;27:176128;28:176128;29:176128;30:176128;31:176128;32:176128;33:176128;34:176128;35:176128;36:176128;37:176128;38:176128;39:176128;40:176128;41:176128;42:176128;43:176128;44:176128;45:176128;46:176128;47:286720,-op=residual-add -elements=2097152
831,gpt:gpt-7b:layer27_attn_residual,residual-add,8388608,32768,1-47,47,1-47,47,1:176128;2:176128;3:176128;4:176128;5:176128;6:176128;7:176128;8:176128;9:176128;10:176128;11:176128;12:176128;13:176128;14:176128;15:176128;16:176128;17:176128;18:176128;19:176128;20:176128;21:176128;22:176128;23:176128;24:176128;25:176128;26:176128;27:176128;28:176128;29:176128;30:176128;31:176128;32:176128;33:176128;34:176128;35:176128;36:176128;37:176128;38:176128;39:176128;40:176128;41:176128;42:176128;43:176128;44:176128;45:176128;46:176128;47:286720,-op=residual-add -elements=2097152
832,bert:bert-7b-proxy:layer29_norm1,layernorm,8388608,32768,1-47,47,1-47,47,1:176128;2:176128;3:176128;4:176128;5:176128;6:176128;7:176128;8:176128;9:176128;10:176128;11:176128;12:176128;13:176128;14:176128;15:176128;16:176128;17:176128;18:176128;19:176128;20:176128;21:176128;22:176128;23:176128;24:176128;25:176128;26:176128;27:176128;28:176128;29:176128;30:176128;31:176128;32:176128;33:176128;34:176128;35:176128;36:176128;37:176128;38:176128;39:176128;40:176128;41:176128;42:176128;43:176128;44:176128;45:176128;46:176128;47:286720,-op=layernorm -hidden=4096 -rows=512
833,gpt:gpt-7b:layer27_norm2,layernorm,8388608,32768,1-47,47,1-47,47,1:176128;2:176128;3:176128;4:176128;5:176128;6:176128;7:176128;8:176128;9:176128;10:176128;11:176128;12:176128;13:176128;14:176128;15:176128;16:176128;17:176128;18:176128;19:176128;20:176128;21:176128;22:176128;23:176128;24:176128;25:176128;26:176128;27:176128;28:176128;29:176128;30:176128;31:176128;32:176128;33:176128;34:176128;35:176128;36:176128;37:176128;38:176128;39:176128;40:176128;41:176128;42:176128;43:176128;44:176128;45:176128;46:176128;47:286720,-op=layernorm -hidden=4096 -rows=512
834,bert:bert-7b-proxy:layer29_mlp_fc1,split-linear,22544384,88064,all,48,all,48,1:466944;2:466944;3:466944;4:466944;5:466944;6:466944;7:466944;8:466944;9:466944;10:466944;11:466944;12:466944;13:466944;14:466944;15:466944;16:466944;17:466944;18:466944;19:466944;20:466944;21:466944;22:466944;23:466944;24:466944;25:466944;26:466944;27:466944;28:466944;29:466944;30:466944;31:466944;32:466944;33:466944;34:466944;35:466944;36:466944;37:466944;38:466944;39:466944;40:466944;41:466944;42:466944;43:466944;44:466944;45:466944;46:466944;47:466944;48:598016,-op=split-linear -input-dim=4096 -output-dim=11008 -rows=512 -split-k=4
835,gpt:gpt-7b:layer27_mlp_fc1,split-linear,22544384,88064,all,48,all,48,1:466944;2:466944;3:466944;4:466944;5:466944;6:466944;7:466944;8:466944;9:466944;10:466944;11:466944;12:466944;13:466944;14:466944;15:466944;16:466944;17:466944;18:466944;19:466944;20:466944;21:466944;22:466944;23:466944;24:466944;25:466944;26:466944;27:466944;28:466944;29:466944;30:466944;31:466944;32:466944;33:466944;34:466944;35:466944;36:466944;37:466944;38:466944;39:466944;40:466944;41:466944;42:466944;43:466944;44:466944;45:466944;46:466944;47:466944;48:598016,-op=split-linear -input-dim=4096 -output-dim=11008 -rows=512 -split-k=4
836,bert:bert-7b-proxy:layer29_mlp_gelu,gelu,22544384,88064,all,48,all,48,1:466944;2:466944;3:466944;4:466944;5:466944;6:466944;7:466944;8:466944;9:466944;10:466944;11:466944;12:466944;13:466944;14:466944;15:466944;16:466944;17:466944;18:466944;19:466944;20:466944;21:466944;22:466944;23:466944;24:466944;25:466944;26:466944;27:466944;28:466944;29:466944;30:466944;31:466944;32:466944;33:466944;34:466944;35:466944;36:466944;37:466944;38:466944;39:466944;40:466944;41:466944;42:466944;43:466944;44:466944;45:466944;46:466944;47:466944;48:598016,-op=gelu -elements=5636096
837,gpt:gpt-7b:layer27_mlp_gelu,gelu,22544384,88064,all,48,all,48,1:466944;2:466944;3:466944;4:466944;5:466944;6:466944;7:466944;8:466944;9:466944;10:466944;11:466944;12:466944;13:466944;14:466944;15:466944;16:466944;17:466944;18:466944;19:466944;20:466944;21:466944;22:466944;23:466944;24:466944;25:466944;26:466944;27:466944;28:466944;29:466944;30:466944;31:466944;32:466944;33:466944;34:466944;35:466944;36:466944;37:466944;38:466944;39:466944;40:466944;41:466944;42:466944;43:466944;44:466944;45:466944;46:466944;47:466944;48:598016,-op=gelu -elements=5636096
838,bert:bert-7b-proxy:layer29_mlp_fc2,split-linear,8388608,32768,1-47,47,1-47,47,1:176128;2:176128;3:176128;4:176128;5:176128;6:176128;7:176128;8:176128;9:176128;10:176128;11:176128;12:176128;13:176128;14:176128;15:176128;16:176128;17:176128;18:176128;19:176128;20:176128;21:176128;22:176128;23:176128;24:176128;25:176128;26:176128;27:176128;28:176128;29:176128;30:176128;31:176128;32:176128;33:176128;34:176128;35:176128;36:176128;37:176128;38:176128;39:176128;40:176128;41:176128;42:176128;43:176128;44:176128;45:176128;46:176128;47:286720,-op=split-linear -input-dim=11008 -output-dim=4096 -rows=512 -split-k=4
839,gpt:gpt-7b:layer27_mlp_fc2,split-linear,8388608,32768,1-47,47,1-47,47,1:176128;2:176128;3:176128;4:176128;5:176128;6:176128;7:176128;8:176128;9:176128;10:176128;11:176128;12:176128;13:176128;14:176128;15:176128;16:176128;17:176128;18:176128;19:176128;20:176128;21:176128;22:176128;23:176128;24:176128;25:176128;26:176128;27:176128;28:176128;29:176128;30:176128;31:176128;32:176128;33:176128;34:176128;35:176128;36:176128;37:176128;38:176128;39:176128;40:176128;41:176128;42:176128;43:176128;44:176128;45:176128;46:176128;47:286720,-op=split-linear -input-dim=11008 -output-dim=4096 -rows=512 -split-k=4
840,bert:bert-7b-proxy:layer29_mlp_residual,residual-add,8388608,32768,1-47,47,1-47,47,1:176128;2:176128;3:176128;4:176128;5:176128;6:176128;7:176128;8:176128;9:176128;10:176128;11:176128;12:176128;13:176128;14:176128;15:176128;16:176128;17:176128;18:176128;19:176128;20:176128;21:176128;22:176128;23:176128;24:176128;25:176128;26:176128;27:176128;28:176128;29:176128;30:176128;31:176128;32:176128;33:176128;34:176128;35:176128;36:176128;37:176128;38:176128;39:176128;40:176128;41:176128;42:176128;43:176128;44:176128;45:176128;46:176128;47:286720,-op=residual-add -elements=2097152
841,gpt:gpt-7b:layer27_mlp_residual,residual-add,8388608,32768,1-47,47,1-47,47,1:176128;2:176128;3:176128;4:176128;5:176128;6:176128;7:176128;8:176128;9:176128;10:176128;11:176128;12:176128;13:176128;14:176128;15:176128;16:176128;17:176128;18:176128;19:176128;20:176128;21:176128;22:176128;23:176128;24:176128;25:176128;26:176128;27:176128;28:176128;29:176128;30:176128;31:176128;32:176128;33:176128;34:176128;35:176128;36:176128;37:176128;38:176128;39:176128;40:176128;41:176128;42:176128;43:176128;44:176128;45:176128;46:176128;47:286720,-op=residual-add -elements=2097152
842,bert:bert-7b-proxy:layer29_norm2,layernorm,8388608,32768,1-47,47,1-47,47,1:176128;2:176128;3:176128;4:176128;5:176128;6:176128;7:176128;8:176128;9:176128;10:176128;11:176128;12:176128;13:176128;14:176128;15:176128;16:176128;17:176128;18:176128;19:176128;20:176128;21:176128;22:176128;23:176128;24:176128;25:176128;26:176128;27:176128;28:176128;29:176128;30:176128;31:176128;32:176128;33:176128;34:176128;35:176128;36:176128;37:176128;38:176128;39:176128;40:176128;41:176128;42:176128;43:176128;44:176128;45:176128;46:176128;47:286720,-op=layernorm -hidden=4096 -rows=512
843,gpt:gpt-7b:layer28_norm1,layernorm,8388608,32768,1-47,47,1-47,47,1:176128;2:176128;3:176128;4:176128;5:176128;6:176128;7:176128;8:176128;9:176128;10:176128;11:176128;12:176128;13:176128;14:176128;15:176128;16:176128;17:176128;18:176128;19:176128;20:176128;21:176128;22:176128;23:176128;24:176128;25:176128;26:176128;27:176128;28:176128;29:176128;30:176128;31:176128;32:176128;33:176128;34:176128;35:176128;36:176128;37:176128;38:176128;39:176128;40:176128;41:176128;42:176128;43:176128;44:176128;45:176128;46:176128;47:286720,-op=layernorm -hidden=4096 -rows=512
844,bert:bert-7b-proxy:layer30_attn_q,split-linear,8388608,32768,1-47,47,1-47,47,1:176128;2:176128;3:176128;4:176128;5:176128;6:176128;7:176128;8:176128;9:176128;10:176128;11:176128;12:176128;13:176128;14:176128;15:176128;16:176128;17:176128;18:176128;19:176128;20:176128;21:176128;22:176128;23:176128;24:176128;25:176128;26:176128;27:176128;28:176128;29:176128;30:176128;31:176128;32:176128;33:176128;34:176128;35:176128;36:176128;37:176128;38:176128;39:176128;40:176128;41:176128;42:176128;43:176128;44:176128;45:176128;46:176128;47:286720,-op=split-linear -input-dim=4096 -output-dim=4096 -rows=512 -split-k=4
845,gpt:gpt-7b:layer28_attn_q,split-linear,8388608,32768,1-47,47,1-47,47,1:176128;2:176128;3:176128;4:176128;5:176128;6:176128;7:176128;8:176128;9:176128;10:176128;11:176128;12:176128;13:176128;14:176128;15:176128;16:176128;17:176128;18:176128;19:176128;20:176128;21:176128;22:176128;23:176128;24:176128;25:176128;26:176128;27:176128;28:176128;29:176128;30:176128;31:176128;32:176128;33:176128;34:176128;35:176128;36:176128;37:176128;38:176128;39:176128;40:176128;41:176128;42:176128;43:176128;44:176128;45:176128;46:176128;47:286720,-op=split-linear -input-dim=4096 -output-dim=4096 -rows=512 -split-k=4
846,bert:bert-7b-proxy:layer30_attn_k,split-linear,8388608,32768,1-47,47,1-47,47,1:176128;2:176128;3:176128;4:176128;5:176128;6:176128;7:176128;8:176128;9:176128;10:176128;11:176128;12:176128;13:176128;14:176128;15:176128;16:176128;17:176128;18:176128;19:176128;20:176128;21:176128;22:176128;23:176128;24:176128;25:176128;26:176128;27:176128;28:176128;29:176128;30:176128;31:176128;32:176128;33:176128;34:176128;35:176128;36:176128;37:176128;38:176128;39:176128;40:176128;41:176128;42:176128;43:176128;44:176128;45:176128;46:176128;47:286720,-op=split-linear -input-dim=4096 -output-dim=4096 -rows=512 -split-k=4
847,gpt:gpt-7b:layer28_attn_k,split-linear,8388608,32768,1-47,47,1-47,47,1:176128;2:176128;3:176128;4:176128;5:176128;6:176128;7:176128;8:176128;9:176128;10:176128;11:176128;12:176128;13:176128;14:176128;15:176128;16:176128;17:176128;18:176128;19:176128;20:176128;21:176128;22:176128;23:176128;24:176128;25:176128;26:176128;27:176128;28:176128;29:176128;30:176128;31:176128;32:176128;33:176128;34:176128;35:176128;36:176128;37:176128;38:176128;39:176128;40:176128;41:176128;42:176128;43:176128;44:176128;45:176128;46:176128;47:286720,-op=split-linear -input-dim=4096 -output-dim=4096 -rows=512 -split-k=4
848,bert:bert-7b-proxy:layer30_attn_v,split-linear,8388608,32768,1-47,47,1-47,47,1:176128;2:176128;3:176128;4:176128;5:176128;6:176128;7:176128;8:176128;9:176128;10:176128;11:176128;12:176128;13:176128;14:176128;15:176128;16:176128;17:176128;18:176128;19:176128;20:176128;21:176128;22:176128;23:176128;24:176128;25:176128;26:176128;27:176128;28:176128;29:176128;30:176128;31:176128;32:176128;33:176128;34:176128;35:176128;36:176128;37:176128;38:176128;39:176128;40:176128;41:176128;42:176128;43:176128;44:176128;45:176128;46:176128;47:286720,-op=split-linear -input-dim=4096 -output-dim=4096 -rows=512 -split-k=4
849,gpt:gpt-7b:layer28_attn_v,split-linear,8388608,32768,1-47,47,1-47,47,1:176128;2:176128;3:176128;4:176128;5:176128;6:176128;7:176128;8:176128;9:176128;10:176128;11:176128;12:176128;13:176128;14:176128;15:176128;16:176128;17:176128;18:176128;19:176128;20:176128;21:176128;22:176128;23:176128;24:176128;25:176128;26:176128;27:176128;28:176128;29:176128;30:176128;31:176128;32:176128;33:176128;34:176128;35:176128;36:176128;37:176128;38:176128;39:176128;40:176128;41:176128;42:176128;43:176128;44:176128;45:176128;46:176128;47:286720,-op=split-linear -input-dim=4096 -output-dim=4096 -rows=512 -split-k=4
850,bert:bert-7b-proxy:layer30_attn_score,split-linear,1048576,4096,1-43,43,1-43,43,1:20480;2:20480;3:20480;4:20480;5:20480;6:20480;7:20480;8:20480;9:20480;10:20480;11:20480;12:20480;13:20480;14:20480;15:20480;16:20480;17:20480;18:20480;19:20480;20:20480;21:20480;22:20480;23:20480;24:20480;25:20480;26:20480;27:20480;28:20480;29:20480;30:20480;31:20480;32:20480;33:20480;34:20480;35:20480;36:20480;37:20480;38:20480;39:20480;40:20480;41:20480;42:20480;43:188416,-op=split-linear -input-dim=4096 -output-dim=512 -rows=512 -split-k=4
851,gpt:gpt-7b:layer28_attn_score,split-linear,1048576,4096,1-43,43,1-43,43,1:20480;2:20480;3:20480;4:20480;5:20480;6:20480;7:20480;8:20480;9:20480;10:20480;11:20480;12:20480;13:20480;14:20480;15:20480;16:20480;17:20480;18:20480;19:20480;20:20480;21:20480;22:20480;23:20480;24:20480;25:20480;26:20480;27:20480;28:20480;29:20480;30:20480;31:20480;32:20480;33:20480;34:20480;35:20480;36:20480;37:20480;38:20480;39:20480;40:20480;41:20480;42:20480;43:188416,-op=split-linear -input-dim=4096 -output-dim=512 -rows=512 -split-k=4
852,bert:bert-7b-proxy:layer30_attn_softmax,row-softmax,1048576,512,1-16,16,1-16,16,1:65536;2:65536;3:65536;4:65536;5:65536;6:65536;7:65536;8:65536;9:65536;10:65536;11:65536;12:65536;13:65536;14:65536;15:65536;16:65536,-op=row-softmax -cols=512 -rows=512
853,gpt:gpt-7b:layer28_causal_mask,causal-mask,1048576,4096,1-43,43,1-43,43,1:20480;2:20480;3:20480;4:20480;5:20480;6:20480;7:20480;8:20480;9:20480;10:20480;11:20480;12:20480;13:20480;14:20480;15:20480;16:20480;17:20480;18:20480;19:20480;20:20480;21:20480;22:20480;23:20480;24:20480;25:20480;26:20480;27:20480;28:20480;29:20480;30:20480;31:20480;32:20480;33:20480;34:20480;35:20480;36:20480;37:20480;38:20480;39:20480;40:20480;41:20480;42:20480;43:188416,-op=causal-mask -batch-size=1 -rows=512 -seq-len=512
854,bert:bert-7b-proxy:layer30_attn_value,split-linear,8388608,32768,1-47,47,1-47,47,1:176128;2:176128;3:176128;4:176128;5:176128;6:176128;7:176128;8:176128;9:176128;10:176128;11:176128;12:176128;13:176128;14:176128;15:176128;16:176128;17:176128;18:176128;19:176128;20:176128;21:176128;22:176128;23:176128;24:176128;25:176128;26:176128;27:176128;28:176128;29:176128;30:176128;31:176128;32:176128;33:176128;34:176128;35:176128;36:176128;37:176128;38:176128;39:176128;40:176128;41:176128;42:176128;43:176128;44:176128;45:176128;46:176128;47:286720,-op=split-linear -input-dim=512 -output-dim=4096 -rows=512 -split-k=4
855,gpt:gpt-7b:layer28_attn_softmax,row-softmax,1048576,512,1-16,16,1-16,16,1:65536;2:65536;3:65536;4:65536;5:65536;6:65536;7:65536;8:65536;9:65536;10:65536;11:65536;12:65536;13:65536;14:65536;15:65536;16:65536,-op=row-softmax -cols=512 -rows=512
856,bert:bert-7b-proxy:layer30_attn_out,split-linear,8388608,32768,1-47,47,1-47,47,1:176128;2:176128;3:176128;4:176128;5:176128;6:176128;7:176128;8:176128;9:176128;10:176128;11:176128;12:176128;13:176128;14:176128;15:176128;16:176128;17:176128;18:176128;19:176128;20:176128;21:176128;22:176128;23:176128;24:176128;25:176128;26:176128;27:176128;28:176128;29:176128;30:176128;31:176128;32:176128;33:176128;34:176128;35:176128;36:176128;37:176128;38:176128;39:176128;40:176128;41:176128;42:176128;43:176128;44:176128;45:176128;46:176128;47:286720,-op=split-linear -input-dim=4096 -output-dim=4096 -rows=512 -split-k=4
857,gpt:gpt-7b:layer28_attn_value,split-linear,8388608,32768,1-47,47,1-47,47,1:176128;2:176128;3:176128;4:176128;5:176128;6:176128;7:176128;8:176128;9:176128;10:176128;11:176128;12:176128;13:176128;14:176128;15:176128;16:176128;17:176128;18:176128;19:176128;20:176128;21:176128;22:176128;23:176128;24:176128;25:176128;26:176128;27:176128;28:176128;29:176128;30:176128;31:176128;32:176128;33:176128;34:176128;35:176128;36:176128;37:176128;38:176128;39:176128;40:176128;41:176128;42:176128;43:176128;44:176128;45:176128;46:176128;47:286720,-op=split-linear -input-dim=512 -output-dim=4096 -rows=512 -split-k=4
858,bert:bert-7b-proxy:layer30_attn_residual,residual-add,8388608,32768,1-47,47,1-47,47,1:176128;2:176128;3:176128;4:176128;5:176128;6:176128;7:176128;8:176128;9:176128;10:176128;11:176128;12:176128;13:176128;14:176128;15:176128;16:176128;17:176128;18:176128;19:176128;20:176128;21:176128;22:176128;23:176128;24:176128;25:176128;26:176128;27:176128;28:176128;29:176128;30:176128;31:176128;32:176128;33:176128;34:176128;35:176128;36:176128;37:176128;38:176128;39:176128;40:176128;41:176128;42:176128;43:176128;44:176128;45:176128;46:176128;47:286720,-op=residual-add -elements=2097152
859,gpt:gpt-7b:layer28_attn_out,split-linear,8388608,32768,1-47,47,1-47,47,1:176128;2:176128;3:176128;4:176128;5:176128;6:176128;7:176128;8:176128;9:176128;10:176128;11:176128;12:176128;13:176128;14:176128;15:176128;16:176128;17:176128;18:176128;19:176128;20:176128;21:176128;22:176128;23:176128;24:176128;25:176128;26:176128;27:176128;28:176128;29:176128;30:176128;31:176128;32:176128;33:176128;34:176128;35:176128;36:176128;37:176128;38:176128;39:176128;40:176128;41:176128;42:176128;43:176128;44:176128;45:176128;46:176128;47:286720,-op=split-linear -input-dim=4096 -output-dim=4096 -rows=512 -split-k=4
860,bert:bert-7b-proxy:layer30_norm1,layernorm,8388608,32768,1-47,47,1-47,47,1:176128;2:176128;3:176128;4:176128;5:176128;6:176128;7:176128;8:176128;9:176128;10:176128;11:176128;12:176128;13:176128;14:176128;15:176128;16:176128;17:176128;18:176128;19:176128;20:176128;21:176128;22:176128;23:176128;24:176128;25:176128;26:176128;27:176128;28:176128;29:176128;30:176128;31:176128;32:176128;33:176128;34:176128;35:176128;36:176128;37:176128;38:176128;39:176128;40:176128;41:176128;42:176128;43:176128;44:176128;45:176128;46:176128;47:286720,-op=layernorm -hidden=4096 -rows=512
861,gpt:gpt-7b:layer28_attn_residual,residual-add,8388608,32768,1-47,47,1-47,47,1:176128;2:176128;3:176128;4:176128;5:176128;6:176128;7:176128;8:176128;9:176128;10:176128;11:176128;12:176128;13:176128;14:176128;15:176128;16:176128;17:176128;18:176128;19:176128;20:176128;21:176128;22:176128;23:176128;24:176128;25:176128;26:176128;27:176128;28:176128;29:176128;30:176128;31:176128;32:176128;33:176128;34:176128;35:176128;36:176128;37:176128;38:176128;39:176128;40:176128;41:176128;42:176128;43:176128;44:176128;45:176128;46:176128;47:286720,-op=residual-add -elements=2097152
862,bert:bert-7b-proxy:layer30_mlp_fc1,split-linear,22544384,88064,all,48,all,48,1:466944;2:466944;3:466944;4:466944;5:466944;6:466944;7:466944;8:466944;9:466944;10:466944;11:466944;12:466944;13:466944;14:466944;15:466944;16:466944;17:466944;18:466944;19:466944;20:466944;21:466944;22:466944;23:466944;24:466944;25:466944;26:466944;27:466944;28:466944;29:466944;30:466944;31:466944;32:466944;33:466944;34:466944;35:466944;36:466944;37:466944;38:466944;39:466944;40:466944;41:466944;42:466944;43:466944;44:466944;45:466944;46:466944;47:466944;48:598016,-op=split-linear -input-dim=4096 -output-dim=11008 -rows=512 -split-k=4
863,gpt:gpt-7b:layer28_norm2,layernorm,8388608,32768,1-47,47,1-47,47,1:176128;2:176128;3:176128;4:176128;5:176128;6:176128;7:176128;8:176128;9:176128;10:176128;11:176128;12:176128;13:176128;14:176128;15:176128;16:176128;17:176128;18:176128;19:176128;20:176128;21:176128;22:176128;23:176128;24:176128;25:176128;26:176128;27:176128;28:176128;29:176128;30:176128;31:176128;32:176128;33:176128;34:176128;35:176128;36:176128;37:176128;38:176128;39:176128;40:176128;41:176128;42:176128;43:176128;44:176128;45:176128;46:176128;47:286720,-op=layernorm -hidden=4096 -rows=512
864,bert:bert-7b-proxy:layer30_mlp_gelu,gelu,22544384,88064,all,48,all,48,1:466944;2:466944;3:466944;4:466944;5:466944;6:466944;7:466944;8:466944;9:466944;10:466944;11:466944;12:466944;13:466944;14:466944;15:466944;16:466944;17:466944;18:466944;19:466944;20:466944;21:466944;22:466944;23:466944;24:466944;25:466944;26:466944;27:466944;28:466944;29:466944;30:466944;31:466944;32:466944;33:466944;34:466944;35:466944;36:466944;37:466944;38:466944;39:466944;40:466944;41:466944;42:466944;43:466944;44:466944;45:466944;46:466944;47:466944;48:598016,-op=gelu -elements=5636096
865,gpt:gpt-7b:layer28_mlp_fc1,split-linear,22544384,88064,all,48,all,48,1:466944;2:466944;3:466944;4:466944;5:466944;6:466944;7:466944;8:466944;9:466944;10:466944;11:466944;12:466944;13:466944;14:466944;15:466944;16:466944;17:466944;18:466944;19:466944;20:466944;21:466944;22:466944;23:466944;24:466944;25:466944;26:466944;27:466944;28:466944;29:466944;30:466944;31:466944;32:466944;33:466944;34:466944;35:466944;36:466944;37:466944;38:466944;39:466944;40:466944;41:466944;42:466944;43:466944;44:466944;45:466944;46:466944;47:466944;48:598016,-op=split-linear -input-dim=4096 -output-dim=11008 -rows=512 -split-k=4
866,bert:bert-7b-proxy:layer30_mlp_fc2,split-linear,8388608,32768,1-47,47,1-47,47,1:176128;2:176128;3:176128;4:176128;5:176128;6:176128;7:176128;8:176128;9:176128;10:176128;11:176128;12:176128;13:176128;14:176128;15:176128;16:176128;17:176128;18:176128;19:176128;20:176128;21:176128;22:176128;23:176128;24:176128;25:176128;26:176128;27:176128;28:176128;29:176128;30:176128;31:176128;32:176128;33:176128;34:176128;35:176128;36:176128;37:176128;38:176128;39:176128;40:176128;41:176128;42:176128;43:176128;44:176128;45:176128;46:176128;47:286720,-op=split-linear -input-dim=11008 -output-dim=4096 -rows=512 -split-k=4
867,gpt:gpt-7b:layer28_mlp_gelu,gelu,22544384,88064,all,48,all,48,1:466944;2:466944;3:466944;4:466944;5:466944;6:466944;7:466944;8:466944;9:466944;10:466944;11:466944;12:466944;13:466944;14:466944;15:466944;16:466944;17:466944;18:466944;19:466944;20:466944;21:466944;22:466944;23:466944;24:466944;25:466944;26:466944;27:466944;28:466944;29:466944;30:466944;31:466944;32:466944;33:466944;34:466944;35:466944;36:466944;37:466944;38:466944;39:466944;40:466944;41:466944;42:466944;43:466944;44:466944;45:466944;46:466944;47:466944;48:598016,-op=gelu -elements=5636096
868,bert:bert-7b-proxy:layer30_mlp_residual,residual-add,8388608,32768,1-47,47,1-47,47,1:176128;2:176128;3:176128;4:176128;5:176128;6:176128;7:176128;8:176128;9:176128;10:176128;11:176128;12:176128;13:176128;14:176128;15:176128;16:176128;17:176128;18:176128;19:176128;20:176128;21:176128;22:176128;23:176128;24:176128;25:176128;26:176128;27:176128;28:176128;29:176128;30:176128;31:176128;32:176128;33:176128;34:176128;35:176128;36:176128;37:176128;38:176128;39:176128;40:176128;41:176128;42:176128;43:176128;44:176128;45:176128;46:176128;47:286720,-op=residual-add -elements=2097152
869,gpt:gpt-7b:layer28_mlp_fc2,split-linear,8388608,32768,1-47,47,1-47,47,1:176128;2:176128;3:176128;4:176128;5:176128;6:176128;7:176128;8:176128;9:176128;10:176128;11:176128;12:176128;13:176128;14:176128;15:176128;16:176128;17:176128;18:176128;19:176128;20:176128;21:176128;22:176128;23:176128;24:176128;25:176128;26:176128;27:176128;28:176128;29:176128;30:176128;31:176128;32:176128;33:176128;34:176128;35:176128;36:176128;37:176128;38:176128;39:176128;40:176128;41:176128;42:176128;43:176128;44:176128;45:176128;46:176128;47:286720,-op=split-linear -input-dim=11008 -output-dim=4096 -rows=512 -split-k=4
870,bert:bert-7b-proxy:layer30_norm2,layernorm,8388608,32768,1-47,47,1-47,47,1:176128;2:176128;3:176128;4:176128;5:176128;6:176128;7:176128;8:176128;9:176128;10:176128;11:176128;12:176128;13:176128;14:176128;15:176128;16:176128;17:176128;18:176128;19:176128;20:176128;21:176128;22:176128;23:176128;24:176128;25:176128;26:176128;27:176128;28:176128;29:176128;30:176128;31:176128;32:176128;33:176128;34:176128;35:176128;36:176128;37:176128;38:176128;39:176128;40:176128;41:176128;42:176128;43:176128;44:176128;45:176128;46:176128;47:286720,-op=layernorm -hidden=4096 -rows=512
871,gpt:gpt-7b:layer28_mlp_residual,residual-add,8388608,32768,1-47,47,1-47,47,1:176128;2:176128;3:176128;4:176128;5:176128;6:176128;7:176128;8:176128;9:176128;10:176128;11:176128;12:176128;13:176128;14:176128;15:176128;16:176128;17:176128;18:176128;19:176128;20:176128;21:176128;22:176128;23:176128;24:176128;25:176128;26:176128;27:176128;28:176128;29:176128;30:176128;31:176128;32:176128;33:176128;34:176128;35:176128;36:176128;37:176128;38:176128;39:176128;40:176128;41:176128;42:176128;43:176128;44:176128;45:176128;46:176128;47:286720,-op=residual-add -elements=2097152
872,bert:bert-7b-proxy:layer31_attn_q,split-linear,8388608,32768,1-47,47,1-47,47,1:176128;2:176128;3:176128;4:176128;5:176128;6:176128;7:176128;8:176128;9:176128;10:176128;11:176128;12:176128;13:176128;14:176128;15:176128;16:176128;17:176128;18:176128;19:176128;20:176128;21:176128;22:176128;23:176128;24:176128;25:176128;26:176128;27:176128;28:176128;29:176128;30:176128;31:176128;32:176128;33:176128;34:176128;35:176128;36:176128;37:176128;38:176128;39:176128;40:176128;41:176128;42:176128;43:176128;44:176128;45:176128;46:176128;47:286720,-op=split-linear -input-dim=4096 -output-dim=4096 -rows=512 -split-k=4
873,gpt:gpt-7b:layer29_norm1,layernorm,8388608,32768,1-47,47,1-47,47,1:176128;2:176128;3:176128;4:176128;5:176128;6:176128;7:176128;8:176128;9:176128;10:176128;11:176128;12:176128;13:176128;14:176128;15:176128;16:176128;17:176128;18:176128;19:176128;20:176128;21:176128;22:176128;23:176128;24:176128;25:176128;26:176128;27:176128;28:176128;29:176128;30:176128;31:176128;32:176128;33:176128;34:176128;35:176128;36:176128;37:176128;38:176128;39:176128;40:176128;41:176128;42:176128;43:176128;44:176128;45:176128;46:176128;47:286720,-op=layernorm -hidden=4096 -rows=512
874,bert:bert-7b-proxy:layer31_attn_k,split-linear,8388608,32768,1-47,47,1-47,47,1:176128;2:176128;3:176128;4:176128;5:176128;6:176128;7:176128;8:176128;9:176128;10:176128;11:176128;12:176128;13:176128;14:176128;15:176128;16:176128;17:176128;18:176128;19:176128;20:176128;21:176128;22:176128;23:176128;24:176128;25:176128;26:176128;27:176128;28:176128;29:176128;30:176128;31:176128;32:176128;33:176128;34:176128;35:176128;36:176128;37:176128;38:176128;39:176128;40:176128;41:176128;42:176128;43:176128;44:176128;45:176128;46:176128;47:286720,-op=split-linear -input-dim=4096 -output-dim=4096 -rows=512 -split-k=4
875,gpt:gpt-7b:layer29_attn_q,split-linear,8388608,32768,1-47,47,1-47,47,1:176128;2:176128;3:176128;4:176128;5:176128;6:176128;7:176128;8:176128;9:176128;10:176128;11:176128;12:176128;13:176128;14:176128;15:176128;16:176128;17:176128;18:176128;19:176128;20:176128;21:176128;22:176128;23:176128;24:176128;25:176128;26:176128;27:176128;28:176128;29:176128;30:176128;31:176128;32:176128;33:176128;34:176128;35:176128;36:176128;37:176128;38:176128;39:176128;40:176128;41:176128;42:176128;43:176128;44:176128;45:176128;46:176128;47:286720,-op=split-linear -input-dim=4096 -output-dim=4096 -rows=512 -split-k=4
876,bert:bert-7b-proxy:layer31_attn_v,split-linear,8388608,32768,1-47,47,1-47,47,1:176128;2:176128;3:176128;4:176128;5:176128;6:176128;7:176128;8:176128;9:176128;10:176128;11:176128;12:176128;13:176128;14:176128;15:176128;16:176128;17:176128;18:176128;19:176128;20:176128;21:176128;22:176128;23:176128;24:176128;25:176128;26:176128;27:176128;28:176128;29:176128;30:176128;31:176128;32:176128;33:176128;34:176128;35:176128;36:176128;37:176128;38:176128;39:176128;40:176128;41:176128;42:176128;43:176128;44:176128;45:176128;46:176128;47:286720,-op=split-linear -input-dim=4096 -output-dim=4096 -rows=512 -split-k=4
877,gpt:gpt-7b:layer29_attn_k,split-linear,8388608,32768,1-47,47,1-47,47,1:176128;2:176128;3:176128;4:176128;5:176128;6:176128;7:176128;8:176128;9:176128;10:176128;11:176128;12:176128;13:176128;14:176128;15:176128;16:176128;17:176128;18:176128;19:176128;20:176128;21:176128;22:176128;23:176128;24:176128;25:176128;26:176128;27:176128;28:176128;29:176128;30:176128;31:176128;32:176128;33:176128;34:176128;35:176128;36:176128;37:176128;38:176128;39:176128;40:176128;41:176128;42:176128;43:176128;44:176128;45:176128;46:176128;47:286720,-op=split-linear -input-dim=4096 -output-dim=4096 -rows=512 -split-k=4
878,bert:bert-7b-proxy:layer31_attn_score,split-linear,1048576,4096,1-43,43,1-43,43,1:20480;2:20480;3:20480;4:20480;5:20480;6:20480;7:20480;8:20480;9:20480;10:20480;11:20480;12:20480;13:20480;14:20480;15:20480;16:20480;17:20480;18:20480;19:20480;20:20480;21:20480;22:20480;23:20480;24:20480;25:20480;26:20480;27:20480;28:20480;29:20480;30:20480;31:20480;32:20480;33:20480;34:20480;35:20480;36:20480;37:20480;38:20480;39:20480;40:20480;41:20480;42:20480;43:188416,-op=split-linear -input-dim=4096 -output-dim=512 -rows=512 -split-k=4
879,gpt:gpt-7b:layer29_attn_v,split-linear,8388608,32768,1-47,47,1-47,47,1:176128;2:176128;3:176128;4:176128;5:176128;6:176128;7:176128;8:176128;9:176128;10:176128;11:176128;12:176128;13:176128;14:176128;15:176128;16:176128;17:176128;18:176128;19:176128;20:176128;21:176128;22:176128;23:176128;24:176128;25:176128;26:176128;27:176128;28:176128;29:176128;30:176128;31:176128;32:176128;33:176128;34:176128;35:176128;36:176128;37:176128;38:176128;39:176128;40:176128;41:176128;42:176128;43:176128;44:176128;45:176128;46:176128;47:286720,-op=split-linear -input-dim=4096 -output-dim=4096 -rows=512 -split-k=4
880,bert:bert-7b-proxy:layer31_attn_softmax,row-softmax,1048576,512,1-16,16,1-16,16,1:65536;2:65536;3:65536;4:65536;5:65536;6:65536;7:65536;8:65536;9:65536;10:65536;11:65536;12:65536;13:65536;14:65536;15:65536;16:65536,-op=row-softmax -cols=512 -rows=512
881,gpt:gpt-7b:layer29_attn_score,split-linear,1048576,4096,1-43,43,1-43,43,1:20480;2:20480;3:20480;4:20480;5:20480;6:20480;7:20480;8:20480;9:20480;10:20480;11:20480;12:20480;13:20480;14:20480;15:20480;16:20480;17:20480;18:20480;19:20480;20:20480;21:20480;22:20480;23:20480;24:20480;25:20480;26:20480;27:20480;28:20480;29:20480;30:20480;31:20480;32:20480;33:20480;34:20480;35:20480;36:20480;37:20480;38:20480;39:20480;40:20480;41:20480;42:20480;43:188416,-op=split-linear -input-dim=4096 -output-dim=512 -rows=512 -split-k=4
882,bert:bert-7b-proxy:layer31_attn_value,split-linear,8388608,32768,1-47,47,1-47,47,1:176128;2:176128;3:176128;4:176128;5:176128;6:176128;7:176128;8:176128;9:176128;10:176128;11:176128;12:176128;13:176128;14:176128;15:176128;16:176128;17:176128;18:176128;19:176128;20:176128;21:176128;22:176128;23:176128;24:176128;25:176128;26:176128;27:176128;28:176128;29:176128;30:176128;31:176128;32:176128;33:176128;34:176128;35:176128;36:176128;37:176128;38:176128;39:176128;40:176128;41:176128;42:176128;43:176128;44:176128;45:176128;46:176128;47:286720,-op=split-linear -input-dim=512 -output-dim=4096 -rows=512 -split-k=4
883,gpt:gpt-7b:layer29_causal_mask,causal-mask,1048576,4096,1-43,43,1-43,43,1:20480;2:20480;3:20480;4:20480;5:20480;6:20480;7:20480;8:20480;9:20480;10:20480;11:20480;12:20480;13:20480;14:20480;15:20480;16:20480;17:20480;18:20480;19:20480;20:20480;21:20480;22:20480;23:20480;24:20480;25:20480;26:20480;27:20480;28:20480;29:20480;30:20480;31:20480;32:20480;33:20480;34:20480;35:20480;36:20480;37:20480;38:20480;39:20480;40:20480;41:20480;42:20480;43:188416,-op=causal-mask -batch-size=1 -rows=512 -seq-len=512
884,bert:bert-7b-proxy:layer31_attn_out,split-linear,8388608,32768,1-47,47,1-47,47,1:176128;2:176128;3:176128;4:176128;5:176128;6:176128;7:176128;8:176128;9:176128;10:176128;11:176128;12:176128;13:176128;14:176128;15:176128;16:176128;17:176128;18:176128;19:176128;20:176128;21:176128;22:176128;23:176128;24:176128;25:176128;26:176128;27:176128;28:176128;29:176128;30:176128;31:176128;32:176128;33:176128;34:176128;35:176128;36:176128;37:176128;38:176128;39:176128;40:176128;41:176128;42:176128;43:176128;44:176128;45:176128;46:176128;47:286720,-op=split-linear -input-dim=4096 -output-dim=4096 -rows=512 -split-k=4
885,gpt:gpt-7b:layer29_attn_softmax,row-softmax,1048576,512,1-16,16,1-16,16,1:65536;2:65536;3:65536;4:65536;5:65536;6:65536;7:65536;8:65536;9:65536;10:65536;11:65536;12:65536;13:65536;14:65536;15:65536;16:65536,-op=row-softmax -cols=512 -rows=512
886,bert:bert-7b-proxy:layer31_attn_residual,residual-add,8388608,32768,1-47,47,1-47,47,1:176128;2:176128;3:176128;4:176128;5:176128;6:176128;7:176128;8:176128;9:176128;10:176128;11:176128;12:176128;13:176128;14:176128;15:176128;16:176128;17:176128;18:176128;19:176128;20:176128;21:176128;22:176128;23:176128;24:176128;25:176128;26:176128;27:176128;28:176128;29:176128;30:176128;31:176128;32:176128;33:176128;34:176128;35:176128;36:176128;37:176128;38:176128;39:176128;40:176128;41:176128;42:176128;43:176128;44:176128;45:176128;46:176128;47:286720,-op=residual-add -elements=2097152
887,gpt:gpt-7b:layer29_attn_value,split-linear,8388608,32768,1-47,47,1-47,47,1:176128;2:176128;3:176128;4:176128;5:176128;6:176128;7:176128;8:176128;9:176128;10:176128;11:176128;12:176128;13:176128;14:176128;15:176128;16:176128;17:176128;18:176128;19:176128;20:176128;21:176128;22:176128;23:176128;24:176128;25:176128;26:176128;27:176128;28:176128;29:176128;30:176128;31:176128;32:176128;33:176128;34:176128;35:176128;36:176128;37:176128;38:176128;39:176128;40:176128;41:176128;42:176128;43:176128;44:176128;45:176128;46:176128;47:286720,-op=split-linear -input-dim=512 -output-dim=4096 -rows=512 -split-k=4
888,bert:bert-7b-proxy:layer31_norm1,layernorm,8388608,32768,1-47,47,1-47,47,1:176128;2:176128;3:176128;4:176128;5:176128;6:176128;7:176128;8:176128;9:176128;10:176128;11:176128;12:176128;13:176128;14:176128;15:176128;16:176128;17:176128;18:176128;19:176128;20:176128;21:176128;22:176128;23:176128;24:176128;25:176128;26:176128;27:176128;28:176128;29:176128;30:176128;31:176128;32:176128;33:176128;34:176128;35:176128;36:176128;37:176128;38:176128;39:176128;40:176128;41:176128;42:176128;43:176128;44:176128;45:176128;46:176128;47:286720,-op=layernorm -hidden=4096 -rows=512
889,gpt:gpt-7b:layer29_attn_out,split-linear,8388608,32768,1-47,47,1-47,47,1:176128;2:176128;3:176128;4:176128;5:176128;6:176128;7:176128;8:176128;9:176128;10:176128;11:176128;12:176128;13:176128;14:176128;15:176128;16:176128;17:176128;18:176128;19:176128;20:176128;21:176128;22:176128;23:176128;24:176128;25:176128;26:176128;27:176128;28:176128;29:176128;30:176128;31:176128;32:176128;33:176128;34:176128;35:176128;36:176128;37:176128;38:176128;39:176128;40:176128;41:176128;42:176128;43:176128;44:176128;45:176128;46:176128;47:286720,-op=split-linear -input-dim=4096 -output-dim=4096 -rows=512 -split-k=4
890,bert:bert-7b-proxy:layer31_mlp_fc1,split-linear,22544384,88064,all,48,all,48,1:466944;2:466944;3:466944;4:466944;5:466944;6:466944;7:466944;8:466944;9:466944;10:466944;11:466944;12:466944;13:466944;14:466944;15:466944;16:466944;17:466944;18:466944;19:466944;20:466944;21:466944;22:466944;23:466944;24:466944;25:466944;26:466944;27:466944;28:466944;29:466944;30:466944;31:466944;32:466944;33:466944;34:466944;35:466944;36:466944;37:466944;38:466944;39:466944;40:466944;41:466944;42:466944;43:466944;44:466944;45:466944;46:466944;47:466944;48:598016,-op=split-linear -input-dim=4096 -output-dim=11008 -rows=512 -split-k=4
891,gpt:gpt-7b:layer29_attn_residual,residual-add,8388608,32768,1-47,47,1-47,47,1:176128;2:176128;3:176128;4:176128;5:176128;6:176128;7:176128;8:176128;9:176128;10:176128;11:176128;12:176128;13:176128;14:176128;15:176128;16:176128;17:176128;18:176128;19:176128;20:176128;21:176128;22:176128;23:176128;24:176128;25:176128;26:176128;27:176128;28:176128;29:176128;30:176128;31:176128;32:176128;33:176128;34:176128;35:176128;36:176128;37:176128;38:176128;39:176128;40:176128;41:176128;42:176128;43:176128;44:176128;45:176128;46:176128;47:286720,-op=residual-add -elements=2097152
892,bert:bert-7b-proxy:layer31_mlp_gelu,gelu,22544384,88064,all,48,all,48,1:466944;2:466944;3:466944;4:466944;5:466944;6:466944;7:466944;8:466944;9:466944;10:466944;11:466944;12:466944;13:466944;14:466944;15:466944;16:466944;17:466944;18:466944;19:466944;20:466944;21:466944;22:466944;23:466944;24:466944;25:466944;26:466944;27:466944;28:466944;29:466944;30:466944;31:466944;32:466944;33:466944;34:466944;35:466944;36:466944;37:466944;38:466944;39:466944;40:466944;41:466944;42:466944;43:466944;44:466944;45:466944;46:466944;47:466944;48:598016,-op=gelu -elements=5636096
893,gpt:gpt-7b:layer29_norm2,layernorm,8388608,32768,1-47,47,1-47,47,1:176128;2:176128;3:176128;4:176128;5:176128;6:176128;7:176128;8:176128;9:176128;10:176128;11:176128;12:176128;13:176128;14:176128;15:176128;16:176128;17:176128;18:176128;19:176128;20:176128;21:176128;22:176128;23:176128;24:176128;25:176128;26:176128;27:176128;28:176128;29:176128;30:176128;31:176128;32:176128;33:176128;34:176128;35:176128;36:176128;37:176128;38:176128;39:176128;40:176128;41:176128;42:176128;43:176128;44:176128;45:176128;46:176128;47:286720,-op=layernorm -hidden=4096 -rows=512
894,bert:bert-7b-proxy:layer31_mlp_fc2,split-linear,8388608,32768,1-47,47,1-47,47,1:176128;2:176128;3:176128;4:176128;5:176128;6:176128;7:176128;8:176128;9:176128;10:176128;11:176128;12:176128;13:176128;14:176128;15:176128;16:176128;17:176128;18:176128;19:176128;20:176128;21:176128;22:176128;23:176128;24:176128;25:176128;26:176128;27:176128;28:176128;29:176128;30:176128;31:176128;32:176128;33:176128;34:176128;35:176128;36:176128;37:176128;38:176128;39:176128;40:176128;41:176128;42:176128;43:176128;44:176128;45:176128;46:176128;47:286720,-op=split-linear -input-dim=11008 -output-dim=4096 -rows=512 -split-k=4
895,gpt:gpt-7b:layer29_mlp_fc1,split-linear,22544384,88064,all,48,all,48,1:466944;2:466944;3:466944;4:466944;5:466944;6:466944;7:466944;8:466944;9:466944;10:466944;11:466944;12:466944;13:466944;14:466944;15:466944;16:466944;17:466944;18:466944;19:466944;20:466944;21:466944;22:466944;23:466944;24:466944;25:466944;26:466944;27:466944;28:466944;29:466944;30:466944;31:466944;32:466944;33:466944;34:466944;35:466944;36:466944;37:466944;38:466944;39:466944;40:466944;41:466944;42:466944;43:466944;44:466944;45:466944;46:466944;47:466944;48:598016,-op=split-linear -input-dim=4096 -output-dim=11008 -rows=512 -split-k=4
896,bert:bert-7b-proxy:layer31_mlp_residual,residual-add,8388608,32768,1-47,47,1-47,47,1:176128;2:176128;3:176128;4:176128;5:176128;6:176128;7:176128;8:176128;9:176128;10:176128;11:176128;12:176128;13:176128;14:176128;15:176128;16:176128;17:176128;18:176128;19:176128;20:176128;21:176128;22:176128;23:176128;24:176128;25:176128;26:176128;27:176128;28:176128;29:176128;30:176128;31:176128;32:176128;33:176128;34:176128;35:176128;36:176128;37:176128;38:176128;39:176128;40:176128;41:176128;42:176128;43:176128;44:176128;45:176128;46:176128;47:286720,-op=residual-add -elements=2097152
897,gpt:gpt-7b:layer29_mlp_gelu,gelu,22544384,88064,all,48,all,48,1:466944;2:466944;3:466944;4:466944;5:466944;6:466944;7:466944;8:466944;9:466944;10:466944;11:466944;12:466944;13:466944;14:466944;15:466944;16:466944;17:466944;18:466944;19:466944;20:466944;21:466944;22:466944;23:466944;24:466944;25:466944;26:466944;27:466944;28:466944;29:466944;30:466944;31:466944;32:466944;33:466944;34:466944;35:466944;36:466944;37:466944;38:466944;39:466944;40:466944;41:466944;42:466944;43:466944;44:466944;45:466944;46:466944;47:466944;48:598016,-op=gelu -elements=5636096
898,bert:bert-7b-proxy:layer31_norm2,layernorm,8388608,32768,1-47,47,1-47,47,1:176128;2:176128;3:176128;4:176128;5:176128;6:176128;7:176128;8:176128;9:176128;10:176128;11:176128;12:176128;13:176128;14:176128;15:176128;16:176128;17:176128;18:176128;19:176128;20:176128;21:176128;22:176128;23:176128;24:176128;25:176128;26:176128;27:176128;28:176128;29:176128;30:176128;31:176128;32:176128;33:176128;34:176128;35:176128;36:176128;37:176128;38:176128;39:176128;40:176128;41:176128;42:176128;43:176128;44:176128;45:176128;46:176128;47:286720,-op=layernorm -hidden=4096 -rows=512
899,gpt:gpt-7b:layer29_mlp_fc2,split-linear,8388608,32768,1-47,47,1-47,47,1:176128;2:176128;3:176128;4:176128;5:176128;6:176128;7:176128;8:176128;9:176128;10:176128;11:176128;12:176128;13:176128;14:176128;15:176128;16:176128;17:176128;18:176128;19:176128;20:176128;21:176128;22:176128;23:176128;24:176128;25:176128;26:176128;27:176128;28:176128;29:176128;30:176128;31:176128;32:176128;33:176128;34:176128;35:176128;36:176128;37:176128;38:176128;39:176128;40:176128;41:176128;42:176128;43:176128;44:176128;45:176128;46:176128;47:286720,-op=split-linear -input-dim=11008 -output-dim=4096 -rows=512 -split-k=4
900,gpt:gpt-7b:layer29_mlp_residual,residual-add,8388608,32768,1-47,47,1-47,47,1:176128;2:176128;3:176128;4:176128;5:176128;6:176128;7:176128;8:176128;9:176128;10:176128;11:176128;12:176128;13:176128;14:176128;15:176128;16:176128;17:176128;18:176128;19:176128;20:176128;21:176128;22:176128;23:176128;24:176128;25:176128;26:176128;27:176128;28:176128;29:176128;30:176128;31:176128;32:176128;33:176128;34:176128;35:176128;36:176128;37:176128;38:176128;39:176128;40:176128;41:176128;42:176128;43:176128;44:176128;45:176128;46:176128;47:286720,-op=residual-add -elements=2097152
901,gpt:gpt-7b:layer30_norm1,layernorm,8388608,32768,1-47,47,1-47,47,1:176128;2:176128;3:176128;4:176128;5:176128;6:176128;7:176128;8:176128;9:176128;10:176128;11:176128;12:176128;13:176128;14:176128;15:176128;16:176128;17:176128;18:176128;19:176128;20:176128;21:176128;22:176128;23:176128;24:176128;25:176128;26:176128;27:176128;28:176128;29:176128;30:176128;31:176128;32:176128;33:176128;34:176128;35:176128;36:176128;37:176128;38:176128;39:176128;40:176128;41:176128;42:176128;43:176128;44:176128;45:176128;46:176128;47:286720,-op=layernorm -hidden=4096 -rows=512
902,gpt:gpt-7b:layer30_attn_q,split-linear,8388608,32768,1-47,47,1-47,47,1:176128;2:176128;3:176128;4:176128;5:176128;6:176128;7:176128;8:176128;9:176128;10:176128;11:176128;12:176128;13:176128;14:176128;15:176128;16:176128;17:176128;18:176128;19:176128;20:176128;21:176128;22:176128;23:176128;24:176128;25:176128;26:176128;27:176128;28:176128;29:176128;30:176128;31:176128;32:176128;33:176128;34:176128;35:176128;36:176128;37:176128;38:176128;39:176128;40:176128;41:176128;42:176128;43:176128;44:176128;45:176128;46:176128;47:286720,-op=split-linear -input-dim=4096 -output-dim=4096 -rows=512 -split-k=4
903,gpt:gpt-7b:layer30_attn_k,split-linear,8388608,32768,1-47,47,1-47,47,1:176128;2:176128;3:176128;4:176128;5:176128;6:176128;7:176128;8:176128;9:176128;10:176128;11:176128;12:176128;13:176128;14:176128;15:176128;16:176128;17:176128;18:176128;19:176128;20:176128;21:176128;22:176128;23:176128;24:176128;25:176128;26:176128;27:176128;28:176128;29:176128;30:176128;31:176128;32:176128;33:176128;34:176128;35:176128;36:176128;37:176128;38:176128;39:176128;40:176128;41:176128;42:176128;43:176128;44:176128;45:176128;46:176128;47:286720,-op=split-linear -input-dim=4096 -output-dim=4096 -rows=512 -split-k=4
904,gpt:gpt-7b:layer30_attn_v,split-linear,8388608,32768,1-47,47,1-47,47,1:176128;2:176128;3:176128;4:176128;5:176128;6:176128;7:176128;8:176128;9:176128;10:176128;11:176128;12:176128;13:176128;14:176128;15:176128;16:176128;17:176128;18:176128;19:176128;20:176128;21:176128;22:176128;23:176128;24:176128;25:176128;26:176128;27:176128;28:176128;29:176128;30:176128;31:176128;32:176128;33:176128;34:176128;35:176128;36:176128;37:176128;38:176128;39:176128;40:176128;41:176128;42:176128;43:176128;44:176128;45:176128;46:176128;47:286720,-op=split-linear -input-dim=4096 -output-dim=4096 -rows=512 -split-k=4
905,gpt:gpt-7b:layer30_attn_score,split-linear,1048576,4096,1-43,43,1-43,43,1:20480;2:20480;3:20480;4:20480;5:20480;6:20480;7:20480;8:20480;9:20480;10:20480;11:20480;12:20480;13:20480;14:20480;15:20480;16:20480;17:20480;18:20480;19:20480;20:20480;21:20480;22:20480;23:20480;24:20480;25:20480;26:20480;27:20480;28:20480;29:20480;30:20480;31:20480;32:20480;33:20480;34:20480;35:20480;36:20480;37:20480;38:20480;39:20480;40:20480;41:20480;42:20480;43:188416,-op=split-linear -input-dim=4096 -output-dim=512 -rows=512 -split-k=4
906,gpt:gpt-7b:layer30_causal_mask,causal-mask,1048576,4096,1-43,43,1-43,43,1:20480;2:20480;3:20480;4:20480;5:20480;6:20480;7:20480;8:20480;9:20480;10:20480;11:20480;12:20480;13:20480;14:20480;15:20480;16:20480;17:20480;18:20480;19:20480;20:20480;21:20480;22:20480;23:20480;24:20480;25:20480;26:20480;27:20480;28:20480;29:20480;30:20480;31:20480;32:20480;33:20480;34:20480;35:20480;36:20480;37:20480;38:20480;39:20480;40:20480;41:20480;42:20480;43:188416,-op=causal-mask -batch-size=1 -rows=512 -seq-len=512
907,gpt:gpt-7b:layer30_attn_softmax,row-softmax,1048576,512,1-16,16,1-16,16,1:65536;2:65536;3:65536;4:65536;5:65536;6:65536;7:65536;8:65536;9:65536;10:65536;11:65536;12:65536;13:65536;14:65536;15:65536;16:65536,-op=row-softmax -cols=512 -rows=512
908,gpt:gpt-7b:layer30_attn_value,split-linear,8388608,32768,1-47,47,1-47,47,1:176128;2:176128;3:176128;4:176128;5:176128;6:176128;7:176128;8:176128;9:176128;10:176128;11:176128;12:176128;13:176128;14:176128;15:176128;16:176128;17:176128;18:176128;19:176128;20:176128;21:176128;22:176128;23:176128;24:176128;25:176128;26:176128;27:176128;28:176128;29:176128;30:176128;31:176128;32:176128;33:176128;34:176128;35:176128;36:176128;37:176128;38:176128;39:176128;40:176128;41:176128;42:176128;43:176128;44:176128;45:176128;46:176128;47:286720,-op=split-linear -input-dim=512 -output-dim=4096 -rows=512 -split-k=4
909,gpt:gpt-7b:layer30_attn_out,split-linear,8388608,32768,1-47,47,1-47,47,1:176128;2:176128;3:176128;4:176128;5:176128;6:176128;7:176128;8:176128;9:176128;10:176128;11:176128;12:176128;13:176128;14:176128;15:176128;16:176128;17:176128;18:176128;19:176128;20:176128;21:176128;22:176128;23:176128;24:176128;25:176128;26:176128;27:176128;28:176128;29:176128;30:176128;31:176128;32:176128;33:176128;34:176128;35:176128;36:176128;37:176128;38:176128;39:176128;40:176128;41:176128;42:176128;43:176128;44:176128;45:176128;46:176128;47:286720,-op=split-linear -input-dim=4096 -output-dim=4096 -rows=512 -split-k=4
910,gpt:gpt-7b:layer30_attn_residual,residual-add,8388608,32768,1-47,47,1-47,47,1:176128;2:176128;3:176128;4:176128;5:176128;6:176128;7:176128;8:176128;9:176128;10:176128;11:176128;12:176128;13:176128;14:176128;15:176128;16:176128;17:176128;18:176128;19:176128;20:176128;21:176128;22:176128;23:176128;24:176128;25:176128;26:176128;27:176128;28:176128;29:176128;30:176128;31:176128;32:176128;33:176128;34:176128;35:176128;36:176128;37:176128;38:176128;39:176128;40:176128;41:176128;42:176128;43:176128;44:176128;45:176128;46:176128;47:286720,-op=residual-add -elements=2097152
911,gpt:gpt-7b:layer30_norm2,layernorm,8388608,32768,1-47,47,1-47,47,1:176128;2:176128;3:176128;4:176128;5:176128;6:176128;7:176128;8:176128;9:176128;10:176128;11:176128;12:176128;13:176128;14:176128;15:176128;16:176128;17:176128;18:176128;19:176128;20:176128;21:176128;22:176128;23:176128;24:176128;25:176128;26:176128;27:176128;28:176128;29:176128;30:176128;31:176128;32:176128;33:176128;34:176128;35:176128;36:176128;37:176128;38:176128;39:176128;40:176128;41:176128;42:176128;43:176128;44:176128;45:176128;46:176128;47:286720,-op=layernorm -hidden=4096 -rows=512
912,gpt:gpt-7b:layer30_mlp_fc1,split-linear,22544384,88064,all,48,all,48,1:466944;2:466944;3:466944;4:466944;5:466944;6:466944;7:466944;8:466944;9:466944;10:466944;11:466944;12:466944;13:466944;14:466944;15:466944;16:466944;17:466944;18:466944;19:466944;20:466944;21:466944;22:466944;23:466944;24:466944;25:466944;26:466944;27:466944;28:466944;29:466944;30:466944;31:466944;32:466944;33:466944;34:466944;35:466944;36:466944;37:466944;38:466944;39:466944;40:466944;41:466944;42:466944;43:466944;44:466944;45:466944;46:466944;47:466944;48:598016,-op=split-linear -input-dim=4096 -output-dim=11008 -rows=512 -split-k=4
913,gpt:gpt-7b:layer30_mlp_gelu,gelu,22544384,88064,all,48,all,48,1:466944;2:466944;3:466944;4:466944;5:466944;6:466944;7:466944;8:466944;9:466944;10:466944;11:466944;12:466944;13:466944;14:466944;15:466944;16:466944;17:466944;18:466944;19:466944;20:466944;21:466944;22:466944;23:466944;24:466944;25:466944;26:466944;27:466944;28:466944;29:466944;30:466944;31:466944;32:466944;33:466944;34:466944;35:466944;36:466944;37:466944;38:466944;39:466944;40:466944;41:466944;42:466944;43:466944;44:466944;45:466944;46:466944;47:466944;48:598016,-op=gelu -elements=5636096
914,gpt:gpt-7b:layer30_mlp_fc2,split-linear,8388608,32768,1-47,47,1-47,47,1:176128;2:176128;3:176128;4:176128;5:176128;6:176128;7:176128;8:176128;9:176128;10:176128;11:176128;12:176128;13:176128;14:176128;15:176128;16:176128;17:176128;18:176128;19:176128;20:176128;21:176128;22:176128;23:176128;24:176128;25:176128;26:176128;27:176128;28:176128;29:176128;30:176128;31:176128;32:176128;33:176128;34:176128;35:176128;36:176128;37:176128;38:176128;39:176128;40:176128;41:176128;42:176128;43:176128;44:176128;45:176128;46:176128;47:286720,-op=split-linear -input-dim=11008 -output-dim=4096 -rows=512 -split-k=4
915,gpt:gpt-7b:layer30_mlp_residual,residual-add,8388608,32768,1-47,47,1-47,47,1:176128;2:176128;3:176128;4:176128;5:176128;6:176128;7:176128;8:176128;9:176128;10:176128;11:176128;12:176128;13:176128;14:176128;15:176128;16:176128;17:176128;18:176128;19:176128;20:176128;21:176128;22:176128;23:176128;24:176128;25:176128;26:176128;27:176128;28:176128;29:176128;30:176128;31:176128;32:176128;33:176128;34:176128;35:176128;36:176128;37:176128;38:176128;39:176128;40:176128;41:176128;42:176128;43:176128;44:176128;45:176128;46:176128;47:286720,-op=residual-add -elements=2097152
916,gpt:gpt-7b:layer31_norm1,layernorm,8388608,32768,1-47,47,1-47,47,1:176128;2:176128;3:176128;4:176128;5:176128;6:176128;7:176128;8:176128;9:176128;10:176128;11:176128;12:176128;13:176128;14:176128;15:176128;16:176128;17:176128;18:176128;19:176128;20:176128;21:176128;22:176128;23:176128;24:176128;25:176128;26:176128;27:176128;28:176128;29:176128;30:176128;31:176128;32:176128;33:176128;34:176128;35:176128;36:176128;37:176128;38:176128;39:176128;40:176128;41:176128;42:176128;43:176128;44:176128;45:176128;46:176128;47:286720,-op=layernorm -hidden=4096 -rows=512
917,gpt:gpt-7b:layer31_attn_q,split-linear,8388608,32768,1-47,47,1-47,47,1:176128;2:176128;3:176128;4:176128;5:176128;6:176128;7:176128;8:176128;9:176128;10:176128;11:176128;12:176128;13:176128;14:176128;15:176128;16:176128;17:176128;18:176128;19:176128;20:176128;21:176128;22:176128;23:176128;24:176128;25:176128;26:176128;27:176128;28:176128;29:176128;30:176128;31:176128;32:176128;33:176128;34:176128;35:176128;36:176128;37:176128;38:176128;39:176128;40:176128;41:176128;42:176128;43:176128;44:176128;45:176128;46:176128;47:286720,-op=split-linear -input-dim=4096 -output-dim=4096 -rows=512 -split-k=4
918,gpt:gpt-7b:layer31_attn_k,split-linear,8388608,32768,1-47,47,1-47,47,1:176128;2:176128;3:176128;4:176128;5:176128;6:176128;7:176128;8:176128;9:176128;10:176128;11:176128;12:176128;13:176128;14:176128;15:176128;16:176128;17:176128;18:176128;19:176128;20:176128;21:176128;22:176128;23:176128;24:176128;25:176128;26:176128;27:176128;28:176128;29:176128;30:176128;31:176128;32:176128;33:176128;34:176128;35:176128;36:176128;37:176128;38:176128;39:176128;40:176128;41:176128;42:176128;43:176128;44:176128;45:176128;46:176128;47:286720,-op=split-linear -input-dim=4096 -output-dim=4096 -rows=512 -split-k=4
919,gpt:gpt-7b:layer31_attn_v,split-linear,8388608,32768,1-47,47,1-47,47,1:176128;2:176128;3:176128;4:176128;5:176128;6:176128;7:176128;8:176128;9:176128;10:176128;11:176128;12:176128;13:176128;14:176128;15:176128;16:176128;17:176128;18:176128;19:176128;20:176128;21:176128;22:176128;23:176128;24:176128;25:176128;26:176128;27:176128;28:176128;29:176128;30:176128;31:176128;32:176128;33:176128;34:176128;35:176128;36:176128;37:176128;38:176128;39:176128;40:176128;41:176128;42:176128;43:176128;44:176128;45:176128;46:176128;47:286720,-op=split-linear -input-dim=4096 -output-dim=4096 -rows=512 -split-k=4
920,gpt:gpt-7b:layer31_attn_score,split-linear,1048576,4096,1-43,43,1-43,43,1:20480;2:20480;3:20480;4:20480;5:20480;6:20480;7:20480;8:20480;9:20480;10:20480;11:20480;12:20480;13:20480;14:20480;15:20480;16:20480;17:20480;18:20480;19:20480;20:20480;21:20480;22:20480;23:20480;24:20480;25:20480;26:20480;27:20480;28:20480;29:20480;30:20480;31:20480;32:20480;33:20480;34:20480;35:20480;36:20480;37:20480;38:20480;39:20480;40:20480;41:20480;42:20480;43:188416,-op=split-linear -input-dim=4096 -output-dim=512 -rows=512 -split-k=4
921,gpt:gpt-7b:layer31_causal_mask,causal-mask,1048576,4096,1-43,43,1-43,43,1:20480;2:20480;3:20480;4:20480;5:20480;6:20480;7:20480;8:20480;9:20480;10:20480;11:20480;12:20480;13:20480;14:20480;15:20480;16:20480;17:20480;18:20480;19:20480;20:20480;21:20480;22:20480;23:20480;24:20480;25:20480;26:20480;27:20480;28:20480;29:20480;30:20480;31:20480;32:20480;33:20480;34:20480;35:20480;36:20480;37:20480;38:20480;39:20480;40:20480;41:20480;42:20480;43:188416,-op=causal-mask -batch-size=1 -rows=512 -seq-len=512
922,gpt:gpt-7b:layer31_attn_softmax,row-softmax,1048576,512,1-16,16,1-16,16,1:65536;2:65536;3:65536;4:65536;5:65536;6:65536;7:65536;8:65536;9:65536;10:65536;11:65536;12:65536;13:65536;14:65536;15:65536;16:65536,-op=row-softmax -cols=512 -rows=512
923,gpt:gpt-7b:layer31_attn_value,split-linear,8388608,32768,1-47,47,1-47,47,1:176128;2:176128;3:176128;4:176128;5:176128;6:176128;7:176128;8:176128;9:176128;10:176128;11:176128;12:176128;13:176128;14:176128;15:176128;16:176128;17:176128;18:176128;19:176128;20:176128;21:176128;22:176128;23:176128;24:176128;25:176128;26:176128;27:176128;28:176128;29:176128;30:176128;31:176128;32:176128;33:176128;34:176128;35:176128;36:176128;37:176128;38:176128;39:176128;40:176128;41:176128;42:176128;43:176128;44:176128;45:176128;46:176128;47:286720,-op=split-linear -input-dim=512 -output-dim=4096 -rows=512 -split-k=4
924,gpt:gpt-7b:layer31_attn_out,split-linear,8388608,32768,1-47,47,1-47,47,1:176128;2:176128;3:176128;4:176128;5:176128;6:176128;7:176128;8:176128;9:176128;10:176128;11:176128;12:176128;13:176128;14:176128;15:176128;16:176128;17:176128;18:176128;19:176128;20:176128;21:176128;22:176128;23:176128;24:176128;25:176128;26:176128;27:176128;28:176128;29:176128;30:176128;31:176128;32:176128;33:176128;34:176128;35:176128;36:176128;37:176128;38:176128;39:176128;40:176128;41:176128;42:176128;43:176128;44:176128;45:176128;46:176128;47:286720,-op=split-linear -input-dim=4096 -output-dim=4096 -rows=512 -split-k=4
925,gpt:gpt-7b:layer31_attn_residual,residual-add,8388608,32768,1-47,47,1-47,47,1:176128;2:176128;3:176128;4:176128;5:176128;6:176128;7:176128;8:176128;9:176128;10:176128;11:176128;12:176128;13:176128;14:176128;15:176128;16:176128;17:176128;18:176128;19:176128;20:176128;21:176128;22:176128;23:176128;24:176128;25:176128;26:176128;27:176128;28:176128;29:176128;30:176128;31:176128;32:176128;33:176128;34:176128;35:176128;36:176128;37:176128;38:176128;39:176128;40:176128;41:176128;42:176128;43:176128;44:176128;45:176128;46:176128;47:286720,-op=residual-add -elements=2097152
926,gpt:gpt-7b:layer31_norm2,layernorm,8388608,32768,1-47,47,1-47,47,1:176128;2:176128;3:176128;4:176128;5:176128;6:176128;7:176128;8:176128;9:176128;10:176128;11:176128;12:176128;13:176128;14:176128;15:176128;16:176128;17:176128;18:176128;19:176128;20:176128;21:176128;22:176128;23:176128;24:176128;25:176128;26:176128;27:176128;28:176128;29:176128;30:176128;31:176128;32:176128;33:176128;34:176128;35:176128;36:176128;37:176128;38:176128;39:176128;40:176128;41:176128;42:176128;43:176128;44:176128;45:176128;46:176128;47:286720,-op=layernorm -hidden=4096 -rows=512
927,gpt:gpt-7b:layer31_mlp_fc1,split-linear,22544384,88064,all,48,all,48,1:466944;2:466944;3:466944;4:466944;5:466944;6:466944;7:466944;8:466944;9:466944;10:466944;11:466944;12:466944;13:466944;14:466944;15:466944;16:466944;17:466944;18:466944;19:466944;20:466944;21:466944;22:466944;23:466944;24:466944;25:466944;26:466944;27:466944;28:466944;29:466944;30:466944;31:466944;32:466944;33:466944;34:466944;35:466944;36:466944;37:466944;38:466944;39:466944;40:466944;41:466944;42:466944;43:466944;44:466944;45:466944;46:466944;47:466944;48:598016,-op=split-linear -input-dim=4096 -output-dim=11008 -rows=512 -split-k=4
928,gpt:gpt-7b:layer31_mlp_gelu,gelu,22544384,88064,all,48,all,48,1:466944;2:466944;3:466944;4:466944;5:466944;6:466944;7:466944;8:466944;9:466944;10:466944;11:466944;12:466944;13:466944;14:466944;15:466944;16:466944;17:466944;18:466944;19:466944;20:466944;21:466944;22:466944;23:466944;24:466944;25:466944;26:466944;27:466944;28:466944;29:466944;30:466944;31:466944;32:466944;33:466944;34:466944;35:466944;36:466944;37:466944;38:466944;39:466944;40:466944;41:466944;42:466944;43:466944;44:466944;45:466944;46:466944;47:466944;48:598016,-op=gelu -elements=5636096
929,gpt:gpt-7b:layer31_mlp_fc2,split-linear,8388608,32768,1-47,47,1-47,47,1:176128;2:176128;3:176128;4:176128;5:176128;6:176128;7:176128;8:176128;9:176128;10:176128;11:176128;12:176128;13:176128;14:176128;15:176128;16:176128;17:176128;18:176128;19:176128;20:176128;21:176128;22:176128;23:176128;24:176128;25:176128;26:176128;27:176128;28:176128;29:176128;30:176128;31:176128;32:176128;33:176128;34:176128;35:176128;36:176128;37:176128;38:176128;39:176128;40:176128;41:176128;42:176128;43:176128;44:176128;45:176128;46:176128;47:286720,-op=split-linear -input-dim=11008 -output-dim=4096 -rows=512 -split-k=4
930,gpt:gpt-7b:layer31_mlp_residual,residual-add,8388608,32768,1-47,47,1-47,47,1:176128;2:176128;3:176128;4:176128;5:176128;6:176128;7:176128;8:176128;9:176128;10:176128;11:176128;12:176128;13:176128;14:176128;15:176128;16:176128;17:176128;18:176128;19:176128;20:176128;21:176128;22:176128;23:176128;24:176128;25:176128;26:176128;27:176128;28:176128;29:176128;30:176128;31:176128;32:176128;33:176128;34:176128;35:176128;36:176128;37:176128;38:176128;39:176128;40:176128;41:176128;42:176128;43:176128;44:176128;45:176128;46:176128;47:286720,-op=residual-add -elements=2097152
