model,profile,config,op_index,op_name,driver_total_time,driver_kernel_time,command_processor_kernel_time_sum,max_command_processor_kernel_time,stdout_elapsed_seconds,return_code,metrics_file,stdout_file
bert,bert-7b-proxy,baseline,0,embedding,0.000067823000,0.000000000000,0.002829291000,0.000067400000,305.033125,0,400latency_llmop_bert_bert-7b-proxy_000_embedding_baseline_metrics.csv,400latency_llmop_bert_bert-7b-proxy_000_embedding_baseline_out.stdout
bert,bert-7b-proxy,baseline,1,layer00_attn_q,0.044575897000,0.000000000000,1.346494750000,0.044571111000,13360.485918,0,400latency_llmop_bert_bert-7b-proxy_001_layer00_attn_q_baseline_metrics.csv,400latency_llmop_bert_bert-7b-proxy_001_layer00_attn_q_baseline_out.stdout
bert,bert-7b-proxy,baseline,2,layer00_attn_k,0.044575897000,0.000000000000,1.346494750000,0.044571111000,13360.485918,0,400latency_llmop_bert_bert-7b-proxy_002_layer00_attn_k_baseline_metrics.csv,400latency_llmop_bert_bert-7b-proxy_002_layer00_attn_k_baseline_out.stdout
bert,bert-7b-proxy,baseline,3,layer00_attn_v,0.044575897000,0.000000000000,1.346494750000,0.044571111000,13360.485918,0,400latency_llmop_bert_bert-7b-proxy_003_layer00_attn_v_baseline_metrics.csv,400latency_llmop_bert_bert-7b-proxy_003_layer00_attn_v_baseline_out.stdout
bert,bert-7b-proxy,baseline,4,layer00_attn_score,0.012797080000,0.000000000000,0.492821651000,0.012795327000,2364.105110,0,400latency_llmop_bert_bert-7b-proxy_004_layer00_attn_score_baseline_metrics.csv,400latency_llmop_bert_bert-7b-proxy_004_layer00_attn_score_baseline_out.stdout
bert,bert-7b-proxy,baseline,5,layer00_attn_softmax,0.000017830688,0.000000000000,0.000229459000,0.000017028000,36.007330,0,400latency_llmop_bert_bert-7b-proxy_005_layer00_attn_softmax_baseline_metrics.csv,400latency_llmop_bert_bert-7b-proxy_005_layer00_attn_softmax_baseline_out.stdout
bert,bert-7b-proxy,baseline,6,layer00_attn_value,0.003037320000,0.000000000000,0.072386024000,0.003033340000,18024.687200,0,400latency_llmop_bert_bert-7b-proxy_006_layer00_attn_value_baseline_metrics.csv,400latency_llmop_bert_bert-7b-proxy_006_layer00_attn_value_baseline_out.stdout
bert,bert-7b-proxy,baseline,7,layer00_attn_out,0.044575897000,0.000000000000,1.346494750000,0.044571111000,13360.485918,0,400latency_llmop_bert_bert-7b-proxy_007_layer00_attn_out_baseline_metrics.csv,400latency_llmop_bert_bert-7b-proxy_007_layer00_attn_out_baseline_out.stdout
bert,bert-7b-proxy,baseline,8,layer00_attn_residual,0.000061852000,0.000000000000,0.002410050000,0.000061512000,202.009815,0,400latency_llmop_bert_bert-7b-proxy_008_layer00_attn_residual_baseline_metrics.csv,400latency_llmop_bert_bert-7b-proxy_008_layer00_attn_residual_baseline_out.stdout
bert,bert-7b-proxy,baseline,9,layer00_norm1,0.000042373000,0.000000000000,0.001627379000,0.000041957000,200.021044,0,400latency_llmop_bert_bert-7b-proxy_009_layer00_norm1_baseline_metrics.csv,400latency_llmop_bert_bert-7b-proxy_009_layer00_norm1_baseline_out.stdout
bert,bert-7b-proxy,baseline,10,layer00_mlp_fc1,0.069843487000,0.000000000000,1.389417989000,0.069648357000,13342.473172,0,400latency_llmop_bert_bert-7b-proxy_010_layer00_mlp_fc1_baseline_metrics.csv,400latency_llmop_bert_bert-7b-proxy_010_layer00_mlp_fc1_baseline_out.stdout
bert,bert-7b-proxy,baseline,11,layer00_mlp_gelu,0.000051013000,0.000000000000,0.000854354000,0.000047410000,475.028039,0,400latency_llmop_bert_bert-7b-proxy_011_layer00_mlp_gelu_baseline_metrics.csv,400latency_llmop_bert_bert-7b-proxy_011_layer00_mlp_gelu_baseline_out.stdout
bert,bert-7b-proxy,baseline,12,layer00_mlp_fc2,0.245186690000,0.000000000000,1.352862512000,0.245183495000,31131.150438,0,400latency_llmop_bert_bert-7b-proxy_012_layer00_mlp_fc2_baseline_metrics.csv,400latency_llmop_bert_bert-7b-proxy_012_layer00_mlp_fc2_baseline_out.stdout
bert,bert-7b-proxy,baseline,13,layer00_mlp_residual,0.000061852000,0.000000000000,0.002410050000,0.000061512000,202.009815,0,400latency_llmop_bert_bert-7b-proxy_013_layer00_mlp_residual_baseline_metrics.csv,400latency_llmop_bert_bert-7b-proxy_013_layer00_mlp_residual_baseline_out.stdout
bert,bert-7b-proxy,baseline,14,layer00_norm2,0.000042373000,0.000000000000,0.001627379000,0.000041957000,200.021044,0,400latency_llmop_bert_bert-7b-proxy_014_layer00_norm2_baseline_metrics.csv,400latency_llmop_bert_bert-7b-proxy_014_layer00_norm2_baseline_out.stdout
bert,bert-7b-proxy,baseline,15,layer01_attn_q,0.044575897000,0.000000000000,1.346494750000,0.044571111000,13360.485918,0,400latency_llmop_bert_bert-7b-proxy_015_layer01_attn_q_baseline_metrics.csv,400latency_llmop_bert_bert-7b-proxy_015_layer01_attn_q_baseline_out.stdout
bert,bert-7b-proxy,baseline,16,layer01_attn_k,0.044575897000,0.000000000000,1.346494750000,0.044571111000,13360.485918,0,400latency_llmop_bert_bert-7b-proxy_016_layer01_attn_k_baseline_metrics.csv,400latency_llmop_bert_bert-7b-proxy_016_layer01_attn_k_baseline_out.stdout
bert,bert-7b-proxy,baseline,17,layer01_attn_v,0.044575897000,0.000000000000,1.346494750000,0.044571111000,13360.485918,0,400latency_llmop_bert_bert-7b-proxy_017_layer01_attn_v_baseline_metrics.csv,400latency_llmop_bert_bert-7b-proxy_017_layer01_attn_v_baseline_out.stdout
bert,bert-7b-proxy,baseline,18,layer01_attn_score,0.012797080000,0.000000000000,0.492821651000,0.012795327000,2364.105110,0,400latency_llmop_bert_bert-7b-proxy_018_layer01_attn_score_baseline_metrics.csv,400latency_llmop_bert_bert-7b-proxy_018_layer01_attn_score_baseline_out.stdout
bert,bert-7b-proxy,baseline,19,layer01_attn_softmax,0.000017830688,0.000000000000,0.000229459000,0.000017028000,36.007330,0,400latency_llmop_bert_bert-7b-proxy_019_layer01_attn_softmax_baseline_metrics.csv,400latency_llmop_bert_bert-7b-proxy_019_layer01_attn_softmax_baseline_out.stdout
bert,bert-7b-proxy,baseline,20,layer01_attn_value,0.003037320000,0.000000000000,0.072386024000,0.003033340000,18024.687200,0,400latency_llmop_bert_bert-7b-proxy_020_layer01_attn_value_baseline_metrics.csv,400latency_llmop_bert_bert-7b-proxy_020_layer01_attn_value_baseline_out.stdout
bert,bert-7b-proxy,baseline,21,layer01_attn_out,0.044575897000,0.000000000000,1.346494750000,0.044571111000,13360.485918,0,400latency_llmop_bert_bert-7b-proxy_021_layer01_attn_out_baseline_metrics.csv,400latency_llmop_bert_bert-7b-proxy_021_layer01_attn_out_baseline_out.stdout
bert,bert-7b-proxy,baseline,22,layer01_attn_residual,0.000061852000,0.000000000000,0.002410050000,0.000061512000,202.009815,0,400latency_llmop_bert_bert-7b-proxy_022_layer01_attn_residual_baseline_metrics.csv,400latency_llmop_bert_bert-7b-proxy_022_layer01_attn_residual_baseline_out.stdout
bert,bert-7b-proxy,baseline,23,layer01_norm1,0.000042373000,0.000000000000,0.001627379000,0.000041957000,200.021044,0,400latency_llmop_bert_bert-7b-proxy_023_layer01_norm1_baseline_metrics.csv,400latency_llmop_bert_bert-7b-proxy_023_layer01_norm1_baseline_out.stdout
bert,bert-7b-proxy,baseline,24,layer01_mlp_fc1,0.069843487000,0.000000000000,1.389417989000,0.069648357000,13342.473172,0,400latency_llmop_bert_bert-7b-proxy_024_layer01_mlp_fc1_baseline_metrics.csv,400latency_llmop_bert_bert-7b-proxy_024_layer01_mlp_fc1_baseline_out.stdout
bert,bert-7b-proxy,baseline,25,layer01_mlp_gelu,0.000051013000,0.000000000000,0.000854354000,0.000047410000,475.028039,0,400latency_llmop_bert_bert-7b-proxy_025_layer01_mlp_gelu_baseline_metrics.csv,400latency_llmop_bert_bert-7b-proxy_025_layer01_mlp_gelu_baseline_out.stdout
bert,bert-7b-proxy,baseline,26,layer01_mlp_fc2,0.245186690000,0.000000000000,1.352862512000,0.245183495000,31131.150438,0,400latency_llmop_bert_bert-7b-proxy_026_layer01_mlp_fc2_baseline_metrics.csv,400latency_llmop_bert_bert-7b-proxy_026_layer01_mlp_fc2_baseline_out.stdout
bert,bert-7b-proxy,baseline,27,layer01_mlp_residual,0.000061852000,0.000000000000,0.002410050000,0.000061512000,202.009815,0,400latency_llmop_bert_bert-7b-proxy_027_layer01_mlp_residual_baseline_metrics.csv,400latency_llmop_bert_bert-7b-proxy_027_layer01_mlp_residual_baseline_out.stdout
bert,bert-7b-proxy,baseline,28,layer01_norm2,0.000042373000,0.000000000000,0.001627379000,0.000041957000,200.021044,0,400latency_llmop_bert_bert-7b-proxy_028_layer01_norm2_baseline_metrics.csv,400latency_llmop_bert_bert-7b-proxy_028_layer01_norm2_baseline_out.stdout
bert,bert-7b-proxy,baseline,29,layer02_attn_q,0.044575897000,0.000000000000,1.346494750000,0.044571111000,13360.485918,0,400latency_llmop_bert_bert-7b-proxy_029_layer02_attn_q_baseline_metrics.csv,400latency_llmop_bert_bert-7b-proxy_029_layer02_attn_q_baseline_out.stdout
bert,bert-7b-proxy,baseline,30,layer02_attn_k,0.044575897000,0.000000000000,1.346494750000,0.044571111000,13360.485918,0,400latency_llmop_bert_bert-7b-proxy_030_layer02_attn_k_baseline_metrics.csv,400latency_llmop_bert_bert-7b-proxy_030_layer02_attn_k_baseline_out.stdout
bert,bert-7b-proxy,baseline,31,layer02_attn_v,0.044575897000,0.000000000000,1.346494750000,0.044571111000,13360.485918,0,400latency_llmop_bert_bert-7b-proxy_031_layer02_attn_v_baseline_metrics.csv,400latency_llmop_bert_bert-7b-proxy_031_layer02_attn_v_baseline_out.stdout
bert,bert-7b-proxy,baseline,32,layer02_attn_score,0.012797080000,0.000000000000,0.492821651000,0.012795327000,2364.105110,0,400latency_llmop_bert_bert-7b-proxy_032_layer02_attn_score_baseline_metrics.csv,400latency_llmop_bert_bert-7b-proxy_032_layer02_attn_score_baseline_out.stdout
bert,bert-7b-proxy,baseline,33,layer02_attn_softmax,0.000017830688,0.000000000000,0.000229459000,0.000017028000,36.007330,0,400latency_llmop_bert_bert-7b-proxy_033_layer02_attn_softmax_baseline_metrics.csv,400latency_llmop_bert_bert-7b-proxy_033_layer02_attn_softmax_baseline_out.stdout
bert,bert-7b-proxy,baseline,34,layer02_attn_value,0.003037320000,0.000000000000,0.072386024000,0.003033340000,18024.687200,0,400latency_llmop_bert_bert-7b-proxy_034_layer02_attn_value_baseline_metrics.csv,400latency_llmop_bert_bert-7b-proxy_034_layer02_attn_value_baseline_out.stdout
bert,bert-7b-proxy,baseline,35,layer02_attn_out,0.044575897000,0.000000000000,1.346494750000,0.044571111000,13360.485918,0,400latency_llmop_bert_bert-7b-proxy_035_layer02_attn_out_baseline_metrics.csv,400latency_llmop_bert_bert-7b-proxy_035_layer02_attn_out_baseline_out.stdout
bert,bert-7b-proxy,baseline,36,layer02_attn_residual,0.000061852000,0.000000000000,0.002410050000,0.000061512000,202.009815,0,400latency_llmop_bert_bert-7b-proxy_036_layer02_attn_residual_baseline_metrics.csv,400latency_llmop_bert_bert-7b-proxy_036_layer02_attn_residual_baseline_out.stdout
bert,bert-7b-proxy,baseline,37,layer02_norm1,0.000042373000,0.000000000000,0.001627379000,0.000041957000,200.021044,0,400latency_llmop_bert_bert-7b-proxy_037_layer02_norm1_baseline_metrics.csv,400latency_llmop_bert_bert-7b-proxy_037_layer02_norm1_baseline_out.stdout
bert,bert-7b-proxy,baseline,38,layer02_mlp_fc1,0.069843487000,0.000000000000,1.389417989000,0.069648357000,13342.473172,0,400latency_llmop_bert_bert-7b-proxy_038_layer02_mlp_fc1_baseline_metrics.csv,400latency_llmop_bert_bert-7b-proxy_038_layer02_mlp_fc1_baseline_out.stdout
bert,bert-7b-proxy,baseline,39,layer02_mlp_gelu,0.000051013000,0.000000000000,0.000854354000,0.000047410000,475.028039,0,400latency_llmop_bert_bert-7b-proxy_039_layer02_mlp_gelu_baseline_metrics.csv,400latency_llmop_bert_bert-7b-proxy_039_layer02_mlp_gelu_baseline_out.stdout
bert,bert-7b-proxy,baseline,40,layer02_mlp_fc2,0.245186690000,0.000000000000,1.352862512000,0.245183495000,31131.150438,0,400latency_llmop_bert_bert-7b-proxy_040_layer02_mlp_fc2_baseline_metrics.csv,400latency_llmop_bert_bert-7b-proxy_040_layer02_mlp_fc2_baseline_out.stdout
bert,bert-7b-proxy,baseline,41,layer02_mlp_residual,0.000061852000,0.000000000000,0.002410050000,0.000061512000,202.009815,0,400latency_llmop_bert_bert-7b-proxy_041_layer02_mlp_residual_baseline_metrics.csv,400latency_llmop_bert_bert-7b-proxy_041_layer02_mlp_residual_baseline_out.stdout
bert,bert-7b-proxy,baseline,42,layer02_norm2,0.000042373000,0.000000000000,0.001627379000,0.000041957000,200.021044,0,400latency_llmop_bert_bert-7b-proxy_042_layer02_norm2_baseline_metrics.csv,400latency_llmop_bert_bert-7b-proxy_042_layer02_norm2_baseline_out.stdout
bert,bert-7b-proxy,baseline,43,layer03_attn_q,0.044575897000,0.000000000000,1.346494750000,0.044571111000,13360.485918,0,400latency_llmop_bert_bert-7b-proxy_043_layer03_attn_q_baseline_metrics.csv,400latency_llmop_bert_bert-7b-proxy_043_layer03_attn_q_baseline_out.stdout
bert,bert-7b-proxy,baseline,44,layer03_attn_k,0.044575897000,0.000000000000,1.346494750000,0.044571111000,13360.485918,0,400latency_llmop_bert_bert-7b-proxy_044_layer03_attn_k_baseline_metrics.csv,400latency_llmop_bert_bert-7b-proxy_044_layer03_attn_k_baseline_out.stdout
bert,bert-7b-proxy,baseline,45,layer03_attn_v,0.044575897000,0.000000000000,1.346494750000,0.044571111000,13360.485918,0,400latency_llmop_bert_bert-7b-proxy_045_layer03_attn_v_baseline_metrics.csv,400latency_llmop_bert_bert-7b-proxy_045_layer03_attn_v_baseline_out.stdout
bert,bert-7b-proxy,baseline,46,layer03_attn_score,0.012797080000,0.000000000000,0.492821651000,0.012795327000,2364.105110,0,400latency_llmop_bert_bert-7b-proxy_046_layer03_attn_score_baseline_metrics.csv,400latency_llmop_bert_bert-7b-proxy_046_layer03_attn_score_baseline_out.stdout
bert,bert-7b-proxy,baseline,47,layer03_attn_softmax,0.000017830688,0.000000000000,0.000229459000,0.000017028000,36.007330,0,400latency_llmop_bert_bert-7b-proxy_047_layer03_attn_softmax_baseline_metrics.csv,400latency_llmop_bert_bert-7b-proxy_047_layer03_attn_softmax_baseline_out.stdout
bert,bert-7b-proxy,baseline,48,layer03_attn_value,0.003037320000,0.000000000000,0.072386024000,0.003033340000,18024.687200,0,400latency_llmop_bert_bert-7b-proxy_048_layer03_attn_value_baseline_metrics.csv,400latency_llmop_bert_bert-7b-proxy_048_layer03_attn_value_baseline_out.stdout
bert,bert-7b-proxy,baseline,49,layer03_attn_out,0.044575897000,0.000000000000,1.346494750000,0.044571111000,13360.485918,0,400latency_llmop_bert_bert-7b-proxy_049_layer03_attn_out_baseline_metrics.csv,400latency_llmop_bert_bert-7b-proxy_049_layer03_attn_out_baseline_out.stdout
bert,bert-7b-proxy,baseline,50,layer03_attn_residual,0.000061852000,0.000000000000,0.002410050000,0.000061512000,202.009815,0,400latency_llmop_bert_bert-7b-proxy_050_layer03_attn_residual_baseline_metrics.csv,400latency_llmop_bert_bert-7b-proxy_050_layer03_attn_residual_baseline_out.stdout
bert,bert-7b-proxy,baseline,51,layer03_norm1,0.000042373000,0.000000000000,0.001627379000,0.000041957000,200.021044,0,400latency_llmop_bert_bert-7b-proxy_051_layer03_norm1_baseline_metrics.csv,400latency_llmop_bert_bert-7b-proxy_051_layer03_norm1_baseline_out.stdout
bert,bert-7b-proxy,baseline,52,layer03_mlp_fc1,0.069843487000,0.000000000000,1.389417989000,0.069648357000,13342.473172,0,400latency_llmop_bert_bert-7b-proxy_052_layer03_mlp_fc1_baseline_metrics.csv,400latency_llmop_bert_bert-7b-proxy_052_layer03_mlp_fc1_baseline_out.stdout
bert,bert-7b-proxy,baseline,53,layer03_mlp_gelu,0.000051013000,0.000000000000,0.000854354000,0.000047410000,475.028039,0,400latency_llmop_bert_bert-7b-proxy_053_layer03_mlp_gelu_baseline_metrics.csv,400latency_llmop_bert_bert-7b-proxy_053_layer03_mlp_gelu_baseline_out.stdout
bert,bert-7b-proxy,baseline,54,layer03_mlp_fc2,0.245186690000,0.000000000000,1.352862512000,0.245183495000,31131.150438,0,400latency_llmop_bert_bert-7b-proxy_054_layer03_mlp_fc2_baseline_metrics.csv,400latency_llmop_bert_bert-7b-proxy_054_layer03_mlp_fc2_baseline_out.stdout
bert,bert-7b-proxy,baseline,55,layer03_mlp_residual,0.000061852000,0.000000000000,0.002410050000,0.000061512000,202.009815,0,400latency_llmop_bert_bert-7b-proxy_055_layer03_mlp_residual_baseline_metrics.csv,400latency_llmop_bert_bert-7b-proxy_055_layer03_mlp_residual_baseline_out.stdout
bert,bert-7b-proxy,baseline,56,layer03_norm2,0.000042373000,0.000000000000,0.001627379000,0.000041957000,200.021044,0,400latency_llmop_bert_bert-7b-proxy_056_layer03_norm2_baseline_metrics.csv,400latency_llmop_bert_bert-7b-proxy_056_layer03_norm2_baseline_out.stdout
bert,bert-7b-proxy,baseline,57,layer04_attn_q,0.044575897000,0.000000000000,1.346494750000,0.044571111000,13360.485918,0,400latency_llmop_bert_bert-7b-proxy_057_layer04_attn_q_baseline_metrics.csv,400latency_llmop_bert_bert-7b-proxy_057_layer04_attn_q_baseline_out.stdout
bert,bert-7b-proxy,baseline,58,layer04_attn_k,0.044575897000,0.000000000000,1.346494750000,0.044571111000,13360.485918,0,400latency_llmop_bert_bert-7b-proxy_058_layer04_attn_k_baseline_metrics.csv,400latency_llmop_bert_bert-7b-proxy_058_layer04_attn_k_baseline_out.stdout
bert,bert-7b-proxy,baseline,59,layer04_attn_v,0.044575897000,0.000000000000,1.346494750000,0.044571111000,13360.485918,0,400latency_llmop_bert_bert-7b-proxy_059_layer04_attn_v_baseline_metrics.csv,400latency_llmop_bert_bert-7b-proxy_059_layer04_attn_v_baseline_out.stdout
bert,bert-7b-proxy,baseline,60,layer04_attn_score,0.012797080000,0.000000000000,0.492821651000,0.012795327000,2364.105110,0,400latency_llmop_bert_bert-7b-proxy_060_layer04_attn_score_baseline_metrics.csv,400latency_llmop_bert_bert-7b-proxy_060_layer04_attn_score_baseline_out.stdout
bert,bert-7b-proxy,baseline,61,layer04_attn_softmax,0.000017830688,0.000000000000,0.000229459000,0.000017028000,36.007330,0,400latency_llmop_bert_bert-7b-proxy_061_layer04_attn_softmax_baseline_metrics.csv,400latency_llmop_bert_bert-7b-proxy_061_layer04_attn_softmax_baseline_out.stdout
bert,bert-7b-proxy,baseline,62,layer04_attn_value,0.003037320000,0.000000000000,0.072386024000,0.003033340000,18024.687200,0,400latency_llmop_bert_bert-7b-proxy_062_layer04_attn_value_baseline_metrics.csv,400latency_llmop_bert_bert-7b-proxy_062_layer04_attn_value_baseline_out.stdout
bert,bert-7b-proxy,baseline,63,layer04_attn_out,0.044575897000,0.000000000000,1.346494750000,0.044571111000,13360.485918,0,400latency_llmop_bert_bert-7b-proxy_063_layer04_attn_out_baseline_metrics.csv,400latency_llmop_bert_bert-7b-proxy_063_layer04_attn_out_baseline_out.stdout
bert,bert-7b-proxy,baseline,64,layer04_attn_residual,0.000061852000,0.000000000000,0.002410050000,0.000061512000,202.009815,0,400latency_llmop_bert_bert-7b-proxy_064_layer04_attn_residual_baseline_metrics.csv,400latency_llmop_bert_bert-7b-proxy_064_layer04_attn_residual_baseline_out.stdout
bert,bert-7b-proxy,baseline,65,layer04_norm1,0.000042373000,0.000000000000,0.001627379000,0.000041957000,200.021044,0,400latency_llmop_bert_bert-7b-proxy_065_layer04_norm1_baseline_metrics.csv,400latency_llmop_bert_bert-7b-proxy_065_layer04_norm1_baseline_out.stdout
bert,bert-7b-proxy,baseline,66,layer04_mlp_fc1,0.069843487000,0.000000000000,1.389417989000,0.069648357000,13342.473172,0,400latency_llmop_bert_bert-7b-proxy_066_layer04_mlp_fc1_baseline_metrics.csv,400latency_llmop_bert_bert-7b-proxy_066_layer04_mlp_fc1_baseline_out.stdout
bert,bert-7b-proxy,baseline,67,layer04_mlp_gelu,0.000051013000,0.000000000000,0.000854354000,0.000047410000,475.028039,0,400latency_llmop_bert_bert-7b-proxy_067_layer04_mlp_gelu_baseline_metrics.csv,400latency_llmop_bert_bert-7b-proxy_067_layer04_mlp_gelu_baseline_out.stdout
bert,bert-7b-proxy,baseline,68,layer04_mlp_fc2,0.245186690000,0.000000000000,1.352862512000,0.245183495000,31131.150438,0,400latency_llmop_bert_bert-7b-proxy_068_layer04_mlp_fc2_baseline_metrics.csv,400latency_llmop_bert_bert-7b-proxy_068_layer04_mlp_fc2_baseline_out.stdout
bert,bert-7b-proxy,baseline,69,layer04_mlp_residual,0.000061852000,0.000000000000,0.002410050000,0.000061512000,202.009815,0,400latency_llmop_bert_bert-7b-proxy_069_layer04_mlp_residual_baseline_metrics.csv,400latency_llmop_bert_bert-7b-proxy_069_layer04_mlp_residual_baseline_out.stdout
bert,bert-7b-proxy,baseline,70,layer04_norm2,0.000042373000,0.000000000000,0.001627379000,0.000041957000,200.021044,0,400latency_llmop_bert_bert-7b-proxy_070_layer04_norm2_baseline_metrics.csv,400latency_llmop_bert_bert-7b-proxy_070_layer04_norm2_baseline_out.stdout
bert,bert-7b-proxy,baseline,71,layer05_attn_q,0.044575897000,0.000000000000,1.346494750000,0.044571111000,13360.485918,0,400latency_llmop_bert_bert-7b-proxy_071_layer05_attn_q_baseline_metrics.csv,400latency_llmop_bert_bert-7b-proxy_071_layer05_attn_q_baseline_out.stdout
bert,bert-7b-proxy,baseline,72,layer05_attn_k,0.044575897000,0.000000000000,1.346494750000,0.044571111000,13360.485918,0,400latency_llmop_bert_bert-7b-proxy_072_layer05_attn_k_baseline_metrics.csv,400latency_llmop_bert_bert-7b-proxy_072_layer05_attn_k_baseline_out.stdout
bert,bert-7b-proxy,baseline,73,layer05_attn_v,0.044575897000,0.000000000000,1.346494750000,0.044571111000,13360.485918,0,400latency_llmop_bert_bert-7b-proxy_073_layer05_attn_v_baseline_metrics.csv,400latency_llmop_bert_bert-7b-proxy_073_layer05_attn_v_baseline_out.stdout
bert,bert-7b-proxy,baseline,74,layer05_attn_score,0.012797080000,0.000000000000,0.492821651000,0.012795327000,2364.105110,0,400latency_llmop_bert_bert-7b-proxy_074_layer05_attn_score_baseline_metrics.csv,400latency_llmop_bert_bert-7b-proxy_074_layer05_attn_score_baseline_out.stdout
bert,bert-7b-proxy,baseline,75,layer05_attn_softmax,0.000017830688,0.000000000000,0.000229459000,0.000017028000,36.007330,0,400latency_llmop_bert_bert-7b-proxy_075_layer05_attn_softmax_baseline_metrics.csv,400latency_llmop_bert_bert-7b-proxy_075_layer05_attn_softmax_baseline_out.stdout
bert,bert-7b-proxy,baseline,76,layer05_attn_value,0.003037320000,0.000000000000,0.072386024000,0.003033340000,18024.687200,0,400latency_llmop_bert_bert-7b-proxy_076_layer05_attn_value_baseline_metrics.csv,400latency_llmop_bert_bert-7b-proxy_076_layer05_attn_value_baseline_out.stdout
bert,bert-7b-proxy,baseline,77,layer05_attn_out,0.044575897000,0.000000000000,1.346494750000,0.044571111000,13360.485918,0,400latency_llmop_bert_bert-7b-proxy_077_layer05_attn_out_baseline_metrics.csv,400latency_llmop_bert_bert-7b-proxy_077_layer05_attn_out_baseline_out.stdout
bert,bert-7b-proxy,baseline,78,layer05_attn_residual,0.000061852000,0.000000000000,0.002410050000,0.000061512000,202.009815,0,400latency_llmop_bert_bert-7b-proxy_078_layer05_attn_residual_baseline_metrics.csv,400latency_llmop_bert_bert-7b-proxy_078_layer05_attn_residual_baseline_out.stdout
bert,bert-7b-proxy,baseline,79,layer05_norm1,0.000042373000,0.000000000000,0.001627379000,0.000041957000,200.021044,0,400latency_llmop_bert_bert-7b-proxy_079_layer05_norm1_baseline_metrics.csv,400latency_llmop_bert_bert-7b-proxy_079_layer05_norm1_baseline_out.stdout
bert,bert-7b-proxy,baseline,80,layer05_mlp_fc1,0.069843487000,0.000000000000,1.389417989000,0.069648357000,13342.473172,0,400latency_llmop_bert_bert-7b-proxy_080_layer05_mlp_fc1_baseline_metrics.csv,400latency_llmop_bert_bert-7b-proxy_080_layer05_mlp_fc1_baseline_out.stdout
bert,bert-7b-proxy,baseline,81,layer05_mlp_gelu,0.000051013000,0.000000000000,0.000854354000,0.000047410000,475.028039,0,400latency_llmop_bert_bert-7b-proxy_081_layer05_mlp_gelu_baseline_metrics.csv,400latency_llmop_bert_bert-7b-proxy_081_layer05_mlp_gelu_baseline_out.stdout
bert,bert-7b-proxy,baseline,82,layer05_mlp_fc2,0.245186690000,0.000000000000,1.352862512000,0.245183495000,31131.150438,0,400latency_llmop_bert_bert-7b-proxy_082_layer05_mlp_fc2_baseline_metrics.csv,400latency_llmop_bert_bert-7b-proxy_082_layer05_mlp_fc2_baseline_out.stdout
bert,bert-7b-proxy,baseline,83,layer05_mlp_residual,0.000061852000,0.000000000000,0.002410050000,0.000061512000,202.009815,0,400latency_llmop_bert_bert-7b-proxy_083_layer05_mlp_residual_baseline_metrics.csv,400latency_llmop_bert_bert-7b-proxy_083_layer05_mlp_residual_baseline_out.stdout
bert,bert-7b-proxy,baseline,84,layer05_norm2,0.000042373000,0.000000000000,0.001627379000,0.000041957000,200.021044,0,400latency_llmop_bert_bert-7b-proxy_084_layer05_norm2_baseline_metrics.csv,400latency_llmop_bert_bert-7b-proxy_084_layer05_norm2_baseline_out.stdout
bert,bert-7b-proxy,baseline,85,layer06_attn_q,0.044575897000,0.000000000000,1.346494750000,0.044571111000,13360.485918,0,400latency_llmop_bert_bert-7b-proxy_085_layer06_attn_q_baseline_metrics.csv,400latency_llmop_bert_bert-7b-proxy_085_layer06_attn_q_baseline_out.stdout
bert,bert-7b-proxy,baseline,86,layer06_attn_k,0.044575897000,0.000000000000,1.346494750000,0.044571111000,13360.485918,0,400latency_llmop_bert_bert-7b-proxy_086_layer06_attn_k_baseline_metrics.csv,400latency_llmop_bert_bert-7b-proxy_086_layer06_attn_k_baseline_out.stdout
bert,bert-7b-proxy,baseline,87,layer06_attn_v,0.044575897000,0.000000000000,1.346494750000,0.044571111000,13360.485918,0,400latency_llmop_bert_bert-7b-proxy_087_layer06_attn_v_baseline_metrics.csv,400latency_llmop_bert_bert-7b-proxy_087_layer06_attn_v_baseline_out.stdout
bert,bert-7b-proxy,baseline,88,layer06_attn_score,0.012797080000,0.000000000000,0.492821651000,0.012795327000,2364.105110,0,400latency_llmop_bert_bert-7b-proxy_088_layer06_attn_score_baseline_metrics.csv,400latency_llmop_bert_bert-7b-proxy_088_layer06_attn_score_baseline_out.stdout
bert,bert-7b-proxy,baseline,89,layer06_attn_softmax,0.000017830688,0.000000000000,0.000229459000,0.000017028000,36.007330,0,400latency_llmop_bert_bert-7b-proxy_089_layer06_attn_softmax_baseline_metrics.csv,400latency_llmop_bert_bert-7b-proxy_089_layer06_attn_softmax_baseline_out.stdout
bert,bert-7b-proxy,baseline,90,layer06_attn_value,0.003037320000,0.000000000000,0.072386024000,0.003033340000,18024.687200,0,400latency_llmop_bert_bert-7b-proxy_090_layer06_attn_value_baseline_metrics.csv,400latency_llmop_bert_bert-7b-proxy_090_layer06_attn_value_baseline_out.stdout
bert,bert-7b-proxy,baseline,91,layer06_attn_out,0.044575897000,0.000000000000,1.346494750000,0.044571111000,13360.485918,0,400latency_llmop_bert_bert-7b-proxy_091_layer06_attn_out_baseline_metrics.csv,400latency_llmop_bert_bert-7b-proxy_091_layer06_attn_out_baseline_out.stdout
bert,bert-7b-proxy,baseline,92,layer06_attn_residual,0.000061852000,0.000000000000,0.002410050000,0.000061512000,202.009815,0,400latency_llmop_bert_bert-7b-proxy_092_layer06_attn_residual_baseline_metrics.csv,400latency_llmop_bert_bert-7b-proxy_092_layer06_attn_residual_baseline_out.stdout
bert,bert-7b-proxy,baseline,93,layer06_norm1,0.000042373000,0.000000000000,0.001627379000,0.000041957000,200.021044,0,400latency_llmop_bert_bert-7b-proxy_093_layer06_norm1_baseline_metrics.csv,400latency_llmop_bert_bert-7b-proxy_093_layer06_norm1_baseline_out.stdout
bert,bert-7b-proxy,baseline,94,layer06_mlp_fc1,0.069843487000,0.000000000000,1.389417989000,0.069648357000,13342.473172,0,400latency_llmop_bert_bert-7b-proxy_094_layer06_mlp_fc1_baseline_metrics.csv,400latency_llmop_bert_bert-7b-proxy_094_layer06_mlp_fc1_baseline_out.stdout
bert,bert-7b-proxy,baseline,95,layer06_mlp_gelu,0.000051013000,0.000000000000,0.000854354000,0.000047410000,475.028039,0,400latency_llmop_bert_bert-7b-proxy_095_layer06_mlp_gelu_baseline_metrics.csv,400latency_llmop_bert_bert-7b-proxy_095_layer06_mlp_gelu_baseline_out.stdout
bert,bert-7b-proxy,baseline,96,layer06_mlp_fc2,0.245186690000,0.000000000000,1.352862512000,0.245183495000,31131.150438,0,400latency_llmop_bert_bert-7b-proxy_096_layer06_mlp_fc2_baseline_metrics.csv,400latency_llmop_bert_bert-7b-proxy_096_layer06_mlp_fc2_baseline_out.stdout
bert,bert-7b-proxy,baseline,97,layer06_mlp_residual,0.000061852000,0.000000000000,0.002410050000,0.000061512000,202.009815,0,400latency_llmop_bert_bert-7b-proxy_097_layer06_mlp_residual_baseline_metrics.csv,400latency_llmop_bert_bert-7b-proxy_097_layer06_mlp_residual_baseline_out.stdout
bert,bert-7b-proxy,baseline,98,layer06_norm2,0.000042373000,0.000000000000,0.001627379000,0.000041957000,200.021044,0,400latency_llmop_bert_bert-7b-proxy_098_layer06_norm2_baseline_metrics.csv,400latency_llmop_bert_bert-7b-proxy_098_layer06_norm2_baseline_out.stdout
bert,bert-7b-proxy,baseline,99,layer07_attn_q,0.044575897000,0.000000000000,1.346494750000,0.044571111000,13360.485918,0,400latency_llmop_bert_bert-7b-proxy_099_layer07_attn_q_baseline_metrics.csv,400latency_llmop_bert_bert-7b-proxy_099_layer07_attn_q_baseline_out.stdout
bert,bert-7b-proxy,baseline,100,layer07_attn_k,0.044575897000,0.000000000000,1.346494750000,0.044571111000,13360.485918,0,400latency_llmop_bert_bert-7b-proxy_100_layer07_attn_k_baseline_metrics.csv,400latency_llmop_bert_bert-7b-proxy_100_layer07_attn_k_baseline_out.stdout
bert,bert-7b-proxy,baseline,101,layer07_attn_v,0.044575897000,0.000000000000,1.346494750000,0.044571111000,13360.485918,0,400latency_llmop_bert_bert-7b-proxy_101_layer07_attn_v_baseline_metrics.csv,400latency_llmop_bert_bert-7b-proxy_101_layer07_attn_v_baseline_out.stdout
bert,bert-7b-proxy,baseline,102,layer07_attn_score,0.012797080000,0.000000000000,0.492821651000,0.012795327000,2364.105110,0,400latency_llmop_bert_bert-7b-proxy_102_layer07_attn_score_baseline_metrics.csv,400latency_llmop_bert_bert-7b-proxy_102_layer07_attn_score_baseline_out.stdout
bert,bert-7b-proxy,baseline,103,layer07_attn_softmax,0.000017830688,0.000000000000,0.000229459000,0.000017028000,36.007330,0,400latency_llmop_bert_bert-7b-proxy_103_layer07_attn_softmax_baseline_metrics.csv,400latency_llmop_bert_bert-7b-proxy_103_layer07_attn_softmax_baseline_out.stdout
bert,bert-7b-proxy,baseline,104,layer07_attn_value,0.003037320000,0.000000000000,0.072386024000,0.003033340000,18024.687200,0,400latency_llmop_bert_bert-7b-proxy_104_layer07_attn_value_baseline_metrics.csv,400latency_llmop_bert_bert-7b-proxy_104_layer07_attn_value_baseline_out.stdout
bert,bert-7b-proxy,baseline,105,layer07_attn_out,0.044575897000,0.000000000000,1.346494750000,0.044571111000,13360.485918,0,400latency_llmop_bert_bert-7b-proxy_105_layer07_attn_out_baseline_metrics.csv,400latency_llmop_bert_bert-7b-proxy_105_layer07_attn_out_baseline_out.stdout
bert,bert-7b-proxy,baseline,106,layer07_attn_residual,0.000061852000,0.000000000000,0.002410050000,0.000061512000,202.009815,0,400latency_llmop_bert_bert-7b-proxy_106_layer07_attn_residual_baseline_metrics.csv,400latency_llmop_bert_bert-7b-proxy_106_layer07_attn_residual_baseline_out.stdout
bert,bert-7b-proxy,baseline,107,layer07_norm1,0.000042373000,0.000000000000,0.001627379000,0.000041957000,200.021044,0,400latency_llmop_bert_bert-7b-proxy_107_layer07_norm1_baseline_metrics.csv,400latency_llmop_bert_bert-7b-proxy_107_layer07_norm1_baseline_out.stdout
bert,bert-7b-proxy,baseline,108,layer07_mlp_fc1,0.069843487000,0.000000000000,1.389417989000,0.069648357000,13342.473172,0,400latency_llmop_bert_bert-7b-proxy_108_layer07_mlp_fc1_baseline_metrics.csv,400latency_llmop_bert_bert-7b-proxy_108_layer07_mlp_fc1_baseline_out.stdout
bert,bert-7b-proxy,baseline,109,layer07_mlp_gelu,0.000051013000,0.000000000000,0.000854354000,0.000047410000,475.028039,0,400latency_llmop_bert_bert-7b-proxy_109_layer07_mlp_gelu_baseline_metrics.csv,400latency_llmop_bert_bert-7b-proxy_109_layer07_mlp_gelu_baseline_out.stdout
bert,bert-7b-proxy,baseline,110,layer07_mlp_fc2,0.245186690000,0.000000000000,1.352862512000,0.245183495000,31131.150438,0,400latency_llmop_bert_bert-7b-proxy_110_layer07_mlp_fc2_baseline_metrics.csv,400latency_llmop_bert_bert-7b-proxy_110_layer07_mlp_fc2_baseline_out.stdout
bert,bert-7b-proxy,baseline,111,layer07_mlp_residual,0.000061852000,0.000000000000,0.002410050000,0.000061512000,202.009815,0,400latency_llmop_bert_bert-7b-proxy_111_layer07_mlp_residual_baseline_metrics.csv,400latency_llmop_bert_bert-7b-proxy_111_layer07_mlp_residual_baseline_out.stdout
bert,bert-7b-proxy,baseline,112,layer07_norm2,0.000042373000,0.000000000000,0.001627379000,0.000041957000,200.021044,0,400latency_llmop_bert_bert-7b-proxy_112_layer07_norm2_baseline_metrics.csv,400latency_llmop_bert_bert-7b-proxy_112_layer07_norm2_baseline_out.stdout
bert,bert-7b-proxy,baseline,113,layer08_attn_q,0.044575897000,0.000000000000,1.346494750000,0.044571111000,13360.485918,0,400latency_llmop_bert_bert-7b-proxy_113_layer08_attn_q_baseline_metrics.csv,400latency_llmop_bert_bert-7b-proxy_113_layer08_attn_q_baseline_out.stdout
bert,bert-7b-proxy,baseline,114,layer08_attn_k,0.044575897000,0.000000000000,1.346494750000,0.044571111000,13360.485918,0,400latency_llmop_bert_bert-7b-proxy_114_layer08_attn_k_baseline_metrics.csv,400latency_llmop_bert_bert-7b-proxy_114_layer08_attn_k_baseline_out.stdout
bert,bert-7b-proxy,baseline,115,layer08_attn_v,0.044575897000,0.000000000000,1.346494750000,0.044571111000,13360.485918,0,400latency_llmop_bert_bert-7b-proxy_115_layer08_attn_v_baseline_metrics.csv,400latency_llmop_bert_bert-7b-proxy_115_layer08_attn_v_baseline_out.stdout
bert,bert-7b-proxy,baseline,116,layer08_attn_score,0.012797080000,0.000000000000,0.492821651000,0.012795327000,2364.105110,0,400latency_llmop_bert_bert-7b-proxy_116_layer08_attn_score_baseline_metrics.csv,400latency_llmop_bert_bert-7b-proxy_116_layer08_attn_score_baseline_out.stdout
bert,bert-7b-proxy,baseline,117,layer08_attn_softmax,0.000017830688,0.000000000000,0.000229459000,0.000017028000,36.007330,0,400latency_llmop_bert_bert-7b-proxy_117_layer08_attn_softmax_baseline_metrics.csv,400latency_llmop_bert_bert-7b-proxy_117_layer08_attn_softmax_baseline_out.stdout
bert,bert-7b-proxy,baseline,118,layer08_attn_value,0.003037320000,0.000000000000,0.072386024000,0.003033340000,18024.687200,0,400latency_llmop_bert_bert-7b-proxy_118_layer08_attn_value_baseline_metrics.csv,400latency_llmop_bert_bert-7b-proxy_118_layer08_attn_value_baseline_out.stdout
bert,bert-7b-proxy,baseline,119,layer08_attn_out,0.044575897000,0.000000000000,1.346494750000,0.044571111000,13360.485918,0,400latency_llmop_bert_bert-7b-proxy_119_layer08_attn_out_baseline_metrics.csv,400latency_llmop_bert_bert-7b-proxy_119_layer08_attn_out_baseline_out.stdout
bert,bert-7b-proxy,baseline,120,layer08_attn_residual,0.000061852000,0.000000000000,0.002410050000,0.000061512000,202.009815,0,400latency_llmop_bert_bert-7b-proxy_120_layer08_attn_residual_baseline_metrics.csv,400latency_llmop_bert_bert-7b-proxy_120_layer08_attn_residual_baseline_out.stdout
bert,bert-7b-proxy,baseline,121,layer08_norm1,0.000042373000,0.000000000000,0.001627379000,0.000041957000,200.021044,0,400latency_llmop_bert_bert-7b-proxy_121_layer08_norm1_baseline_metrics.csv,400latency_llmop_bert_bert-7b-proxy_121_layer08_norm1_baseline_out.stdout
bert,bert-7b-proxy,baseline,122,layer08_mlp_fc1,0.069843487000,0.000000000000,1.389417989000,0.069648357000,13342.473172,0,400latency_llmop_bert_bert-7b-proxy_122_layer08_mlp_fc1_baseline_metrics.csv,400latency_llmop_bert_bert-7b-proxy_122_layer08_mlp_fc1_baseline_out.stdout
bert,bert-7b-proxy,baseline,123,layer08_mlp_gelu,0.000051013000,0.000000000000,0.000854354000,0.000047410000,475.028039,0,400latency_llmop_bert_bert-7b-proxy_123_layer08_mlp_gelu_baseline_metrics.csv,400latency_llmop_bert_bert-7b-proxy_123_layer08_mlp_gelu_baseline_out.stdout
bert,bert-7b-proxy,baseline,124,layer08_mlp_fc2,0.245186690000,0.000000000000,1.352862512000,0.245183495000,31131.150438,0,400latency_llmop_bert_bert-7b-proxy_124_layer08_mlp_fc2_baseline_metrics.csv,400latency_llmop_bert_bert-7b-proxy_124_layer08_mlp_fc2_baseline_out.stdout
bert,bert-7b-proxy,baseline,125,layer08_mlp_residual,0.000061852000,0.000000000000,0.002410050000,0.000061512000,202.009815,0,400latency_llmop_bert_bert-7b-proxy_125_layer08_mlp_residual_baseline_metrics.csv,400latency_llmop_bert_bert-7b-proxy_125_layer08_mlp_residual_baseline_out.stdout
bert,bert-7b-proxy,baseline,126,layer08_norm2,0.000042373000,0.000000000000,0.001627379000,0.000041957000,200.021044,0,400latency_llmop_bert_bert-7b-proxy_126_layer08_norm2_baseline_metrics.csv,400latency_llmop_bert_bert-7b-proxy_126_layer08_norm2_baseline_out.stdout
bert,bert-7b-proxy,baseline,127,layer09_attn_q,0.044575897000,0.000000000000,1.346494750000,0.044571111000,13360.485918,0,400latency_llmop_bert_bert-7b-proxy_127_layer09_attn_q_baseline_metrics.csv,400latency_llmop_bert_bert-7b-proxy_127_layer09_attn_q_baseline_out.stdout
bert,bert-7b-proxy,baseline,128,layer09_attn_k,0.044575897000,0.000000000000,1.346494750000,0.044571111000,13360.485918,0,400latency_llmop_bert_bert-7b-proxy_128_layer09_attn_k_baseline_metrics.csv,400latency_llmop_bert_bert-7b-proxy_128_layer09_attn_k_baseline_out.stdout
bert,bert-7b-proxy,baseline,129,layer09_attn_v,0.044575897000,0.000000000000,1.346494750000,0.044571111000,13360.485918,0,400latency_llmop_bert_bert-7b-proxy_129_layer09_attn_v_baseline_metrics.csv,400latency_llmop_bert_bert-7b-proxy_129_layer09_attn_v_baseline_out.stdout
bert,bert-7b-proxy,baseline,130,layer09_attn_score,0.012797080000,0.000000000000,0.492821651000,0.012795327000,2364.105110,0,400latency_llmop_bert_bert-7b-proxy_130_layer09_attn_score_baseline_metrics.csv,400latency_llmop_bert_bert-7b-proxy_130_layer09_attn_score_baseline_out.stdout
bert,bert-7b-proxy,baseline,131,layer09_attn_softmax,0.000017830688,0.000000000000,0.000229459000,0.000017028000,36.007330,0,400latency_llmop_bert_bert-7b-proxy_131_layer09_attn_softmax_baseline_metrics.csv,400latency_llmop_bert_bert-7b-proxy_131_layer09_attn_softmax_baseline_out.stdout
bert,bert-7b-proxy,baseline,132,layer09_attn_value,0.003037320000,0.000000000000,0.072386024000,0.003033340000,18024.687200,0,400latency_llmop_bert_bert-7b-proxy_132_layer09_attn_value_baseline_metrics.csv,400latency_llmop_bert_bert-7b-proxy_132_layer09_attn_value_baseline_out.stdout
bert,bert-7b-proxy,baseline,133,layer09_attn_out,0.044575897000,0.000000000000,1.346494750000,0.044571111000,13360.485918,0,400latency_llmop_bert_bert-7b-proxy_133_layer09_attn_out_baseline_metrics.csv,400latency_llmop_bert_bert-7b-proxy_133_layer09_attn_out_baseline_out.stdout
bert,bert-7b-proxy,baseline,134,layer09_attn_residual,0.000061852000,0.000000000000,0.002410050000,0.000061512000,202.009815,0,400latency_llmop_bert_bert-7b-proxy_134_layer09_attn_residual_baseline_metrics.csv,400latency_llmop_bert_bert-7b-proxy_134_layer09_attn_residual_baseline_out.stdout
bert,bert-7b-proxy,baseline,135,layer09_norm1,0.000042373000,0.000000000000,0.001627379000,0.000041957000,200.021044,0,400latency_llmop_bert_bert-7b-proxy_135_layer09_norm1_baseline_metrics.csv,400latency_llmop_bert_bert-7b-proxy_135_layer09_norm1_baseline_out.stdout
bert,bert-7b-proxy,baseline,136,layer09_mlp_fc1,0.069843487000,0.000000000000,1.389417989000,0.069648357000,13342.473172,0,400latency_llmop_bert_bert-7b-proxy_136_layer09_mlp_fc1_baseline_metrics.csv,400latency_llmop_bert_bert-7b-proxy_136_layer09_mlp_fc1_baseline_out.stdout
bert,bert-7b-proxy,baseline,137,layer09_mlp_gelu,0.000051013000,0.000000000000,0.000854354000,0.000047410000,475.028039,0,400latency_llmop_bert_bert-7b-proxy_137_layer09_mlp_gelu_baseline_metrics.csv,400latency_llmop_bert_bert-7b-proxy_137_layer09_mlp_gelu_baseline_out.stdout
bert,bert-7b-proxy,baseline,138,layer09_mlp_fc2,0.245186690000,0.000000000000,1.352862512000,0.245183495000,31131.150438,0,400latency_llmop_bert_bert-7b-proxy_138_layer09_mlp_fc2_baseline_metrics.csv,400latency_llmop_bert_bert-7b-proxy_138_layer09_mlp_fc2_baseline_out.stdout
bert,bert-7b-proxy,baseline,139,layer09_mlp_residual,0.000061852000,0.000000000000,0.002410050000,0.000061512000,202.009815,0,400latency_llmop_bert_bert-7b-proxy_139_layer09_mlp_residual_baseline_metrics.csv,400latency_llmop_bert_bert-7b-proxy_139_layer09_mlp_residual_baseline_out.stdout
bert,bert-7b-proxy,baseline,140,layer09_norm2,0.000042373000,0.000000000000,0.001627379000,0.000041957000,200.021044,0,400latency_llmop_bert_bert-7b-proxy_140_layer09_norm2_baseline_metrics.csv,400latency_llmop_bert_bert-7b-proxy_140_layer09_norm2_baseline_out.stdout
bert,bert-7b-proxy,baseline,141,layer10_attn_q,0.044575897000,0.000000000000,1.346494750000,0.044571111000,13360.485918,0,400latency_llmop_bert_bert-7b-proxy_141_layer10_attn_q_baseline_metrics.csv,400latency_llmop_bert_bert-7b-proxy_141_layer10_attn_q_baseline_out.stdout
bert,bert-7b-proxy,baseline,142,layer10_attn_k,0.044575897000,0.000000000000,1.346494750000,0.044571111000,13360.485918,0,400latency_llmop_bert_bert-7b-proxy_142_layer10_attn_k_baseline_metrics.csv,400latency_llmop_bert_bert-7b-proxy_142_layer10_attn_k_baseline_out.stdout
bert,bert-7b-proxy,baseline,143,layer10_attn_v,0.044575897000,0.000000000000,1.346494750000,0.044571111000,13360.485918,0,400latency_llmop_bert_bert-7b-proxy_143_layer10_attn_v_baseline_metrics.csv,400latency_llmop_bert_bert-7b-proxy_143_layer10_attn_v_baseline_out.stdout
bert,bert-7b-proxy,baseline,144,layer10_attn_score,0.012797080000,0.000000000000,0.492821651000,0.012795327000,2364.105110,0,400latency_llmop_bert_bert-7b-proxy_144_layer10_attn_score_baseline_metrics.csv,400latency_llmop_bert_bert-7b-proxy_144_layer10_attn_score_baseline_out.stdout
bert,bert-7b-proxy,baseline,145,layer10_attn_softmax,0.000017830688,0.000000000000,0.000229459000,0.000017028000,36.007330,0,400latency_llmop_bert_bert-7b-proxy_145_layer10_attn_softmax_baseline_metrics.csv,400latency_llmop_bert_bert-7b-proxy_145_layer10_attn_softmax_baseline_out.stdout
bert,bert-7b-proxy,baseline,146,layer10_attn_value,0.003037320000,0.000000000000,0.072386024000,0.003033340000,18024.687200,0,400latency_llmop_bert_bert-7b-proxy_146_layer10_attn_value_baseline_metrics.csv,400latency_llmop_bert_bert-7b-proxy_146_layer10_attn_value_baseline_out.stdout
bert,bert-7b-proxy,baseline,147,layer10_attn_out,0.044575897000,0.000000000000,1.346494750000,0.044571111000,13360.485918,0,400latency_llmop_bert_bert-7b-proxy_147_layer10_attn_out_baseline_metrics.csv,400latency_llmop_bert_bert-7b-proxy_147_layer10_attn_out_baseline_out.stdout
bert,bert-7b-proxy,baseline,148,layer10_attn_residual,0.000061852000,0.000000000000,0.002410050000,0.000061512000,202.009815,0,400latency_llmop_bert_bert-7b-proxy_148_layer10_attn_residual_baseline_metrics.csv,400latency_llmop_bert_bert-7b-proxy_148_layer10_attn_residual_baseline_out.stdout
bert,bert-7b-proxy,baseline,149,layer10_norm1,0.000042373000,0.000000000000,0.001627379000,0.000041957000,200.021044,0,400latency_llmop_bert_bert-7b-proxy_149_layer10_norm1_baseline_metrics.csv,400latency_llmop_bert_bert-7b-proxy_149_layer10_norm1_baseline_out.stdout
bert,bert-7b-proxy,baseline,150,layer10_mlp_fc1,0.069843487000,0.000000000000,1.389417989000,0.069648357000,13342.473172,0,400latency_llmop_bert_bert-7b-proxy_150_layer10_mlp_fc1_baseline_metrics.csv,400latency_llmop_bert_bert-7b-proxy_150_layer10_mlp_fc1_baseline_out.stdout
bert,bert-7b-proxy,baseline,151,layer10_mlp_gelu,0.000051013000,0.000000000000,0.000854354000,0.000047410000,475.028039,0,400latency_llmop_bert_bert-7b-proxy_151_layer10_mlp_gelu_baseline_metrics.csv,400latency_llmop_bert_bert-7b-proxy_151_layer10_mlp_gelu_baseline_out.stdout
bert,bert-7b-proxy,baseline,152,layer10_mlp_fc2,0.245186690000,0.000000000000,1.352862512000,0.245183495000,31131.150438,0,400latency_llmop_bert_bert-7b-proxy_152_layer10_mlp_fc2_baseline_metrics.csv,400latency_llmop_bert_bert-7b-proxy_152_layer10_mlp_fc2_baseline_out.stdout
bert,bert-7b-proxy,baseline,153,layer10_mlp_residual,0.000061852000,0.000000000000,0.002410050000,0.000061512000,202.009815,0,400latency_llmop_bert_bert-7b-proxy_153_layer10_mlp_residual_baseline_metrics.csv,400latency_llmop_bert_bert-7b-proxy_153_layer10_mlp_residual_baseline_out.stdout
bert,bert-7b-proxy,baseline,154,layer10_norm2,0.000042373000,0.000000000000,0.001627379000,0.000041957000,200.021044,0,400latency_llmop_bert_bert-7b-proxy_154_layer10_norm2_baseline_metrics.csv,400latency_llmop_bert_bert-7b-proxy_154_layer10_norm2_baseline_out.stdout
bert,bert-7b-proxy,baseline,155,layer11_attn_q,0.044575897000,0.000000000000,1.346494750000,0.044571111000,13360.485918,0,400latency_llmop_bert_bert-7b-proxy_155_layer11_attn_q_baseline_metrics.csv,400latency_llmop_bert_bert-7b-proxy_155_layer11_attn_q_baseline_out.stdout
bert,bert-7b-proxy,baseline,156,layer11_attn_k,0.044575897000,0.000000000000,1.346494750000,0.044571111000,13360.485918,0,400latency_llmop_bert_bert-7b-proxy_156_layer11_attn_k_baseline_metrics.csv,400latency_llmop_bert_bert-7b-proxy_156_layer11_attn_k_baseline_out.stdout
bert,bert-7b-proxy,baseline,157,layer11_attn_v,0.044575897000,0.000000000000,1.346494750000,0.044571111000,13360.485918,0,400latency_llmop_bert_bert-7b-proxy_157_layer11_attn_v_baseline_metrics.csv,400latency_llmop_bert_bert-7b-proxy_157_layer11_attn_v_baseline_out.stdout
bert,bert-7b-proxy,baseline,158,layer11_attn_score,0.012797080000,0.000000000000,0.492821651000,0.012795327000,2364.105110,0,400latency_llmop_bert_bert-7b-proxy_158_layer11_attn_score_baseline_metrics.csv,400latency_llmop_bert_bert-7b-proxy_158_layer11_attn_score_baseline_out.stdout
bert,bert-7b-proxy,baseline,159,layer11_attn_softmax,0.000017830688,0.000000000000,0.000229459000,0.000017028000,36.007330,0,400latency_llmop_bert_bert-7b-proxy_159_layer11_attn_softmax_baseline_metrics.csv,400latency_llmop_bert_bert-7b-proxy_159_layer11_attn_softmax_baseline_out.stdout
bert,bert-7b-proxy,baseline,160,layer11_attn_value,0.003037320000,0.000000000000,0.072386024000,0.003033340000,18024.687200,0,400latency_llmop_bert_bert-7b-proxy_160_layer11_attn_value_baseline_metrics.csv,400latency_llmop_bert_bert-7b-proxy_160_layer11_attn_value_baseline_out.stdout
bert,bert-7b-proxy,baseline,161,layer11_attn_out,0.044575897000,0.000000000000,1.346494750000,0.044571111000,13360.485918,0,400latency_llmop_bert_bert-7b-proxy_161_layer11_attn_out_baseline_metrics.csv,400latency_llmop_bert_bert-7b-proxy_161_layer11_attn_out_baseline_out.stdout
bert,bert-7b-proxy,baseline,162,layer11_attn_residual,0.000061852000,0.000000000000,0.002410050000,0.000061512000,202.009815,0,400latency_llmop_bert_bert-7b-proxy_162_layer11_attn_residual_baseline_metrics.csv,400latency_llmop_bert_bert-7b-proxy_162_layer11_attn_residual_baseline_out.stdout
bert,bert-7b-proxy,baseline,163,layer11_norm1,0.000042373000,0.000000000000,0.001627379000,0.000041957000,200.021044,0,400latency_llmop_bert_bert-7b-proxy_163_layer11_norm1_baseline_metrics.csv,400latency_llmop_bert_bert-7b-proxy_163_layer11_norm1_baseline_out.stdout
bert,bert-7b-proxy,baseline,164,layer11_mlp_fc1,0.069843487000,0.000000000000,1.389417989000,0.069648357000,13342.473172,0,400latency_llmop_bert_bert-7b-proxy_164_layer11_mlp_fc1_baseline_metrics.csv,400latency_llmop_bert_bert-7b-proxy_164_layer11_mlp_fc1_baseline_out.stdout
bert,bert-7b-proxy,baseline,165,layer11_mlp_gelu,0.000051013000,0.000000000000,0.000854354000,0.000047410000,475.028039,0,400latency_llmop_bert_bert-7b-proxy_165_layer11_mlp_gelu_baseline_metrics.csv,400latency_llmop_bert_bert-7b-proxy_165_layer11_mlp_gelu_baseline_out.stdout
bert,bert-7b-proxy,baseline,166,layer11_mlp_fc2,0.245186690000,0.000000000000,1.352862512000,0.245183495000,31131.150438,0,400latency_llmop_bert_bert-7b-proxy_166_layer11_mlp_fc2_baseline_metrics.csv,400latency_llmop_bert_bert-7b-proxy_166_layer11_mlp_fc2_baseline_out.stdout
bert,bert-7b-proxy,baseline,167,layer11_mlp_residual,0.000061852000,0.000000000000,0.002410050000,0.000061512000,202.009815,0,400latency_llmop_bert_bert-7b-proxy_167_layer11_mlp_residual_baseline_metrics.csv,400latency_llmop_bert_bert-7b-proxy_167_layer11_mlp_residual_baseline_out.stdout
bert,bert-7b-proxy,baseline,168,layer11_norm2,0.000042373000,0.000000000000,0.001627379000,0.000041957000,200.021044,0,400latency_llmop_bert_bert-7b-proxy_168_layer11_norm2_baseline_metrics.csv,400latency_llmop_bert_bert-7b-proxy_168_layer11_norm2_baseline_out.stdout
bert,bert-7b-proxy,baseline,169,layer12_attn_q,0.044575897000,0.000000000000,1.346494750000,0.044571111000,13360.485918,0,400latency_llmop_bert_bert-7b-proxy_169_layer12_attn_q_baseline_metrics.csv,400latency_llmop_bert_bert-7b-proxy_169_layer12_attn_q_baseline_out.stdout
bert,bert-7b-proxy,baseline,170,layer12_attn_k,0.044575897000,0.000000000000,1.346494750000,0.044571111000,13360.485918,0,400latency_llmop_bert_bert-7b-proxy_170_layer12_attn_k_baseline_metrics.csv,400latency_llmop_bert_bert-7b-proxy_170_layer12_attn_k_baseline_out.stdout
bert,bert-7b-proxy,baseline,171,layer12_attn_v,0.044575897000,0.000000000000,1.346494750000,0.044571111000,13360.485918,0,400latency_llmop_bert_bert-7b-proxy_171_layer12_attn_v_baseline_metrics.csv,400latency_llmop_bert_bert-7b-proxy_171_layer12_attn_v_baseline_out.stdout
bert,bert-7b-proxy,baseline,172,layer12_attn_score,0.012797080000,0.000000000000,0.492821651000,0.012795327000,2364.105110,0,400latency_llmop_bert_bert-7b-proxy_172_layer12_attn_score_baseline_metrics.csv,400latency_llmop_bert_bert-7b-proxy_172_layer12_attn_score_baseline_out.stdout
bert,bert-7b-proxy,baseline,173,layer12_attn_softmax,0.000017830688,0.000000000000,0.000229459000,0.000017028000,36.007330,0,400latency_llmop_bert_bert-7b-proxy_173_layer12_attn_softmax_baseline_metrics.csv,400latency_llmop_bert_bert-7b-proxy_173_layer12_attn_softmax_baseline_out.stdout
bert,bert-7b-proxy,baseline,174,layer12_attn_value,0.003037320000,0.000000000000,0.072386024000,0.003033340000,18024.687200,0,400latency_llmop_bert_bert-7b-proxy_174_layer12_attn_value_baseline_metrics.csv,400latency_llmop_bert_bert-7b-proxy_174_layer12_attn_value_baseline_out.stdout
bert,bert-7b-proxy,baseline,175,layer12_attn_out,0.044575897000,0.000000000000,1.346494750000,0.044571111000,13360.485918,0,400latency_llmop_bert_bert-7b-proxy_175_layer12_attn_out_baseline_metrics.csv,400latency_llmop_bert_bert-7b-proxy_175_layer12_attn_out_baseline_out.stdout
bert,bert-7b-proxy,baseline,176,layer12_attn_residual,0.000061852000,0.000000000000,0.002410050000,0.000061512000,202.009815,0,400latency_llmop_bert_bert-7b-proxy_176_layer12_attn_residual_baseline_metrics.csv,400latency_llmop_bert_bert-7b-proxy_176_layer12_attn_residual_baseline_out.stdout
bert,bert-7b-proxy,baseline,177,layer12_norm1,0.000042373000,0.000000000000,0.001627379000,0.000041957000,200.021044,0,400latency_llmop_bert_bert-7b-proxy_177_layer12_norm1_baseline_metrics.csv,400latency_llmop_bert_bert-7b-proxy_177_layer12_norm1_baseline_out.stdout
bert,bert-7b-proxy,baseline,178,layer12_mlp_fc1,0.069843487000,0.000000000000,1.389417989000,0.069648357000,13342.473172,0,400latency_llmop_bert_bert-7b-proxy_178_layer12_mlp_fc1_baseline_metrics.csv,400latency_llmop_bert_bert-7b-proxy_178_layer12_mlp_fc1_baseline_out.stdout
bert,bert-7b-proxy,baseline,179,layer12_mlp_gelu,0.000051013000,0.000000000000,0.000854354000,0.000047410000,475.028039,0,400latency_llmop_bert_bert-7b-proxy_179_layer12_mlp_gelu_baseline_metrics.csv,400latency_llmop_bert_bert-7b-proxy_179_layer12_mlp_gelu_baseline_out.stdout
bert,bert-7b-proxy,baseline,180,layer12_mlp_fc2,0.245186690000,0.000000000000,1.352862512000,0.245183495000,31131.150438,0,400latency_llmop_bert_bert-7b-proxy_180_layer12_mlp_fc2_baseline_metrics.csv,400latency_llmop_bert_bert-7b-proxy_180_layer12_mlp_fc2_baseline_out.stdout
bert,bert-7b-proxy,baseline,181,layer12_mlp_residual,0.000061852000,0.000000000000,0.002410050000,0.000061512000,202.009815,0,400latency_llmop_bert_bert-7b-proxy_181_layer12_mlp_residual_baseline_metrics.csv,400latency_llmop_bert_bert-7b-proxy_181_layer12_mlp_residual_baseline_out.stdout
bert,bert-7b-proxy,baseline,182,layer12_norm2,0.000042373000,0.000000000000,0.001627379000,0.000041957000,200.021044,0,400latency_llmop_bert_bert-7b-proxy_182_layer12_norm2_baseline_metrics.csv,400latency_llmop_bert_bert-7b-proxy_182_layer12_norm2_baseline_out.stdout
bert,bert-7b-proxy,baseline,183,layer13_attn_q,0.044575897000,0.000000000000,1.346494750000,0.044571111000,13360.485918,0,400latency_llmop_bert_bert-7b-proxy_183_layer13_attn_q_baseline_metrics.csv,400latency_llmop_bert_bert-7b-proxy_183_layer13_attn_q_baseline_out.stdout
bert,bert-7b-proxy,baseline,184,layer13_attn_k,0.044575897000,0.000000000000,1.346494750000,0.044571111000,13360.485918,0,400latency_llmop_bert_bert-7b-proxy_184_layer13_attn_k_baseline_metrics.csv,400latency_llmop_bert_bert-7b-proxy_184_layer13_attn_k_baseline_out.stdout
bert,bert-7b-proxy,baseline,185,layer13_attn_v,0.044575897000,0.000000000000,1.346494750000,0.044571111000,13360.485918,0,400latency_llmop_bert_bert-7b-proxy_185_layer13_attn_v_baseline_metrics.csv,400latency_llmop_bert_bert-7b-proxy_185_layer13_attn_v_baseline_out.stdout
bert,bert-7b-proxy,baseline,186,layer13_attn_score,0.012797080000,0.000000000000,0.492821651000,0.012795327000,2364.105110,0,400latency_llmop_bert_bert-7b-proxy_186_layer13_attn_score_baseline_metrics.csv,400latency_llmop_bert_bert-7b-proxy_186_layer13_attn_score_baseline_out.stdout
bert,bert-7b-proxy,baseline,187,layer13_attn_softmax,0.000017830688,0.000000000000,0.000229459000,0.000017028000,36.007330,0,400latency_llmop_bert_bert-7b-proxy_187_layer13_attn_softmax_baseline_metrics.csv,400latency_llmop_bert_bert-7b-proxy_187_layer13_attn_softmax_baseline_out.stdout
bert,bert-7b-proxy,baseline,188,layer13_attn_value,0.003037320000,0.000000000000,0.072386024000,0.003033340000,18024.687200,0,400latency_llmop_bert_bert-7b-proxy_188_layer13_attn_value_baseline_metrics.csv,400latency_llmop_bert_bert-7b-proxy_188_layer13_attn_value_baseline_out.stdout
bert,bert-7b-proxy,baseline,189,layer13_attn_out,0.044575897000,0.000000000000,1.346494750000,0.044571111000,13360.485918,0,400latency_llmop_bert_bert-7b-proxy_189_layer13_attn_out_baseline_metrics.csv,400latency_llmop_bert_bert-7b-proxy_189_layer13_attn_out_baseline_out.stdout
bert,bert-7b-proxy,baseline,190,layer13_attn_residual,0.000061852000,0.000000000000,0.002410050000,0.000061512000,202.009815,0,400latency_llmop_bert_bert-7b-proxy_190_layer13_attn_residual_baseline_metrics.csv,400latency_llmop_bert_bert-7b-proxy_190_layer13_attn_residual_baseline_out.stdout
bert,bert-7b-proxy,baseline,191,layer13_norm1,0.000042373000,0.000000000000,0.001627379000,0.000041957000,200.021044,0,400latency_llmop_bert_bert-7b-proxy_191_layer13_norm1_baseline_metrics.csv,400latency_llmop_bert_bert-7b-proxy_191_layer13_norm1_baseline_out.stdout
bert,bert-7b-proxy,baseline,192,layer13_mlp_fc1,0.069843487000,0.000000000000,1.389417989000,0.069648357000,13342.473172,0,400latency_llmop_bert_bert-7b-proxy_192_layer13_mlp_fc1_baseline_metrics.csv,400latency_llmop_bert_bert-7b-proxy_192_layer13_mlp_fc1_baseline_out.stdout
bert,bert-7b-proxy,baseline,193,layer13_mlp_gelu,0.000051013000,0.000000000000,0.000854354000,0.000047410000,475.028039,0,400latency_llmop_bert_bert-7b-proxy_193_layer13_mlp_gelu_baseline_metrics.csv,400latency_llmop_bert_bert-7b-proxy_193_layer13_mlp_gelu_baseline_out.stdout
bert,bert-7b-proxy,baseline,194,layer13_mlp_fc2,0.245186690000,0.000000000000,1.352862512000,0.245183495000,31131.150438,0,400latency_llmop_bert_bert-7b-proxy_194_layer13_mlp_fc2_baseline_metrics.csv,400latency_llmop_bert_bert-7b-proxy_194_layer13_mlp_fc2_baseline_out.stdout
bert,bert-7b-proxy,baseline,195,layer13_mlp_residual,0.000061852000,0.000000000000,0.002410050000,0.000061512000,202.009815,0,400latency_llmop_bert_bert-7b-proxy_195_layer13_mlp_residual_baseline_metrics.csv,400latency_llmop_bert_bert-7b-proxy_195_layer13_mlp_residual_baseline_out.stdout
bert,bert-7b-proxy,baseline,196,layer13_norm2,0.000042373000,0.000000000000,0.001627379000,0.000041957000,200.021044,0,400latency_llmop_bert_bert-7b-proxy_196_layer13_norm2_baseline_metrics.csv,400latency_llmop_bert_bert-7b-proxy_196_layer13_norm2_baseline_out.stdout
bert,bert-7b-proxy,baseline,197,layer14_attn_q,0.044575897000,0.000000000000,1.346494750000,0.044571111000,13360.485918,0,400latency_llmop_bert_bert-7b-proxy_197_layer14_attn_q_baseline_metrics.csv,400latency_llmop_bert_bert-7b-proxy_197_layer14_attn_q_baseline_out.stdout
bert,bert-7b-proxy,baseline,198,layer14_attn_k,0.044575897000,0.000000000000,1.346494750000,0.044571111000,13360.485918,0,400latency_llmop_bert_bert-7b-proxy_198_layer14_attn_k_baseline_metrics.csv,400latency_llmop_bert_bert-7b-proxy_198_layer14_attn_k_baseline_out.stdout
bert,bert-7b-proxy,baseline,199,layer14_attn_v,0.044575897000,0.000000000000,1.346494750000,0.044571111000,13360.485918,0,400latency_llmop_bert_bert-7b-proxy_199_layer14_attn_v_baseline_metrics.csv,400latency_llmop_bert_bert-7b-proxy_199_layer14_attn_v_baseline_out.stdout
bert,bert-7b-proxy,baseline,200,layer14_attn_score,0.012797080000,0.000000000000,0.492821651000,0.012795327000,2364.105110,0,400latency_llmop_bert_bert-7b-proxy_200_layer14_attn_score_baseline_metrics.csv,400latency_llmop_bert_bert-7b-proxy_200_layer14_attn_score_baseline_out.stdout
bert,bert-7b-proxy,baseline,201,layer14_attn_softmax,0.000017830688,0.000000000000,0.000229459000,0.000017028000,36.007330,0,400latency_llmop_bert_bert-7b-proxy_201_layer14_attn_softmax_baseline_metrics.csv,400latency_llmop_bert_bert-7b-proxy_201_layer14_attn_softmax_baseline_out.stdout
bert,bert-7b-proxy,baseline,202,layer14_attn_value,0.003037320000,0.000000000000,0.072386024000,0.003033340000,18024.687200,0,400latency_llmop_bert_bert-7b-proxy_202_layer14_attn_value_baseline_metrics.csv,400latency_llmop_bert_bert-7b-proxy_202_layer14_attn_value_baseline_out.stdout
bert,bert-7b-proxy,baseline,203,layer14_attn_out,0.044575897000,0.000000000000,1.346494750000,0.044571111000,13360.485918,0,400latency_llmop_bert_bert-7b-proxy_203_layer14_attn_out_baseline_metrics.csv,400latency_llmop_bert_bert-7b-proxy_203_layer14_attn_out_baseline_out.stdout
bert,bert-7b-proxy,baseline,204,layer14_attn_residual,0.000061852000,0.000000000000,0.002410050000,0.000061512000,202.009815,0,400latency_llmop_bert_bert-7b-proxy_204_layer14_attn_residual_baseline_metrics.csv,400latency_llmop_bert_bert-7b-proxy_204_layer14_attn_residual_baseline_out.stdout
bert,bert-7b-proxy,baseline,205,layer14_norm1,0.000042373000,0.000000000000,0.001627379000,0.000041957000,200.021044,0,400latency_llmop_bert_bert-7b-proxy_205_layer14_norm1_baseline_metrics.csv,400latency_llmop_bert_bert-7b-proxy_205_layer14_norm1_baseline_out.stdout
bert,bert-7b-proxy,baseline,206,layer14_mlp_fc1,0.069843487000,0.000000000000,1.389417989000,0.069648357000,13342.473172,0,400latency_llmop_bert_bert-7b-proxy_206_layer14_mlp_fc1_baseline_metrics.csv,400latency_llmop_bert_bert-7b-proxy_206_layer14_mlp_fc1_baseline_out.stdout
bert,bert-7b-proxy,baseline,207,layer14_mlp_gelu,0.000051013000,0.000000000000,0.000854354000,0.000047410000,475.028039,0,400latency_llmop_bert_bert-7b-proxy_207_layer14_mlp_gelu_baseline_metrics.csv,400latency_llmop_bert_bert-7b-proxy_207_layer14_mlp_gelu_baseline_out.stdout
bert,bert-7b-proxy,baseline,208,layer14_mlp_fc2,0.245186690000,0.000000000000,1.352862512000,0.245183495000,31131.150438,0,400latency_llmop_bert_bert-7b-proxy_208_layer14_mlp_fc2_baseline_metrics.csv,400latency_llmop_bert_bert-7b-proxy_208_layer14_mlp_fc2_baseline_out.stdout
bert,bert-7b-proxy,baseline,209,layer14_mlp_residual,0.000061852000,0.000000000000,0.002410050000,0.000061512000,202.009815,0,400latency_llmop_bert_bert-7b-proxy_209_layer14_mlp_residual_baseline_metrics.csv,400latency_llmop_bert_bert-7b-proxy_209_layer14_mlp_residual_baseline_out.stdout
bert,bert-7b-proxy,baseline,210,layer14_norm2,0.000042373000,0.000000000000,0.001627379000,0.000041957000,200.021044,0,400latency_llmop_bert_bert-7b-proxy_210_layer14_norm2_baseline_metrics.csv,400latency_llmop_bert_bert-7b-proxy_210_layer14_norm2_baseline_out.stdout
bert,bert-7b-proxy,baseline,211,layer15_attn_q,0.044575897000,0.000000000000,1.346494750000,0.044571111000,13360.485918,0,400latency_llmop_bert_bert-7b-proxy_211_layer15_attn_q_baseline_metrics.csv,400latency_llmop_bert_bert-7b-proxy_211_layer15_attn_q_baseline_out.stdout
bert,bert-7b-proxy,baseline,212,layer15_attn_k,0.044575897000,0.000000000000,1.346494750000,0.044571111000,13360.485918,0,400latency_llmop_bert_bert-7b-proxy_212_layer15_attn_k_baseline_metrics.csv,400latency_llmop_bert_bert-7b-proxy_212_layer15_attn_k_baseline_out.stdout
bert,bert-7b-proxy,baseline,213,layer15_attn_v,0.044575897000,0.000000000000,1.346494750000,0.044571111000,13360.485918,0,400latency_llmop_bert_bert-7b-proxy_213_layer15_attn_v_baseline_metrics.csv,400latency_llmop_bert_bert-7b-proxy_213_layer15_attn_v_baseline_out.stdout
bert,bert-7b-proxy,baseline,214,layer15_attn_score,0.012797080000,0.000000000000,0.492821651000,0.012795327000,2364.105110,0,400latency_llmop_bert_bert-7b-proxy_214_layer15_attn_score_baseline_metrics.csv,400latency_llmop_bert_bert-7b-proxy_214_layer15_attn_score_baseline_out.stdout
bert,bert-7b-proxy,baseline,215,layer15_attn_softmax,0.000017830688,0.000000000000,0.000229459000,0.000017028000,36.007330,0,400latency_llmop_bert_bert-7b-proxy_215_layer15_attn_softmax_baseline_metrics.csv,400latency_llmop_bert_bert-7b-proxy_215_layer15_attn_softmax_baseline_out.stdout
bert,bert-7b-proxy,baseline,216,layer15_attn_value,0.003037320000,0.000000000000,0.072386024000,0.003033340000,18024.687200,0,400latency_llmop_bert_bert-7b-proxy_216_layer15_attn_value_baseline_metrics.csv,400latency_llmop_bert_bert-7b-proxy_216_layer15_attn_value_baseline_out.stdout
bert,bert-7b-proxy,baseline,217,layer15_attn_out,0.044575897000,0.000000000000,1.346494750000,0.044571111000,13360.485918,0,400latency_llmop_bert_bert-7b-proxy_217_layer15_attn_out_baseline_metrics.csv,400latency_llmop_bert_bert-7b-proxy_217_layer15_attn_out_baseline_out.stdout
bert,bert-7b-proxy,baseline,218,layer15_attn_residual,0.000061852000,0.000000000000,0.002410050000,0.000061512000,202.009815,0,400latency_llmop_bert_bert-7b-proxy_218_layer15_attn_residual_baseline_metrics.csv,400latency_llmop_bert_bert-7b-proxy_218_layer15_attn_residual_baseline_out.stdout
bert,bert-7b-proxy,baseline,219,layer15_norm1,0.000042373000,0.000000000000,0.001627379000,0.000041957000,200.021044,0,400latency_llmop_bert_bert-7b-proxy_219_layer15_norm1_baseline_metrics.csv,400latency_llmop_bert_bert-7b-proxy_219_layer15_norm1_baseline_out.stdout
bert,bert-7b-proxy,baseline,220,layer15_mlp_fc1,0.069843487000,0.000000000000,1.389417989000,0.069648357000,13342.473172,0,400latency_llmop_bert_bert-7b-proxy_220_layer15_mlp_fc1_baseline_metrics.csv,400latency_llmop_bert_bert-7b-proxy_220_layer15_mlp_fc1_baseline_out.stdout
bert,bert-7b-proxy,baseline,221,layer15_mlp_gelu,0.000051013000,0.000000000000,0.000854354000,0.000047410000,475.028039,0,400latency_llmop_bert_bert-7b-proxy_221_layer15_mlp_gelu_baseline_metrics.csv,400latency_llmop_bert_bert-7b-proxy_221_layer15_mlp_gelu_baseline_out.stdout
bert,bert-7b-proxy,baseline,222,layer15_mlp_fc2,0.245186690000,0.000000000000,1.352862512000,0.245183495000,31131.150438,0,400latency_llmop_bert_bert-7b-proxy_222_layer15_mlp_fc2_baseline_metrics.csv,400latency_llmop_bert_bert-7b-proxy_222_layer15_mlp_fc2_baseline_out.stdout
bert,bert-7b-proxy,baseline,223,layer15_mlp_residual,0.000061852000,0.000000000000,0.002410050000,0.000061512000,202.009815,0,400latency_llmop_bert_bert-7b-proxy_223_layer15_mlp_residual_baseline_metrics.csv,400latency_llmop_bert_bert-7b-proxy_223_layer15_mlp_residual_baseline_out.stdout
bert,bert-7b-proxy,baseline,224,layer15_norm2,0.000042373000,0.000000000000,0.001627379000,0.000041957000,200.021044,0,400latency_llmop_bert_bert-7b-proxy_224_layer15_norm2_baseline_metrics.csv,400latency_llmop_bert_bert-7b-proxy_224_layer15_norm2_baseline_out.stdout
bert,bert-7b-proxy,baseline,225,layer16_attn_q,0.044575897000,0.000000000000,1.346494750000,0.044571111000,13360.485918,0,400latency_llmop_bert_bert-7b-proxy_225_layer16_attn_q_baseline_metrics.csv,400latency_llmop_bert_bert-7b-proxy_225_layer16_attn_q_baseline_out.stdout
bert,bert-7b-proxy,baseline,226,layer16_attn_k,0.044575897000,0.000000000000,1.346494750000,0.044571111000,13360.485918,0,400latency_llmop_bert_bert-7b-proxy_226_layer16_attn_k_baseline_metrics.csv,400latency_llmop_bert_bert-7b-proxy_226_layer16_attn_k_baseline_out.stdout
bert,bert-7b-proxy,baseline,227,layer16_attn_v,0.044575897000,0.000000000000,1.346494750000,0.044571111000,13360.485918,0,400latency_llmop_bert_bert-7b-proxy_227_layer16_attn_v_baseline_metrics.csv,400latency_llmop_bert_bert-7b-proxy_227_layer16_attn_v_baseline_out.stdout
bert,bert-7b-proxy,baseline,228,layer16_attn_score,0.012797080000,0.000000000000,0.492821651000,0.012795327000,2364.105110,0,400latency_llmop_bert_bert-7b-proxy_228_layer16_attn_score_baseline_metrics.csv,400latency_llmop_bert_bert-7b-proxy_228_layer16_attn_score_baseline_out.stdout
bert,bert-7b-proxy,baseline,229,layer16_attn_softmax,0.000017830688,0.000000000000,0.000229459000,0.000017028000,36.007330,0,400latency_llmop_bert_bert-7b-proxy_229_layer16_attn_softmax_baseline_metrics.csv,400latency_llmop_bert_bert-7b-proxy_229_layer16_attn_softmax_baseline_out.stdout
bert,bert-7b-proxy,baseline,230,layer16_attn_value,0.003037320000,0.000000000000,0.072386024000,0.003033340000,18024.687200,0,400latency_llmop_bert_bert-7b-proxy_230_layer16_attn_value_baseline_metrics.csv,400latency_llmop_bert_bert-7b-proxy_230_layer16_attn_value_baseline_out.stdout
bert,bert-7b-proxy,baseline,231,layer16_attn_out,0.044575897000,0.000000000000,1.346494750000,0.044571111000,13360.485918,0,400latency_llmop_bert_bert-7b-proxy_231_layer16_attn_out_baseline_metrics.csv,400latency_llmop_bert_bert-7b-proxy_231_layer16_attn_out_baseline_out.stdout
bert,bert-7b-proxy,baseline,232,layer16_attn_residual,0.000061852000,0.000000000000,0.002410050000,0.000061512000,202.009815,0,400latency_llmop_bert_bert-7b-proxy_232_layer16_attn_residual_baseline_metrics.csv,400latency_llmop_bert_bert-7b-proxy_232_layer16_attn_residual_baseline_out.stdout
bert,bert-7b-proxy,baseline,233,layer16_norm1,0.000042373000,0.000000000000,0.001627379000,0.000041957000,200.021044,0,400latency_llmop_bert_bert-7b-proxy_233_layer16_norm1_baseline_metrics.csv,400latency_llmop_bert_bert-7b-proxy_233_layer16_norm1_baseline_out.stdout
bert,bert-7b-proxy,baseline,234,layer16_mlp_fc1,0.069843487000,0.000000000000,1.389417989000,0.069648357000,13342.473172,0,400latency_llmop_bert_bert-7b-proxy_234_layer16_mlp_fc1_baseline_metrics.csv,400latency_llmop_bert_bert-7b-proxy_234_layer16_mlp_fc1_baseline_out.stdout
bert,bert-7b-proxy,baseline,235,layer16_mlp_gelu,0.000051013000,0.000000000000,0.000854354000,0.000047410000,475.028039,0,400latency_llmop_bert_bert-7b-proxy_235_layer16_mlp_gelu_baseline_metrics.csv,400latency_llmop_bert_bert-7b-proxy_235_layer16_mlp_gelu_baseline_out.stdout
bert,bert-7b-proxy,baseline,236,layer16_mlp_fc2,0.245186690000,0.000000000000,1.352862512000,0.245183495000,31131.150438,0,400latency_llmop_bert_bert-7b-proxy_236_layer16_mlp_fc2_baseline_metrics.csv,400latency_llmop_bert_bert-7b-proxy_236_layer16_mlp_fc2_baseline_out.stdout
bert,bert-7b-proxy,baseline,237,layer16_mlp_residual,0.000061852000,0.000000000000,0.002410050000,0.000061512000,202.009815,0,400latency_llmop_bert_bert-7b-proxy_237_layer16_mlp_residual_baseline_metrics.csv,400latency_llmop_bert_bert-7b-proxy_237_layer16_mlp_residual_baseline_out.stdout
bert,bert-7b-proxy,baseline,238,layer16_norm2,0.000042373000,0.000000000000,0.001627379000,0.000041957000,200.021044,0,400latency_llmop_bert_bert-7b-proxy_238_layer16_norm2_baseline_metrics.csv,400latency_llmop_bert_bert-7b-proxy_238_layer16_norm2_baseline_out.stdout
bert,bert-7b-proxy,baseline,239,layer17_attn_q,0.044575897000,0.000000000000,1.346494750000,0.044571111000,13360.485918,0,400latency_llmop_bert_bert-7b-proxy_239_layer17_attn_q_baseline_metrics.csv,400latency_llmop_bert_bert-7b-proxy_239_layer17_attn_q_baseline_out.stdout
bert,bert-7b-proxy,baseline,240,layer17_attn_k,0.044575897000,0.000000000000,1.346494750000,0.044571111000,13360.485918,0,400latency_llmop_bert_bert-7b-proxy_240_layer17_attn_k_baseline_metrics.csv,400latency_llmop_bert_bert-7b-proxy_240_layer17_attn_k_baseline_out.stdout
bert,bert-7b-proxy,baseline,241,layer17_attn_v,0.044575897000,0.000000000000,1.346494750000,0.044571111000,13360.485918,0,400latency_llmop_bert_bert-7b-proxy_241_layer17_attn_v_baseline_metrics.csv,400latency_llmop_bert_bert-7b-proxy_241_layer17_attn_v_baseline_out.stdout
bert,bert-7b-proxy,baseline,242,layer17_attn_score,0.012797080000,0.000000000000,0.492821651000,0.012795327000,2364.105110,0,400latency_llmop_bert_bert-7b-proxy_242_layer17_attn_score_baseline_metrics.csv,400latency_llmop_bert_bert-7b-proxy_242_layer17_attn_score_baseline_out.stdout
bert,bert-7b-proxy,baseline,243,layer17_attn_softmax,0.000017830688,0.000000000000,0.000229459000,0.000017028000,36.007330,0,400latency_llmop_bert_bert-7b-proxy_243_layer17_attn_softmax_baseline_metrics.csv,400latency_llmop_bert_bert-7b-proxy_243_layer17_attn_softmax_baseline_out.stdout
bert,bert-7b-proxy,baseline,244,layer17_attn_value,0.003037320000,0.000000000000,0.072386024000,0.003033340000,18024.687200,0,400latency_llmop_bert_bert-7b-proxy_244_layer17_attn_value_baseline_metrics.csv,400latency_llmop_bert_bert-7b-proxy_244_layer17_attn_value_baseline_out.stdout
bert,bert-7b-proxy,baseline,245,layer17_attn_out,0.044575897000,0.000000000000,1.346494750000,0.044571111000,13360.485918,0,400latency_llmop_bert_bert-7b-proxy_245_layer17_attn_out_baseline_metrics.csv,400latency_llmop_bert_bert-7b-proxy_245_layer17_attn_out_baseline_out.stdout
bert,bert-7b-proxy,baseline,246,layer17_attn_residual,0.000061852000,0.000000000000,0.002410050000,0.000061512000,202.009815,0,400latency_llmop_bert_bert-7b-proxy_246_layer17_attn_residual_baseline_metrics.csv,400latency_llmop_bert_bert-7b-proxy_246_layer17_attn_residual_baseline_out.stdout
bert,bert-7b-proxy,baseline,247,layer17_norm1,0.000042373000,0.000000000000,0.001627379000,0.000041957000,200.021044,0,400latency_llmop_bert_bert-7b-proxy_247_layer17_norm1_baseline_metrics.csv,400latency_llmop_bert_bert-7b-proxy_247_layer17_norm1_baseline_out.stdout
bert,bert-7b-proxy,baseline,248,layer17_mlp_fc1,0.069843487000,0.000000000000,1.389417989000,0.069648357000,13342.473172,0,400latency_llmop_bert_bert-7b-proxy_248_layer17_mlp_fc1_baseline_metrics.csv,400latency_llmop_bert_bert-7b-proxy_248_layer17_mlp_fc1_baseline_out.stdout
bert,bert-7b-proxy,baseline,249,layer17_mlp_gelu,0.000051013000,0.000000000000,0.000854354000,0.000047410000,475.028039,0,400latency_llmop_bert_bert-7b-proxy_249_layer17_mlp_gelu_baseline_metrics.csv,400latency_llmop_bert_bert-7b-proxy_249_layer17_mlp_gelu_baseline_out.stdout
bert,bert-7b-proxy,baseline,250,layer17_mlp_fc2,0.245186690000,0.000000000000,1.352862512000,0.245183495000,31131.150438,0,400latency_llmop_bert_bert-7b-proxy_250_layer17_mlp_fc2_baseline_metrics.csv,400latency_llmop_bert_bert-7b-proxy_250_layer17_mlp_fc2_baseline_out.stdout
bert,bert-7b-proxy,baseline,251,layer17_mlp_residual,0.000061852000,0.000000000000,0.002410050000,0.000061512000,202.009815,0,400latency_llmop_bert_bert-7b-proxy_251_layer17_mlp_residual_baseline_metrics.csv,400latency_llmop_bert_bert-7b-proxy_251_layer17_mlp_residual_baseline_out.stdout
bert,bert-7b-proxy,baseline,252,layer17_norm2,0.000042373000,0.000000000000,0.001627379000,0.000041957000,200.021044,0,400latency_llmop_bert_bert-7b-proxy_252_layer17_norm2_baseline_metrics.csv,400latency_llmop_bert_bert-7b-proxy_252_layer17_norm2_baseline_out.stdout
bert,bert-7b-proxy,baseline,253,layer18_attn_q,0.044575897000,0.000000000000,1.346494750000,0.044571111000,13360.485918,0,400latency_llmop_bert_bert-7b-proxy_253_layer18_attn_q_baseline_metrics.csv,400latency_llmop_bert_bert-7b-proxy_253_layer18_attn_q_baseline_out.stdout
bert,bert-7b-proxy,baseline,254,layer18_attn_k,0.044575897000,0.000000000000,1.346494750000,0.044571111000,13360.485918,0,400latency_llmop_bert_bert-7b-proxy_254_layer18_attn_k_baseline_metrics.csv,400latency_llmop_bert_bert-7b-proxy_254_layer18_attn_k_baseline_out.stdout
bert,bert-7b-proxy,baseline,255,layer18_attn_v,0.044575897000,0.000000000000,1.346494750000,0.044571111000,13360.485918,0,400latency_llmop_bert_bert-7b-proxy_255_layer18_attn_v_baseline_metrics.csv,400latency_llmop_bert_bert-7b-proxy_255_layer18_attn_v_baseline_out.stdout
bert,bert-7b-proxy,baseline,256,layer18_attn_score,0.012797080000,0.000000000000,0.492821651000,0.012795327000,2364.105110,0,400latency_llmop_bert_bert-7b-proxy_256_layer18_attn_score_baseline_metrics.csv,400latency_llmop_bert_bert-7b-proxy_256_layer18_attn_score_baseline_out.stdout
bert,bert-7b-proxy,baseline,257,layer18_attn_softmax,0.000017830688,0.000000000000,0.000229459000,0.000017028000,36.007330,0,400latency_llmop_bert_bert-7b-proxy_257_layer18_attn_softmax_baseline_metrics.csv,400latency_llmop_bert_bert-7b-proxy_257_layer18_attn_softmax_baseline_out.stdout
bert,bert-7b-proxy,baseline,258,layer18_attn_value,0.003037320000,0.000000000000,0.072386024000,0.003033340000,18024.687200,0,400latency_llmop_bert_bert-7b-proxy_258_layer18_attn_value_baseline_metrics.csv,400latency_llmop_bert_bert-7b-proxy_258_layer18_attn_value_baseline_out.stdout
bert,bert-7b-proxy,baseline,259,layer18_attn_out,0.044575897000,0.000000000000,1.346494750000,0.044571111000,13360.485918,0,400latency_llmop_bert_bert-7b-proxy_259_layer18_attn_out_baseline_metrics.csv,400latency_llmop_bert_bert-7b-proxy_259_layer18_attn_out_baseline_out.stdout
bert,bert-7b-proxy,baseline,260,layer18_attn_residual,0.000061852000,0.000000000000,0.002410050000,0.000061512000,202.009815,0,400latency_llmop_bert_bert-7b-proxy_260_layer18_attn_residual_baseline_metrics.csv,400latency_llmop_bert_bert-7b-proxy_260_layer18_attn_residual_baseline_out.stdout
bert,bert-7b-proxy,baseline,261,layer18_norm1,0.000042373000,0.000000000000,0.001627379000,0.000041957000,200.021044,0,400latency_llmop_bert_bert-7b-proxy_261_layer18_norm1_baseline_metrics.csv,400latency_llmop_bert_bert-7b-proxy_261_layer18_norm1_baseline_out.stdout
bert,bert-7b-proxy,baseline,262,layer18_mlp_fc1,0.069843487000,0.000000000000,1.389417989000,0.069648357000,13342.473172,0,400latency_llmop_bert_bert-7b-proxy_262_layer18_mlp_fc1_baseline_metrics.csv,400latency_llmop_bert_bert-7b-proxy_262_layer18_mlp_fc1_baseline_out.stdout
bert,bert-7b-proxy,baseline,263,layer18_mlp_gelu,0.000051013000,0.000000000000,0.000854354000,0.000047410000,475.028039,0,400latency_llmop_bert_bert-7b-proxy_263_layer18_mlp_gelu_baseline_metrics.csv,400latency_llmop_bert_bert-7b-proxy_263_layer18_mlp_gelu_baseline_out.stdout
bert,bert-7b-proxy,baseline,264,layer18_mlp_fc2,0.245186690000,0.000000000000,1.352862512000,0.245183495000,31131.150438,0,400latency_llmop_bert_bert-7b-proxy_264_layer18_mlp_fc2_baseline_metrics.csv,400latency_llmop_bert_bert-7b-proxy_264_layer18_mlp_fc2_baseline_out.stdout
bert,bert-7b-proxy,baseline,265,layer18_mlp_residual,0.000061852000,0.000000000000,0.002410050000,0.000061512000,202.009815,0,400latency_llmop_bert_bert-7b-proxy_265_layer18_mlp_residual_baseline_metrics.csv,400latency_llmop_bert_bert-7b-proxy_265_layer18_mlp_residual_baseline_out.stdout
bert,bert-7b-proxy,baseline,266,layer18_norm2,0.000042373000,0.000000000000,0.001627379000,0.000041957000,200.021044,0,400latency_llmop_bert_bert-7b-proxy_266_layer18_norm2_baseline_metrics.csv,400latency_llmop_bert_bert-7b-proxy_266_layer18_norm2_baseline_out.stdout
bert,bert-7b-proxy,baseline,267,layer19_attn_q,0.044575897000,0.000000000000,1.346494750000,0.044571111000,13360.485918,0,400latency_llmop_bert_bert-7b-proxy_267_layer19_attn_q_baseline_metrics.csv,400latency_llmop_bert_bert-7b-proxy_267_layer19_attn_q_baseline_out.stdout
bert,bert-7b-proxy,baseline,268,layer19_attn_k,0.044575897000,0.000000000000,1.346494750000,0.044571111000,13360.485918,0,400latency_llmop_bert_bert-7b-proxy_268_layer19_attn_k_baseline_metrics.csv,400latency_llmop_bert_bert-7b-proxy_268_layer19_attn_k_baseline_out.stdout
bert,bert-7b-proxy,baseline,269,layer19_attn_v,0.044575897000,0.000000000000,1.346494750000,0.044571111000,13360.485918,0,400latency_llmop_bert_bert-7b-proxy_269_layer19_attn_v_baseline_metrics.csv,400latency_llmop_bert_bert-7b-proxy_269_layer19_attn_v_baseline_out.stdout
bert,bert-7b-proxy,baseline,270,layer19_attn_score,0.012797080000,0.000000000000,0.492821651000,0.012795327000,2364.105110,0,400latency_llmop_bert_bert-7b-proxy_270_layer19_attn_score_baseline_metrics.csv,400latency_llmop_bert_bert-7b-proxy_270_layer19_attn_score_baseline_out.stdout
bert,bert-7b-proxy,baseline,271,layer19_attn_softmax,0.000017830688,0.000000000000,0.000229459000,0.000017028000,36.007330,0,400latency_llmop_bert_bert-7b-proxy_271_layer19_attn_softmax_baseline_metrics.csv,400latency_llmop_bert_bert-7b-proxy_271_layer19_attn_softmax_baseline_out.stdout
bert,bert-7b-proxy,baseline,272,layer19_attn_value,0.003037320000,0.000000000000,0.072386024000,0.003033340000,18024.687200,0,400latency_llmop_bert_bert-7b-proxy_272_layer19_attn_value_baseline_metrics.csv,400latency_llmop_bert_bert-7b-proxy_272_layer19_attn_value_baseline_out.stdout
bert,bert-7b-proxy,baseline,273,layer19_attn_out,0.044575897000,0.000000000000,1.346494750000,0.044571111000,13360.485918,0,400latency_llmop_bert_bert-7b-proxy_273_layer19_attn_out_baseline_metrics.csv,400latency_llmop_bert_bert-7b-proxy_273_layer19_attn_out_baseline_out.stdout
bert,bert-7b-proxy,baseline,274,layer19_attn_residual,0.000061852000,0.000000000000,0.002410050000,0.000061512000,202.009815,0,400latency_llmop_bert_bert-7b-proxy_274_layer19_attn_residual_baseline_metrics.csv,400latency_llmop_bert_bert-7b-proxy_274_layer19_attn_residual_baseline_out.stdout
bert,bert-7b-proxy,baseline,275,layer19_norm1,0.000042373000,0.000000000000,0.001627379000,0.000041957000,200.021044,0,400latency_llmop_bert_bert-7b-proxy_275_layer19_norm1_baseline_metrics.csv,400latency_llmop_bert_bert-7b-proxy_275_layer19_norm1_baseline_out.stdout
bert,bert-7b-proxy,baseline,276,layer19_mlp_fc1,0.069843487000,0.000000000000,1.389417989000,0.069648357000,13342.473172,0,400latency_llmop_bert_bert-7b-proxy_276_layer19_mlp_fc1_baseline_metrics.csv,400latency_llmop_bert_bert-7b-proxy_276_layer19_mlp_fc1_baseline_out.stdout
bert,bert-7b-proxy,baseline,277,layer19_mlp_gelu,0.000051013000,0.000000000000,0.000854354000,0.000047410000,475.028039,0,400latency_llmop_bert_bert-7b-proxy_277_layer19_mlp_gelu_baseline_metrics.csv,400latency_llmop_bert_bert-7b-proxy_277_layer19_mlp_gelu_baseline_out.stdout
bert,bert-7b-proxy,baseline,278,layer19_mlp_fc2,0.245186690000,0.000000000000,1.352862512000,0.245183495000,31131.150438,0,400latency_llmop_bert_bert-7b-proxy_278_layer19_mlp_fc2_baseline_metrics.csv,400latency_llmop_bert_bert-7b-proxy_278_layer19_mlp_fc2_baseline_out.stdout
bert,bert-7b-proxy,baseline,279,layer19_mlp_residual,0.000061852000,0.000000000000,0.002410050000,0.000061512000,202.009815,0,400latency_llmop_bert_bert-7b-proxy_279_layer19_mlp_residual_baseline_metrics.csv,400latency_llmop_bert_bert-7b-proxy_279_layer19_mlp_residual_baseline_out.stdout
bert,bert-7b-proxy,baseline,280,layer19_norm2,0.000042373000,0.000000000000,0.001627379000,0.000041957000,200.021044,0,400latency_llmop_bert_bert-7b-proxy_280_layer19_norm2_baseline_metrics.csv,400latency_llmop_bert_bert-7b-proxy_280_layer19_norm2_baseline_out.stdout
bert,bert-7b-proxy,baseline,281,layer20_attn_q,0.044575897000,0.000000000000,1.346494750000,0.044571111000,13360.485918,0,400latency_llmop_bert_bert-7b-proxy_281_layer20_attn_q_baseline_metrics.csv,400latency_llmop_bert_bert-7b-proxy_281_layer20_attn_q_baseline_out.stdout
bert,bert-7b-proxy,baseline,282,layer20_attn_k,0.044575897000,0.000000000000,1.346494750000,0.044571111000,13360.485918,0,400latency_llmop_bert_bert-7b-proxy_282_layer20_attn_k_baseline_metrics.csv,400latency_llmop_bert_bert-7b-proxy_282_layer20_attn_k_baseline_out.stdout
bert,bert-7b-proxy,baseline,283,layer20_attn_v,0.044575897000,0.000000000000,1.346494750000,0.044571111000,13360.485918,0,400latency_llmop_bert_bert-7b-proxy_283_layer20_attn_v_baseline_metrics.csv,400latency_llmop_bert_bert-7b-proxy_283_layer20_attn_v_baseline_out.stdout
bert,bert-7b-proxy,baseline,284,layer20_attn_score,0.012797080000,0.000000000000,0.492821651000,0.012795327000,2364.105110,0,400latency_llmop_bert_bert-7b-proxy_284_layer20_attn_score_baseline_metrics.csv,400latency_llmop_bert_bert-7b-proxy_284_layer20_attn_score_baseline_out.stdout
bert,bert-7b-proxy,baseline,285,layer20_attn_softmax,0.000017830688,0.000000000000,0.000229459000,0.000017028000,36.007330,0,400latency_llmop_bert_bert-7b-proxy_285_layer20_attn_softmax_baseline_metrics.csv,400latency_llmop_bert_bert-7b-proxy_285_layer20_attn_softmax_baseline_out.stdout
bert,bert-7b-proxy,baseline,286,layer20_attn_value,0.003037320000,0.000000000000,0.072386024000,0.003033340000,18024.687200,0,400latency_llmop_bert_bert-7b-proxy_286_layer20_attn_value_baseline_metrics.csv,400latency_llmop_bert_bert-7b-proxy_286_layer20_attn_value_baseline_out.stdout
bert,bert-7b-proxy,baseline,287,layer20_attn_out,0.044575897000,0.000000000000,1.346494750000,0.044571111000,13360.485918,0,400latency_llmop_bert_bert-7b-proxy_287_layer20_attn_out_baseline_metrics.csv,400latency_llmop_bert_bert-7b-proxy_287_layer20_attn_out_baseline_out.stdout
bert,bert-7b-proxy,baseline,288,layer20_attn_residual,0.000061852000,0.000000000000,0.002410050000,0.000061512000,202.009815,0,400latency_llmop_bert_bert-7b-proxy_288_layer20_attn_residual_baseline_metrics.csv,400latency_llmop_bert_bert-7b-proxy_288_layer20_attn_residual_baseline_out.stdout
bert,bert-7b-proxy,baseline,289,layer20_norm1,0.000042373000,0.000000000000,0.001627379000,0.000041957000,200.021044,0,400latency_llmop_bert_bert-7b-proxy_289_layer20_norm1_baseline_metrics.csv,400latency_llmop_bert_bert-7b-proxy_289_layer20_norm1_baseline_out.stdout
bert,bert-7b-proxy,baseline,290,layer20_mlp_fc1,0.069843487000,0.000000000000,1.389417989000,0.069648357000,13342.473172,0,400latency_llmop_bert_bert-7b-proxy_290_layer20_mlp_fc1_baseline_metrics.csv,400latency_llmop_bert_bert-7b-proxy_290_layer20_mlp_fc1_baseline_out.stdout
bert,bert-7b-proxy,baseline,291,layer20_mlp_gelu,0.000051013000,0.000000000000,0.000854354000,0.000047410000,475.028039,0,400latency_llmop_bert_bert-7b-proxy_291_layer20_mlp_gelu_baseline_metrics.csv,400latency_llmop_bert_bert-7b-proxy_291_layer20_mlp_gelu_baseline_out.stdout
bert,bert-7b-proxy,baseline,292,layer20_mlp_fc2,0.245186690000,0.000000000000,1.352862512000,0.245183495000,31131.150438,0,400latency_llmop_bert_bert-7b-proxy_292_layer20_mlp_fc2_baseline_metrics.csv,400latency_llmop_bert_bert-7b-proxy_292_layer20_mlp_fc2_baseline_out.stdout
bert,bert-7b-proxy,baseline,293,layer20_mlp_residual,0.000061852000,0.000000000000,0.002410050000,0.000061512000,202.009815,0,400latency_llmop_bert_bert-7b-proxy_293_layer20_mlp_residual_baseline_metrics.csv,400latency_llmop_bert_bert-7b-proxy_293_layer20_mlp_residual_baseline_out.stdout
bert,bert-7b-proxy,baseline,294,layer20_norm2,0.000042373000,0.000000000000,0.001627379000,0.000041957000,200.021044,0,400latency_llmop_bert_bert-7b-proxy_294_layer20_norm2_baseline_metrics.csv,400latency_llmop_bert_bert-7b-proxy_294_layer20_norm2_baseline_out.stdout
bert,bert-7b-proxy,baseline,295,layer21_attn_q,0.044575897000,0.000000000000,1.346494750000,0.044571111000,13360.485918,0,400latency_llmop_bert_bert-7b-proxy_295_layer21_attn_q_baseline_metrics.csv,400latency_llmop_bert_bert-7b-proxy_295_layer21_attn_q_baseline_out.stdout
bert,bert-7b-proxy,baseline,296,layer21_attn_k,0.044575897000,0.000000000000,1.346494750000,0.044571111000,13360.485918,0,400latency_llmop_bert_bert-7b-proxy_296_layer21_attn_k_baseline_metrics.csv,400latency_llmop_bert_bert-7b-proxy_296_layer21_attn_k_baseline_out.stdout
bert,bert-7b-proxy,baseline,297,layer21_attn_v,0.044575897000,0.000000000000,1.346494750000,0.044571111000,13360.485918,0,400latency_llmop_bert_bert-7b-proxy_297_layer21_attn_v_baseline_metrics.csv,400latency_llmop_bert_bert-7b-proxy_297_layer21_attn_v_baseline_out.stdout
bert,bert-7b-proxy,baseline,298,layer21_attn_score,0.012797080000,0.000000000000,0.492821651000,0.012795327000,2364.105110,0,400latency_llmop_bert_bert-7b-proxy_298_layer21_attn_score_baseline_metrics.csv,400latency_llmop_bert_bert-7b-proxy_298_layer21_attn_score_baseline_out.stdout
bert,bert-7b-proxy,baseline,299,layer21_attn_softmax,0.000017830688,0.000000000000,0.000229459000,0.000017028000,36.007330,0,400latency_llmop_bert_bert-7b-proxy_299_layer21_attn_softmax_baseline_metrics.csv,400latency_llmop_bert_bert-7b-proxy_299_layer21_attn_softmax_baseline_out.stdout
bert,bert-7b-proxy,baseline,300,layer21_attn_value,0.003037320000,0.000000000000,0.072386024000,0.003033340000,18024.687200,0,400latency_llmop_bert_bert-7b-proxy_300_layer21_attn_value_baseline_metrics.csv,400latency_llmop_bert_bert-7b-proxy_300_layer21_attn_value_baseline_out.stdout
bert,bert-7b-proxy,baseline,301,layer21_attn_out,0.044575897000,0.000000000000,1.346494750000,0.044571111000,13360.485918,0,400latency_llmop_bert_bert-7b-proxy_301_layer21_attn_out_baseline_metrics.csv,400latency_llmop_bert_bert-7b-proxy_301_layer21_attn_out_baseline_out.stdout
bert,bert-7b-proxy,baseline,302,layer21_attn_residual,0.000061852000,0.000000000000,0.002410050000,0.000061512000,202.009815,0,400latency_llmop_bert_bert-7b-proxy_302_layer21_attn_residual_baseline_metrics.csv,400latency_llmop_bert_bert-7b-proxy_302_layer21_attn_residual_baseline_out.stdout
bert,bert-7b-proxy,baseline,303,layer21_norm1,0.000042373000,0.000000000000,0.001627379000,0.000041957000,200.021044,0,400latency_llmop_bert_bert-7b-proxy_303_layer21_norm1_baseline_metrics.csv,400latency_llmop_bert_bert-7b-proxy_303_layer21_norm1_baseline_out.stdout
bert,bert-7b-proxy,baseline,304,layer21_mlp_fc1,0.069843487000,0.000000000000,1.389417989000,0.069648357000,13342.473172,0,400latency_llmop_bert_bert-7b-proxy_304_layer21_mlp_fc1_baseline_metrics.csv,400latency_llmop_bert_bert-7b-proxy_304_layer21_mlp_fc1_baseline_out.stdout
bert,bert-7b-proxy,baseline,305,layer21_mlp_gelu,0.000051013000,0.000000000000,0.000854354000,0.000047410000,475.028039,0,400latency_llmop_bert_bert-7b-proxy_305_layer21_mlp_gelu_baseline_metrics.csv,400latency_llmop_bert_bert-7b-proxy_305_layer21_mlp_gelu_baseline_out.stdout
bert,bert-7b-proxy,baseline,306,layer21_mlp_fc2,0.245186690000,0.000000000000,1.352862512000,0.245183495000,31131.150438,0,400latency_llmop_bert_bert-7b-proxy_306_layer21_mlp_fc2_baseline_metrics.csv,400latency_llmop_bert_bert-7b-proxy_306_layer21_mlp_fc2_baseline_out.stdout
bert,bert-7b-proxy,baseline,307,layer21_mlp_residual,0.000061852000,0.000000000000,0.002410050000,0.000061512000,202.009815,0,400latency_llmop_bert_bert-7b-proxy_307_layer21_mlp_residual_baseline_metrics.csv,400latency_llmop_bert_bert-7b-proxy_307_layer21_mlp_residual_baseline_out.stdout
bert,bert-7b-proxy,baseline,308,layer21_norm2,0.000042373000,0.000000000000,0.001627379000,0.000041957000,200.021044,0,400latency_llmop_bert_bert-7b-proxy_308_layer21_norm2_baseline_metrics.csv,400latency_llmop_bert_bert-7b-proxy_308_layer21_norm2_baseline_out.stdout
bert,bert-7b-proxy,baseline,309,layer22_attn_q,0.044575897000,0.000000000000,1.346494750000,0.044571111000,13360.485918,0,400latency_llmop_bert_bert-7b-proxy_309_layer22_attn_q_baseline_metrics.csv,400latency_llmop_bert_bert-7b-proxy_309_layer22_attn_q_baseline_out.stdout
bert,bert-7b-proxy,baseline,310,layer22_attn_k,0.044575897000,0.000000000000,1.346494750000,0.044571111000,13360.485918,0,400latency_llmop_bert_bert-7b-proxy_310_layer22_attn_k_baseline_metrics.csv,400latency_llmop_bert_bert-7b-proxy_310_layer22_attn_k_baseline_out.stdout
bert,bert-7b-proxy,baseline,311,layer22_attn_v,0.044575897000,0.000000000000,1.346494750000,0.044571111000,13360.485918,0,400latency_llmop_bert_bert-7b-proxy_311_layer22_attn_v_baseline_metrics.csv,400latency_llmop_bert_bert-7b-proxy_311_layer22_attn_v_baseline_out.stdout
bert,bert-7b-proxy,baseline,312,layer22_attn_score,0.012797080000,0.000000000000,0.492821651000,0.012795327000,2364.105110,0,400latency_llmop_bert_bert-7b-proxy_312_layer22_attn_score_baseline_metrics.csv,400latency_llmop_bert_bert-7b-proxy_312_layer22_attn_score_baseline_out.stdout
bert,bert-7b-proxy,baseline,313,layer22_attn_softmax,0.000017830688,0.000000000000,0.000229459000,0.000017028000,36.007330,0,400latency_llmop_bert_bert-7b-proxy_313_layer22_attn_softmax_baseline_metrics.csv,400latency_llmop_bert_bert-7b-proxy_313_layer22_attn_softmax_baseline_out.stdout
bert,bert-7b-proxy,baseline,314,layer22_attn_value,0.003037320000,0.000000000000,0.072386024000,0.003033340000,18024.687200,0,400latency_llmop_bert_bert-7b-proxy_314_layer22_attn_value_baseline_metrics.csv,400latency_llmop_bert_bert-7b-proxy_314_layer22_attn_value_baseline_out.stdout
bert,bert-7b-proxy,baseline,315,layer22_attn_out,0.044575897000,0.000000000000,1.346494750000,0.044571111000,13360.485918,0,400latency_llmop_bert_bert-7b-proxy_315_layer22_attn_out_baseline_metrics.csv,400latency_llmop_bert_bert-7b-proxy_315_layer22_attn_out_baseline_out.stdout
bert,bert-7b-proxy,baseline,316,layer22_attn_residual,0.000061852000,0.000000000000,0.002410050000,0.000061512000,202.009815,0,400latency_llmop_bert_bert-7b-proxy_316_layer22_attn_residual_baseline_metrics.csv,400latency_llmop_bert_bert-7b-proxy_316_layer22_attn_residual_baseline_out.stdout
bert,bert-7b-proxy,baseline,317,layer22_norm1,0.000042373000,0.000000000000,0.001627379000,0.000041957000,200.021044,0,400latency_llmop_bert_bert-7b-proxy_317_layer22_norm1_baseline_metrics.csv,400latency_llmop_bert_bert-7b-proxy_317_layer22_norm1_baseline_out.stdout
bert,bert-7b-proxy,baseline,318,layer22_mlp_fc1,0.069843487000,0.000000000000,1.389417989000,0.069648357000,13342.473172,0,400latency_llmop_bert_bert-7b-proxy_318_layer22_mlp_fc1_baseline_metrics.csv,400latency_llmop_bert_bert-7b-proxy_318_layer22_mlp_fc1_baseline_out.stdout
bert,bert-7b-proxy,baseline,319,layer22_mlp_gelu,0.000051013000,0.000000000000,0.000854354000,0.000047410000,475.028039,0,400latency_llmop_bert_bert-7b-proxy_319_layer22_mlp_gelu_baseline_metrics.csv,400latency_llmop_bert_bert-7b-proxy_319_layer22_mlp_gelu_baseline_out.stdout
bert,bert-7b-proxy,baseline,320,layer22_mlp_fc2,0.245186690000,0.000000000000,1.352862512000,0.245183495000,31131.150438,0,400latency_llmop_bert_bert-7b-proxy_320_layer22_mlp_fc2_baseline_metrics.csv,400latency_llmop_bert_bert-7b-proxy_320_layer22_mlp_fc2_baseline_out.stdout
bert,bert-7b-proxy,baseline,321,layer22_mlp_residual,0.000061852000,0.000000000000,0.002410050000,0.000061512000,202.009815,0,400latency_llmop_bert_bert-7b-proxy_321_layer22_mlp_residual_baseline_metrics.csv,400latency_llmop_bert_bert-7b-proxy_321_layer22_mlp_residual_baseline_out.stdout
bert,bert-7b-proxy,baseline,322,layer22_norm2,0.000042373000,0.000000000000,0.001627379000,0.000041957000,200.021044,0,400latency_llmop_bert_bert-7b-proxy_322_layer22_norm2_baseline_metrics.csv,400latency_llmop_bert_bert-7b-proxy_322_layer22_norm2_baseline_out.stdout
bert,bert-7b-proxy,baseline,323,layer23_attn_q,0.044575897000,0.000000000000,1.346494750000,0.044571111000,13360.485918,0,400latency_llmop_bert_bert-7b-proxy_323_layer23_attn_q_baseline_metrics.csv,400latency_llmop_bert_bert-7b-proxy_323_layer23_attn_q_baseline_out.stdout
bert,bert-7b-proxy,baseline,324,layer23_attn_k,0.044575897000,0.000000000000,1.346494750000,0.044571111000,13360.485918,0,400latency_llmop_bert_bert-7b-proxy_324_layer23_attn_k_baseline_metrics.csv,400latency_llmop_bert_bert-7b-proxy_324_layer23_attn_k_baseline_out.stdout
bert,bert-7b-proxy,baseline,325,layer23_attn_v,0.044575897000,0.000000000000,1.346494750000,0.044571111000,13360.485918,0,400latency_llmop_bert_bert-7b-proxy_325_layer23_attn_v_baseline_metrics.csv,400latency_llmop_bert_bert-7b-proxy_325_layer23_attn_v_baseline_out.stdout
bert,bert-7b-proxy,baseline,326,layer23_attn_score,0.012797080000,0.000000000000,0.492821651000,0.012795327000,2364.105110,0,400latency_llmop_bert_bert-7b-proxy_326_layer23_attn_score_baseline_metrics.csv,400latency_llmop_bert_bert-7b-proxy_326_layer23_attn_score_baseline_out.stdout
bert,bert-7b-proxy,baseline,327,layer23_attn_softmax,0.000017830688,0.000000000000,0.000229459000,0.000017028000,36.007330,0,400latency_llmop_bert_bert-7b-proxy_327_layer23_attn_softmax_baseline_metrics.csv,400latency_llmop_bert_bert-7b-proxy_327_layer23_attn_softmax_baseline_out.stdout
bert,bert-7b-proxy,baseline,328,layer23_attn_value,0.003037320000,0.000000000000,0.072386024000,0.003033340000,18024.687200,0,400latency_llmop_bert_bert-7b-proxy_328_layer23_attn_value_baseline_metrics.csv,400latency_llmop_bert_bert-7b-proxy_328_layer23_attn_value_baseline_out.stdout
bert,bert-7b-proxy,baseline,329,layer23_attn_out,0.044575897000,0.000000000000,1.346494750000,0.044571111000,13360.485918,0,400latency_llmop_bert_bert-7b-proxy_329_layer23_attn_out_baseline_metrics.csv,400latency_llmop_bert_bert-7b-proxy_329_layer23_attn_out_baseline_out.stdout
bert,bert-7b-proxy,baseline,330,layer23_attn_residual,0.000061852000,0.000000000000,0.002410050000,0.000061512000,202.009815,0,400latency_llmop_bert_bert-7b-proxy_330_layer23_attn_residual_baseline_metrics.csv,400latency_llmop_bert_bert-7b-proxy_330_layer23_attn_residual_baseline_out.stdout
bert,bert-7b-proxy,baseline,331,layer23_norm1,0.000042373000,0.000000000000,0.001627379000,0.000041957000,200.021044,0,400latency_llmop_bert_bert-7b-proxy_331_layer23_norm1_baseline_metrics.csv,400latency_llmop_bert_bert-7b-proxy_331_layer23_norm1_baseline_out.stdout
bert,bert-7b-proxy,baseline,332,layer23_mlp_fc1,0.069843487000,0.000000000000,1.389417989000,0.069648357000,13342.473172,0,400latency_llmop_bert_bert-7b-proxy_332_layer23_mlp_fc1_baseline_metrics.csv,400latency_llmop_bert_bert-7b-proxy_332_layer23_mlp_fc1_baseline_out.stdout
bert,bert-7b-proxy,baseline,333,layer23_mlp_gelu,0.000051013000,0.000000000000,0.000854354000,0.000047410000,475.028039,0,400latency_llmop_bert_bert-7b-proxy_333_layer23_mlp_gelu_baseline_metrics.csv,400latency_llmop_bert_bert-7b-proxy_333_layer23_mlp_gelu_baseline_out.stdout
bert,bert-7b-proxy,baseline,334,layer23_mlp_fc2,0.245186690000,0.000000000000,1.352862512000,0.245183495000,31131.150438,0,400latency_llmop_bert_bert-7b-proxy_334_layer23_mlp_fc2_baseline_metrics.csv,400latency_llmop_bert_bert-7b-proxy_334_layer23_mlp_fc2_baseline_out.stdout
bert,bert-7b-proxy,baseline,335,layer23_mlp_residual,0.000061852000,0.000000000000,0.002410050000,0.000061512000,202.009815,0,400latency_llmop_bert_bert-7b-proxy_335_layer23_mlp_residual_baseline_metrics.csv,400latency_llmop_bert_bert-7b-proxy_335_layer23_mlp_residual_baseline_out.stdout
bert,bert-7b-proxy,baseline,336,layer23_norm2,0.000042373000,0.000000000000,0.001627379000,0.000041957000,200.021044,0,400latency_llmop_bert_bert-7b-proxy_336_layer23_norm2_baseline_metrics.csv,400latency_llmop_bert_bert-7b-proxy_336_layer23_norm2_baseline_out.stdout
bert,bert-7b-proxy,baseline,337,layer24_attn_q,0.044575897000,0.000000000000,1.346494750000,0.044571111000,13360.485918,0,400latency_llmop_bert_bert-7b-proxy_337_layer24_attn_q_baseline_metrics.csv,400latency_llmop_bert_bert-7b-proxy_337_layer24_attn_q_baseline_out.stdout
bert,bert-7b-proxy,baseline,338,layer24_attn_k,0.044575897000,0.000000000000,1.346494750000,0.044571111000,13360.485918,0,400latency_llmop_bert_bert-7b-proxy_338_layer24_attn_k_baseline_metrics.csv,400latency_llmop_bert_bert-7b-proxy_338_layer24_attn_k_baseline_out.stdout
bert,bert-7b-proxy,baseline,339,layer24_attn_v,0.044575897000,0.000000000000,1.346494750000,0.044571111000,13360.485918,0,400latency_llmop_bert_bert-7b-proxy_339_layer24_attn_v_baseline_metrics.csv,400latency_llmop_bert_bert-7b-proxy_339_layer24_attn_v_baseline_out.stdout
bert,bert-7b-proxy,baseline,340,layer24_attn_score,0.012797080000,0.000000000000,0.492821651000,0.012795327000,2364.105110,0,400latency_llmop_bert_bert-7b-proxy_340_layer24_attn_score_baseline_metrics.csv,400latency_llmop_bert_bert-7b-proxy_340_layer24_attn_score_baseline_out.stdout
bert,bert-7b-proxy,baseline,341,layer24_attn_softmax,0.000017830688,0.000000000000,0.000229459000,0.000017028000,36.007330,0,400latency_llmop_bert_bert-7b-proxy_341_layer24_attn_softmax_baseline_metrics.csv,400latency_llmop_bert_bert-7b-proxy_341_layer24_attn_softmax_baseline_out.stdout
bert,bert-7b-proxy,baseline,342,layer24_attn_value,0.003037320000,0.000000000000,0.072386024000,0.003033340000,18024.687200,0,400latency_llmop_bert_bert-7b-proxy_342_layer24_attn_value_baseline_metrics.csv,400latency_llmop_bert_bert-7b-proxy_342_layer24_attn_value_baseline_out.stdout
bert,bert-7b-proxy,baseline,343,layer24_attn_out,0.044575897000,0.000000000000,1.346494750000,0.044571111000,13360.485918,0,400latency_llmop_bert_bert-7b-proxy_343_layer24_attn_out_baseline_metrics.csv,400latency_llmop_bert_bert-7b-proxy_343_layer24_attn_out_baseline_out.stdout
bert,bert-7b-proxy,baseline,344,layer24_attn_residual,0.000061852000,0.000000000000,0.002410050000,0.000061512000,202.009815,0,400latency_llmop_bert_bert-7b-proxy_344_layer24_attn_residual_baseline_metrics.csv,400latency_llmop_bert_bert-7b-proxy_344_layer24_attn_residual_baseline_out.stdout
bert,bert-7b-proxy,baseline,345,layer24_norm1,0.000042373000,0.000000000000,0.001627379000,0.000041957000,200.021044,0,400latency_llmop_bert_bert-7b-proxy_345_layer24_norm1_baseline_metrics.csv,400latency_llmop_bert_bert-7b-proxy_345_layer24_norm1_baseline_out.stdout
bert,bert-7b-proxy,baseline,346,layer24_mlp_fc1,0.069843487000,0.000000000000,1.389417989000,0.069648357000,13342.473172,0,400latency_llmop_bert_bert-7b-proxy_346_layer24_mlp_fc1_baseline_metrics.csv,400latency_llmop_bert_bert-7b-proxy_346_layer24_mlp_fc1_baseline_out.stdout
bert,bert-7b-proxy,baseline,347,layer24_mlp_gelu,0.000051013000,0.000000000000,0.000854354000,0.000047410000,475.028039,0,400latency_llmop_bert_bert-7b-proxy_347_layer24_mlp_gelu_baseline_metrics.csv,400latency_llmop_bert_bert-7b-proxy_347_layer24_mlp_gelu_baseline_out.stdout
bert,bert-7b-proxy,baseline,348,layer24_mlp_fc2,0.245186690000,0.000000000000,1.352862512000,0.245183495000,31131.150438,0,400latency_llmop_bert_bert-7b-proxy_348_layer24_mlp_fc2_baseline_metrics.csv,400latency_llmop_bert_bert-7b-proxy_348_layer24_mlp_fc2_baseline_out.stdout
bert,bert-7b-proxy,baseline,349,layer24_mlp_residual,0.000061852000,0.000000000000,0.002410050000,0.000061512000,202.009815,0,400latency_llmop_bert_bert-7b-proxy_349_layer24_mlp_residual_baseline_metrics.csv,400latency_llmop_bert_bert-7b-proxy_349_layer24_mlp_residual_baseline_out.stdout
bert,bert-7b-proxy,baseline,350,layer24_norm2,0.000042373000,0.000000000000,0.001627379000,0.000041957000,200.021044,0,400latency_llmop_bert_bert-7b-proxy_350_layer24_norm2_baseline_metrics.csv,400latency_llmop_bert_bert-7b-proxy_350_layer24_norm2_baseline_out.stdout
bert,bert-7b-proxy,baseline,351,layer25_attn_q,0.044575897000,0.000000000000,1.346494750000,0.044571111000,13360.485918,0,400latency_llmop_bert_bert-7b-proxy_351_layer25_attn_q_baseline_metrics.csv,400latency_llmop_bert_bert-7b-proxy_351_layer25_attn_q_baseline_out.stdout
bert,bert-7b-proxy,baseline,352,layer25_attn_k,0.044575897000,0.000000000000,1.346494750000,0.044571111000,13360.485918,0,400latency_llmop_bert_bert-7b-proxy_352_layer25_attn_k_baseline_metrics.csv,400latency_llmop_bert_bert-7b-proxy_352_layer25_attn_k_baseline_out.stdout
bert,bert-7b-proxy,baseline,353,layer25_attn_v,0.044575897000,0.000000000000,1.346494750000,0.044571111000,13360.485918,0,400latency_llmop_bert_bert-7b-proxy_353_layer25_attn_v_baseline_metrics.csv,400latency_llmop_bert_bert-7b-proxy_353_layer25_attn_v_baseline_out.stdout
bert,bert-7b-proxy,baseline,354,layer25_attn_score,0.012797080000,0.000000000000,0.492821651000,0.012795327000,2364.105110,0,400latency_llmop_bert_bert-7b-proxy_354_layer25_attn_score_baseline_metrics.csv,400latency_llmop_bert_bert-7b-proxy_354_layer25_attn_score_baseline_out.stdout
bert,bert-7b-proxy,baseline,355,layer25_attn_softmax,0.000017830688,0.000000000000,0.000229459000,0.000017028000,36.007330,0,400latency_llmop_bert_bert-7b-proxy_355_layer25_attn_softmax_baseline_metrics.csv,400latency_llmop_bert_bert-7b-proxy_355_layer25_attn_softmax_baseline_out.stdout
bert,bert-7b-proxy,baseline,356,layer25_attn_value,0.003037320000,0.000000000000,0.072386024000,0.003033340000,18024.687200,0,400latency_llmop_bert_bert-7b-proxy_356_layer25_attn_value_baseline_metrics.csv,400latency_llmop_bert_bert-7b-proxy_356_layer25_attn_value_baseline_out.stdout
bert,bert-7b-proxy,baseline,357,layer25_attn_out,0.044575897000,0.000000000000,1.346494750000,0.044571111000,13360.485918,0,400latency_llmop_bert_bert-7b-proxy_357_layer25_attn_out_baseline_metrics.csv,400latency_llmop_bert_bert-7b-proxy_357_layer25_attn_out_baseline_out.stdout
bert,bert-7b-proxy,baseline,358,layer25_attn_residual,0.000061852000,0.000000000000,0.002410050000,0.000061512000,202.009815,0,400latency_llmop_bert_bert-7b-proxy_358_layer25_attn_residual_baseline_metrics.csv,400latency_llmop_bert_bert-7b-proxy_358_layer25_attn_residual_baseline_out.stdout
bert,bert-7b-proxy,baseline,359,layer25_norm1,0.000042373000,0.000000000000,0.001627379000,0.000041957000,200.021044,0,400latency_llmop_bert_bert-7b-proxy_359_layer25_norm1_baseline_metrics.csv,400latency_llmop_bert_bert-7b-proxy_359_layer25_norm1_baseline_out.stdout
bert,bert-7b-proxy,baseline,360,layer25_mlp_fc1,0.069843487000,0.000000000000,1.389417989000,0.069648357000,13342.473172,0,400latency_llmop_bert_bert-7b-proxy_360_layer25_mlp_fc1_baseline_metrics.csv,400latency_llmop_bert_bert-7b-proxy_360_layer25_mlp_fc1_baseline_out.stdout
bert,bert-7b-proxy,baseline,361,layer25_mlp_gelu,0.000051013000,0.000000000000,0.000854354000,0.000047410000,475.028039,0,400latency_llmop_bert_bert-7b-proxy_361_layer25_mlp_gelu_baseline_metrics.csv,400latency_llmop_bert_bert-7b-proxy_361_layer25_mlp_gelu_baseline_out.stdout
bert,bert-7b-proxy,baseline,362,layer25_mlp_fc2,0.245186690000,0.000000000000,1.352862512000,0.245183495000,31131.150438,0,400latency_llmop_bert_bert-7b-proxy_362_layer25_mlp_fc2_baseline_metrics.csv,400latency_llmop_bert_bert-7b-proxy_362_layer25_mlp_fc2_baseline_out.stdout
bert,bert-7b-proxy,baseline,363,layer25_mlp_residual,0.000061852000,0.000000000000,0.002410050000,0.000061512000,202.009815,0,400latency_llmop_bert_bert-7b-proxy_363_layer25_mlp_residual_baseline_metrics.csv,400latency_llmop_bert_bert-7b-proxy_363_layer25_mlp_residual_baseline_out.stdout
bert,bert-7b-proxy,baseline,364,layer25_norm2,0.000042373000,0.000000000000,0.001627379000,0.000041957000,200.021044,0,400latency_llmop_bert_bert-7b-proxy_364_layer25_norm2_baseline_metrics.csv,400latency_llmop_bert_bert-7b-proxy_364_layer25_norm2_baseline_out.stdout
bert,bert-7b-proxy,baseline,365,layer26_attn_q,0.044575897000,0.000000000000,1.346494750000,0.044571111000,13360.485918,0,400latency_llmop_bert_bert-7b-proxy_365_layer26_attn_q_baseline_metrics.csv,400latency_llmop_bert_bert-7b-proxy_365_layer26_attn_q_baseline_out.stdout
bert,bert-7b-proxy,baseline,366,layer26_attn_k,0.044575897000,0.000000000000,1.346494750000,0.044571111000,13360.485918,0,400latency_llmop_bert_bert-7b-proxy_366_layer26_attn_k_baseline_metrics.csv,400latency_llmop_bert_bert-7b-proxy_366_layer26_attn_k_baseline_out.stdout
bert,bert-7b-proxy,baseline,367,layer26_attn_v,0.044575897000,0.000000000000,1.346494750000,0.044571111000,13360.485918,0,400latency_llmop_bert_bert-7b-proxy_367_layer26_attn_v_baseline_metrics.csv,400latency_llmop_bert_bert-7b-proxy_367_layer26_attn_v_baseline_out.stdout
bert,bert-7b-proxy,baseline,368,layer26_attn_score,0.012797080000,0.000000000000,0.492821651000,0.012795327000,2364.105110,0,400latency_llmop_bert_bert-7b-proxy_368_layer26_attn_score_baseline_metrics.csv,400latency_llmop_bert_bert-7b-proxy_368_layer26_attn_score_baseline_out.stdout
bert,bert-7b-proxy,baseline,369,layer26_attn_softmax,0.000017830688,0.000000000000,0.000229459000,0.000017028000,36.007330,0,400latency_llmop_bert_bert-7b-proxy_369_layer26_attn_softmax_baseline_metrics.csv,400latency_llmop_bert_bert-7b-proxy_369_layer26_attn_softmax_baseline_out.stdout
bert,bert-7b-proxy,baseline,370,layer26_attn_value,0.003037320000,0.000000000000,0.072386024000,0.003033340000,18024.687200,0,400latency_llmop_bert_bert-7b-proxy_370_layer26_attn_value_baseline_metrics.csv,400latency_llmop_bert_bert-7b-proxy_370_layer26_attn_value_baseline_out.stdout
bert,bert-7b-proxy,baseline,371,layer26_attn_out,0.044575897000,0.000000000000,1.346494750000,0.044571111000,13360.485918,0,400latency_llmop_bert_bert-7b-proxy_371_layer26_attn_out_baseline_metrics.csv,400latency_llmop_bert_bert-7b-proxy_371_layer26_attn_out_baseline_out.stdout
bert,bert-7b-proxy,baseline,372,layer26_attn_residual,0.000061852000,0.000000000000,0.002410050000,0.000061512000,202.009815,0,400latency_llmop_bert_bert-7b-proxy_372_layer26_attn_residual_baseline_metrics.csv,400latency_llmop_bert_bert-7b-proxy_372_layer26_attn_residual_baseline_out.stdout
bert,bert-7b-proxy,baseline,373,layer26_norm1,0.000042373000,0.000000000000,0.001627379000,0.000041957000,200.021044,0,400latency_llmop_bert_bert-7b-proxy_373_layer26_norm1_baseline_metrics.csv,400latency_llmop_bert_bert-7b-proxy_373_layer26_norm1_baseline_out.stdout
bert,bert-7b-proxy,baseline,374,layer26_mlp_fc1,0.069843487000,0.000000000000,1.389417989000,0.069648357000,13342.473172,0,400latency_llmop_bert_bert-7b-proxy_374_layer26_mlp_fc1_baseline_metrics.csv,400latency_llmop_bert_bert-7b-proxy_374_layer26_mlp_fc1_baseline_out.stdout
bert,bert-7b-proxy,baseline,375,layer26_mlp_gelu,0.000051013000,0.000000000000,0.000854354000,0.000047410000,475.028039,0,400latency_llmop_bert_bert-7b-proxy_375_layer26_mlp_gelu_baseline_metrics.csv,400latency_llmop_bert_bert-7b-proxy_375_layer26_mlp_gelu_baseline_out.stdout
bert,bert-7b-proxy,baseline,376,layer26_mlp_fc2,0.245186690000,0.000000000000,1.352862512000,0.245183495000,31131.150438,0,400latency_llmop_bert_bert-7b-proxy_376_layer26_mlp_fc2_baseline_metrics.csv,400latency_llmop_bert_bert-7b-proxy_376_layer26_mlp_fc2_baseline_out.stdout
bert,bert-7b-proxy,baseline,377,layer26_mlp_residual,0.000061852000,0.000000000000,0.002410050000,0.000061512000,202.009815,0,400latency_llmop_bert_bert-7b-proxy_377_layer26_mlp_residual_baseline_metrics.csv,400latency_llmop_bert_bert-7b-proxy_377_layer26_mlp_residual_baseline_out.stdout
bert,bert-7b-proxy,baseline,378,layer26_norm2,0.000042373000,0.000000000000,0.001627379000,0.000041957000,200.021044,0,400latency_llmop_bert_bert-7b-proxy_378_layer26_norm2_baseline_metrics.csv,400latency_llmop_bert_bert-7b-proxy_378_layer26_norm2_baseline_out.stdout
bert,bert-7b-proxy,baseline,379,layer27_attn_q,0.044575897000,0.000000000000,1.346494750000,0.044571111000,13360.485918,0,400latency_llmop_bert_bert-7b-proxy_379_layer27_attn_q_baseline_metrics.csv,400latency_llmop_bert_bert-7b-proxy_379_layer27_attn_q_baseline_out.stdout
bert,bert-7b-proxy,baseline,380,layer27_attn_k,0.044575897000,0.000000000000,1.346494750000,0.044571111000,13360.485918,0,400latency_llmop_bert_bert-7b-proxy_380_layer27_attn_k_baseline_metrics.csv,400latency_llmop_bert_bert-7b-proxy_380_layer27_attn_k_baseline_out.stdout
bert,bert-7b-proxy,baseline,381,layer27_attn_v,0.044575897000,0.000000000000,1.346494750000,0.044571111000,13360.485918,0,400latency_llmop_bert_bert-7b-proxy_381_layer27_attn_v_baseline_metrics.csv,400latency_llmop_bert_bert-7b-proxy_381_layer27_attn_v_baseline_out.stdout
bert,bert-7b-proxy,baseline,382,layer27_attn_score,0.012797080000,0.000000000000,0.492821651000,0.012795327000,2364.105110,0,400latency_llmop_bert_bert-7b-proxy_382_layer27_attn_score_baseline_metrics.csv,400latency_llmop_bert_bert-7b-proxy_382_layer27_attn_score_baseline_out.stdout
bert,bert-7b-proxy,baseline,383,layer27_attn_softmax,0.000017830688,0.000000000000,0.000229459000,0.000017028000,36.007330,0,400latency_llmop_bert_bert-7b-proxy_383_layer27_attn_softmax_baseline_metrics.csv,400latency_llmop_bert_bert-7b-proxy_383_layer27_attn_softmax_baseline_out.stdout
bert,bert-7b-proxy,baseline,384,layer27_attn_value,0.003037320000,0.000000000000,0.072386024000,0.003033340000,18024.687200,0,400latency_llmop_bert_bert-7b-proxy_384_layer27_attn_value_baseline_metrics.csv,400latency_llmop_bert_bert-7b-proxy_384_layer27_attn_value_baseline_out.stdout
bert,bert-7b-proxy,baseline,385,layer27_attn_out,0.044575897000,0.000000000000,1.346494750000,0.044571111000,13360.485918,0,400latency_llmop_bert_bert-7b-proxy_385_layer27_attn_out_baseline_metrics.csv,400latency_llmop_bert_bert-7b-proxy_385_layer27_attn_out_baseline_out.stdout
bert,bert-7b-proxy,baseline,386,layer27_attn_residual,0.000061852000,0.000000000000,0.002410050000,0.000061512000,202.009815,0,400latency_llmop_bert_bert-7b-proxy_386_layer27_attn_residual_baseline_metrics.csv,400latency_llmop_bert_bert-7b-proxy_386_layer27_attn_residual_baseline_out.stdout
bert,bert-7b-proxy,baseline,387,layer27_norm1,0.000042373000,0.000000000000,0.001627379000,0.000041957000,200.021044,0,400latency_llmop_bert_bert-7b-proxy_387_layer27_norm1_baseline_metrics.csv,400latency_llmop_bert_bert-7b-proxy_387_layer27_norm1_baseline_out.stdout
bert,bert-7b-proxy,baseline,388,layer27_mlp_fc1,0.069843487000,0.000000000000,1.389417989000,0.069648357000,13342.473172,0,400latency_llmop_bert_bert-7b-proxy_388_layer27_mlp_fc1_baseline_metrics.csv,400latency_llmop_bert_bert-7b-proxy_388_layer27_mlp_fc1_baseline_out.stdout
bert,bert-7b-proxy,baseline,389,layer27_mlp_gelu,0.000051013000,0.000000000000,0.000854354000,0.000047410000,475.028039,0,400latency_llmop_bert_bert-7b-proxy_389_layer27_mlp_gelu_baseline_metrics.csv,400latency_llmop_bert_bert-7b-proxy_389_layer27_mlp_gelu_baseline_out.stdout
bert,bert-7b-proxy,baseline,390,layer27_mlp_fc2,0.245186690000,0.000000000000,1.352862512000,0.245183495000,31131.150438,0,400latency_llmop_bert_bert-7b-proxy_390_layer27_mlp_fc2_baseline_metrics.csv,400latency_llmop_bert_bert-7b-proxy_390_layer27_mlp_fc2_baseline_out.stdout
bert,bert-7b-proxy,baseline,391,layer27_mlp_residual,0.000061852000,0.000000000000,0.002410050000,0.000061512000,202.009815,0,400latency_llmop_bert_bert-7b-proxy_391_layer27_mlp_residual_baseline_metrics.csv,400latency_llmop_bert_bert-7b-proxy_391_layer27_mlp_residual_baseline_out.stdout
bert,bert-7b-proxy,baseline,392,layer27_norm2,0.000042373000,0.000000000000,0.001627379000,0.000041957000,200.021044,0,400latency_llmop_bert_bert-7b-proxy_392_layer27_norm2_baseline_metrics.csv,400latency_llmop_bert_bert-7b-proxy_392_layer27_norm2_baseline_out.stdout
bert,bert-7b-proxy,baseline,393,layer28_attn_q,0.044575897000,0.000000000000,1.346494750000,0.044571111000,13360.485918,0,400latency_llmop_bert_bert-7b-proxy_393_layer28_attn_q_baseline_metrics.csv,400latency_llmop_bert_bert-7b-proxy_393_layer28_attn_q_baseline_out.stdout
bert,bert-7b-proxy,baseline,394,layer28_attn_k,0.044575897000,0.000000000000,1.346494750000,0.044571111000,13360.485918,0,400latency_llmop_bert_bert-7b-proxy_394_layer28_attn_k_baseline_metrics.csv,400latency_llmop_bert_bert-7b-proxy_394_layer28_attn_k_baseline_out.stdout
bert,bert-7b-proxy,baseline,395,layer28_attn_v,0.044575897000,0.000000000000,1.346494750000,0.044571111000,13360.485918,0,400latency_llmop_bert_bert-7b-proxy_395_layer28_attn_v_baseline_metrics.csv,400latency_llmop_bert_bert-7b-proxy_395_layer28_attn_v_baseline_out.stdout
bert,bert-7b-proxy,baseline,396,layer28_attn_score,0.012797080000,0.000000000000,0.492821651000,0.012795327000,2364.105110,0,400latency_llmop_bert_bert-7b-proxy_396_layer28_attn_score_baseline_metrics.csv,400latency_llmop_bert_bert-7b-proxy_396_layer28_attn_score_baseline_out.stdout
bert,bert-7b-proxy,baseline,397,layer28_attn_softmax,0.000017830688,0.000000000000,0.000229459000,0.000017028000,36.007330,0,400latency_llmop_bert_bert-7b-proxy_397_layer28_attn_softmax_baseline_metrics.csv,400latency_llmop_bert_bert-7b-proxy_397_layer28_attn_softmax_baseline_out.stdout
bert,bert-7b-proxy,baseline,398,layer28_attn_value,0.003037320000,0.000000000000,0.072386024000,0.003033340000,18024.687200,0,400latency_llmop_bert_bert-7b-proxy_398_layer28_attn_value_baseline_metrics.csv,400latency_llmop_bert_bert-7b-proxy_398_layer28_attn_value_baseline_out.stdout
bert,bert-7b-proxy,baseline,399,layer28_attn_out,0.044575897000,0.000000000000,1.346494750000,0.044571111000,13360.485918,0,400latency_llmop_bert_bert-7b-proxy_399_layer28_attn_out_baseline_metrics.csv,400latency_llmop_bert_bert-7b-proxy_399_layer28_attn_out_baseline_out.stdout
bert,bert-7b-proxy,baseline,400,layer28_attn_residual,0.000061852000,0.000000000000,0.002410050000,0.000061512000,202.009815,0,400latency_llmop_bert_bert-7b-proxy_400_layer28_attn_residual_baseline_metrics.csv,400latency_llmop_bert_bert-7b-proxy_400_layer28_attn_residual_baseline_out.stdout
bert,bert-7b-proxy,baseline,401,layer28_norm1,0.000042373000,0.000000000000,0.001627379000,0.000041957000,200.021044,0,400latency_llmop_bert_bert-7b-proxy_401_layer28_norm1_baseline_metrics.csv,400latency_llmop_bert_bert-7b-proxy_401_layer28_norm1_baseline_out.stdout
bert,bert-7b-proxy,baseline,402,layer28_mlp_fc1,0.069843487000,0.000000000000,1.389417989000,0.069648357000,13342.473172,0,400latency_llmop_bert_bert-7b-proxy_402_layer28_mlp_fc1_baseline_metrics.csv,400latency_llmop_bert_bert-7b-proxy_402_layer28_mlp_fc1_baseline_out.stdout
bert,bert-7b-proxy,baseline,403,layer28_mlp_gelu,0.000051013000,0.000000000000,0.000854354000,0.000047410000,475.028039,0,400latency_llmop_bert_bert-7b-proxy_403_layer28_mlp_gelu_baseline_metrics.csv,400latency_llmop_bert_bert-7b-proxy_403_layer28_mlp_gelu_baseline_out.stdout
bert,bert-7b-proxy,baseline,404,layer28_mlp_fc2,0.245186690000,0.000000000000,1.352862512000,0.245183495000,31131.150438,0,400latency_llmop_bert_bert-7b-proxy_404_layer28_mlp_fc2_baseline_metrics.csv,400latency_llmop_bert_bert-7b-proxy_404_layer28_mlp_fc2_baseline_out.stdout
bert,bert-7b-proxy,baseline,405,layer28_mlp_residual,0.000061852000,0.000000000000,0.002410050000,0.000061512000,202.009815,0,400latency_llmop_bert_bert-7b-proxy_405_layer28_mlp_residual_baseline_metrics.csv,400latency_llmop_bert_bert-7b-proxy_405_layer28_mlp_residual_baseline_out.stdout
bert,bert-7b-proxy,baseline,406,layer28_norm2,0.000042373000,0.000000000000,0.001627379000,0.000041957000,200.021044,0,400latency_llmop_bert_bert-7b-proxy_406_layer28_norm2_baseline_metrics.csv,400latency_llmop_bert_bert-7b-proxy_406_layer28_norm2_baseline_out.stdout
bert,bert-7b-proxy,baseline,407,layer29_attn_q,0.044575897000,0.000000000000,1.346494750000,0.044571111000,13360.485918,0,400latency_llmop_bert_bert-7b-proxy_407_layer29_attn_q_baseline_metrics.csv,400latency_llmop_bert_bert-7b-proxy_407_layer29_attn_q_baseline_out.stdout
bert,bert-7b-proxy,baseline,408,layer29_attn_k,0.044575897000,0.000000000000,1.346494750000,0.044571111000,13360.485918,0,400latency_llmop_bert_bert-7b-proxy_408_layer29_attn_k_baseline_metrics.csv,400latency_llmop_bert_bert-7b-proxy_408_layer29_attn_k_baseline_out.stdout
bert,bert-7b-proxy,baseline,409,layer29_attn_v,0.044575897000,0.000000000000,1.346494750000,0.044571111000,13360.485918,0,400latency_llmop_bert_bert-7b-proxy_409_layer29_attn_v_baseline_metrics.csv,400latency_llmop_bert_bert-7b-proxy_409_layer29_attn_v_baseline_out.stdout
bert,bert-7b-proxy,baseline,410,layer29_attn_score,0.012797080000,0.000000000000,0.492821651000,0.012795327000,2364.105110,0,400latency_llmop_bert_bert-7b-proxy_410_layer29_attn_score_baseline_metrics.csv,400latency_llmop_bert_bert-7b-proxy_410_layer29_attn_score_baseline_out.stdout
bert,bert-7b-proxy,baseline,411,layer29_attn_softmax,0.000017830688,0.000000000000,0.000229459000,0.000017028000,36.007330,0,400latency_llmop_bert_bert-7b-proxy_411_layer29_attn_softmax_baseline_metrics.csv,400latency_llmop_bert_bert-7b-proxy_411_layer29_attn_softmax_baseline_out.stdout
bert,bert-7b-proxy,baseline,412,layer29_attn_value,0.003037320000,0.000000000000,0.072386024000,0.003033340000,18024.687200,0,400latency_llmop_bert_bert-7b-proxy_412_layer29_attn_value_baseline_metrics.csv,400latency_llmop_bert_bert-7b-proxy_412_layer29_attn_value_baseline_out.stdout
bert,bert-7b-proxy,baseline,413,layer29_attn_out,0.044575897000,0.000000000000,1.346494750000,0.044571111000,13360.485918,0,400latency_llmop_bert_bert-7b-proxy_413_layer29_attn_out_baseline_metrics.csv,400latency_llmop_bert_bert-7b-proxy_413_layer29_attn_out_baseline_out.stdout
bert,bert-7b-proxy,baseline,414,layer29_attn_residual,0.000061852000,0.000000000000,0.002410050000,0.000061512000,202.009815,0,400latency_llmop_bert_bert-7b-proxy_414_layer29_attn_residual_baseline_metrics.csv,400latency_llmop_bert_bert-7b-proxy_414_layer29_attn_residual_baseline_out.stdout
bert,bert-7b-proxy,baseline,415,layer29_norm1,0.000042373000,0.000000000000,0.001627379000,0.000041957000,200.021044,0,400latency_llmop_bert_bert-7b-proxy_415_layer29_norm1_baseline_metrics.csv,400latency_llmop_bert_bert-7b-proxy_415_layer29_norm1_baseline_out.stdout
bert,bert-7b-proxy,baseline,416,layer29_mlp_fc1,0.069843487000,0.000000000000,1.389417989000,0.069648357000,13342.473172,0,400latency_llmop_bert_bert-7b-proxy_416_layer29_mlp_fc1_baseline_metrics.csv,400latency_llmop_bert_bert-7b-proxy_416_layer29_mlp_fc1_baseline_out.stdout
bert,bert-7b-proxy,baseline,417,layer29_mlp_gelu,0.000051013000,0.000000000000,0.000854354000,0.000047410000,475.028039,0,400latency_llmop_bert_bert-7b-proxy_417_layer29_mlp_gelu_baseline_metrics.csv,400latency_llmop_bert_bert-7b-proxy_417_layer29_mlp_gelu_baseline_out.stdout
bert,bert-7b-proxy,baseline,418,layer29_mlp_fc2,0.245186690000,0.000000000000,1.352862512000,0.245183495000,31131.150438,0,400latency_llmop_bert_bert-7b-proxy_418_layer29_mlp_fc2_baseline_metrics.csv,400latency_llmop_bert_bert-7b-proxy_418_layer29_mlp_fc2_baseline_out.stdout
bert,bert-7b-proxy,baseline,419,layer29_mlp_residual,0.000061852000,0.000000000000,0.002410050000,0.000061512000,202.009815,0,400latency_llmop_bert_bert-7b-proxy_419_layer29_mlp_residual_baseline_metrics.csv,400latency_llmop_bert_bert-7b-proxy_419_layer29_mlp_residual_baseline_out.stdout
bert,bert-7b-proxy,baseline,420,layer29_norm2,0.000042373000,0.000000000000,0.001627379000,0.000041957000,200.021044,0,400latency_llmop_bert_bert-7b-proxy_420_layer29_norm2_baseline_metrics.csv,400latency_llmop_bert_bert-7b-proxy_420_layer29_norm2_baseline_out.stdout
bert,bert-7b-proxy,baseline,421,layer30_attn_q,0.044575897000,0.000000000000,1.346494750000,0.044571111000,13360.485918,0,400latency_llmop_bert_bert-7b-proxy_421_layer30_attn_q_baseline_metrics.csv,400latency_llmop_bert_bert-7b-proxy_421_layer30_attn_q_baseline_out.stdout
bert,bert-7b-proxy,baseline,422,layer30_attn_k,0.044575897000,0.000000000000,1.346494750000,0.044571111000,13360.485918,0,400latency_llmop_bert_bert-7b-proxy_422_layer30_attn_k_baseline_metrics.csv,400latency_llmop_bert_bert-7b-proxy_422_layer30_attn_k_baseline_out.stdout
bert,bert-7b-proxy,baseline,423,layer30_attn_v,0.044575897000,0.000000000000,1.346494750000,0.044571111000,13360.485918,0,400latency_llmop_bert_bert-7b-proxy_423_layer30_attn_v_baseline_metrics.csv,400latency_llmop_bert_bert-7b-proxy_423_layer30_attn_v_baseline_out.stdout
bert,bert-7b-proxy,baseline,424,layer30_attn_score,0.012797080000,0.000000000000,0.492821651000,0.012795327000,2364.105110,0,400latency_llmop_bert_bert-7b-proxy_424_layer30_attn_score_baseline_metrics.csv,400latency_llmop_bert_bert-7b-proxy_424_layer30_attn_score_baseline_out.stdout
bert,bert-7b-proxy,baseline,425,layer30_attn_softmax,0.000017830688,0.000000000000,0.000229459000,0.000017028000,36.007330,0,400latency_llmop_bert_bert-7b-proxy_425_layer30_attn_softmax_baseline_metrics.csv,400latency_llmop_bert_bert-7b-proxy_425_layer30_attn_softmax_baseline_out.stdout
bert,bert-7b-proxy,baseline,426,layer30_attn_value,0.003037320000,0.000000000000,0.072386024000,0.003033340000,18024.687200,0,400latency_llmop_bert_bert-7b-proxy_426_layer30_attn_value_baseline_metrics.csv,400latency_llmop_bert_bert-7b-proxy_426_layer30_attn_value_baseline_out.stdout
bert,bert-7b-proxy,baseline,427,layer30_attn_out,0.044575897000,0.000000000000,1.346494750000,0.044571111000,13360.485918,0,400latency_llmop_bert_bert-7b-proxy_427_layer30_attn_out_baseline_metrics.csv,400latency_llmop_bert_bert-7b-proxy_427_layer30_attn_out_baseline_out.stdout
bert,bert-7b-proxy,baseline,428,layer30_attn_residual,0.000061852000,0.000000000000,0.002410050000,0.000061512000,202.009815,0,400latency_llmop_bert_bert-7b-proxy_428_layer30_attn_residual_baseline_metrics.csv,400latency_llmop_bert_bert-7b-proxy_428_layer30_attn_residual_baseline_out.stdout
bert,bert-7b-proxy,baseline,429,layer30_norm1,0.000042373000,0.000000000000,0.001627379000,0.000041957000,200.021044,0,400latency_llmop_bert_bert-7b-proxy_429_layer30_norm1_baseline_metrics.csv,400latency_llmop_bert_bert-7b-proxy_429_layer30_norm1_baseline_out.stdout
bert,bert-7b-proxy,baseline,430,layer30_mlp_fc1,0.069843487000,0.000000000000,1.389417989000,0.069648357000,13342.473172,0,400latency_llmop_bert_bert-7b-proxy_430_layer30_mlp_fc1_baseline_metrics.csv,400latency_llmop_bert_bert-7b-proxy_430_layer30_mlp_fc1_baseline_out.stdout
bert,bert-7b-proxy,baseline,431,layer30_mlp_gelu,0.000051013000,0.000000000000,0.000854354000,0.000047410000,475.028039,0,400latency_llmop_bert_bert-7b-proxy_431_layer30_mlp_gelu_baseline_metrics.csv,400latency_llmop_bert_bert-7b-proxy_431_layer30_mlp_gelu_baseline_out.stdout
bert,bert-7b-proxy,baseline,432,layer30_mlp_fc2,0.245186690000,0.000000000000,1.352862512000,0.245183495000,31131.150438,0,400latency_llmop_bert_bert-7b-proxy_432_layer30_mlp_fc2_baseline_metrics.csv,400latency_llmop_bert_bert-7b-proxy_432_layer30_mlp_fc2_baseline_out.stdout
bert,bert-7b-proxy,baseline,433,layer30_mlp_residual,0.000061852000,0.000000000000,0.002410050000,0.000061512000,202.009815,0,400latency_llmop_bert_bert-7b-proxy_433_layer30_mlp_residual_baseline_metrics.csv,400latency_llmop_bert_bert-7b-proxy_433_layer30_mlp_residual_baseline_out.stdout
bert,bert-7b-proxy,baseline,434,layer30_norm2,0.000042373000,0.000000000000,0.001627379000,0.000041957000,200.021044,0,400latency_llmop_bert_bert-7b-proxy_434_layer30_norm2_baseline_metrics.csv,400latency_llmop_bert_bert-7b-proxy_434_layer30_norm2_baseline_out.stdout
bert,bert-7b-proxy,baseline,435,layer31_attn_q,0.044575897000,0.000000000000,1.346494750000,0.044571111000,13360.485918,0,400latency_llmop_bert_bert-7b-proxy_435_layer31_attn_q_baseline_metrics.csv,400latency_llmop_bert_bert-7b-proxy_435_layer31_attn_q_baseline_out.stdout
bert,bert-7b-proxy,baseline,436,layer31_attn_k,0.044575897000,0.000000000000,1.346494750000,0.044571111000,13360.485918,0,400latency_llmop_bert_bert-7b-proxy_436_layer31_attn_k_baseline_metrics.csv,400latency_llmop_bert_bert-7b-proxy_436_layer31_attn_k_baseline_out.stdout
bert,bert-7b-proxy,baseline,437,layer31_attn_v,0.044575897000,0.000000000000,1.346494750000,0.044571111000,13360.485918,0,400latency_llmop_bert_bert-7b-proxy_437_layer31_attn_v_baseline_metrics.csv,400latency_llmop_bert_bert-7b-proxy_437_layer31_attn_v_baseline_out.stdout
bert,bert-7b-proxy,baseline,438,layer31_attn_score,0.012797080000,0.000000000000,0.492821651000,0.012795327000,2364.105110,0,400latency_llmop_bert_bert-7b-proxy_438_layer31_attn_score_baseline_metrics.csv,400latency_llmop_bert_bert-7b-proxy_438_layer31_attn_score_baseline_out.stdout
bert,bert-7b-proxy,baseline,439,layer31_attn_softmax,0.000017830688,0.000000000000,0.000229459000,0.000017028000,36.007330,0,400latency_llmop_bert_bert-7b-proxy_439_layer31_attn_softmax_baseline_metrics.csv,400latency_llmop_bert_bert-7b-proxy_439_layer31_attn_softmax_baseline_out.stdout
bert,bert-7b-proxy,baseline,440,layer31_attn_value,0.003037320000,0.000000000000,0.072386024000,0.003033340000,18024.687200,0,400latency_llmop_bert_bert-7b-proxy_440_layer31_attn_value_baseline_metrics.csv,400latency_llmop_bert_bert-7b-proxy_440_layer31_attn_value_baseline_out.stdout
bert,bert-7b-proxy,baseline,441,layer31_attn_out,0.044575897000,0.000000000000,1.346494750000,0.044571111000,13360.485918,0,400latency_llmop_bert_bert-7b-proxy_441_layer31_attn_out_baseline_metrics.csv,400latency_llmop_bert_bert-7b-proxy_441_layer31_attn_out_baseline_out.stdout
bert,bert-7b-proxy,baseline,442,layer31_attn_residual,0.000061852000,0.000000000000,0.002410050000,0.000061512000,202.009815,0,400latency_llmop_bert_bert-7b-proxy_442_layer31_attn_residual_baseline_metrics.csv,400latency_llmop_bert_bert-7b-proxy_442_layer31_attn_residual_baseline_out.stdout
bert,bert-7b-proxy,baseline,443,layer31_norm1,0.000042373000,0.000000000000,0.001627379000,0.000041957000,200.021044,0,400latency_llmop_bert_bert-7b-proxy_443_layer31_norm1_baseline_metrics.csv,400latency_llmop_bert_bert-7b-proxy_443_layer31_norm1_baseline_out.stdout
bert,bert-7b-proxy,baseline,444,layer31_mlp_fc1,0.069843487000,0.000000000000,1.389417989000,0.069648357000,13342.473172,0,400latency_llmop_bert_bert-7b-proxy_444_layer31_mlp_fc1_baseline_metrics.csv,400latency_llmop_bert_bert-7b-proxy_444_layer31_mlp_fc1_baseline_out.stdout
bert,bert-7b-proxy,baseline,445,layer31_mlp_gelu,0.000051013000,0.000000000000,0.000854354000,0.000047410000,475.028039,0,400latency_llmop_bert_bert-7b-proxy_445_layer31_mlp_gelu_baseline_metrics.csv,400latency_llmop_bert_bert-7b-proxy_445_layer31_mlp_gelu_baseline_out.stdout
bert,bert-7b-proxy,baseline,446,layer31_mlp_fc2,0.245186690000,0.000000000000,1.352862512000,0.245183495000,31131.150438,0,400latency_llmop_bert_bert-7b-proxy_446_layer31_mlp_fc2_baseline_metrics.csv,400latency_llmop_bert_bert-7b-proxy_446_layer31_mlp_fc2_baseline_out.stdout
bert,bert-7b-proxy,baseline,447,layer31_mlp_residual,0.000061852000,0.000000000000,0.002410050000,0.000061512000,202.009815,0,400latency_llmop_bert_bert-7b-proxy_447_layer31_mlp_residual_baseline_metrics.csv,400latency_llmop_bert_bert-7b-proxy_447_layer31_mlp_residual_baseline_out.stdout
bert,bert-7b-proxy,baseline,448,layer31_norm2,0.000042373000,0.000000000000,0.001627379000,0.000041957000,200.021044,0,400latency_llmop_bert_bert-7b-proxy_448_layer31_norm2_baseline_metrics.csv,400latency_llmop_bert_bert-7b-proxy_448_layer31_norm2_baseline_out.stdout
bert,bert-7b-proxy,pasta,0,embedding,0.000028561000,0.000000000000,0.001172577000,0.000028076000,336.033655,0,400latency_llmop_bert_bert-7b-proxy_000_embedding_pasta_metrics.csv,400latency_llmop_bert_bert-7b-proxy_000_embedding_pasta_out.stdout
bert,bert-7b-proxy,pasta,1,layer00_attn_q,0.040832784125,0.000000000000,1.222602460000,0.040795871000,13256.478806,0,400latency_llmop_bert_bert-7b-proxy_001_layer00_attn_q_pasta_metrics.csv,400latency_llmop_bert_bert-7b-proxy_001_layer00_attn_q_pasta_out.stdout
bert,bert-7b-proxy,pasta,2,layer00_attn_k,0.040832784125,0.000000000000,1.222602460000,0.040795871000,13256.478806,0,400latency_llmop_bert_bert-7b-proxy_002_layer00_attn_k_pasta_metrics.csv,400latency_llmop_bert_bert-7b-proxy_002_layer00_attn_k_pasta_out.stdout
bert,bert-7b-proxy,pasta,3,layer00_attn_v,0.040832784125,0.000000000000,1.222602460000,0.040795871000,13256.478806,0,400latency_llmop_bert_bert-7b-proxy_003_layer00_attn_v_pasta_metrics.csv,400latency_llmop_bert_bert-7b-proxy_003_layer00_attn_v_pasta_out.stdout
bert,bert-7b-proxy,pasta,4,layer00_attn_score,0.012400265000,0.000000000000,0.373988159000,0.012384536000,2542.109534,0,400latency_llmop_bert_bert-7b-proxy_004_layer00_attn_score_pasta_metrics.csv,400latency_llmop_bert_bert-7b-proxy_004_layer00_attn_score_pasta_out.stdout
bert,bert-7b-proxy,pasta,5,layer00_attn_softmax,0.000018498000,0.000000000000,0.000211893000,0.000018028000,34.006534,0,400latency_llmop_bert_bert-7b-proxy_005_layer00_attn_softmax_pasta_metrics.csv,400latency_llmop_bert_bert-7b-proxy_005_layer00_attn_softmax_pasta_out.stdout
bert,bert-7b-proxy,pasta,6,layer00_attn_value,0.002731007500,0.000000000000,0.061297460000,0.002689751000,16179.605041,0,400latency_llmop_bert_bert-7b-proxy_006_layer00_attn_value_pasta_metrics.csv,400latency_llmop_bert_bert-7b-proxy_006_layer00_attn_value_pasta_out.stdout
bert,bert-7b-proxy,pasta,7,layer00_attn_out,0.040832784125,0.000000000000,1.222602460000,0.040795871000,13256.478806,0,400latency_llmop_bert_bert-7b-proxy_007_layer00_attn_out_pasta_metrics.csv,400latency_llmop_bert_bert-7b-proxy_007_layer00_attn_out_pasta_out.stdout
bert,bert-7b-proxy,pasta,8,layer00_attn_residual,0.000033915000,0.000000000000,0.001278808000,0.000033428000,237.011988,0,400latency_llmop_bert_bert-7b-proxy_008_layer00_attn_residual_pasta_metrics.csv,400latency_llmop_bert_bert-7b-proxy_008_layer00_attn_residual_pasta_out.stdout
bert,bert-7b-proxy,pasta,9,layer00_norm1,0.000022026000,0.000000000000,0.000819010000,0.000021541000,246.021900,0,400latency_llmop_bert_bert-7b-proxy_009_layer00_norm1_pasta_metrics.csv,400latency_llmop_bert_bert-7b-proxy_009_layer00_norm1_pasta_out.stdout
bert,bert-7b-proxy,pasta,10,layer00_mlp_fc1,0.063371056000,0.000000000000,1.150402108000,0.061754257000,13247.468116,0,400latency_llmop_bert_bert-7b-proxy_010_layer00_mlp_fc1_pasta_metrics.csv,400latency_llmop_bert_bert-7b-proxy_010_layer00_mlp_fc1_pasta_out.stdout
bert,bert-7b-proxy,pasta,11,layer00_mlp_gelu,0.000030779350,0.000000000000,0.000315740000,0.000030154000,640.033362,0,400latency_llmop_bert_bert-7b-proxy_011_layer00_mlp_gelu_pasta_metrics.csv,400latency_llmop_bert_bert-7b-proxy_011_layer00_mlp_gelu_pasta_out.stdout
bert,bert-7b-proxy,pasta,12,layer00_mlp_fc2,0.054627315000,0.000000000000,1.006487296000,0.054605047000,30906.142571,0,400latency_llmop_bert_bert-7b-proxy_012_layer00_mlp_fc2_pasta_metrics.csv,400latency_llmop_bert_bert-7b-proxy_012_layer00_mlp_fc2_pasta_out.stdout
bert,bert-7b-proxy,pasta,13,layer00_mlp_residual,0.000033915000,0.000000000000,0.001278808000,0.000033428000,237.011988,0,400latency_llmop_bert_bert-7b-proxy_013_layer00_mlp_residual_pasta_metrics.csv,400latency_llmop_bert_bert-7b-proxy_013_layer00_mlp_residual_pasta_out.stdout
bert,bert-7b-proxy,pasta,14,layer00_norm2,0.000022026000,0.000000000000,0.000819010000,0.000021541000,246.021900,0,400latency_llmop_bert_bert-7b-proxy_014_layer00_norm2_pasta_metrics.csv,400latency_llmop_bert_bert-7b-proxy_014_layer00_norm2_pasta_out.stdout
bert,bert-7b-proxy,pasta,15,layer01_attn_q,0.040832784125,0.000000000000,1.222602460000,0.040795871000,13256.478806,0,400latency_llmop_bert_bert-7b-proxy_015_layer01_attn_q_pasta_metrics.csv,400latency_llmop_bert_bert-7b-proxy_015_layer01_attn_q_pasta_out.stdout
bert,bert-7b-proxy,pasta,16,layer01_attn_k,0.040832784125,0.000000000000,1.222602460000,0.040795871000,13256.478806,0,400latency_llmop_bert_bert-7b-proxy_016_layer01_attn_k_pasta_metrics.csv,400latency_llmop_bert_bert-7b-proxy_016_layer01_attn_k_pasta_out.stdout
bert,bert-7b-proxy,pasta,17,layer01_attn_v,0.040832784125,0.000000000000,1.222602460000,0.040795871000,13256.478806,0,400latency_llmop_bert_bert-7b-proxy_017_layer01_attn_v_pasta_metrics.csv,400latency_llmop_bert_bert-7b-proxy_017_layer01_attn_v_pasta_out.stdout
bert,bert-7b-proxy,pasta,18,layer01_attn_score,0.012400265000,0.000000000000,0.373988159000,0.012384536000,2542.109534,0,400latency_llmop_bert_bert-7b-proxy_018_layer01_attn_score_pasta_metrics.csv,400latency_llmop_bert_bert-7b-proxy_018_layer01_attn_score_pasta_out.stdout
bert,bert-7b-proxy,pasta,19,layer01_attn_softmax,0.000018498000,0.000000000000,0.000211893000,0.000018028000,34.006534,0,400latency_llmop_bert_bert-7b-proxy_019_layer01_attn_softmax_pasta_metrics.csv,400latency_llmop_bert_bert-7b-proxy_019_layer01_attn_softmax_pasta_out.stdout
bert,bert-7b-proxy,pasta,20,layer01_attn_value,0.002731007500,0.000000000000,0.061297460000,0.002689751000,16179.605041,0,400latency_llmop_bert_bert-7b-proxy_020_layer01_attn_value_pasta_metrics.csv,400latency_llmop_bert_bert-7b-proxy_020_layer01_attn_value_pasta_out.stdout
bert,bert-7b-proxy,pasta,21,layer01_attn_out,0.040832784125,0.000000000000,1.222602460000,0.040795871000,13256.478806,0,400latency_llmop_bert_bert-7b-proxy_021_layer01_attn_out_pasta_metrics.csv,400latency_llmop_bert_bert-7b-proxy_021_layer01_attn_out_pasta_out.stdout
bert,bert-7b-proxy,pasta,22,layer01_attn_residual,0.000033915000,0.000000000000,0.001278808000,0.000033428000,237.011988,0,400latency_llmop_bert_bert-7b-proxy_022_layer01_attn_residual_pasta_metrics.csv,400latency_llmop_bert_bert-7b-proxy_022_layer01_attn_residual_pasta_out.stdout
bert,bert-7b-proxy,pasta,23,layer01_norm1,0.000022026000,0.000000000000,0.000819010000,0.000021541000,246.021900,0,400latency_llmop_bert_bert-7b-proxy_023_layer01_norm1_pasta_metrics.csv,400latency_llmop_bert_bert-7b-proxy_023_layer01_norm1_pasta_out.stdout
bert,bert-7b-proxy,pasta,24,layer01_mlp_fc1,0.063371056000,0.000000000000,1.150402108000,0.061754257000,13247.468116,0,400latency_llmop_bert_bert-7b-proxy_024_layer01_mlp_fc1_pasta_metrics.csv,400latency_llmop_bert_bert-7b-proxy_024_layer01_mlp_fc1_pasta_out.stdout
bert,bert-7b-proxy,pasta,25,layer01_mlp_gelu,0.000030779350,0.000000000000,0.000315740000,0.000030154000,640.033362,0,400latency_llmop_bert_bert-7b-proxy_025_layer01_mlp_gelu_pasta_metrics.csv,400latency_llmop_bert_bert-7b-proxy_025_layer01_mlp_gelu_pasta_out.stdout
bert,bert-7b-proxy,pasta,26,layer01_mlp_fc2,0.054627315000,0.000000000000,1.006487296000,0.054605047000,30906.142571,0,400latency_llmop_bert_bert-7b-proxy_026_layer01_mlp_fc2_pasta_metrics.csv,400latency_llmop_bert_bert-7b-proxy_026_layer01_mlp_fc2_pasta_out.stdout
bert,bert-7b-proxy,pasta,27,layer01_mlp_residual,0.000033915000,0.000000000000,0.001278808000,0.000033428000,237.011988,0,400latency_llmop_bert_bert-7b-proxy_027_layer01_mlp_residual_pasta_metrics.csv,400latency_llmop_bert_bert-7b-proxy_027_layer01_mlp_residual_pasta_out.stdout
bert,bert-7b-proxy,pasta,28,layer01_norm2,0.000022026000,0.000000000000,0.000819010000,0.000021541000,246.021900,0,400latency_llmop_bert_bert-7b-proxy_028_layer01_norm2_pasta_metrics.csv,400latency_llmop_bert_bert-7b-proxy_028_layer01_norm2_pasta_out.stdout
bert,bert-7b-proxy,pasta,29,layer02_attn_q,0.040832784125,0.000000000000,1.222602460000,0.040795871000,13256.478806,0,400latency_llmop_bert_bert-7b-proxy_029_layer02_attn_q_pasta_metrics.csv,400latency_llmop_bert_bert-7b-proxy_029_layer02_attn_q_pasta_out.stdout
bert,bert-7b-proxy,pasta,30,layer02_attn_k,0.040832784125,0.000000000000,1.222602460000,0.040795871000,13256.478806,0,400latency_llmop_bert_bert-7b-proxy_030_layer02_attn_k_pasta_metrics.csv,400latency_llmop_bert_bert-7b-proxy_030_layer02_attn_k_pasta_out.stdout
bert,bert-7b-proxy,pasta,31,layer02_attn_v,0.040832784125,0.000000000000,1.222602460000,0.040795871000,13256.478806,0,400latency_llmop_bert_bert-7b-proxy_031_layer02_attn_v_pasta_metrics.csv,400latency_llmop_bert_bert-7b-proxy_031_layer02_attn_v_pasta_out.stdout
bert,bert-7b-proxy,pasta,32,layer02_attn_score,0.012400265000,0.000000000000,0.373988159000,0.012384536000,2542.109534,0,400latency_llmop_bert_bert-7b-proxy_032_layer02_attn_score_pasta_metrics.csv,400latency_llmop_bert_bert-7b-proxy_032_layer02_attn_score_pasta_out.stdout
bert,bert-7b-proxy,pasta,33,layer02_attn_softmax,0.000018498000,0.000000000000,0.000211893000,0.000018028000,34.006534,0,400latency_llmop_bert_bert-7b-proxy_033_layer02_attn_softmax_pasta_metrics.csv,400latency_llmop_bert_bert-7b-proxy_033_layer02_attn_softmax_pasta_out.stdout
bert,bert-7b-proxy,pasta,34,layer02_attn_value,0.002731007500,0.000000000000,0.061297460000,0.002689751000,16179.605041,0,400latency_llmop_bert_bert-7b-proxy_034_layer02_attn_value_pasta_metrics.csv,400latency_llmop_bert_bert-7b-proxy_034_layer02_attn_value_pasta_out.stdout
bert,bert-7b-proxy,pasta,35,layer02_attn_out,0.040832784125,0.000000000000,1.222602460000,0.040795871000,13256.478806,0,400latency_llmop_bert_bert-7b-proxy_035_layer02_attn_out_pasta_metrics.csv,400latency_llmop_bert_bert-7b-proxy_035_layer02_attn_out_pasta_out.stdout
bert,bert-7b-proxy,pasta,36,layer02_attn_residual,0.000033915000,0.000000000000,0.001278808000,0.000033428000,237.011988,0,400latency_llmop_bert_bert-7b-proxy_036_layer02_attn_residual_pasta_metrics.csv,400latency_llmop_bert_bert-7b-proxy_036_layer02_attn_residual_pasta_out.stdout
bert,bert-7b-proxy,pasta,37,layer02_norm1,0.000022026000,0.000000000000,0.000819010000,0.000021541000,246.021900,0,400latency_llmop_bert_bert-7b-proxy_037_layer02_norm1_pasta_metrics.csv,400latency_llmop_bert_bert-7b-proxy_037_layer02_norm1_pasta_out.stdout
bert,bert-7b-proxy,pasta,38,layer02_mlp_fc1,0.063371056000,0.000000000000,1.150402108000,0.061754257000,13247.468116,0,400latency_llmop_bert_bert-7b-proxy_038_layer02_mlp_fc1_pasta_metrics.csv,400latency_llmop_bert_bert-7b-proxy_038_layer02_mlp_fc1_pasta_out.stdout
bert,bert-7b-proxy,pasta,39,layer02_mlp_gelu,0.000030779350,0.000000000000,0.000315740000,0.000030154000,640.033362,0,400latency_llmop_bert_bert-7b-proxy_039_layer02_mlp_gelu_pasta_metrics.csv,400latency_llmop_bert_bert-7b-proxy_039_layer02_mlp_gelu_pasta_out.stdout
bert,bert-7b-proxy,pasta,40,layer02_mlp_fc2,0.054627315000,0.000000000000,1.006487296000,0.054605047000,30906.142571,0,400latency_llmop_bert_bert-7b-proxy_040_layer02_mlp_fc2_pasta_metrics.csv,400latency_llmop_bert_bert-7b-proxy_040_layer02_mlp_fc2_pasta_out.stdout
bert,bert-7b-proxy,pasta,41,layer02_mlp_residual,0.000033915000,0.000000000000,0.001278808000,0.000033428000,237.011988,0,400latency_llmop_bert_bert-7b-proxy_041_layer02_mlp_residual_pasta_metrics.csv,400latency_llmop_bert_bert-7b-proxy_041_layer02_mlp_residual_pasta_out.stdout
bert,bert-7b-proxy,pasta,42,layer02_norm2,0.000022026000,0.000000000000,0.000819010000,0.000021541000,246.021900,0,400latency_llmop_bert_bert-7b-proxy_042_layer02_norm2_pasta_metrics.csv,400latency_llmop_bert_bert-7b-proxy_042_layer02_norm2_pasta_out.stdout
bert,bert-7b-proxy,pasta,43,layer03_attn_q,0.040832784125,0.000000000000,1.222602460000,0.040795871000,13256.478806,0,400latency_llmop_bert_bert-7b-proxy_043_layer03_attn_q_pasta_metrics.csv,400latency_llmop_bert_bert-7b-proxy_043_layer03_attn_q_pasta_out.stdout
bert,bert-7b-proxy,pasta,44,layer03_attn_k,0.040832784125,0.000000000000,1.222602460000,0.040795871000,13256.478806,0,400latency_llmop_bert_bert-7b-proxy_044_layer03_attn_k_pasta_metrics.csv,400latency_llmop_bert_bert-7b-proxy_044_layer03_attn_k_pasta_out.stdout
bert,bert-7b-proxy,pasta,45,layer03_attn_v,0.040832784125,0.000000000000,1.222602460000,0.040795871000,13256.478806,0,400latency_llmop_bert_bert-7b-proxy_045_layer03_attn_v_pasta_metrics.csv,400latency_llmop_bert_bert-7b-proxy_045_layer03_attn_v_pasta_out.stdout
bert,bert-7b-proxy,pasta,46,layer03_attn_score,0.012400265000,0.000000000000,0.373988159000,0.012384536000,2542.109534,0,400latency_llmop_bert_bert-7b-proxy_046_layer03_attn_score_pasta_metrics.csv,400latency_llmop_bert_bert-7b-proxy_046_layer03_attn_score_pasta_out.stdout
bert,bert-7b-proxy,pasta,47,layer03_attn_softmax,0.000018498000,0.000000000000,0.000211893000,0.000018028000,34.006534,0,400latency_llmop_bert_bert-7b-proxy_047_layer03_attn_softmax_pasta_metrics.csv,400latency_llmop_bert_bert-7b-proxy_047_layer03_attn_softmax_pasta_out.stdout
bert,bert-7b-proxy,pasta,48,layer03_attn_value,0.002731007500,0.000000000000,0.061297460000,0.002689751000,16179.605041,0,400latency_llmop_bert_bert-7b-proxy_048_layer03_attn_value_pasta_metrics.csv,400latency_llmop_bert_bert-7b-proxy_048_layer03_attn_value_pasta_out.stdout
bert,bert-7b-proxy,pasta,49,layer03_attn_out,0.040832784125,0.000000000000,1.222602460000,0.040795871000,13256.478806,0,400latency_llmop_bert_bert-7b-proxy_049_layer03_attn_out_pasta_metrics.csv,400latency_llmop_bert_bert-7b-proxy_049_layer03_attn_out_pasta_out.stdout
bert,bert-7b-proxy,pasta,50,layer03_attn_residual,0.000033915000,0.000000000000,0.001278808000,0.000033428000,237.011988,0,400latency_llmop_bert_bert-7b-proxy_050_layer03_attn_residual_pasta_metrics.csv,400latency_llmop_bert_bert-7b-proxy_050_layer03_attn_residual_pasta_out.stdout
bert,bert-7b-proxy,pasta,51,layer03_norm1,0.000022026000,0.000000000000,0.000819010000,0.000021541000,246.021900,0,400latency_llmop_bert_bert-7b-proxy_051_layer03_norm1_pasta_metrics.csv,400latency_llmop_bert_bert-7b-proxy_051_layer03_norm1_pasta_out.stdout
bert,bert-7b-proxy,pasta,52,layer03_mlp_fc1,0.063371056000,0.000000000000,1.150402108000,0.061754257000,13247.468116,0,400latency_llmop_bert_bert-7b-proxy_052_layer03_mlp_fc1_pasta_metrics.csv,400latency_llmop_bert_bert-7b-proxy_052_layer03_mlp_fc1_pasta_out.stdout
bert,bert-7b-proxy,pasta,53,layer03_mlp_gelu,0.000030779350,0.000000000000,0.000315740000,0.000030154000,640.033362,0,400latency_llmop_bert_bert-7b-proxy_053_layer03_mlp_gelu_pasta_metrics.csv,400latency_llmop_bert_bert-7b-proxy_053_layer03_mlp_gelu_pasta_out.stdout
bert,bert-7b-proxy,pasta,54,layer03_mlp_fc2,0.054627315000,0.000000000000,1.006487296000,0.054605047000,30906.142571,0,400latency_llmop_bert_bert-7b-proxy_054_layer03_mlp_fc2_pasta_metrics.csv,400latency_llmop_bert_bert-7b-proxy_054_layer03_mlp_fc2_pasta_out.stdout
bert,bert-7b-proxy,pasta,55,layer03_mlp_residual,0.000033915000,0.000000000000,0.001278808000,0.000033428000,237.011988,0,400latency_llmop_bert_bert-7b-proxy_055_layer03_mlp_residual_pasta_metrics.csv,400latency_llmop_bert_bert-7b-proxy_055_layer03_mlp_residual_pasta_out.stdout
bert,bert-7b-proxy,pasta,56,layer03_norm2,0.000022026000,0.000000000000,0.000819010000,0.000021541000,246.021900,0,400latency_llmop_bert_bert-7b-proxy_056_layer03_norm2_pasta_metrics.csv,400latency_llmop_bert_bert-7b-proxy_056_layer03_norm2_pasta_out.stdout
bert,bert-7b-proxy,pasta,57,layer04_attn_q,0.040832784125,0.000000000000,1.222602460000,0.040795871000,13256.478806,0,400latency_llmop_bert_bert-7b-proxy_057_layer04_attn_q_pasta_metrics.csv,400latency_llmop_bert_bert-7b-proxy_057_layer04_attn_q_pasta_out.stdout
bert,bert-7b-proxy,pasta,58,layer04_attn_k,0.040832784125,0.000000000000,1.222602460000,0.040795871000,13256.478806,0,400latency_llmop_bert_bert-7b-proxy_058_layer04_attn_k_pasta_metrics.csv,400latency_llmop_bert_bert-7b-proxy_058_layer04_attn_k_pasta_out.stdout
bert,bert-7b-proxy,pasta,59,layer04_attn_v,0.040832784125,0.000000000000,1.222602460000,0.040795871000,13256.478806,0,400latency_llmop_bert_bert-7b-proxy_059_layer04_attn_v_pasta_metrics.csv,400latency_llmop_bert_bert-7b-proxy_059_layer04_attn_v_pasta_out.stdout
bert,bert-7b-proxy,pasta,60,layer04_attn_score,0.012400265000,0.000000000000,0.373988159000,0.012384536000,2542.109534,0,400latency_llmop_bert_bert-7b-proxy_060_layer04_attn_score_pasta_metrics.csv,400latency_llmop_bert_bert-7b-proxy_060_layer04_attn_score_pasta_out.stdout
bert,bert-7b-proxy,pasta,61,layer04_attn_softmax,0.000018498000,0.000000000000,0.000211893000,0.000018028000,34.006534,0,400latency_llmop_bert_bert-7b-proxy_061_layer04_attn_softmax_pasta_metrics.csv,400latency_llmop_bert_bert-7b-proxy_061_layer04_attn_softmax_pasta_out.stdout
bert,bert-7b-proxy,pasta,62,layer04_attn_value,0.002731007500,0.000000000000,0.061297460000,0.002689751000,16179.605041,0,400latency_llmop_bert_bert-7b-proxy_062_layer04_attn_value_pasta_metrics.csv,400latency_llmop_bert_bert-7b-proxy_062_layer04_attn_value_pasta_out.stdout
bert,bert-7b-proxy,pasta,63,layer04_attn_out,0.040832784125,0.000000000000,1.222602460000,0.040795871000,13256.478806,0,400latency_llmop_bert_bert-7b-proxy_063_layer04_attn_out_pasta_metrics.csv,400latency_llmop_bert_bert-7b-proxy_063_layer04_attn_out_pasta_out.stdout
bert,bert-7b-proxy,pasta,64,layer04_attn_residual,0.000033915000,0.000000000000,0.001278808000,0.000033428000,237.011988,0,400latency_llmop_bert_bert-7b-proxy_064_layer04_attn_residual_pasta_metrics.csv,400latency_llmop_bert_bert-7b-proxy_064_layer04_attn_residual_pasta_out.stdout
bert,bert-7b-proxy,pasta,65,layer04_norm1,0.000022026000,0.000000000000,0.000819010000,0.000021541000,246.021900,0,400latency_llmop_bert_bert-7b-proxy_065_layer04_norm1_pasta_metrics.csv,400latency_llmop_bert_bert-7b-proxy_065_layer04_norm1_pasta_out.stdout
bert,bert-7b-proxy,pasta,66,layer04_mlp_fc1,0.063371056000,0.000000000000,1.150402108000,0.061754257000,13247.468116,0,400latency_llmop_bert_bert-7b-proxy_066_layer04_mlp_fc1_pasta_metrics.csv,400latency_llmop_bert_bert-7b-proxy_066_layer04_mlp_fc1_pasta_out.stdout
bert,bert-7b-proxy,pasta,67,layer04_mlp_gelu,0.000030779350,0.000000000000,0.000315740000,0.000030154000,640.033362,0,400latency_llmop_bert_bert-7b-proxy_067_layer04_mlp_gelu_pasta_metrics.csv,400latency_llmop_bert_bert-7b-proxy_067_layer04_mlp_gelu_pasta_out.stdout
bert,bert-7b-proxy,pasta,68,layer04_mlp_fc2,0.054627315000,0.000000000000,1.006487296000,0.054605047000,30906.142571,0,400latency_llmop_bert_bert-7b-proxy_068_layer04_mlp_fc2_pasta_metrics.csv,400latency_llmop_bert_bert-7b-proxy_068_layer04_mlp_fc2_pasta_out.stdout
bert,bert-7b-proxy,pasta,69,layer04_mlp_residual,0.000033915000,0.000000000000,0.001278808000,0.000033428000,237.011988,0,400latency_llmop_bert_bert-7b-proxy_069_layer04_mlp_residual_pasta_metrics.csv,400latency_llmop_bert_bert-7b-proxy_069_layer04_mlp_residual_pasta_out.stdout
bert,bert-7b-proxy,pasta,70,layer04_norm2,0.000022026000,0.000000000000,0.000819010000,0.000021541000,246.021900,0,400latency_llmop_bert_bert-7b-proxy_070_layer04_norm2_pasta_metrics.csv,400latency_llmop_bert_bert-7b-proxy_070_layer04_norm2_pasta_out.stdout
bert,bert-7b-proxy,pasta,71,layer05_attn_q,0.040832784125,0.000000000000,1.222602460000,0.040795871000,13256.478806,0,400latency_llmop_bert_bert-7b-proxy_071_layer05_attn_q_pasta_metrics.csv,400latency_llmop_bert_bert-7b-proxy_071_layer05_attn_q_pasta_out.stdout
bert,bert-7b-proxy,pasta,72,layer05_attn_k,0.040832784125,0.000000000000,1.222602460000,0.040795871000,13256.478806,0,400latency_llmop_bert_bert-7b-proxy_072_layer05_attn_k_pasta_metrics.csv,400latency_llmop_bert_bert-7b-proxy_072_layer05_attn_k_pasta_out.stdout
bert,bert-7b-proxy,pasta,73,layer05_attn_v,0.040832784125,0.000000000000,1.222602460000,0.040795871000,13256.478806,0,400latency_llmop_bert_bert-7b-proxy_073_layer05_attn_v_pasta_metrics.csv,400latency_llmop_bert_bert-7b-proxy_073_layer05_attn_v_pasta_out.stdout
bert,bert-7b-proxy,pasta,74,layer05_attn_score,0.012400265000,0.000000000000,0.373988159000,0.012384536000,2542.109534,0,400latency_llmop_bert_bert-7b-proxy_074_layer05_attn_score_pasta_metrics.csv,400latency_llmop_bert_bert-7b-proxy_074_layer05_attn_score_pasta_out.stdout
bert,bert-7b-proxy,pasta,75,layer05_attn_softmax,0.000018498000,0.000000000000,0.000211893000,0.000018028000,34.006534,0,400latency_llmop_bert_bert-7b-proxy_075_layer05_attn_softmax_pasta_metrics.csv,400latency_llmop_bert_bert-7b-proxy_075_layer05_attn_softmax_pasta_out.stdout
bert,bert-7b-proxy,pasta,76,layer05_attn_value,0.002731007500,0.000000000000,0.061297460000,0.002689751000,16179.605041,0,400latency_llmop_bert_bert-7b-proxy_076_layer05_attn_value_pasta_metrics.csv,400latency_llmop_bert_bert-7b-proxy_076_layer05_attn_value_pasta_out.stdout
bert,bert-7b-proxy,pasta,77,layer05_attn_out,0.040832784125,0.000000000000,1.222602460000,0.040795871000,13256.478806,0,400latency_llmop_bert_bert-7b-proxy_077_layer05_attn_out_pasta_metrics.csv,400latency_llmop_bert_bert-7b-proxy_077_layer05_attn_out_pasta_out.stdout
bert,bert-7b-proxy,pasta,78,layer05_attn_residual,0.000033915000,0.000000000000,0.001278808000,0.000033428000,237.011988,0,400latency_llmop_bert_bert-7b-proxy_078_layer05_attn_residual_pasta_metrics.csv,400latency_llmop_bert_bert-7b-proxy_078_layer05_attn_residual_pasta_out.stdout
bert,bert-7b-proxy,pasta,79,layer05_norm1,0.000022026000,0.000000000000,0.000819010000,0.000021541000,246.021900,0,400latency_llmop_bert_bert-7b-proxy_079_layer05_norm1_pasta_metrics.csv,400latency_llmop_bert_bert-7b-proxy_079_layer05_norm1_pasta_out.stdout
bert,bert-7b-proxy,pasta,80,layer05_mlp_fc1,0.063371056000,0.000000000000,1.150402108000,0.061754257000,13247.468116,0,400latency_llmop_bert_bert-7b-proxy_080_layer05_mlp_fc1_pasta_metrics.csv,400latency_llmop_bert_bert-7b-proxy_080_layer05_mlp_fc1_pasta_out.stdout
bert,bert-7b-proxy,pasta,81,layer05_mlp_gelu,0.000030779350,0.000000000000,0.000315740000,0.000030154000,640.033362,0,400latency_llmop_bert_bert-7b-proxy_081_layer05_mlp_gelu_pasta_metrics.csv,400latency_llmop_bert_bert-7b-proxy_081_layer05_mlp_gelu_pasta_out.stdout
bert,bert-7b-proxy,pasta,82,layer05_mlp_fc2,0.054627315000,0.000000000000,1.006487296000,0.054605047000,30906.142571,0,400latency_llmop_bert_bert-7b-proxy_082_layer05_mlp_fc2_pasta_metrics.csv,400latency_llmop_bert_bert-7b-proxy_082_layer05_mlp_fc2_pasta_out.stdout
bert,bert-7b-proxy,pasta,83,layer05_mlp_residual,0.000033915000,0.000000000000,0.001278808000,0.000033428000,237.011988,0,400latency_llmop_bert_bert-7b-proxy_083_layer05_mlp_residual_pasta_metrics.csv,400latency_llmop_bert_bert-7b-proxy_083_layer05_mlp_residual_pasta_out.stdout
bert,bert-7b-proxy,pasta,84,layer05_norm2,0.000022026000,0.000000000000,0.000819010000,0.000021541000,246.021900,0,400latency_llmop_bert_bert-7b-proxy_084_layer05_norm2_pasta_metrics.csv,400latency_llmop_bert_bert-7b-proxy_084_layer05_norm2_pasta_out.stdout
bert,bert-7b-proxy,pasta,85,layer06_attn_q,0.040832784125,0.000000000000,1.222602460000,0.040795871000,13256.478806,0,400latency_llmop_bert_bert-7b-proxy_085_layer06_attn_q_pasta_metrics.csv,400latency_llmop_bert_bert-7b-proxy_085_layer06_attn_q_pasta_out.stdout
bert,bert-7b-proxy,pasta,86,layer06_attn_k,0.040832784125,0.000000000000,1.222602460000,0.040795871000,13256.478806,0,400latency_llmop_bert_bert-7b-proxy_086_layer06_attn_k_pasta_metrics.csv,400latency_llmop_bert_bert-7b-proxy_086_layer06_attn_k_pasta_out.stdout
bert,bert-7b-proxy,pasta,87,layer06_attn_v,0.040832784125,0.000000000000,1.222602460000,0.040795871000,13256.478806,0,400latency_llmop_bert_bert-7b-proxy_087_layer06_attn_v_pasta_metrics.csv,400latency_llmop_bert_bert-7b-proxy_087_layer06_attn_v_pasta_out.stdout
bert,bert-7b-proxy,pasta,88,layer06_attn_score,0.012400265000,0.000000000000,0.373988159000,0.012384536000,2542.109534,0,400latency_llmop_bert_bert-7b-proxy_088_layer06_attn_score_pasta_metrics.csv,400latency_llmop_bert_bert-7b-proxy_088_layer06_attn_score_pasta_out.stdout
bert,bert-7b-proxy,pasta,89,layer06_attn_softmax,0.000018498000,0.000000000000,0.000211893000,0.000018028000,34.006534,0,400latency_llmop_bert_bert-7b-proxy_089_layer06_attn_softmax_pasta_metrics.csv,400latency_llmop_bert_bert-7b-proxy_089_layer06_attn_softmax_pasta_out.stdout
bert,bert-7b-proxy,pasta,90,layer06_attn_value,0.002731007500,0.000000000000,0.061297460000,0.002689751000,16179.605041,0,400latency_llmop_bert_bert-7b-proxy_090_layer06_attn_value_pasta_metrics.csv,400latency_llmop_bert_bert-7b-proxy_090_layer06_attn_value_pasta_out.stdout
bert,bert-7b-proxy,pasta,91,layer06_attn_out,0.040832784125,0.000000000000,1.222602460000,0.040795871000,13256.478806,0,400latency_llmop_bert_bert-7b-proxy_091_layer06_attn_out_pasta_metrics.csv,400latency_llmop_bert_bert-7b-proxy_091_layer06_attn_out_pasta_out.stdout
bert,bert-7b-proxy,pasta,92,layer06_attn_residual,0.000033915000,0.000000000000,0.001278808000,0.000033428000,237.011988,0,400latency_llmop_bert_bert-7b-proxy_092_layer06_attn_residual_pasta_metrics.csv,400latency_llmop_bert_bert-7b-proxy_092_layer06_attn_residual_pasta_out.stdout
bert,bert-7b-proxy,pasta,93,layer06_norm1,0.000022026000,0.000000000000,0.000819010000,0.000021541000,246.021900,0,400latency_llmop_bert_bert-7b-proxy_093_layer06_norm1_pasta_metrics.csv,400latency_llmop_bert_bert-7b-proxy_093_layer06_norm1_pasta_out.stdout
bert,bert-7b-proxy,pasta,94,layer06_mlp_fc1,0.063371056000,0.000000000000,1.150402108000,0.061754257000,13247.468116,0,400latency_llmop_bert_bert-7b-proxy_094_layer06_mlp_fc1_pasta_metrics.csv,400latency_llmop_bert_bert-7b-proxy_094_layer06_mlp_fc1_pasta_out.stdout
bert,bert-7b-proxy,pasta,95,layer06_mlp_gelu,0.000030779350,0.000000000000,0.000315740000,0.000030154000,640.033362,0,400latency_llmop_bert_bert-7b-proxy_095_layer06_mlp_gelu_pasta_metrics.csv,400latency_llmop_bert_bert-7b-proxy_095_layer06_mlp_gelu_pasta_out.stdout
bert,bert-7b-proxy,pasta,96,layer06_mlp_fc2,0.054627315000,0.000000000000,1.006487296000,0.054605047000,30906.142571,0,400latency_llmop_bert_bert-7b-proxy_096_layer06_mlp_fc2_pasta_metrics.csv,400latency_llmop_bert_bert-7b-proxy_096_layer06_mlp_fc2_pasta_out.stdout
bert,bert-7b-proxy,pasta,97,layer06_mlp_residual,0.000033915000,0.000000000000,0.001278808000,0.000033428000,237.011988,0,400latency_llmop_bert_bert-7b-proxy_097_layer06_mlp_residual_pasta_metrics.csv,400latency_llmop_bert_bert-7b-proxy_097_layer06_mlp_residual_pasta_out.stdout
bert,bert-7b-proxy,pasta,98,layer06_norm2,0.000022026000,0.000000000000,0.000819010000,0.000021541000,246.021900,0,400latency_llmop_bert_bert-7b-proxy_098_layer06_norm2_pasta_metrics.csv,400latency_llmop_bert_bert-7b-proxy_098_layer06_norm2_pasta_out.stdout
bert,bert-7b-proxy,pasta,99,layer07_attn_q,0.040832784125,0.000000000000,1.222602460000,0.040795871000,13256.478806,0,400latency_llmop_bert_bert-7b-proxy_099_layer07_attn_q_pasta_metrics.csv,400latency_llmop_bert_bert-7b-proxy_099_layer07_attn_q_pasta_out.stdout
bert,bert-7b-proxy,pasta,100,layer07_attn_k,0.040832784125,0.000000000000,1.222602460000,0.040795871000,13256.478806,0,400latency_llmop_bert_bert-7b-proxy_100_layer07_attn_k_pasta_metrics.csv,400latency_llmop_bert_bert-7b-proxy_100_layer07_attn_k_pasta_out.stdout
bert,bert-7b-proxy,pasta,101,layer07_attn_v,0.040832784125,0.000000000000,1.222602460000,0.040795871000,13256.478806,0,400latency_llmop_bert_bert-7b-proxy_101_layer07_attn_v_pasta_metrics.csv,400latency_llmop_bert_bert-7b-proxy_101_layer07_attn_v_pasta_out.stdout
bert,bert-7b-proxy,pasta,102,layer07_attn_score,0.012400265000,0.000000000000,0.373988159000,0.012384536000,2542.109534,0,400latency_llmop_bert_bert-7b-proxy_102_layer07_attn_score_pasta_metrics.csv,400latency_llmop_bert_bert-7b-proxy_102_layer07_attn_score_pasta_out.stdout
bert,bert-7b-proxy,pasta,103,layer07_attn_softmax,0.000018498000,0.000000000000,0.000211893000,0.000018028000,34.006534,0,400latency_llmop_bert_bert-7b-proxy_103_layer07_attn_softmax_pasta_metrics.csv,400latency_llmop_bert_bert-7b-proxy_103_layer07_attn_softmax_pasta_out.stdout
bert,bert-7b-proxy,pasta,104,layer07_attn_value,0.002731007500,0.000000000000,0.061297460000,0.002689751000,16179.605041,0,400latency_llmop_bert_bert-7b-proxy_104_layer07_attn_value_pasta_metrics.csv,400latency_llmop_bert_bert-7b-proxy_104_layer07_attn_value_pasta_out.stdout
bert,bert-7b-proxy,pasta,105,layer07_attn_out,0.040832784125,0.000000000000,1.222602460000,0.040795871000,13256.478806,0,400latency_llmop_bert_bert-7b-proxy_105_layer07_attn_out_pasta_metrics.csv,400latency_llmop_bert_bert-7b-proxy_105_layer07_attn_out_pasta_out.stdout
bert,bert-7b-proxy,pasta,106,layer07_attn_residual,0.000033915000,0.000000000000,0.001278808000,0.000033428000,237.011988,0,400latency_llmop_bert_bert-7b-proxy_106_layer07_attn_residual_pasta_metrics.csv,400latency_llmop_bert_bert-7b-proxy_106_layer07_attn_residual_pasta_out.stdout
bert,bert-7b-proxy,pasta,107,layer07_norm1,0.000022026000,0.000000000000,0.000819010000,0.000021541000,246.021900,0,400latency_llmop_bert_bert-7b-proxy_107_layer07_norm1_pasta_metrics.csv,400latency_llmop_bert_bert-7b-proxy_107_layer07_norm1_pasta_out.stdout
bert,bert-7b-proxy,pasta,108,layer07_mlp_fc1,0.063371056000,0.000000000000,1.150402108000,0.061754257000,13247.468116,0,400latency_llmop_bert_bert-7b-proxy_108_layer07_mlp_fc1_pasta_metrics.csv,400latency_llmop_bert_bert-7b-proxy_108_layer07_mlp_fc1_pasta_out.stdout
bert,bert-7b-proxy,pasta,109,layer07_mlp_gelu,0.000030779350,0.000000000000,0.000315740000,0.000030154000,640.033362,0,400latency_llmop_bert_bert-7b-proxy_109_layer07_mlp_gelu_pasta_metrics.csv,400latency_llmop_bert_bert-7b-proxy_109_layer07_mlp_gelu_pasta_out.stdout
bert,bert-7b-proxy,pasta,110,layer07_mlp_fc2,0.054627315000,0.000000000000,1.006487296000,0.054605047000,30906.142571,0,400latency_llmop_bert_bert-7b-proxy_110_layer07_mlp_fc2_pasta_metrics.csv,400latency_llmop_bert_bert-7b-proxy_110_layer07_mlp_fc2_pasta_out.stdout
bert,bert-7b-proxy,pasta,111,layer07_mlp_residual,0.000033915000,0.000000000000,0.001278808000,0.000033428000,237.011988,0,400latency_llmop_bert_bert-7b-proxy_111_layer07_mlp_residual_pasta_metrics.csv,400latency_llmop_bert_bert-7b-proxy_111_layer07_mlp_residual_pasta_out.stdout
bert,bert-7b-proxy,pasta,112,layer07_norm2,0.000022026000,0.000000000000,0.000819010000,0.000021541000,246.021900,0,400latency_llmop_bert_bert-7b-proxy_112_layer07_norm2_pasta_metrics.csv,400latency_llmop_bert_bert-7b-proxy_112_layer07_norm2_pasta_out.stdout
bert,bert-7b-proxy,pasta,113,layer08_attn_q,0.040832784125,0.000000000000,1.222602460000,0.040795871000,13256.478806,0,400latency_llmop_bert_bert-7b-proxy_113_layer08_attn_q_pasta_metrics.csv,400latency_llmop_bert_bert-7b-proxy_113_layer08_attn_q_pasta_out.stdout
bert,bert-7b-proxy,pasta,114,layer08_attn_k,0.040832784125,0.000000000000,1.222602460000,0.040795871000,13256.478806,0,400latency_llmop_bert_bert-7b-proxy_114_layer08_attn_k_pasta_metrics.csv,400latency_llmop_bert_bert-7b-proxy_114_layer08_attn_k_pasta_out.stdout
bert,bert-7b-proxy,pasta,115,layer08_attn_v,0.040832784125,0.000000000000,1.222602460000,0.040795871000,13256.478806,0,400latency_llmop_bert_bert-7b-proxy_115_layer08_attn_v_pasta_metrics.csv,400latency_llmop_bert_bert-7b-proxy_115_layer08_attn_v_pasta_out.stdout
bert,bert-7b-proxy,pasta,116,layer08_attn_score,0.012400265000,0.000000000000,0.373988159000,0.012384536000,2542.109534,0,400latency_llmop_bert_bert-7b-proxy_116_layer08_attn_score_pasta_metrics.csv,400latency_llmop_bert_bert-7b-proxy_116_layer08_attn_score_pasta_out.stdout
bert,bert-7b-proxy,pasta,117,layer08_attn_softmax,0.000018498000,0.000000000000,0.000211893000,0.000018028000,34.006534,0,400latency_llmop_bert_bert-7b-proxy_117_layer08_attn_softmax_pasta_metrics.csv,400latency_llmop_bert_bert-7b-proxy_117_layer08_attn_softmax_pasta_out.stdout
bert,bert-7b-proxy,pasta,118,layer08_attn_value,0.002731007500,0.000000000000,0.061297460000,0.002689751000,16179.605041,0,400latency_llmop_bert_bert-7b-proxy_118_layer08_attn_value_pasta_metrics.csv,400latency_llmop_bert_bert-7b-proxy_118_layer08_attn_value_pasta_out.stdout
bert,bert-7b-proxy,pasta,119,layer08_attn_out,0.040832784125,0.000000000000,1.222602460000,0.040795871000,13256.478806,0,400latency_llmop_bert_bert-7b-proxy_119_layer08_attn_out_pasta_metrics.csv,400latency_llmop_bert_bert-7b-proxy_119_layer08_attn_out_pasta_out.stdout
bert,bert-7b-proxy,pasta,120,layer08_attn_residual,0.000033915000,0.000000000000,0.001278808000,0.000033428000,237.011988,0,400latency_llmop_bert_bert-7b-proxy_120_layer08_attn_residual_pasta_metrics.csv,400latency_llmop_bert_bert-7b-proxy_120_layer08_attn_residual_pasta_out.stdout
bert,bert-7b-proxy,pasta,121,layer08_norm1,0.000022026000,0.000000000000,0.000819010000,0.000021541000,246.021900,0,400latency_llmop_bert_bert-7b-proxy_121_layer08_norm1_pasta_metrics.csv,400latency_llmop_bert_bert-7b-proxy_121_layer08_norm1_pasta_out.stdout
bert,bert-7b-proxy,pasta,122,layer08_mlp_fc1,0.063371056000,0.000000000000,1.150402108000,0.061754257000,13247.468116,0,400latency_llmop_bert_bert-7b-proxy_122_layer08_mlp_fc1_pasta_metrics.csv,400latency_llmop_bert_bert-7b-proxy_122_layer08_mlp_fc1_pasta_out.stdout
bert,bert-7b-proxy,pasta,123,layer08_mlp_gelu,0.000030779350,0.000000000000,0.000315740000,0.000030154000,640.033362,0,400latency_llmop_bert_bert-7b-proxy_123_layer08_mlp_gelu_pasta_metrics.csv,400latency_llmop_bert_bert-7b-proxy_123_layer08_mlp_gelu_pasta_out.stdout
bert,bert-7b-proxy,pasta,124,layer08_mlp_fc2,0.054627315000,0.000000000000,1.006487296000,0.054605047000,30906.142571,0,400latency_llmop_bert_bert-7b-proxy_124_layer08_mlp_fc2_pasta_metrics.csv,400latency_llmop_bert_bert-7b-proxy_124_layer08_mlp_fc2_pasta_out.stdout
bert,bert-7b-proxy,pasta,125,layer08_mlp_residual,0.000033915000,0.000000000000,0.001278808000,0.000033428000,237.011988,0,400latency_llmop_bert_bert-7b-proxy_125_layer08_mlp_residual_pasta_metrics.csv,400latency_llmop_bert_bert-7b-proxy_125_layer08_mlp_residual_pasta_out.stdout
bert,bert-7b-proxy,pasta,126,layer08_norm2,0.000022026000,0.000000000000,0.000819010000,0.000021541000,246.021900,0,400latency_llmop_bert_bert-7b-proxy_126_layer08_norm2_pasta_metrics.csv,400latency_llmop_bert_bert-7b-proxy_126_layer08_norm2_pasta_out.stdout
bert,bert-7b-proxy,pasta,127,layer09_attn_q,0.040832784125,0.000000000000,1.222602460000,0.040795871000,13256.478806,0,400latency_llmop_bert_bert-7b-proxy_127_layer09_attn_q_pasta_metrics.csv,400latency_llmop_bert_bert-7b-proxy_127_layer09_attn_q_pasta_out.stdout
bert,bert-7b-proxy,pasta,128,layer09_attn_k,0.040832784125,0.000000000000,1.222602460000,0.040795871000,13256.478806,0,400latency_llmop_bert_bert-7b-proxy_128_layer09_attn_k_pasta_metrics.csv,400latency_llmop_bert_bert-7b-proxy_128_layer09_attn_k_pasta_out.stdout
bert,bert-7b-proxy,pasta,129,layer09_attn_v,0.040832784125,0.000000000000,1.222602460000,0.040795871000,13256.478806,0,400latency_llmop_bert_bert-7b-proxy_129_layer09_attn_v_pasta_metrics.csv,400latency_llmop_bert_bert-7b-proxy_129_layer09_attn_v_pasta_out.stdout
bert,bert-7b-proxy,pasta,130,layer09_attn_score,0.012400265000,0.000000000000,0.373988159000,0.012384536000,2542.109534,0,400latency_llmop_bert_bert-7b-proxy_130_layer09_attn_score_pasta_metrics.csv,400latency_llmop_bert_bert-7b-proxy_130_layer09_attn_score_pasta_out.stdout
bert,bert-7b-proxy,pasta,131,layer09_attn_softmax,0.000018498000,0.000000000000,0.000211893000,0.000018028000,34.006534,0,400latency_llmop_bert_bert-7b-proxy_131_layer09_attn_softmax_pasta_metrics.csv,400latency_llmop_bert_bert-7b-proxy_131_layer09_attn_softmax_pasta_out.stdout
bert,bert-7b-proxy,pasta,132,layer09_attn_value,0.002731007500,0.000000000000,0.061297460000,0.002689751000,16179.605041,0,400latency_llmop_bert_bert-7b-proxy_132_layer09_attn_value_pasta_metrics.csv,400latency_llmop_bert_bert-7b-proxy_132_layer09_attn_value_pasta_out.stdout
bert,bert-7b-proxy,pasta,133,layer09_attn_out,0.040832784125,0.000000000000,1.222602460000,0.040795871000,13256.478806,0,400latency_llmop_bert_bert-7b-proxy_133_layer09_attn_out_pasta_metrics.csv,400latency_llmop_bert_bert-7b-proxy_133_layer09_attn_out_pasta_out.stdout
bert,bert-7b-proxy,pasta,134,layer09_attn_residual,0.000033915000,0.000000000000,0.001278808000,0.000033428000,237.011988,0,400latency_llmop_bert_bert-7b-proxy_134_layer09_attn_residual_pasta_metrics.csv,400latency_llmop_bert_bert-7b-proxy_134_layer09_attn_residual_pasta_out.stdout
bert,bert-7b-proxy,pasta,135,layer09_norm1,0.000022026000,0.000000000000,0.000819010000,0.000021541000,246.021900,0,400latency_llmop_bert_bert-7b-proxy_135_layer09_norm1_pasta_metrics.csv,400latency_llmop_bert_bert-7b-proxy_135_layer09_norm1_pasta_out.stdout
bert,bert-7b-proxy,pasta,136,layer09_mlp_fc1,0.063371056000,0.000000000000,1.150402108000,0.061754257000,13247.468116,0,400latency_llmop_bert_bert-7b-proxy_136_layer09_mlp_fc1_pasta_metrics.csv,400latency_llmop_bert_bert-7b-proxy_136_layer09_mlp_fc1_pasta_out.stdout
bert,bert-7b-proxy,pasta,137,layer09_mlp_gelu,0.000030779350,0.000000000000,0.000315740000,0.000030154000,640.033362,0,400latency_llmop_bert_bert-7b-proxy_137_layer09_mlp_gelu_pasta_metrics.csv,400latency_llmop_bert_bert-7b-proxy_137_layer09_mlp_gelu_pasta_out.stdout
bert,bert-7b-proxy,pasta,138,layer09_mlp_fc2,0.054627315000,0.000000000000,1.006487296000,0.054605047000,30906.142571,0,400latency_llmop_bert_bert-7b-proxy_138_layer09_mlp_fc2_pasta_metrics.csv,400latency_llmop_bert_bert-7b-proxy_138_layer09_mlp_fc2_pasta_out.stdout
bert,bert-7b-proxy,pasta,139,layer09_mlp_residual,0.000033915000,0.000000000000,0.001278808000,0.000033428000,237.011988,0,400latency_llmop_bert_bert-7b-proxy_139_layer09_mlp_residual_pasta_metrics.csv,400latency_llmop_bert_bert-7b-proxy_139_layer09_mlp_residual_pasta_out.stdout
bert,bert-7b-proxy,pasta,140,layer09_norm2,0.000022026000,0.000000000000,0.000819010000,0.000021541000,246.021900,0,400latency_llmop_bert_bert-7b-proxy_140_layer09_norm2_pasta_metrics.csv,400latency_llmop_bert_bert-7b-proxy_140_layer09_norm2_pasta_out.stdout
bert,bert-7b-proxy,pasta,141,layer10_attn_q,0.040832784125,0.000000000000,1.222602460000,0.040795871000,13256.478806,0,400latency_llmop_bert_bert-7b-proxy_141_layer10_attn_q_pasta_metrics.csv,400latency_llmop_bert_bert-7b-proxy_141_layer10_attn_q_pasta_out.stdout
bert,bert-7b-proxy,pasta,142,layer10_attn_k,0.040832784125,0.000000000000,1.222602460000,0.040795871000,13256.478806,0,400latency_llmop_bert_bert-7b-proxy_142_layer10_attn_k_pasta_metrics.csv,400latency_llmop_bert_bert-7b-proxy_142_layer10_attn_k_pasta_out.stdout
bert,bert-7b-proxy,pasta,143,layer10_attn_v,0.040832784125,0.000000000000,1.222602460000,0.040795871000,13256.478806,0,400latency_llmop_bert_bert-7b-proxy_143_layer10_attn_v_pasta_metrics.csv,400latency_llmop_bert_bert-7b-proxy_143_layer10_attn_v_pasta_out.stdout
bert,bert-7b-proxy,pasta,144,layer10_attn_score,0.012400265000,0.000000000000,0.373988159000,0.012384536000,2542.109534,0,400latency_llmop_bert_bert-7b-proxy_144_layer10_attn_score_pasta_metrics.csv,400latency_llmop_bert_bert-7b-proxy_144_layer10_attn_score_pasta_out.stdout
bert,bert-7b-proxy,pasta,145,layer10_attn_softmax,0.000018498000,0.000000000000,0.000211893000,0.000018028000,34.006534,0,400latency_llmop_bert_bert-7b-proxy_145_layer10_attn_softmax_pasta_metrics.csv,400latency_llmop_bert_bert-7b-proxy_145_layer10_attn_softmax_pasta_out.stdout
bert,bert-7b-proxy,pasta,146,layer10_attn_value,0.002731007500,0.000000000000,0.061297460000,0.002689751000,16179.605041,0,400latency_llmop_bert_bert-7b-proxy_146_layer10_attn_value_pasta_metrics.csv,400latency_llmop_bert_bert-7b-proxy_146_layer10_attn_value_pasta_out.stdout
bert,bert-7b-proxy,pasta,147,layer10_attn_out,0.040832784125,0.000000000000,1.222602460000,0.040795871000,13256.478806,0,400latency_llmop_bert_bert-7b-proxy_147_layer10_attn_out_pasta_metrics.csv,400latency_llmop_bert_bert-7b-proxy_147_layer10_attn_out_pasta_out.stdout
bert,bert-7b-proxy,pasta,148,layer10_attn_residual,0.000033915000,0.000000000000,0.001278808000,0.000033428000,237.011988,0,400latency_llmop_bert_bert-7b-proxy_148_layer10_attn_residual_pasta_metrics.csv,400latency_llmop_bert_bert-7b-proxy_148_layer10_attn_residual_pasta_out.stdout
bert,bert-7b-proxy,pasta,149,layer10_norm1,0.000022026000,0.000000000000,0.000819010000,0.000021541000,246.021900,0,400latency_llmop_bert_bert-7b-proxy_149_layer10_norm1_pasta_metrics.csv,400latency_llmop_bert_bert-7b-proxy_149_layer10_norm1_pasta_out.stdout
bert,bert-7b-proxy,pasta,150,layer10_mlp_fc1,0.063371056000,0.000000000000,1.150402108000,0.061754257000,13247.468116,0,400latency_llmop_bert_bert-7b-proxy_150_layer10_mlp_fc1_pasta_metrics.csv,400latency_llmop_bert_bert-7b-proxy_150_layer10_mlp_fc1_pasta_out.stdout
bert,bert-7b-proxy,pasta,151,layer10_mlp_gelu,0.000030779350,0.000000000000,0.000315740000,0.000030154000,640.033362,0,400latency_llmop_bert_bert-7b-proxy_151_layer10_mlp_gelu_pasta_metrics.csv,400latency_llmop_bert_bert-7b-proxy_151_layer10_mlp_gelu_pasta_out.stdout
bert,bert-7b-proxy,pasta,152,layer10_mlp_fc2,0.054627315000,0.000000000000,1.006487296000,0.054605047000,30906.142571,0,400latency_llmop_bert_bert-7b-proxy_152_layer10_mlp_fc2_pasta_metrics.csv,400latency_llmop_bert_bert-7b-proxy_152_layer10_mlp_fc2_pasta_out.stdout
bert,bert-7b-proxy,pasta,153,layer10_mlp_residual,0.000033915000,0.000000000000,0.001278808000,0.000033428000,237.011988,0,400latency_llmop_bert_bert-7b-proxy_153_layer10_mlp_residual_pasta_metrics.csv,400latency_llmop_bert_bert-7b-proxy_153_layer10_mlp_residual_pasta_out.stdout
bert,bert-7b-proxy,pasta,154,layer10_norm2,0.000022026000,0.000000000000,0.000819010000,0.000021541000,246.021900,0,400latency_llmop_bert_bert-7b-proxy_154_layer10_norm2_pasta_metrics.csv,400latency_llmop_bert_bert-7b-proxy_154_layer10_norm2_pasta_out.stdout
bert,bert-7b-proxy,pasta,155,layer11_attn_q,0.040832784125,0.000000000000,1.222602460000,0.040795871000,13256.478806,0,400latency_llmop_bert_bert-7b-proxy_155_layer11_attn_q_pasta_metrics.csv,400latency_llmop_bert_bert-7b-proxy_155_layer11_attn_q_pasta_out.stdout
bert,bert-7b-proxy,pasta,156,layer11_attn_k,0.040832784125,0.000000000000,1.222602460000,0.040795871000,13256.478806,0,400latency_llmop_bert_bert-7b-proxy_156_layer11_attn_k_pasta_metrics.csv,400latency_llmop_bert_bert-7b-proxy_156_layer11_attn_k_pasta_out.stdout
bert,bert-7b-proxy,pasta,157,layer11_attn_v,0.040832784125,0.000000000000,1.222602460000,0.040795871000,13256.478806,0,400latency_llmop_bert_bert-7b-proxy_157_layer11_attn_v_pasta_metrics.csv,400latency_llmop_bert_bert-7b-proxy_157_layer11_attn_v_pasta_out.stdout
bert,bert-7b-proxy,pasta,158,layer11_attn_score,0.012400265000,0.000000000000,0.373988159000,0.012384536000,2542.109534,0,400latency_llmop_bert_bert-7b-proxy_158_layer11_attn_score_pasta_metrics.csv,400latency_llmop_bert_bert-7b-proxy_158_layer11_attn_score_pasta_out.stdout
bert,bert-7b-proxy,pasta,159,layer11_attn_softmax,0.000018498000,0.000000000000,0.000211893000,0.000018028000,34.006534,0,400latency_llmop_bert_bert-7b-proxy_159_layer11_attn_softmax_pasta_metrics.csv,400latency_llmop_bert_bert-7b-proxy_159_layer11_attn_softmax_pasta_out.stdout
bert,bert-7b-proxy,pasta,160,layer11_attn_value,0.002731007500,0.000000000000,0.061297460000,0.002689751000,16179.605041,0,400latency_llmop_bert_bert-7b-proxy_160_layer11_attn_value_pasta_metrics.csv,400latency_llmop_bert_bert-7b-proxy_160_layer11_attn_value_pasta_out.stdout
bert,bert-7b-proxy,pasta,161,layer11_attn_out,0.040832784125,0.000000000000,1.222602460000,0.040795871000,13256.478806,0,400latency_llmop_bert_bert-7b-proxy_161_layer11_attn_out_pasta_metrics.csv,400latency_llmop_bert_bert-7b-proxy_161_layer11_attn_out_pasta_out.stdout
bert,bert-7b-proxy,pasta,162,layer11_attn_residual,0.000033915000,0.000000000000,0.001278808000,0.000033428000,237.011988,0,400latency_llmop_bert_bert-7b-proxy_162_layer11_attn_residual_pasta_metrics.csv,400latency_llmop_bert_bert-7b-proxy_162_layer11_attn_residual_pasta_out.stdout
bert,bert-7b-proxy,pasta,163,layer11_norm1,0.000022026000,0.000000000000,0.000819010000,0.000021541000,246.021900,0,400latency_llmop_bert_bert-7b-proxy_163_layer11_norm1_pasta_metrics.csv,400latency_llmop_bert_bert-7b-proxy_163_layer11_norm1_pasta_out.stdout
bert,bert-7b-proxy,pasta,164,layer11_mlp_fc1,0.063371056000,0.000000000000,1.150402108000,0.061754257000,13247.468116,0,400latency_llmop_bert_bert-7b-proxy_164_layer11_mlp_fc1_pasta_metrics.csv,400latency_llmop_bert_bert-7b-proxy_164_layer11_mlp_fc1_pasta_out.stdout
bert,bert-7b-proxy,pasta,165,layer11_mlp_gelu,0.000030779350,0.000000000000,0.000315740000,0.000030154000,640.033362,0,400latency_llmop_bert_bert-7b-proxy_165_layer11_mlp_gelu_pasta_metrics.csv,400latency_llmop_bert_bert-7b-proxy_165_layer11_mlp_gelu_pasta_out.stdout
bert,bert-7b-proxy,pasta,166,layer11_mlp_fc2,0.054627315000,0.000000000000,1.006487296000,0.054605047000,30906.142571,0,400latency_llmop_bert_bert-7b-proxy_166_layer11_mlp_fc2_pasta_metrics.csv,400latency_llmop_bert_bert-7b-proxy_166_layer11_mlp_fc2_pasta_out.stdout
bert,bert-7b-proxy,pasta,167,layer11_mlp_residual,0.000033915000,0.000000000000,0.001278808000,0.000033428000,237.011988,0,400latency_llmop_bert_bert-7b-proxy_167_layer11_mlp_residual_pasta_metrics.csv,400latency_llmop_bert_bert-7b-proxy_167_layer11_mlp_residual_pasta_out.stdout
bert,bert-7b-proxy,pasta,168,layer11_norm2,0.000022026000,0.000000000000,0.000819010000,0.000021541000,246.021900,0,400latency_llmop_bert_bert-7b-proxy_168_layer11_norm2_pasta_metrics.csv,400latency_llmop_bert_bert-7b-proxy_168_layer11_norm2_pasta_out.stdout
bert,bert-7b-proxy,pasta,169,layer12_attn_q,0.040832784125,0.000000000000,1.222602460000,0.040795871000,13256.478806,0,400latency_llmop_bert_bert-7b-proxy_169_layer12_attn_q_pasta_metrics.csv,400latency_llmop_bert_bert-7b-proxy_169_layer12_attn_q_pasta_out.stdout
bert,bert-7b-proxy,pasta,170,layer12_attn_k,0.040832784125,0.000000000000,1.222602460000,0.040795871000,13256.478806,0,400latency_llmop_bert_bert-7b-proxy_170_layer12_attn_k_pasta_metrics.csv,400latency_llmop_bert_bert-7b-proxy_170_layer12_attn_k_pasta_out.stdout
bert,bert-7b-proxy,pasta,171,layer12_attn_v,0.040832784125,0.000000000000,1.222602460000,0.040795871000,13256.478806,0,400latency_llmop_bert_bert-7b-proxy_171_layer12_attn_v_pasta_metrics.csv,400latency_llmop_bert_bert-7b-proxy_171_layer12_attn_v_pasta_out.stdout
bert,bert-7b-proxy,pasta,172,layer12_attn_score,0.012400265000,0.000000000000,0.373988159000,0.012384536000,2542.109534,0,400latency_llmop_bert_bert-7b-proxy_172_layer12_attn_score_pasta_metrics.csv,400latency_llmop_bert_bert-7b-proxy_172_layer12_attn_score_pasta_out.stdout
bert,bert-7b-proxy,pasta,173,layer12_attn_softmax,0.000018498000,0.000000000000,0.000211893000,0.000018028000,34.006534,0,400latency_llmop_bert_bert-7b-proxy_173_layer12_attn_softmax_pasta_metrics.csv,400latency_llmop_bert_bert-7b-proxy_173_layer12_attn_softmax_pasta_out.stdout
bert,bert-7b-proxy,pasta,174,layer12_attn_value,0.002731007500,0.000000000000,0.061297460000,0.002689751000,16179.605041,0,400latency_llmop_bert_bert-7b-proxy_174_layer12_attn_value_pasta_metrics.csv,400latency_llmop_bert_bert-7b-proxy_174_layer12_attn_value_pasta_out.stdout
bert,bert-7b-proxy,pasta,175,layer12_attn_out,0.040832784125,0.000000000000,1.222602460000,0.040795871000,13256.478806,0,400latency_llmop_bert_bert-7b-proxy_175_layer12_attn_out_pasta_metrics.csv,400latency_llmop_bert_bert-7b-proxy_175_layer12_attn_out_pasta_out.stdout
bert,bert-7b-proxy,pasta,176,layer12_attn_residual,0.000033915000,0.000000000000,0.001278808000,0.000033428000,237.011988,0,400latency_llmop_bert_bert-7b-proxy_176_layer12_attn_residual_pasta_metrics.csv,400latency_llmop_bert_bert-7b-proxy_176_layer12_attn_residual_pasta_out.stdout
bert,bert-7b-proxy,pasta,177,layer12_norm1,0.000022026000,0.000000000000,0.000819010000,0.000021541000,246.021900,0,400latency_llmop_bert_bert-7b-proxy_177_layer12_norm1_pasta_metrics.csv,400latency_llmop_bert_bert-7b-proxy_177_layer12_norm1_pasta_out.stdout
bert,bert-7b-proxy,pasta,178,layer12_mlp_fc1,0.063371056000,0.000000000000,1.150402108000,0.061754257000,13247.468116,0,400latency_llmop_bert_bert-7b-proxy_178_layer12_mlp_fc1_pasta_metrics.csv,400latency_llmop_bert_bert-7b-proxy_178_layer12_mlp_fc1_pasta_out.stdout
bert,bert-7b-proxy,pasta,179,layer12_mlp_gelu,0.000030779350,0.000000000000,0.000315740000,0.000030154000,640.033362,0,400latency_llmop_bert_bert-7b-proxy_179_layer12_mlp_gelu_pasta_metrics.csv,400latency_llmop_bert_bert-7b-proxy_179_layer12_mlp_gelu_pasta_out.stdout
bert,bert-7b-proxy,pasta,180,layer12_mlp_fc2,0.054627315000,0.000000000000,1.006487296000,0.054605047000,30906.142571,0,400latency_llmop_bert_bert-7b-proxy_180_layer12_mlp_fc2_pasta_metrics.csv,400latency_llmop_bert_bert-7b-proxy_180_layer12_mlp_fc2_pasta_out.stdout
bert,bert-7b-proxy,pasta,181,layer12_mlp_residual,0.000033915000,0.000000000000,0.001278808000,0.000033428000,237.011988,0,400latency_llmop_bert_bert-7b-proxy_181_layer12_mlp_residual_pasta_metrics.csv,400latency_llmop_bert_bert-7b-proxy_181_layer12_mlp_residual_pasta_out.stdout
bert,bert-7b-proxy,pasta,182,layer12_norm2,0.000022026000,0.000000000000,0.000819010000,0.000021541000,246.021900,0,400latency_llmop_bert_bert-7b-proxy_182_layer12_norm2_pasta_metrics.csv,400latency_llmop_bert_bert-7b-proxy_182_layer12_norm2_pasta_out.stdout
bert,bert-7b-proxy,pasta,183,layer13_attn_q,0.040832784125,0.000000000000,1.222602460000,0.040795871000,13256.478806,0,400latency_llmop_bert_bert-7b-proxy_183_layer13_attn_q_pasta_metrics.csv,400latency_llmop_bert_bert-7b-proxy_183_layer13_attn_q_pasta_out.stdout
bert,bert-7b-proxy,pasta,184,layer13_attn_k,0.040832784125,0.000000000000,1.222602460000,0.040795871000,13256.478806,0,400latency_llmop_bert_bert-7b-proxy_184_layer13_attn_k_pasta_metrics.csv,400latency_llmop_bert_bert-7b-proxy_184_layer13_attn_k_pasta_out.stdout
bert,bert-7b-proxy,pasta,185,layer13_attn_v,0.040832784125,0.000000000000,1.222602460000,0.040795871000,13256.478806,0,400latency_llmop_bert_bert-7b-proxy_185_layer13_attn_v_pasta_metrics.csv,400latency_llmop_bert_bert-7b-proxy_185_layer13_attn_v_pasta_out.stdout
bert,bert-7b-proxy,pasta,186,layer13_attn_score,0.012400265000,0.000000000000,0.373988159000,0.012384536000,2542.109534,0,400latency_llmop_bert_bert-7b-proxy_186_layer13_attn_score_pasta_metrics.csv,400latency_llmop_bert_bert-7b-proxy_186_layer13_attn_score_pasta_out.stdout
bert,bert-7b-proxy,pasta,187,layer13_attn_softmax,0.000018498000,0.000000000000,0.000211893000,0.000018028000,34.006534,0,400latency_llmop_bert_bert-7b-proxy_187_layer13_attn_softmax_pasta_metrics.csv,400latency_llmop_bert_bert-7b-proxy_187_layer13_attn_softmax_pasta_out.stdout
bert,bert-7b-proxy,pasta,188,layer13_attn_value,0.002731007500,0.000000000000,0.061297460000,0.002689751000,16179.605041,0,400latency_llmop_bert_bert-7b-proxy_188_layer13_attn_value_pasta_metrics.csv,400latency_llmop_bert_bert-7b-proxy_188_layer13_attn_value_pasta_out.stdout
bert,bert-7b-proxy,pasta,189,layer13_attn_out,0.040832784125,0.000000000000,1.222602460000,0.040795871000,13256.478806,0,400latency_llmop_bert_bert-7b-proxy_189_layer13_attn_out_pasta_metrics.csv,400latency_llmop_bert_bert-7b-proxy_189_layer13_attn_out_pasta_out.stdout
bert,bert-7b-proxy,pasta,190,layer13_attn_residual,0.000033915000,0.000000000000,0.001278808000,0.000033428000,237.011988,0,400latency_llmop_bert_bert-7b-proxy_190_layer13_attn_residual_pasta_metrics.csv,400latency_llmop_bert_bert-7b-proxy_190_layer13_attn_residual_pasta_out.stdout
bert,bert-7b-proxy,pasta,191,layer13_norm1,0.000022026000,0.000000000000,0.000819010000,0.000021541000,246.021900,0,400latency_llmop_bert_bert-7b-proxy_191_layer13_norm1_pasta_metrics.csv,400latency_llmop_bert_bert-7b-proxy_191_layer13_norm1_pasta_out.stdout
bert,bert-7b-proxy,pasta,192,layer13_mlp_fc1,0.063371056000,0.000000000000,1.150402108000,0.061754257000,13247.468116,0,400latency_llmop_bert_bert-7b-proxy_192_layer13_mlp_fc1_pasta_metrics.csv,400latency_llmop_bert_bert-7b-proxy_192_layer13_mlp_fc1_pasta_out.stdout
bert,bert-7b-proxy,pasta,193,layer13_mlp_gelu,0.000030779350,0.000000000000,0.000315740000,0.000030154000,640.033362,0,400latency_llmop_bert_bert-7b-proxy_193_layer13_mlp_gelu_pasta_metrics.csv,400latency_llmop_bert_bert-7b-proxy_193_layer13_mlp_gelu_pasta_out.stdout
bert,bert-7b-proxy,pasta,194,layer13_mlp_fc2,0.054627315000,0.000000000000,1.006487296000,0.054605047000,30906.142571,0,400latency_llmop_bert_bert-7b-proxy_194_layer13_mlp_fc2_pasta_metrics.csv,400latency_llmop_bert_bert-7b-proxy_194_layer13_mlp_fc2_pasta_out.stdout
bert,bert-7b-proxy,pasta,195,layer13_mlp_residual,0.000033915000,0.000000000000,0.001278808000,0.000033428000,237.011988,0,400latency_llmop_bert_bert-7b-proxy_195_layer13_mlp_residual_pasta_metrics.csv,400latency_llmop_bert_bert-7b-proxy_195_layer13_mlp_residual_pasta_out.stdout
bert,bert-7b-proxy,pasta,196,layer13_norm2,0.000022026000,0.000000000000,0.000819010000,0.000021541000,246.021900,0,400latency_llmop_bert_bert-7b-proxy_196_layer13_norm2_pasta_metrics.csv,400latency_llmop_bert_bert-7b-proxy_196_layer13_norm2_pasta_out.stdout
bert,bert-7b-proxy,pasta,197,layer14_attn_q,0.040832784125,0.000000000000,1.222602460000,0.040795871000,13256.478806,0,400latency_llmop_bert_bert-7b-proxy_197_layer14_attn_q_pasta_metrics.csv,400latency_llmop_bert_bert-7b-proxy_197_layer14_attn_q_pasta_out.stdout
bert,bert-7b-proxy,pasta,198,layer14_attn_k,0.040832784125,0.000000000000,1.222602460000,0.040795871000,13256.478806,0,400latency_llmop_bert_bert-7b-proxy_198_layer14_attn_k_pasta_metrics.csv,400latency_llmop_bert_bert-7b-proxy_198_layer14_attn_k_pasta_out.stdout
bert,bert-7b-proxy,pasta,199,layer14_attn_v,0.040832784125,0.000000000000,1.222602460000,0.040795871000,13256.478806,0,400latency_llmop_bert_bert-7b-proxy_199_layer14_attn_v_pasta_metrics.csv,400latency_llmop_bert_bert-7b-proxy_199_layer14_attn_v_pasta_out.stdout
bert,bert-7b-proxy,pasta,200,layer14_attn_score,0.012400265000,0.000000000000,0.373988159000,0.012384536000,2542.109534,0,400latency_llmop_bert_bert-7b-proxy_200_layer14_attn_score_pasta_metrics.csv,400latency_llmop_bert_bert-7b-proxy_200_layer14_attn_score_pasta_out.stdout
bert,bert-7b-proxy,pasta,201,layer14_attn_softmax,0.000018498000,0.000000000000,0.000211893000,0.000018028000,34.006534,0,400latency_llmop_bert_bert-7b-proxy_201_layer14_attn_softmax_pasta_metrics.csv,400latency_llmop_bert_bert-7b-proxy_201_layer14_attn_softmax_pasta_out.stdout
bert,bert-7b-proxy,pasta,202,layer14_attn_value,0.002731007500,0.000000000000,0.061297460000,0.002689751000,16179.605041,0,400latency_llmop_bert_bert-7b-proxy_202_layer14_attn_value_pasta_metrics.csv,400latency_llmop_bert_bert-7b-proxy_202_layer14_attn_value_pasta_out.stdout
bert,bert-7b-proxy,pasta,203,layer14_attn_out,0.040832784125,0.000000000000,1.222602460000,0.040795871000,13256.478806,0,400latency_llmop_bert_bert-7b-proxy_203_layer14_attn_out_pasta_metrics.csv,400latency_llmop_bert_bert-7b-proxy_203_layer14_attn_out_pasta_out.stdout
bert,bert-7b-proxy,pasta,204,layer14_attn_residual,0.000033915000,0.000000000000,0.001278808000,0.000033428000,237.011988,0,400latency_llmop_bert_bert-7b-proxy_204_layer14_attn_residual_pasta_metrics.csv,400latency_llmop_bert_bert-7b-proxy_204_layer14_attn_residual_pasta_out.stdout
bert,bert-7b-proxy,pasta,205,layer14_norm1,0.000022026000,0.000000000000,0.000819010000,0.000021541000,246.021900,0,400latency_llmop_bert_bert-7b-proxy_205_layer14_norm1_pasta_metrics.csv,400latency_llmop_bert_bert-7b-proxy_205_layer14_norm1_pasta_out.stdout
bert,bert-7b-proxy,pasta,206,layer14_mlp_fc1,0.063371056000,0.000000000000,1.150402108000,0.061754257000,13247.468116,0,400latency_llmop_bert_bert-7b-proxy_206_layer14_mlp_fc1_pasta_metrics.csv,400latency_llmop_bert_bert-7b-proxy_206_layer14_mlp_fc1_pasta_out.stdout
bert,bert-7b-proxy,pasta,207,layer14_mlp_gelu,0.000030779350,0.000000000000,0.000315740000,0.000030154000,640.033362,0,400latency_llmop_bert_bert-7b-proxy_207_layer14_mlp_gelu_pasta_metrics.csv,400latency_llmop_bert_bert-7b-proxy_207_layer14_mlp_gelu_pasta_out.stdout
bert,bert-7b-proxy,pasta,208,layer14_mlp_fc2,0.054627315000,0.000000000000,1.006487296000,0.054605047000,30906.142571,0,400latency_llmop_bert_bert-7b-proxy_208_layer14_mlp_fc2_pasta_metrics.csv,400latency_llmop_bert_bert-7b-proxy_208_layer14_mlp_fc2_pasta_out.stdout
bert,bert-7b-proxy,pasta,209,layer14_mlp_residual,0.000033915000,0.000000000000,0.001278808000,0.000033428000,237.011988,0,400latency_llmop_bert_bert-7b-proxy_209_layer14_mlp_residual_pasta_metrics.csv,400latency_llmop_bert_bert-7b-proxy_209_layer14_mlp_residual_pasta_out.stdout
bert,bert-7b-proxy,pasta,210,layer14_norm2,0.000022026000,0.000000000000,0.000819010000,0.000021541000,246.021900,0,400latency_llmop_bert_bert-7b-proxy_210_layer14_norm2_pasta_metrics.csv,400latency_llmop_bert_bert-7b-proxy_210_layer14_norm2_pasta_out.stdout
bert,bert-7b-proxy,pasta,211,layer15_attn_q,0.040832784125,0.000000000000,1.222602460000,0.040795871000,13256.478806,0,400latency_llmop_bert_bert-7b-proxy_211_layer15_attn_q_pasta_metrics.csv,400latency_llmop_bert_bert-7b-proxy_211_layer15_attn_q_pasta_out.stdout
bert,bert-7b-proxy,pasta,212,layer15_attn_k,0.040832784125,0.000000000000,1.222602460000,0.040795871000,13256.478806,0,400latency_llmop_bert_bert-7b-proxy_212_layer15_attn_k_pasta_metrics.csv,400latency_llmop_bert_bert-7b-proxy_212_layer15_attn_k_pasta_out.stdout
bert,bert-7b-proxy,pasta,213,layer15_attn_v,0.040832784125,0.000000000000,1.222602460000,0.040795871000,13256.478806,0,400latency_llmop_bert_bert-7b-proxy_213_layer15_attn_v_pasta_metrics.csv,400latency_llmop_bert_bert-7b-proxy_213_layer15_attn_v_pasta_out.stdout
bert,bert-7b-proxy,pasta,214,layer15_attn_score,0.012400265000,0.000000000000,0.373988159000,0.012384536000,2542.109534,0,400latency_llmop_bert_bert-7b-proxy_214_layer15_attn_score_pasta_metrics.csv,400latency_llmop_bert_bert-7b-proxy_214_layer15_attn_score_pasta_out.stdout
bert,bert-7b-proxy,pasta,215,layer15_attn_softmax,0.000018498000,0.000000000000,0.000211893000,0.000018028000,34.006534,0,400latency_llmop_bert_bert-7b-proxy_215_layer15_attn_softmax_pasta_metrics.csv,400latency_llmop_bert_bert-7b-proxy_215_layer15_attn_softmax_pasta_out.stdout
bert,bert-7b-proxy,pasta,216,layer15_attn_value,0.002731007500,0.000000000000,0.061297460000,0.002689751000,16179.605041,0,400latency_llmop_bert_bert-7b-proxy_216_layer15_attn_value_pasta_metrics.csv,400latency_llmop_bert_bert-7b-proxy_216_layer15_attn_value_pasta_out.stdout
bert,bert-7b-proxy,pasta,217,layer15_attn_out,0.040832784125,0.000000000000,1.222602460000,0.040795871000,13256.478806,0,400latency_llmop_bert_bert-7b-proxy_217_layer15_attn_out_pasta_metrics.csv,400latency_llmop_bert_bert-7b-proxy_217_layer15_attn_out_pasta_out.stdout
bert,bert-7b-proxy,pasta,218,layer15_attn_residual,0.000033915000,0.000000000000,0.001278808000,0.000033428000,237.011988,0,400latency_llmop_bert_bert-7b-proxy_218_layer15_attn_residual_pasta_metrics.csv,400latency_llmop_bert_bert-7b-proxy_218_layer15_attn_residual_pasta_out.stdout
bert,bert-7b-proxy,pasta,219,layer15_norm1,0.000022026000,0.000000000000,0.000819010000,0.000021541000,246.021900,0,400latency_llmop_bert_bert-7b-proxy_219_layer15_norm1_pasta_metrics.csv,400latency_llmop_bert_bert-7b-proxy_219_layer15_norm1_pasta_out.stdout
bert,bert-7b-proxy,pasta,220,layer15_mlp_fc1,0.063371056000,0.000000000000,1.150402108000,0.061754257000,13247.468116,0,400latency_llmop_bert_bert-7b-proxy_220_layer15_mlp_fc1_pasta_metrics.csv,400latency_llmop_bert_bert-7b-proxy_220_layer15_mlp_fc1_pasta_out.stdout
bert,bert-7b-proxy,pasta,221,layer15_mlp_gelu,0.000030779350,0.000000000000,0.000315740000,0.000030154000,640.033362,0,400latency_llmop_bert_bert-7b-proxy_221_layer15_mlp_gelu_pasta_metrics.csv,400latency_llmop_bert_bert-7b-proxy_221_layer15_mlp_gelu_pasta_out.stdout
bert,bert-7b-proxy,pasta,222,layer15_mlp_fc2,0.054627315000,0.000000000000,1.006487296000,0.054605047000,30906.142571,0,400latency_llmop_bert_bert-7b-proxy_222_layer15_mlp_fc2_pasta_metrics.csv,400latency_llmop_bert_bert-7b-proxy_222_layer15_mlp_fc2_pasta_out.stdout
bert,bert-7b-proxy,pasta,223,layer15_mlp_residual,0.000033915000,0.000000000000,0.001278808000,0.000033428000,237.011988,0,400latency_llmop_bert_bert-7b-proxy_223_layer15_mlp_residual_pasta_metrics.csv,400latency_llmop_bert_bert-7b-proxy_223_layer15_mlp_residual_pasta_out.stdout
bert,bert-7b-proxy,pasta,224,layer15_norm2,0.000022026000,0.000000000000,0.000819010000,0.000021541000,246.021900,0,400latency_llmop_bert_bert-7b-proxy_224_layer15_norm2_pasta_metrics.csv,400latency_llmop_bert_bert-7b-proxy_224_layer15_norm2_pasta_out.stdout
bert,bert-7b-proxy,pasta,225,layer16_attn_q,0.040832784125,0.000000000000,1.222602460000,0.040795871000,13256.478806,0,400latency_llmop_bert_bert-7b-proxy_225_layer16_attn_q_pasta_metrics.csv,400latency_llmop_bert_bert-7b-proxy_225_layer16_attn_q_pasta_out.stdout
bert,bert-7b-proxy,pasta,226,layer16_attn_k,0.040832784125,0.000000000000,1.222602460000,0.040795871000,13256.478806,0,400latency_llmop_bert_bert-7b-proxy_226_layer16_attn_k_pasta_metrics.csv,400latency_llmop_bert_bert-7b-proxy_226_layer16_attn_k_pasta_out.stdout
bert,bert-7b-proxy,pasta,227,layer16_attn_v,0.040832784125,0.000000000000,1.222602460000,0.040795871000,13256.478806,0,400latency_llmop_bert_bert-7b-proxy_227_layer16_attn_v_pasta_metrics.csv,400latency_llmop_bert_bert-7b-proxy_227_layer16_attn_v_pasta_out.stdout
bert,bert-7b-proxy,pasta,228,layer16_attn_score,0.012400265000,0.000000000000,0.373988159000,0.012384536000,2542.109534,0,400latency_llmop_bert_bert-7b-proxy_228_layer16_attn_score_pasta_metrics.csv,400latency_llmop_bert_bert-7b-proxy_228_layer16_attn_score_pasta_out.stdout
bert,bert-7b-proxy,pasta,229,layer16_attn_softmax,0.000018498000,0.000000000000,0.000211893000,0.000018028000,34.006534,0,400latency_llmop_bert_bert-7b-proxy_229_layer16_attn_softmax_pasta_metrics.csv,400latency_llmop_bert_bert-7b-proxy_229_layer16_attn_softmax_pasta_out.stdout
bert,bert-7b-proxy,pasta,230,layer16_attn_value,0.002731007500,0.000000000000,0.061297460000,0.002689751000,16179.605041,0,400latency_llmop_bert_bert-7b-proxy_230_layer16_attn_value_pasta_metrics.csv,400latency_llmop_bert_bert-7b-proxy_230_layer16_attn_value_pasta_out.stdout
bert,bert-7b-proxy,pasta,231,layer16_attn_out,0.040832784125,0.000000000000,1.222602460000,0.040795871000,13256.478806,0,400latency_llmop_bert_bert-7b-proxy_231_layer16_attn_out_pasta_metrics.csv,400latency_llmop_bert_bert-7b-proxy_231_layer16_attn_out_pasta_out.stdout
bert,bert-7b-proxy,pasta,232,layer16_attn_residual,0.000033915000,0.000000000000,0.001278808000,0.000033428000,237.011988,0,400latency_llmop_bert_bert-7b-proxy_232_layer16_attn_residual_pasta_metrics.csv,400latency_llmop_bert_bert-7b-proxy_232_layer16_attn_residual_pasta_out.stdout
bert,bert-7b-proxy,pasta,233,layer16_norm1,0.000022026000,0.000000000000,0.000819010000,0.000021541000,246.021900,0,400latency_llmop_bert_bert-7b-proxy_233_layer16_norm1_pasta_metrics.csv,400latency_llmop_bert_bert-7b-proxy_233_layer16_norm1_pasta_out.stdout
bert,bert-7b-proxy,pasta,234,layer16_mlp_fc1,0.063371056000,0.000000000000,1.150402108000,0.061754257000,13247.468116,0,400latency_llmop_bert_bert-7b-proxy_234_layer16_mlp_fc1_pasta_metrics.csv,400latency_llmop_bert_bert-7b-proxy_234_layer16_mlp_fc1_pasta_out.stdout
bert,bert-7b-proxy,pasta,235,layer16_mlp_gelu,0.000030779350,0.000000000000,0.000315740000,0.000030154000,640.033362,0,400latency_llmop_bert_bert-7b-proxy_235_layer16_mlp_gelu_pasta_metrics.csv,400latency_llmop_bert_bert-7b-proxy_235_layer16_mlp_gelu_pasta_out.stdout
bert,bert-7b-proxy,pasta,236,layer16_mlp_fc2,0.054627315000,0.000000000000,1.006487296000,0.054605047000,30906.142571,0,400latency_llmop_bert_bert-7b-proxy_236_layer16_mlp_fc2_pasta_metrics.csv,400latency_llmop_bert_bert-7b-proxy_236_layer16_mlp_fc2_pasta_out.stdout
bert,bert-7b-proxy,pasta,237,layer16_mlp_residual,0.000033915000,0.000000000000,0.001278808000,0.000033428000,237.011988,0,400latency_llmop_bert_bert-7b-proxy_237_layer16_mlp_residual_pasta_metrics.csv,400latency_llmop_bert_bert-7b-proxy_237_layer16_mlp_residual_pasta_out.stdout
bert,bert-7b-proxy,pasta,238,layer16_norm2,0.000022026000,0.000000000000,0.000819010000,0.000021541000,246.021900,0,400latency_llmop_bert_bert-7b-proxy_238_layer16_norm2_pasta_metrics.csv,400latency_llmop_bert_bert-7b-proxy_238_layer16_norm2_pasta_out.stdout
bert,bert-7b-proxy,pasta,239,layer17_attn_q,0.040832784125,0.000000000000,1.222602460000,0.040795871000,13256.478806,0,400latency_llmop_bert_bert-7b-proxy_239_layer17_attn_q_pasta_metrics.csv,400latency_llmop_bert_bert-7b-proxy_239_layer17_attn_q_pasta_out.stdout
bert,bert-7b-proxy,pasta,240,layer17_attn_k,0.040832784125,0.000000000000,1.222602460000,0.040795871000,13256.478806,0,400latency_llmop_bert_bert-7b-proxy_240_layer17_attn_k_pasta_metrics.csv,400latency_llmop_bert_bert-7b-proxy_240_layer17_attn_k_pasta_out.stdout
bert,bert-7b-proxy,pasta,241,layer17_attn_v,0.040832784125,0.000000000000,1.222602460000,0.040795871000,13256.478806,0,400latency_llmop_bert_bert-7b-proxy_241_layer17_attn_v_pasta_metrics.csv,400latency_llmop_bert_bert-7b-proxy_241_layer17_attn_v_pasta_out.stdout
bert,bert-7b-proxy,pasta,242,layer17_attn_score,0.012400265000,0.000000000000,0.373988159000,0.012384536000,2542.109534,0,400latency_llmop_bert_bert-7b-proxy_242_layer17_attn_score_pasta_metrics.csv,400latency_llmop_bert_bert-7b-proxy_242_layer17_attn_score_pasta_out.stdout
bert,bert-7b-proxy,pasta,243,layer17_attn_softmax,0.000018498000,0.000000000000,0.000211893000,0.000018028000,34.006534,0,400latency_llmop_bert_bert-7b-proxy_243_layer17_attn_softmax_pasta_metrics.csv,400latency_llmop_bert_bert-7b-proxy_243_layer17_attn_softmax_pasta_out.stdout
bert,bert-7b-proxy,pasta,244,layer17_attn_value,0.002731007500,0.000000000000,0.061297460000,0.002689751000,16179.605041,0,400latency_llmop_bert_bert-7b-proxy_244_layer17_attn_value_pasta_metrics.csv,400latency_llmop_bert_bert-7b-proxy_244_layer17_attn_value_pasta_out.stdout
bert,bert-7b-proxy,pasta,245,layer17_attn_out,0.040832784125,0.000000000000,1.222602460000,0.040795871000,13256.478806,0,400latency_llmop_bert_bert-7b-proxy_245_layer17_attn_out_pasta_metrics.csv,400latency_llmop_bert_bert-7b-proxy_245_layer17_attn_out_pasta_out.stdout
bert,bert-7b-proxy,pasta,246,layer17_attn_residual,0.000033915000,0.000000000000,0.001278808000,0.000033428000,237.011988,0,400latency_llmop_bert_bert-7b-proxy_246_layer17_attn_residual_pasta_metrics.csv,400latency_llmop_bert_bert-7b-proxy_246_layer17_attn_residual_pasta_out.stdout
bert,bert-7b-proxy,pasta,247,layer17_norm1,0.000022026000,0.000000000000,0.000819010000,0.000021541000,246.021900,0,400latency_llmop_bert_bert-7b-proxy_247_layer17_norm1_pasta_metrics.csv,400latency_llmop_bert_bert-7b-proxy_247_layer17_norm1_pasta_out.stdout
bert,bert-7b-proxy,pasta,248,layer17_mlp_fc1,0.063371056000,0.000000000000,1.150402108000,0.061754257000,13247.468116,0,400latency_llmop_bert_bert-7b-proxy_248_layer17_mlp_fc1_pasta_metrics.csv,400latency_llmop_bert_bert-7b-proxy_248_layer17_mlp_fc1_pasta_out.stdout
bert,bert-7b-proxy,pasta,249,layer17_mlp_gelu,0.000030779350,0.000000000000,0.000315740000,0.000030154000,640.033362,0,400latency_llmop_bert_bert-7b-proxy_249_layer17_mlp_gelu_pasta_metrics.csv,400latency_llmop_bert_bert-7b-proxy_249_layer17_mlp_gelu_pasta_out.stdout
bert,bert-7b-proxy,pasta,250,layer17_mlp_fc2,0.054627315000,0.000000000000,1.006487296000,0.054605047000,30906.142571,0,400latency_llmop_bert_bert-7b-proxy_250_layer17_mlp_fc2_pasta_metrics.csv,400latency_llmop_bert_bert-7b-proxy_250_layer17_mlp_fc2_pasta_out.stdout
bert,bert-7b-proxy,pasta,251,layer17_mlp_residual,0.000033915000,0.000000000000,0.001278808000,0.000033428000,237.011988,0,400latency_llmop_bert_bert-7b-proxy_251_layer17_mlp_residual_pasta_metrics.csv,400latency_llmop_bert_bert-7b-proxy_251_layer17_mlp_residual_pasta_out.stdout
bert,bert-7b-proxy,pasta,252,layer17_norm2,0.000022026000,0.000000000000,0.000819010000,0.000021541000,246.021900,0,400latency_llmop_bert_bert-7b-proxy_252_layer17_norm2_pasta_metrics.csv,400latency_llmop_bert_bert-7b-proxy_252_layer17_norm2_pasta_out.stdout
bert,bert-7b-proxy,pasta,253,layer18_attn_q,0.040832784125,0.000000000000,1.222602460000,0.040795871000,13256.478806,0,400latency_llmop_bert_bert-7b-proxy_253_layer18_attn_q_pasta_metrics.csv,400latency_llmop_bert_bert-7b-proxy_253_layer18_attn_q_pasta_out.stdout
bert,bert-7b-proxy,pasta,254,layer18_attn_k,0.040832784125,0.000000000000,1.222602460000,0.040795871000,13256.478806,0,400latency_llmop_bert_bert-7b-proxy_254_layer18_attn_k_pasta_metrics.csv,400latency_llmop_bert_bert-7b-proxy_254_layer18_attn_k_pasta_out.stdout
bert,bert-7b-proxy,pasta,255,layer18_attn_v,0.040832784125,0.000000000000,1.222602460000,0.040795871000,13256.478806,0,400latency_llmop_bert_bert-7b-proxy_255_layer18_attn_v_pasta_metrics.csv,400latency_llmop_bert_bert-7b-proxy_255_layer18_attn_v_pasta_out.stdout
bert,bert-7b-proxy,pasta,256,layer18_attn_score,0.012400265000,0.000000000000,0.373988159000,0.012384536000,2542.109534,0,400latency_llmop_bert_bert-7b-proxy_256_layer18_attn_score_pasta_metrics.csv,400latency_llmop_bert_bert-7b-proxy_256_layer18_attn_score_pasta_out.stdout
bert,bert-7b-proxy,pasta,257,layer18_attn_softmax,0.000018498000,0.000000000000,0.000211893000,0.000018028000,34.006534,0,400latency_llmop_bert_bert-7b-proxy_257_layer18_attn_softmax_pasta_metrics.csv,400latency_llmop_bert_bert-7b-proxy_257_layer18_attn_softmax_pasta_out.stdout
bert,bert-7b-proxy,pasta,258,layer18_attn_value,0.002731007500,0.000000000000,0.061297460000,0.002689751000,16179.605041,0,400latency_llmop_bert_bert-7b-proxy_258_layer18_attn_value_pasta_metrics.csv,400latency_llmop_bert_bert-7b-proxy_258_layer18_attn_value_pasta_out.stdout
bert,bert-7b-proxy,pasta,259,layer18_attn_out,0.040832784125,0.000000000000,1.222602460000,0.040795871000,13256.478806,0,400latency_llmop_bert_bert-7b-proxy_259_layer18_attn_out_pasta_metrics.csv,400latency_llmop_bert_bert-7b-proxy_259_layer18_attn_out_pasta_out.stdout
bert,bert-7b-proxy,pasta,260,layer18_attn_residual,0.000033915000,0.000000000000,0.001278808000,0.000033428000,237.011988,0,400latency_llmop_bert_bert-7b-proxy_260_layer18_attn_residual_pasta_metrics.csv,400latency_llmop_bert_bert-7b-proxy_260_layer18_attn_residual_pasta_out.stdout
bert,bert-7b-proxy,pasta,261,layer18_norm1,0.000022026000,0.000000000000,0.000819010000,0.000021541000,246.021900,0,400latency_llmop_bert_bert-7b-proxy_261_layer18_norm1_pasta_metrics.csv,400latency_llmop_bert_bert-7b-proxy_261_layer18_norm1_pasta_out.stdout
bert,bert-7b-proxy,pasta,262,layer18_mlp_fc1,0.063371056000,0.000000000000,1.150402108000,0.061754257000,13247.468116,0,400latency_llmop_bert_bert-7b-proxy_262_layer18_mlp_fc1_pasta_metrics.csv,400latency_llmop_bert_bert-7b-proxy_262_layer18_mlp_fc1_pasta_out.stdout
bert,bert-7b-proxy,pasta,263,layer18_mlp_gelu,0.000030779350,0.000000000000,0.000315740000,0.000030154000,640.033362,0,400latency_llmop_bert_bert-7b-proxy_263_layer18_mlp_gelu_pasta_metrics.csv,400latency_llmop_bert_bert-7b-proxy_263_layer18_mlp_gelu_pasta_out.stdout
bert,bert-7b-proxy,pasta,264,layer18_mlp_fc2,0.054627315000,0.000000000000,1.006487296000,0.054605047000,30906.142571,0,400latency_llmop_bert_bert-7b-proxy_264_layer18_mlp_fc2_pasta_metrics.csv,400latency_llmop_bert_bert-7b-proxy_264_layer18_mlp_fc2_pasta_out.stdout
bert,bert-7b-proxy,pasta,265,layer18_mlp_residual,0.000033915000,0.000000000000,0.001278808000,0.000033428000,237.011988,0,400latency_llmop_bert_bert-7b-proxy_265_layer18_mlp_residual_pasta_metrics.csv,400latency_llmop_bert_bert-7b-proxy_265_layer18_mlp_residual_pasta_out.stdout
bert,bert-7b-proxy,pasta,266,layer18_norm2,0.000022026000,0.000000000000,0.000819010000,0.000021541000,246.021900,0,400latency_llmop_bert_bert-7b-proxy_266_layer18_norm2_pasta_metrics.csv,400latency_llmop_bert_bert-7b-proxy_266_layer18_norm2_pasta_out.stdout
bert,bert-7b-proxy,pasta,267,layer19_attn_q,0.040832784125,0.000000000000,1.222602460000,0.040795871000,13256.478806,0,400latency_llmop_bert_bert-7b-proxy_267_layer19_attn_q_pasta_metrics.csv,400latency_llmop_bert_bert-7b-proxy_267_layer19_attn_q_pasta_out.stdout
bert,bert-7b-proxy,pasta,268,layer19_attn_k,0.040832784125,0.000000000000,1.222602460000,0.040795871000,13256.478806,0,400latency_llmop_bert_bert-7b-proxy_268_layer19_attn_k_pasta_metrics.csv,400latency_llmop_bert_bert-7b-proxy_268_layer19_attn_k_pasta_out.stdout
bert,bert-7b-proxy,pasta,269,layer19_attn_v,0.040832784125,0.000000000000,1.222602460000,0.040795871000,13256.478806,0,400latency_llmop_bert_bert-7b-proxy_269_layer19_attn_v_pasta_metrics.csv,400latency_llmop_bert_bert-7b-proxy_269_layer19_attn_v_pasta_out.stdout
bert,bert-7b-proxy,pasta,270,layer19_attn_score,0.012400265000,0.000000000000,0.373988159000,0.012384536000,2542.109534,0,400latency_llmop_bert_bert-7b-proxy_270_layer19_attn_score_pasta_metrics.csv,400latency_llmop_bert_bert-7b-proxy_270_layer19_attn_score_pasta_out.stdout
bert,bert-7b-proxy,pasta,271,layer19_attn_softmax,0.000018498000,0.000000000000,0.000211893000,0.000018028000,34.006534,0,400latency_llmop_bert_bert-7b-proxy_271_layer19_attn_softmax_pasta_metrics.csv,400latency_llmop_bert_bert-7b-proxy_271_layer19_attn_softmax_pasta_out.stdout
bert,bert-7b-proxy,pasta,272,layer19_attn_value,0.002731007500,0.000000000000,0.061297460000,0.002689751000,16179.605041,0,400latency_llmop_bert_bert-7b-proxy_272_layer19_attn_value_pasta_metrics.csv,400latency_llmop_bert_bert-7b-proxy_272_layer19_attn_value_pasta_out.stdout
bert,bert-7b-proxy,pasta,273,layer19_attn_out,0.040832784125,0.000000000000,1.222602460000,0.040795871000,13256.478806,0,400latency_llmop_bert_bert-7b-proxy_273_layer19_attn_out_pasta_metrics.csv,400latency_llmop_bert_bert-7b-proxy_273_layer19_attn_out_pasta_out.stdout
bert,bert-7b-proxy,pasta,274,layer19_attn_residual,0.000033915000,0.000000000000,0.001278808000,0.000033428000,237.011988,0,400latency_llmop_bert_bert-7b-proxy_274_layer19_attn_residual_pasta_metrics.csv,400latency_llmop_bert_bert-7b-proxy_274_layer19_attn_residual_pasta_out.stdout
bert,bert-7b-proxy,pasta,275,layer19_norm1,0.000022026000,0.000000000000,0.000819010000,0.000021541000,246.021900,0,400latency_llmop_bert_bert-7b-proxy_275_layer19_norm1_pasta_metrics.csv,400latency_llmop_bert_bert-7b-proxy_275_layer19_norm1_pasta_out.stdout
bert,bert-7b-proxy,pasta,276,layer19_mlp_fc1,0.063371056000,0.000000000000,1.150402108000,0.061754257000,13247.468116,0,400latency_llmop_bert_bert-7b-proxy_276_layer19_mlp_fc1_pasta_metrics.csv,400latency_llmop_bert_bert-7b-proxy_276_layer19_mlp_fc1_pasta_out.stdout
bert,bert-7b-proxy,pasta,277,layer19_mlp_gelu,0.000030779350,0.000000000000,0.000315740000,0.000030154000,640.033362,0,400latency_llmop_bert_bert-7b-proxy_277_layer19_mlp_gelu_pasta_metrics.csv,400latency_llmop_bert_bert-7b-proxy_277_layer19_mlp_gelu_pasta_out.stdout
bert,bert-7b-proxy,pasta,278,layer19_mlp_fc2,0.054627315000,0.000000000000,1.006487296000,0.054605047000,30906.142571,0,400latency_llmop_bert_bert-7b-proxy_278_layer19_mlp_fc2_pasta_metrics.csv,400latency_llmop_bert_bert-7b-proxy_278_layer19_mlp_fc2_pasta_out.stdout
bert,bert-7b-proxy,pasta,279,layer19_mlp_residual,0.000033915000,0.000000000000,0.001278808000,0.000033428000,237.011988,0,400latency_llmop_bert_bert-7b-proxy_279_layer19_mlp_residual_pasta_metrics.csv,400latency_llmop_bert_bert-7b-proxy_279_layer19_mlp_residual_pasta_out.stdout
bert,bert-7b-proxy,pasta,280,layer19_norm2,0.000022026000,0.000000000000,0.000819010000,0.000021541000,246.021900,0,400latency_llmop_bert_bert-7b-proxy_280_layer19_norm2_pasta_metrics.csv,400latency_llmop_bert_bert-7b-proxy_280_layer19_norm2_pasta_out.stdout
bert,bert-7b-proxy,pasta,281,layer20_attn_q,0.040832784125,0.000000000000,1.222602460000,0.040795871000,13256.478806,0,400latency_llmop_bert_bert-7b-proxy_281_layer20_attn_q_pasta_metrics.csv,400latency_llmop_bert_bert-7b-proxy_281_layer20_attn_q_pasta_out.stdout
bert,bert-7b-proxy,pasta,282,layer20_attn_k,0.040832784125,0.000000000000,1.222602460000,0.040795871000,13256.478806,0,400latency_llmop_bert_bert-7b-proxy_282_layer20_attn_k_pasta_metrics.csv,400latency_llmop_bert_bert-7b-proxy_282_layer20_attn_k_pasta_out.stdout
bert,bert-7b-proxy,pasta,283,layer20_attn_v,0.040832784125,0.000000000000,1.222602460000,0.040795871000,13256.478806,0,400latency_llmop_bert_bert-7b-proxy_283_layer20_attn_v_pasta_metrics.csv,400latency_llmop_bert_bert-7b-proxy_283_layer20_attn_v_pasta_out.stdout
bert,bert-7b-proxy,pasta,284,layer20_attn_score,0.012400265000,0.000000000000,0.373988159000,0.012384536000,2542.109534,0,400latency_llmop_bert_bert-7b-proxy_284_layer20_attn_score_pasta_metrics.csv,400latency_llmop_bert_bert-7b-proxy_284_layer20_attn_score_pasta_out.stdout
bert,bert-7b-proxy,pasta,285,layer20_attn_softmax,0.000018498000,0.000000000000,0.000211893000,0.000018028000,34.006534,0,400latency_llmop_bert_bert-7b-proxy_285_layer20_attn_softmax_pasta_metrics.csv,400latency_llmop_bert_bert-7b-proxy_285_layer20_attn_softmax_pasta_out.stdout
bert,bert-7b-proxy,pasta,286,layer20_attn_value,0.002731007500,0.000000000000,0.061297460000,0.002689751000,16179.605041,0,400latency_llmop_bert_bert-7b-proxy_286_layer20_attn_value_pasta_metrics.csv,400latency_llmop_bert_bert-7b-proxy_286_layer20_attn_value_pasta_out.stdout
bert,bert-7b-proxy,pasta,287,layer20_attn_out,0.040832784125,0.000000000000,1.222602460000,0.040795871000,13256.478806,0,400latency_llmop_bert_bert-7b-proxy_287_layer20_attn_out_pasta_metrics.csv,400latency_llmop_bert_bert-7b-proxy_287_layer20_attn_out_pasta_out.stdout
bert,bert-7b-proxy,pasta,288,layer20_attn_residual,0.000033915000,0.000000000000,0.001278808000,0.000033428000,237.011988,0,400latency_llmop_bert_bert-7b-proxy_288_layer20_attn_residual_pasta_metrics.csv,400latency_llmop_bert_bert-7b-proxy_288_layer20_attn_residual_pasta_out.stdout
bert,bert-7b-proxy,pasta,289,layer20_norm1,0.000022026000,0.000000000000,0.000819010000,0.000021541000,246.021900,0,400latency_llmop_bert_bert-7b-proxy_289_layer20_norm1_pasta_metrics.csv,400latency_llmop_bert_bert-7b-proxy_289_layer20_norm1_pasta_out.stdout
bert,bert-7b-proxy,pasta,290,layer20_mlp_fc1,0.063371056000,0.000000000000,1.150402108000,0.061754257000,13247.468116,0,400latency_llmop_bert_bert-7b-proxy_290_layer20_mlp_fc1_pasta_metrics.csv,400latency_llmop_bert_bert-7b-proxy_290_layer20_mlp_fc1_pasta_out.stdout
bert,bert-7b-proxy,pasta,291,layer20_mlp_gelu,0.000030779350,0.000000000000,0.000315740000,0.000030154000,640.033362,0,400latency_llmop_bert_bert-7b-proxy_291_layer20_mlp_gelu_pasta_metrics.csv,400latency_llmop_bert_bert-7b-proxy_291_layer20_mlp_gelu_pasta_out.stdout
bert,bert-7b-proxy,pasta,292,layer20_mlp_fc2,0.054627315000,0.000000000000,1.006487296000,0.054605047000,30906.142571,0,400latency_llmop_bert_bert-7b-proxy_292_layer20_mlp_fc2_pasta_metrics.csv,400latency_llmop_bert_bert-7b-proxy_292_layer20_mlp_fc2_pasta_out.stdout
bert,bert-7b-proxy,pasta,293,layer20_mlp_residual,0.000033915000,0.000000000000,0.001278808000,0.000033428000,237.011988,0,400latency_llmop_bert_bert-7b-proxy_293_layer20_mlp_residual_pasta_metrics.csv,400latency_llmop_bert_bert-7b-proxy_293_layer20_mlp_residual_pasta_out.stdout
bert,bert-7b-proxy,pasta,294,layer20_norm2,0.000022026000,0.000000000000,0.000819010000,0.000021541000,246.021900,0,400latency_llmop_bert_bert-7b-proxy_294_layer20_norm2_pasta_metrics.csv,400latency_llmop_bert_bert-7b-proxy_294_layer20_norm2_pasta_out.stdout
bert,bert-7b-proxy,pasta,295,layer21_attn_q,0.040832784125,0.000000000000,1.222602460000,0.040795871000,13256.478806,0,400latency_llmop_bert_bert-7b-proxy_295_layer21_attn_q_pasta_metrics.csv,400latency_llmop_bert_bert-7b-proxy_295_layer21_attn_q_pasta_out.stdout
bert,bert-7b-proxy,pasta,296,layer21_attn_k,0.040832784125,0.000000000000,1.222602460000,0.040795871000,13256.478806,0,400latency_llmop_bert_bert-7b-proxy_296_layer21_attn_k_pasta_metrics.csv,400latency_llmop_bert_bert-7b-proxy_296_layer21_attn_k_pasta_out.stdout
bert,bert-7b-proxy,pasta,297,layer21_attn_v,0.040832784125,0.000000000000,1.222602460000,0.040795871000,13256.478806,0,400latency_llmop_bert_bert-7b-proxy_297_layer21_attn_v_pasta_metrics.csv,400latency_llmop_bert_bert-7b-proxy_297_layer21_attn_v_pasta_out.stdout
bert,bert-7b-proxy,pasta,298,layer21_attn_score,0.012400265000,0.000000000000,0.373988159000,0.012384536000,2542.109534,0,400latency_llmop_bert_bert-7b-proxy_298_layer21_attn_score_pasta_metrics.csv,400latency_llmop_bert_bert-7b-proxy_298_layer21_attn_score_pasta_out.stdout
bert,bert-7b-proxy,pasta,299,layer21_attn_softmax,0.000018498000,0.000000000000,0.000211893000,0.000018028000,34.006534,0,400latency_llmop_bert_bert-7b-proxy_299_layer21_attn_softmax_pasta_metrics.csv,400latency_llmop_bert_bert-7b-proxy_299_layer21_attn_softmax_pasta_out.stdout
bert,bert-7b-proxy,pasta,300,layer21_attn_value,0.002731007500,0.000000000000,0.061297460000,0.002689751000,16179.605041,0,400latency_llmop_bert_bert-7b-proxy_300_layer21_attn_value_pasta_metrics.csv,400latency_llmop_bert_bert-7b-proxy_300_layer21_attn_value_pasta_out.stdout
bert,bert-7b-proxy,pasta,301,layer21_attn_out,0.040832784125,0.000000000000,1.222602460000,0.040795871000,13256.478806,0,400latency_llmop_bert_bert-7b-proxy_301_layer21_attn_out_pasta_metrics.csv,400latency_llmop_bert_bert-7b-proxy_301_layer21_attn_out_pasta_out.stdout
bert,bert-7b-proxy,pasta,302,layer21_attn_residual,0.000033915000,0.000000000000,0.001278808000,0.000033428000,237.011988,0,400latency_llmop_bert_bert-7b-proxy_302_layer21_attn_residual_pasta_metrics.csv,400latency_llmop_bert_bert-7b-proxy_302_layer21_attn_residual_pasta_out.stdout
bert,bert-7b-proxy,pasta,303,layer21_norm1,0.000022026000,0.000000000000,0.000819010000,0.000021541000,246.021900,0,400latency_llmop_bert_bert-7b-proxy_303_layer21_norm1_pasta_metrics.csv,400latency_llmop_bert_bert-7b-proxy_303_layer21_norm1_pasta_out.stdout
bert,bert-7b-proxy,pasta,304,layer21_mlp_fc1,0.063371056000,0.000000000000,1.150402108000,0.061754257000,13247.468116,0,400latency_llmop_bert_bert-7b-proxy_304_layer21_mlp_fc1_pasta_metrics.csv,400latency_llmop_bert_bert-7b-proxy_304_layer21_mlp_fc1_pasta_out.stdout
bert,bert-7b-proxy,pasta,305,layer21_mlp_gelu,0.000030779350,0.000000000000,0.000315740000,0.000030154000,640.033362,0,400latency_llmop_bert_bert-7b-proxy_305_layer21_mlp_gelu_pasta_metrics.csv,400latency_llmop_bert_bert-7b-proxy_305_layer21_mlp_gelu_pasta_out.stdout
bert,bert-7b-proxy,pasta,306,layer21_mlp_fc2,0.054627315000,0.000000000000,1.006487296000,0.054605047000,30906.142571,0,400latency_llmop_bert_bert-7b-proxy_306_layer21_mlp_fc2_pasta_metrics.csv,400latency_llmop_bert_bert-7b-proxy_306_layer21_mlp_fc2_pasta_out.stdout
bert,bert-7b-proxy,pasta,307,layer21_mlp_residual,0.000033915000,0.000000000000,0.001278808000,0.000033428000,237.011988,0,400latency_llmop_bert_bert-7b-proxy_307_layer21_mlp_residual_pasta_metrics.csv,400latency_llmop_bert_bert-7b-proxy_307_layer21_mlp_residual_pasta_out.stdout
bert,bert-7b-proxy,pasta,308,layer21_norm2,0.000022026000,0.000000000000,0.000819010000,0.000021541000,246.021900,0,400latency_llmop_bert_bert-7b-proxy_308_layer21_norm2_pasta_metrics.csv,400latency_llmop_bert_bert-7b-proxy_308_layer21_norm2_pasta_out.stdout
bert,bert-7b-proxy,pasta,309,layer22_attn_q,0.040832784125,0.000000000000,1.222602460000,0.040795871000,13256.478806,0,400latency_llmop_bert_bert-7b-proxy_309_layer22_attn_q_pasta_metrics.csv,400latency_llmop_bert_bert-7b-proxy_309_layer22_attn_q_pasta_out.stdout
bert,bert-7b-proxy,pasta,310,layer22_attn_k,0.040832784125,0.000000000000,1.222602460000,0.040795871000,13256.478806,0,400latency_llmop_bert_bert-7b-proxy_310_layer22_attn_k_pasta_metrics.csv,400latency_llmop_bert_bert-7b-proxy_310_layer22_attn_k_pasta_out.stdout
bert,bert-7b-proxy,pasta,311,layer22_attn_v,0.040832784125,0.000000000000,1.222602460000,0.040795871000,13256.478806,0,400latency_llmop_bert_bert-7b-proxy_311_layer22_attn_v_pasta_metrics.csv,400latency_llmop_bert_bert-7b-proxy_311_layer22_attn_v_pasta_out.stdout
bert,bert-7b-proxy,pasta,312,layer22_attn_score,0.012400265000,0.000000000000,0.373988159000,0.012384536000,2542.109534,0,400latency_llmop_bert_bert-7b-proxy_312_layer22_attn_score_pasta_metrics.csv,400latency_llmop_bert_bert-7b-proxy_312_layer22_attn_score_pasta_out.stdout
bert,bert-7b-proxy,pasta,313,layer22_attn_softmax,0.000018498000,0.000000000000,0.000211893000,0.000018028000,34.006534,0,400latency_llmop_bert_bert-7b-proxy_313_layer22_attn_softmax_pasta_metrics.csv,400latency_llmop_bert_bert-7b-proxy_313_layer22_attn_softmax_pasta_out.stdout
bert,bert-7b-proxy,pasta,314,layer22_attn_value,0.002731007500,0.000000000000,0.061297460000,0.002689751000,16179.605041,0,400latency_llmop_bert_bert-7b-proxy_314_layer22_attn_value_pasta_metrics.csv,400latency_llmop_bert_bert-7b-proxy_314_layer22_attn_value_pasta_out.stdout
bert,bert-7b-proxy,pasta,315,layer22_attn_out,0.040832784125,0.000000000000,1.222602460000,0.040795871000,13256.478806,0,400latency_llmop_bert_bert-7b-proxy_315_layer22_attn_out_pasta_metrics.csv,400latency_llmop_bert_bert-7b-proxy_315_layer22_attn_out_pasta_out.stdout
bert,bert-7b-proxy,pasta,316,layer22_attn_residual,0.000033915000,0.000000000000,0.001278808000,0.000033428000,237.011988,0,400latency_llmop_bert_bert-7b-proxy_316_layer22_attn_residual_pasta_metrics.csv,400latency_llmop_bert_bert-7b-proxy_316_layer22_attn_residual_pasta_out.stdout
bert,bert-7b-proxy,pasta,317,layer22_norm1,0.000022026000,0.000000000000,0.000819010000,0.000021541000,246.021900,0,400latency_llmop_bert_bert-7b-proxy_317_layer22_norm1_pasta_metrics.csv,400latency_llmop_bert_bert-7b-proxy_317_layer22_norm1_pasta_out.stdout
bert,bert-7b-proxy,pasta,318,layer22_mlp_fc1,0.063371056000,0.000000000000,1.150402108000,0.061754257000,13247.468116,0,400latency_llmop_bert_bert-7b-proxy_318_layer22_mlp_fc1_pasta_metrics.csv,400latency_llmop_bert_bert-7b-proxy_318_layer22_mlp_fc1_pasta_out.stdout
bert,bert-7b-proxy,pasta,319,layer22_mlp_gelu,0.000030779350,0.000000000000,0.000315740000,0.000030154000,640.033362,0,400latency_llmop_bert_bert-7b-proxy_319_layer22_mlp_gelu_pasta_metrics.csv,400latency_llmop_bert_bert-7b-proxy_319_layer22_mlp_gelu_pasta_out.stdout
bert,bert-7b-proxy,pasta,320,layer22_mlp_fc2,0.054627315000,0.000000000000,1.006487296000,0.054605047000,30906.142571,0,400latency_llmop_bert_bert-7b-proxy_320_layer22_mlp_fc2_pasta_metrics.csv,400latency_llmop_bert_bert-7b-proxy_320_layer22_mlp_fc2_pasta_out.stdout
bert,bert-7b-proxy,pasta,321,layer22_mlp_residual,0.000033915000,0.000000000000,0.001278808000,0.000033428000,237.011988,0,400latency_llmop_bert_bert-7b-proxy_321_layer22_mlp_residual_pasta_metrics.csv,400latency_llmop_bert_bert-7b-proxy_321_layer22_mlp_residual_pasta_out.stdout
bert,bert-7b-proxy,pasta,322,layer22_norm2,0.000022026000,0.000000000000,0.000819010000,0.000021541000,246.021900,0,400latency_llmop_bert_bert-7b-proxy_322_layer22_norm2_pasta_metrics.csv,400latency_llmop_bert_bert-7b-proxy_322_layer22_norm2_pasta_out.stdout
bert,bert-7b-proxy,pasta,323,layer23_attn_q,0.040832784125,0.000000000000,1.222602460000,0.040795871000,13256.478806,0,400latency_llmop_bert_bert-7b-proxy_323_layer23_attn_q_pasta_metrics.csv,400latency_llmop_bert_bert-7b-proxy_323_layer23_attn_q_pasta_out.stdout
bert,bert-7b-proxy,pasta,324,layer23_attn_k,0.040832784125,0.000000000000,1.222602460000,0.040795871000,13256.478806,0,400latency_llmop_bert_bert-7b-proxy_324_layer23_attn_k_pasta_metrics.csv,400latency_llmop_bert_bert-7b-proxy_324_layer23_attn_k_pasta_out.stdout
bert,bert-7b-proxy,pasta,325,layer23_attn_v,0.040832784125,0.000000000000,1.222602460000,0.040795871000,13256.478806,0,400latency_llmop_bert_bert-7b-proxy_325_layer23_attn_v_pasta_metrics.csv,400latency_llmop_bert_bert-7b-proxy_325_layer23_attn_v_pasta_out.stdout
bert,bert-7b-proxy,pasta,326,layer23_attn_score,0.012400265000,0.000000000000,0.373988159000,0.012384536000,2542.109534,0,400latency_llmop_bert_bert-7b-proxy_326_layer23_attn_score_pasta_metrics.csv,400latency_llmop_bert_bert-7b-proxy_326_layer23_attn_score_pasta_out.stdout
bert,bert-7b-proxy,pasta,327,layer23_attn_softmax,0.000018498000,0.000000000000,0.000211893000,0.000018028000,34.006534,0,400latency_llmop_bert_bert-7b-proxy_327_layer23_attn_softmax_pasta_metrics.csv,400latency_llmop_bert_bert-7b-proxy_327_layer23_attn_softmax_pasta_out.stdout
bert,bert-7b-proxy,pasta,328,layer23_attn_value,0.002731007500,0.000000000000,0.061297460000,0.002689751000,16179.605041,0,400latency_llmop_bert_bert-7b-proxy_328_layer23_attn_value_pasta_metrics.csv,400latency_llmop_bert_bert-7b-proxy_328_layer23_attn_value_pasta_out.stdout
bert,bert-7b-proxy,pasta,329,layer23_attn_out,0.040832784125,0.000000000000,1.222602460000,0.040795871000,13256.478806,0,400latency_llmop_bert_bert-7b-proxy_329_layer23_attn_out_pasta_metrics.csv,400latency_llmop_bert_bert-7b-proxy_329_layer23_attn_out_pasta_out.stdout
bert,bert-7b-proxy,pasta,330,layer23_attn_residual,0.000033915000,0.000000000000,0.001278808000,0.000033428000,237.011988,0,400latency_llmop_bert_bert-7b-proxy_330_layer23_attn_residual_pasta_metrics.csv,400latency_llmop_bert_bert-7b-proxy_330_layer23_attn_residual_pasta_out.stdout
bert,bert-7b-proxy,pasta,331,layer23_norm1,0.000022026000,0.000000000000,0.000819010000,0.000021541000,246.021900,0,400latency_llmop_bert_bert-7b-proxy_331_layer23_norm1_pasta_metrics.csv,400latency_llmop_bert_bert-7b-proxy_331_layer23_norm1_pasta_out.stdout
bert,bert-7b-proxy,pasta,332,layer23_mlp_fc1,0.063371056000,0.000000000000,1.150402108000,0.061754257000,13247.468116,0,400latency_llmop_bert_bert-7b-proxy_332_layer23_mlp_fc1_pasta_metrics.csv,400latency_llmop_bert_bert-7b-proxy_332_layer23_mlp_fc1_pasta_out.stdout
bert,bert-7b-proxy,pasta,333,layer23_mlp_gelu,0.000030779350,0.000000000000,0.000315740000,0.000030154000,640.033362,0,400latency_llmop_bert_bert-7b-proxy_333_layer23_mlp_gelu_pasta_metrics.csv,400latency_llmop_bert_bert-7b-proxy_333_layer23_mlp_gelu_pasta_out.stdout
bert,bert-7b-proxy,pasta,334,layer23_mlp_fc2,0.054627315000,0.000000000000,1.006487296000,0.054605047000,30906.142571,0,400latency_llmop_bert_bert-7b-proxy_334_layer23_mlp_fc2_pasta_metrics.csv,400latency_llmop_bert_bert-7b-proxy_334_layer23_mlp_fc2_pasta_out.stdout
bert,bert-7b-proxy,pasta,335,layer23_mlp_residual,0.000033915000,0.000000000000,0.001278808000,0.000033428000,237.011988,0,400latency_llmop_bert_bert-7b-proxy_335_layer23_mlp_residual_pasta_metrics.csv,400latency_llmop_bert_bert-7b-proxy_335_layer23_mlp_residual_pasta_out.stdout
bert,bert-7b-proxy,pasta,336,layer23_norm2,0.000022026000,0.000000000000,0.000819010000,0.000021541000,246.021900,0,400latency_llmop_bert_bert-7b-proxy_336_layer23_norm2_pasta_metrics.csv,400latency_llmop_bert_bert-7b-proxy_336_layer23_norm2_pasta_out.stdout
bert,bert-7b-proxy,pasta,337,layer24_attn_q,0.040832784125,0.000000000000,1.222602460000,0.040795871000,13256.478806,0,400latency_llmop_bert_bert-7b-proxy_337_layer24_attn_q_pasta_metrics.csv,400latency_llmop_bert_bert-7b-proxy_337_layer24_attn_q_pasta_out.stdout
bert,bert-7b-proxy,pasta,338,layer24_attn_k,0.040832784125,0.000000000000,1.222602460000,0.040795871000,13256.478806,0,400latency_llmop_bert_bert-7b-proxy_338_layer24_attn_k_pasta_metrics.csv,400latency_llmop_bert_bert-7b-proxy_338_layer24_attn_k_pasta_out.stdout
bert,bert-7b-proxy,pasta,339,layer24_attn_v,0.040832784125,0.000000000000,1.222602460000,0.040795871000,13256.478806,0,400latency_llmop_bert_bert-7b-proxy_339_layer24_attn_v_pasta_metrics.csv,400latency_llmop_bert_bert-7b-proxy_339_layer24_attn_v_pasta_out.stdout
bert,bert-7b-proxy,pasta,340,layer24_attn_score,0.012400265000,0.000000000000,0.373988159000,0.012384536000,2542.109534,0,400latency_llmop_bert_bert-7b-proxy_340_layer24_attn_score_pasta_metrics.csv,400latency_llmop_bert_bert-7b-proxy_340_layer24_attn_score_pasta_out.stdout
bert,bert-7b-proxy,pasta,341,layer24_attn_softmax,0.000018498000,0.000000000000,0.000211893000,0.000018028000,34.006534,0,400latency_llmop_bert_bert-7b-proxy_341_layer24_attn_softmax_pasta_metrics.csv,400latency_llmop_bert_bert-7b-proxy_341_layer24_attn_softmax_pasta_out.stdout
bert,bert-7b-proxy,pasta,342,layer24_attn_value,0.002731007500,0.000000000000,0.061297460000,0.002689751000,16179.605041,0,400latency_llmop_bert_bert-7b-proxy_342_layer24_attn_value_pasta_metrics.csv,400latency_llmop_bert_bert-7b-proxy_342_layer24_attn_value_pasta_out.stdout
bert,bert-7b-proxy,pasta,343,layer24_attn_out,0.040832784125,0.000000000000,1.222602460000,0.040795871000,13256.478806,0,400latency_llmop_bert_bert-7b-proxy_343_layer24_attn_out_pasta_metrics.csv,400latency_llmop_bert_bert-7b-proxy_343_layer24_attn_out_pasta_out.stdout
bert,bert-7b-proxy,pasta,344,layer24_attn_residual,0.000033915000,0.000000000000,0.001278808000,0.000033428000,237.011988,0,400latency_llmop_bert_bert-7b-proxy_344_layer24_attn_residual_pasta_metrics.csv,400latency_llmop_bert_bert-7b-proxy_344_layer24_attn_residual_pasta_out.stdout
bert,bert-7b-proxy,pasta,345,layer24_norm1,0.000022026000,0.000000000000,0.000819010000,0.000021541000,246.021900,0,400latency_llmop_bert_bert-7b-proxy_345_layer24_norm1_pasta_metrics.csv,400latency_llmop_bert_bert-7b-proxy_345_layer24_norm1_pasta_out.stdout
bert,bert-7b-proxy,pasta,346,layer24_mlp_fc1,0.063371056000,0.000000000000,1.150402108000,0.061754257000,13247.468116,0,400latency_llmop_bert_bert-7b-proxy_346_layer24_mlp_fc1_pasta_metrics.csv,400latency_llmop_bert_bert-7b-proxy_346_layer24_mlp_fc1_pasta_out.stdout
bert,bert-7b-proxy,pasta,347,layer24_mlp_gelu,0.000030779350,0.000000000000,0.000315740000,0.000030154000,640.033362,0,400latency_llmop_bert_bert-7b-proxy_347_layer24_mlp_gelu_pasta_metrics.csv,400latency_llmop_bert_bert-7b-proxy_347_layer24_mlp_gelu_pasta_out.stdout
bert,bert-7b-proxy,pasta,348,layer24_mlp_fc2,0.054627315000,0.000000000000,1.006487296000,0.054605047000,30906.142571,0,400latency_llmop_bert_bert-7b-proxy_348_layer24_mlp_fc2_pasta_metrics.csv,400latency_llmop_bert_bert-7b-proxy_348_layer24_mlp_fc2_pasta_out.stdout
bert,bert-7b-proxy,pasta,349,layer24_mlp_residual,0.000033915000,0.000000000000,0.001278808000,0.000033428000,237.011988,0,400latency_llmop_bert_bert-7b-proxy_349_layer24_mlp_residual_pasta_metrics.csv,400latency_llmop_bert_bert-7b-proxy_349_layer24_mlp_residual_pasta_out.stdout
bert,bert-7b-proxy,pasta,350,layer24_norm2,0.000022026000,0.000000000000,0.000819010000,0.000021541000,246.021900,0,400latency_llmop_bert_bert-7b-proxy_350_layer24_norm2_pasta_metrics.csv,400latency_llmop_bert_bert-7b-proxy_350_layer24_norm2_pasta_out.stdout
bert,bert-7b-proxy,pasta,351,layer25_attn_q,0.040832784125,0.000000000000,1.222602460000,0.040795871000,13256.478806,0,400latency_llmop_bert_bert-7b-proxy_351_layer25_attn_q_pasta_metrics.csv,400latency_llmop_bert_bert-7b-proxy_351_layer25_attn_q_pasta_out.stdout
bert,bert-7b-proxy,pasta,352,layer25_attn_k,0.040832784125,0.000000000000,1.222602460000,0.040795871000,13256.478806,0,400latency_llmop_bert_bert-7b-proxy_352_layer25_attn_k_pasta_metrics.csv,400latency_llmop_bert_bert-7b-proxy_352_layer25_attn_k_pasta_out.stdout
bert,bert-7b-proxy,pasta,353,layer25_attn_v,0.040832784125,0.000000000000,1.222602460000,0.040795871000,13256.478806,0,400latency_llmop_bert_bert-7b-proxy_353_layer25_attn_v_pasta_metrics.csv,400latency_llmop_bert_bert-7b-proxy_353_layer25_attn_v_pasta_out.stdout
bert,bert-7b-proxy,pasta,354,layer25_attn_score,0.012400265000,0.000000000000,0.373988159000,0.012384536000,2542.109534,0,400latency_llmop_bert_bert-7b-proxy_354_layer25_attn_score_pasta_metrics.csv,400latency_llmop_bert_bert-7b-proxy_354_layer25_attn_score_pasta_out.stdout
bert,bert-7b-proxy,pasta,355,layer25_attn_softmax,0.000018498000,0.000000000000,0.000211893000,0.000018028000,34.006534,0,400latency_llmop_bert_bert-7b-proxy_355_layer25_attn_softmax_pasta_metrics.csv,400latency_llmop_bert_bert-7b-proxy_355_layer25_attn_softmax_pasta_out.stdout
bert,bert-7b-proxy,pasta,356,layer25_attn_value,0.002731007500,0.000000000000,0.061297460000,0.002689751000,16179.605041,0,400latency_llmop_bert_bert-7b-proxy_356_layer25_attn_value_pasta_metrics.csv,400latency_llmop_bert_bert-7b-proxy_356_layer25_attn_value_pasta_out.stdout
bert,bert-7b-proxy,pasta,357,layer25_attn_out,0.040832784125,0.000000000000,1.222602460000,0.040795871000,13256.478806,0,400latency_llmop_bert_bert-7b-proxy_357_layer25_attn_out_pasta_metrics.csv,400latency_llmop_bert_bert-7b-proxy_357_layer25_attn_out_pasta_out.stdout
bert,bert-7b-proxy,pasta,358,layer25_attn_residual,0.000033915000,0.000000000000,0.001278808000,0.000033428000,237.011988,0,400latency_llmop_bert_bert-7b-proxy_358_layer25_attn_residual_pasta_metrics.csv,400latency_llmop_bert_bert-7b-proxy_358_layer25_attn_residual_pasta_out.stdout
bert,bert-7b-proxy,pasta,359,layer25_norm1,0.000022026000,0.000000000000,0.000819010000,0.000021541000,246.021900,0,400latency_llmop_bert_bert-7b-proxy_359_layer25_norm1_pasta_metrics.csv,400latency_llmop_bert_bert-7b-proxy_359_layer25_norm1_pasta_out.stdout
bert,bert-7b-proxy,pasta,360,layer25_mlp_fc1,0.063371056000,0.000000000000,1.150402108000,0.061754257000,13247.468116,0,400latency_llmop_bert_bert-7b-proxy_360_layer25_mlp_fc1_pasta_metrics.csv,400latency_llmop_bert_bert-7b-proxy_360_layer25_mlp_fc1_pasta_out.stdout
bert,bert-7b-proxy,pasta,361,layer25_mlp_gelu,0.000030779350,0.000000000000,0.000315740000,0.000030154000,640.033362,0,400latency_llmop_bert_bert-7b-proxy_361_layer25_mlp_gelu_pasta_metrics.csv,400latency_llmop_bert_bert-7b-proxy_361_layer25_mlp_gelu_pasta_out.stdout
bert,bert-7b-proxy,pasta,362,layer25_mlp_fc2,0.054627315000,0.000000000000,1.006487296000,0.054605047000,30906.142571,0,400latency_llmop_bert_bert-7b-proxy_362_layer25_mlp_fc2_pasta_metrics.csv,400latency_llmop_bert_bert-7b-proxy_362_layer25_mlp_fc2_pasta_out.stdout
bert,bert-7b-proxy,pasta,363,layer25_mlp_residual,0.000033915000,0.000000000000,0.001278808000,0.000033428000,237.011988,0,400latency_llmop_bert_bert-7b-proxy_363_layer25_mlp_residual_pasta_metrics.csv,400latency_llmop_bert_bert-7b-proxy_363_layer25_mlp_residual_pasta_out.stdout
bert,bert-7b-proxy,pasta,364,layer25_norm2,0.000022026000,0.000000000000,0.000819010000,0.000021541000,246.021900,0,400latency_llmop_bert_bert-7b-proxy_364_layer25_norm2_pasta_metrics.csv,400latency_llmop_bert_bert-7b-proxy_364_layer25_norm2_pasta_out.stdout
bert,bert-7b-proxy,pasta,365,layer26_attn_q,0.040832784125,0.000000000000,1.222602460000,0.040795871000,13256.478806,0,400latency_llmop_bert_bert-7b-proxy_365_layer26_attn_q_pasta_metrics.csv,400latency_llmop_bert_bert-7b-proxy_365_layer26_attn_q_pasta_out.stdout
bert,bert-7b-proxy,pasta,366,layer26_attn_k,0.040832784125,0.000000000000,1.222602460000,0.040795871000,13256.478806,0,400latency_llmop_bert_bert-7b-proxy_366_layer26_attn_k_pasta_metrics.csv,400latency_llmop_bert_bert-7b-proxy_366_layer26_attn_k_pasta_out.stdout
bert,bert-7b-proxy,pasta,367,layer26_attn_v,0.040832784125,0.000000000000,1.222602460000,0.040795871000,13256.478806,0,400latency_llmop_bert_bert-7b-proxy_367_layer26_attn_v_pasta_metrics.csv,400latency_llmop_bert_bert-7b-proxy_367_layer26_attn_v_pasta_out.stdout
bert,bert-7b-proxy,pasta,368,layer26_attn_score,0.012400265000,0.000000000000,0.373988159000,0.012384536000,2542.109534,0,400latency_llmop_bert_bert-7b-proxy_368_layer26_attn_score_pasta_metrics.csv,400latency_llmop_bert_bert-7b-proxy_368_layer26_attn_score_pasta_out.stdout
bert,bert-7b-proxy,pasta,369,layer26_attn_softmax,0.000018498000,0.000000000000,0.000211893000,0.000018028000,34.006534,0,400latency_llmop_bert_bert-7b-proxy_369_layer26_attn_softmax_pasta_metrics.csv,400latency_llmop_bert_bert-7b-proxy_369_layer26_attn_softmax_pasta_out.stdout
bert,bert-7b-proxy,pasta,370,layer26_attn_value,0.002731007500,0.000000000000,0.061297460000,0.002689751000,16179.605041,0,400latency_llmop_bert_bert-7b-proxy_370_layer26_attn_value_pasta_metrics.csv,400latency_llmop_bert_bert-7b-proxy_370_layer26_attn_value_pasta_out.stdout
bert,bert-7b-proxy,pasta,371,layer26_attn_out,0.040832784125,0.000000000000,1.222602460000,0.040795871000,13256.478806,0,400latency_llmop_bert_bert-7b-proxy_371_layer26_attn_out_pasta_metrics.csv,400latency_llmop_bert_bert-7b-proxy_371_layer26_attn_out_pasta_out.stdout
bert,bert-7b-proxy,pasta,372,layer26_attn_residual,0.000033915000,0.000000000000,0.001278808000,0.000033428000,237.011988,0,400latency_llmop_bert_bert-7b-proxy_372_layer26_attn_residual_pasta_metrics.csv,400latency_llmop_bert_bert-7b-proxy_372_layer26_attn_residual_pasta_out.stdout
bert,bert-7b-proxy,pasta,373,layer26_norm1,0.000022026000,0.000000000000,0.000819010000,0.000021541000,246.021900,0,400latency_llmop_bert_bert-7b-proxy_373_layer26_norm1_pasta_metrics.csv,400latency_llmop_bert_bert-7b-proxy_373_layer26_norm1_pasta_out.stdout
bert,bert-7b-proxy,pasta,374,layer26_mlp_fc1,0.063371056000,0.000000000000,1.150402108000,0.061754257000,13247.468116,0,400latency_llmop_bert_bert-7b-proxy_374_layer26_mlp_fc1_pasta_metrics.csv,400latency_llmop_bert_bert-7b-proxy_374_layer26_mlp_fc1_pasta_out.stdout
bert,bert-7b-proxy,pasta,375,layer26_mlp_gelu,0.000030779350,0.000000000000,0.000315740000,0.000030154000,640.033362,0,400latency_llmop_bert_bert-7b-proxy_375_layer26_mlp_gelu_pasta_metrics.csv,400latency_llmop_bert_bert-7b-proxy_375_layer26_mlp_gelu_pasta_out.stdout
bert,bert-7b-proxy,pasta,376,layer26_mlp_fc2,0.054627315000,0.000000000000,1.006487296000,0.054605047000,30906.142571,0,400latency_llmop_bert_bert-7b-proxy_376_layer26_mlp_fc2_pasta_metrics.csv,400latency_llmop_bert_bert-7b-proxy_376_layer26_mlp_fc2_pasta_out.stdout
bert,bert-7b-proxy,pasta,377,layer26_mlp_residual,0.000033915000,0.000000000000,0.001278808000,0.000033428000,237.011988,0,400latency_llmop_bert_bert-7b-proxy_377_layer26_mlp_residual_pasta_metrics.csv,400latency_llmop_bert_bert-7b-proxy_377_layer26_mlp_residual_pasta_out.stdout
bert,bert-7b-proxy,pasta,378,layer26_norm2,0.000022026000,0.000000000000,0.000819010000,0.000021541000,246.021900,0,400latency_llmop_bert_bert-7b-proxy_378_layer26_norm2_pasta_metrics.csv,400latency_llmop_bert_bert-7b-proxy_378_layer26_norm2_pasta_out.stdout
bert,bert-7b-proxy,pasta,379,layer27_attn_q,0.040832784125,0.000000000000,1.222602460000,0.040795871000,13256.478806,0,400latency_llmop_bert_bert-7b-proxy_379_layer27_attn_q_pasta_metrics.csv,400latency_llmop_bert_bert-7b-proxy_379_layer27_attn_q_pasta_out.stdout
bert,bert-7b-proxy,pasta,380,layer27_attn_k,0.040832784125,0.000000000000,1.222602460000,0.040795871000,13256.478806,0,400latency_llmop_bert_bert-7b-proxy_380_layer27_attn_k_pasta_metrics.csv,400latency_llmop_bert_bert-7b-proxy_380_layer27_attn_k_pasta_out.stdout
bert,bert-7b-proxy,pasta,381,layer27_attn_v,0.040832784125,0.000000000000,1.222602460000,0.040795871000,13256.478806,0,400latency_llmop_bert_bert-7b-proxy_381_layer27_attn_v_pasta_metrics.csv,400latency_llmop_bert_bert-7b-proxy_381_layer27_attn_v_pasta_out.stdout
bert,bert-7b-proxy,pasta,382,layer27_attn_score,0.012400265000,0.000000000000,0.373988159000,0.012384536000,2542.109534,0,400latency_llmop_bert_bert-7b-proxy_382_layer27_attn_score_pasta_metrics.csv,400latency_llmop_bert_bert-7b-proxy_382_layer27_attn_score_pasta_out.stdout
bert,bert-7b-proxy,pasta,383,layer27_attn_softmax,0.000018498000,0.000000000000,0.000211893000,0.000018028000,34.006534,0,400latency_llmop_bert_bert-7b-proxy_383_layer27_attn_softmax_pasta_metrics.csv,400latency_llmop_bert_bert-7b-proxy_383_layer27_attn_softmax_pasta_out.stdout
bert,bert-7b-proxy,pasta,384,layer27_attn_value,0.002731007500,0.000000000000,0.061297460000,0.002689751000,16179.605041,0,400latency_llmop_bert_bert-7b-proxy_384_layer27_attn_value_pasta_metrics.csv,400latency_llmop_bert_bert-7b-proxy_384_layer27_attn_value_pasta_out.stdout
bert,bert-7b-proxy,pasta,385,layer27_attn_out,0.040832784125,0.000000000000,1.222602460000,0.040795871000,13256.478806,0,400latency_llmop_bert_bert-7b-proxy_385_layer27_attn_out_pasta_metrics.csv,400latency_llmop_bert_bert-7b-proxy_385_layer27_attn_out_pasta_out.stdout
bert,bert-7b-proxy,pasta,386,layer27_attn_residual,0.000033915000,0.000000000000,0.001278808000,0.000033428000,237.011988,0,400latency_llmop_bert_bert-7b-proxy_386_layer27_attn_residual_pasta_metrics.csv,400latency_llmop_bert_bert-7b-proxy_386_layer27_attn_residual_pasta_out.stdout
bert,bert-7b-proxy,pasta,387,layer27_norm1,0.000022026000,0.000000000000,0.000819010000,0.000021541000,246.021900,0,400latency_llmop_bert_bert-7b-proxy_387_layer27_norm1_pasta_metrics.csv,400latency_llmop_bert_bert-7b-proxy_387_layer27_norm1_pasta_out.stdout
bert,bert-7b-proxy,pasta,388,layer27_mlp_fc1,0.063371056000,0.000000000000,1.150402108000,0.061754257000,13247.468116,0,400latency_llmop_bert_bert-7b-proxy_388_layer27_mlp_fc1_pasta_metrics.csv,400latency_llmop_bert_bert-7b-proxy_388_layer27_mlp_fc1_pasta_out.stdout
bert,bert-7b-proxy,pasta,389,layer27_mlp_gelu,0.000030779350,0.000000000000,0.000315740000,0.000030154000,640.033362,0,400latency_llmop_bert_bert-7b-proxy_389_layer27_mlp_gelu_pasta_metrics.csv,400latency_llmop_bert_bert-7b-proxy_389_layer27_mlp_gelu_pasta_out.stdout
bert,bert-7b-proxy,pasta,390,layer27_mlp_fc2,0.054627315000,0.000000000000,1.006487296000,0.054605047000,30906.142571,0,400latency_llmop_bert_bert-7b-proxy_390_layer27_mlp_fc2_pasta_metrics.csv,400latency_llmop_bert_bert-7b-proxy_390_layer27_mlp_fc2_pasta_out.stdout
bert,bert-7b-proxy,pasta,391,layer27_mlp_residual,0.000033915000,0.000000000000,0.001278808000,0.000033428000,237.011988,0,400latency_llmop_bert_bert-7b-proxy_391_layer27_mlp_residual_pasta_metrics.csv,400latency_llmop_bert_bert-7b-proxy_391_layer27_mlp_residual_pasta_out.stdout
bert,bert-7b-proxy,pasta,392,layer27_norm2,0.000022026000,0.000000000000,0.000819010000,0.000021541000,246.021900,0,400latency_llmop_bert_bert-7b-proxy_392_layer27_norm2_pasta_metrics.csv,400latency_llmop_bert_bert-7b-proxy_392_layer27_norm2_pasta_out.stdout
bert,bert-7b-proxy,pasta,393,layer28_attn_q,0.040832784125,0.000000000000,1.222602460000,0.040795871000,13256.478806,0,400latency_llmop_bert_bert-7b-proxy_393_layer28_attn_q_pasta_metrics.csv,400latency_llmop_bert_bert-7b-proxy_393_layer28_attn_q_pasta_out.stdout
bert,bert-7b-proxy,pasta,394,layer28_attn_k,0.040832784125,0.000000000000,1.222602460000,0.040795871000,13256.478806,0,400latency_llmop_bert_bert-7b-proxy_394_layer28_attn_k_pasta_metrics.csv,400latency_llmop_bert_bert-7b-proxy_394_layer28_attn_k_pasta_out.stdout
bert,bert-7b-proxy,pasta,395,layer28_attn_v,0.040832784125,0.000000000000,1.222602460000,0.040795871000,13256.478806,0,400latency_llmop_bert_bert-7b-proxy_395_layer28_attn_v_pasta_metrics.csv,400latency_llmop_bert_bert-7b-proxy_395_layer28_attn_v_pasta_out.stdout
bert,bert-7b-proxy,pasta,396,layer28_attn_score,0.012400265000,0.000000000000,0.373988159000,0.012384536000,2542.109534,0,400latency_llmop_bert_bert-7b-proxy_396_layer28_attn_score_pasta_metrics.csv,400latency_llmop_bert_bert-7b-proxy_396_layer28_attn_score_pasta_out.stdout
bert,bert-7b-proxy,pasta,397,layer28_attn_softmax,0.000018498000,0.000000000000,0.000211893000,0.000018028000,34.006534,0,400latency_llmop_bert_bert-7b-proxy_397_layer28_attn_softmax_pasta_metrics.csv,400latency_llmop_bert_bert-7b-proxy_397_layer28_attn_softmax_pasta_out.stdout
bert,bert-7b-proxy,pasta,398,layer28_attn_value,0.002731007500,0.000000000000,0.061297460000,0.002689751000,16179.605041,0,400latency_llmop_bert_bert-7b-proxy_398_layer28_attn_value_pasta_metrics.csv,400latency_llmop_bert_bert-7b-proxy_398_layer28_attn_value_pasta_out.stdout
bert,bert-7b-proxy,pasta,399,layer28_attn_out,0.040832784125,0.000000000000,1.222602460000,0.040795871000,13256.478806,0,400latency_llmop_bert_bert-7b-proxy_399_layer28_attn_out_pasta_metrics.csv,400latency_llmop_bert_bert-7b-proxy_399_layer28_attn_out_pasta_out.stdout
bert,bert-7b-proxy,pasta,400,layer28_attn_residual,0.000033915000,0.000000000000,0.001278808000,0.000033428000,237.011988,0,400latency_llmop_bert_bert-7b-proxy_400_layer28_attn_residual_pasta_metrics.csv,400latency_llmop_bert_bert-7b-proxy_400_layer28_attn_residual_pasta_out.stdout
bert,bert-7b-proxy,pasta,401,layer28_norm1,0.000022026000,0.000000000000,0.000819010000,0.000021541000,246.021900,0,400latency_llmop_bert_bert-7b-proxy_401_layer28_norm1_pasta_metrics.csv,400latency_llmop_bert_bert-7b-proxy_401_layer28_norm1_pasta_out.stdout
bert,bert-7b-proxy,pasta,402,layer28_mlp_fc1,0.063371056000,0.000000000000,1.150402108000,0.061754257000,13247.468116,0,400latency_llmop_bert_bert-7b-proxy_402_layer28_mlp_fc1_pasta_metrics.csv,400latency_llmop_bert_bert-7b-proxy_402_layer28_mlp_fc1_pasta_out.stdout
bert,bert-7b-proxy,pasta,403,layer28_mlp_gelu,0.000030779350,0.000000000000,0.000315740000,0.000030154000,640.033362,0,400latency_llmop_bert_bert-7b-proxy_403_layer28_mlp_gelu_pasta_metrics.csv,400latency_llmop_bert_bert-7b-proxy_403_layer28_mlp_gelu_pasta_out.stdout
bert,bert-7b-proxy,pasta,404,layer28_mlp_fc2,0.054627315000,0.000000000000,1.006487296000,0.054605047000,30906.142571,0,400latency_llmop_bert_bert-7b-proxy_404_layer28_mlp_fc2_pasta_metrics.csv,400latency_llmop_bert_bert-7b-proxy_404_layer28_mlp_fc2_pasta_out.stdout
bert,bert-7b-proxy,pasta,405,layer28_mlp_residual,0.000033915000,0.000000000000,0.001278808000,0.000033428000,237.011988,0,400latency_llmop_bert_bert-7b-proxy_405_layer28_mlp_residual_pasta_metrics.csv,400latency_llmop_bert_bert-7b-proxy_405_layer28_mlp_residual_pasta_out.stdout
bert,bert-7b-proxy,pasta,406,layer28_norm2,0.000022026000,0.000000000000,0.000819010000,0.000021541000,246.021900,0,400latency_llmop_bert_bert-7b-proxy_406_layer28_norm2_pasta_metrics.csv,400latency_llmop_bert_bert-7b-proxy_406_layer28_norm2_pasta_out.stdout
bert,bert-7b-proxy,pasta,407,layer29_attn_q,0.040832784125,0.000000000000,1.222602460000,0.040795871000,13256.478806,0,400latency_llmop_bert_bert-7b-proxy_407_layer29_attn_q_pasta_metrics.csv,400latency_llmop_bert_bert-7b-proxy_407_layer29_attn_q_pasta_out.stdout
bert,bert-7b-proxy,pasta,408,layer29_attn_k,0.040832784125,0.000000000000,1.222602460000,0.040795871000,13256.478806,0,400latency_llmop_bert_bert-7b-proxy_408_layer29_attn_k_pasta_metrics.csv,400latency_llmop_bert_bert-7b-proxy_408_layer29_attn_k_pasta_out.stdout
bert,bert-7b-proxy,pasta,409,layer29_attn_v,0.040832784125,0.000000000000,1.222602460000,0.040795871000,13256.478806,0,400latency_llmop_bert_bert-7b-proxy_409_layer29_attn_v_pasta_metrics.csv,400latency_llmop_bert_bert-7b-proxy_409_layer29_attn_v_pasta_out.stdout
bert,bert-7b-proxy,pasta,410,layer29_attn_score,0.012400265000,0.000000000000,0.373988159000,0.012384536000,2542.109534,0,400latency_llmop_bert_bert-7b-proxy_410_layer29_attn_score_pasta_metrics.csv,400latency_llmop_bert_bert-7b-proxy_410_layer29_attn_score_pasta_out.stdout
bert,bert-7b-proxy,pasta,411,layer29_attn_softmax,0.000018498000,0.000000000000,0.000211893000,0.000018028000,34.006534,0,400latency_llmop_bert_bert-7b-proxy_411_layer29_attn_softmax_pasta_metrics.csv,400latency_llmop_bert_bert-7b-proxy_411_layer29_attn_softmax_pasta_out.stdout
bert,bert-7b-proxy,pasta,412,layer29_attn_value,0.002731007500,0.000000000000,0.061297460000,0.002689751000,16179.605041,0,400latency_llmop_bert_bert-7b-proxy_412_layer29_attn_value_pasta_metrics.csv,400latency_llmop_bert_bert-7b-proxy_412_layer29_attn_value_pasta_out.stdout
bert,bert-7b-proxy,pasta,413,layer29_attn_out,0.040832784125,0.000000000000,1.222602460000,0.040795871000,13256.478806,0,400latency_llmop_bert_bert-7b-proxy_413_layer29_attn_out_pasta_metrics.csv,400latency_llmop_bert_bert-7b-proxy_413_layer29_attn_out_pasta_out.stdout
bert,bert-7b-proxy,pasta,414,layer29_attn_residual,0.000033915000,0.000000000000,0.001278808000,0.000033428000,237.011988,0,400latency_llmop_bert_bert-7b-proxy_414_layer29_attn_residual_pasta_metrics.csv,400latency_llmop_bert_bert-7b-proxy_414_layer29_attn_residual_pasta_out.stdout
bert,bert-7b-proxy,pasta,415,layer29_norm1,0.000022026000,0.000000000000,0.000819010000,0.000021541000,246.021900,0,400latency_llmop_bert_bert-7b-proxy_415_layer29_norm1_pasta_metrics.csv,400latency_llmop_bert_bert-7b-proxy_415_layer29_norm1_pasta_out.stdout
bert,bert-7b-proxy,pasta,416,layer29_mlp_fc1,0.063371056000,0.000000000000,1.150402108000,0.061754257000,13247.468116,0,400latency_llmop_bert_bert-7b-proxy_416_layer29_mlp_fc1_pasta_metrics.csv,400latency_llmop_bert_bert-7b-proxy_416_layer29_mlp_fc1_pasta_out.stdout
bert,bert-7b-proxy,pasta,417,layer29_mlp_gelu,0.000030779350,0.000000000000,0.000315740000,0.000030154000,640.033362,0,400latency_llmop_bert_bert-7b-proxy_417_layer29_mlp_gelu_pasta_metrics.csv,400latency_llmop_bert_bert-7b-proxy_417_layer29_mlp_gelu_pasta_out.stdout
bert,bert-7b-proxy,pasta,418,layer29_mlp_fc2,0.054627315000,0.000000000000,1.006487296000,0.054605047000,30906.142571,0,400latency_llmop_bert_bert-7b-proxy_418_layer29_mlp_fc2_pasta_metrics.csv,400latency_llmop_bert_bert-7b-proxy_418_layer29_mlp_fc2_pasta_out.stdout
bert,bert-7b-proxy,pasta,419,layer29_mlp_residual,0.000033915000,0.000000000000,0.001278808000,0.000033428000,237.011988,0,400latency_llmop_bert_bert-7b-proxy_419_layer29_mlp_residual_pasta_metrics.csv,400latency_llmop_bert_bert-7b-proxy_419_layer29_mlp_residual_pasta_out.stdout
bert,bert-7b-proxy,pasta,420,layer29_norm2,0.000022026000,0.000000000000,0.000819010000,0.000021541000,246.021900,0,400latency_llmop_bert_bert-7b-proxy_420_layer29_norm2_pasta_metrics.csv,400latency_llmop_bert_bert-7b-proxy_420_layer29_norm2_pasta_out.stdout
bert,bert-7b-proxy,pasta,421,layer30_attn_q,0.040832784125,0.000000000000,1.222602460000,0.040795871000,13256.478806,0,400latency_llmop_bert_bert-7b-proxy_421_layer30_attn_q_pasta_metrics.csv,400latency_llmop_bert_bert-7b-proxy_421_layer30_attn_q_pasta_out.stdout
bert,bert-7b-proxy,pasta,422,layer30_attn_k,0.040832784125,0.000000000000,1.222602460000,0.040795871000,13256.478806,0,400latency_llmop_bert_bert-7b-proxy_422_layer30_attn_k_pasta_metrics.csv,400latency_llmop_bert_bert-7b-proxy_422_layer30_attn_k_pasta_out.stdout
bert,bert-7b-proxy,pasta,423,layer30_attn_v,0.040832784125,0.000000000000,1.222602460000,0.040795871000,13256.478806,0,400latency_llmop_bert_bert-7b-proxy_423_layer30_attn_v_pasta_metrics.csv,400latency_llmop_bert_bert-7b-proxy_423_layer30_attn_v_pasta_out.stdout
bert,bert-7b-proxy,pasta,424,layer30_attn_score,0.012400265000,0.000000000000,0.373988159000,0.012384536000,2542.109534,0,400latency_llmop_bert_bert-7b-proxy_424_layer30_attn_score_pasta_metrics.csv,400latency_llmop_bert_bert-7b-proxy_424_layer30_attn_score_pasta_out.stdout
bert,bert-7b-proxy,pasta,425,layer30_attn_softmax,0.000018498000,0.000000000000,0.000211893000,0.000018028000,34.006534,0,400latency_llmop_bert_bert-7b-proxy_425_layer30_attn_softmax_pasta_metrics.csv,400latency_llmop_bert_bert-7b-proxy_425_layer30_attn_softmax_pasta_out.stdout
bert,bert-7b-proxy,pasta,426,layer30_attn_value,0.002731007500,0.000000000000,0.061297460000,0.002689751000,16179.605041,0,400latency_llmop_bert_bert-7b-proxy_426_layer30_attn_value_pasta_metrics.csv,400latency_llmop_bert_bert-7b-proxy_426_layer30_attn_value_pasta_out.stdout
bert,bert-7b-proxy,pasta,427,layer30_attn_out,0.040832784125,0.000000000000,1.222602460000,0.040795871000,13256.478806,0,400latency_llmop_bert_bert-7b-proxy_427_layer30_attn_out_pasta_metrics.csv,400latency_llmop_bert_bert-7b-proxy_427_layer30_attn_out_pasta_out.stdout
bert,bert-7b-proxy,pasta,428,layer30_attn_residual,0.000033915000,0.000000000000,0.001278808000,0.000033428000,237.011988,0,400latency_llmop_bert_bert-7b-proxy_428_layer30_attn_residual_pasta_metrics.csv,400latency_llmop_bert_bert-7b-proxy_428_layer30_attn_residual_pasta_out.stdout
bert,bert-7b-proxy,pasta,429,layer30_norm1,0.000022026000,0.000000000000,0.000819010000,0.000021541000,246.021900,0,400latency_llmop_bert_bert-7b-proxy_429_layer30_norm1_pasta_metrics.csv,400latency_llmop_bert_bert-7b-proxy_429_layer30_norm1_pasta_out.stdout
bert,bert-7b-proxy,pasta,430,layer30_mlp_fc1,0.063371056000,0.000000000000,1.150402108000,0.061754257000,13247.468116,0,400latency_llmop_bert_bert-7b-proxy_430_layer30_mlp_fc1_pasta_metrics.csv,400latency_llmop_bert_bert-7b-proxy_430_layer30_mlp_fc1_pasta_out.stdout
bert,bert-7b-proxy,pasta,431,layer30_mlp_gelu,0.000030779350,0.000000000000,0.000315740000,0.000030154000,640.033362,0,400latency_llmop_bert_bert-7b-proxy_431_layer30_mlp_gelu_pasta_metrics.csv,400latency_llmop_bert_bert-7b-proxy_431_layer30_mlp_gelu_pasta_out.stdout
bert,bert-7b-proxy,pasta,432,layer30_mlp_fc2,0.054627315000,0.000000000000,1.006487296000,0.054605047000,30906.142571,0,400latency_llmop_bert_bert-7b-proxy_432_layer30_mlp_fc2_pasta_metrics.csv,400latency_llmop_bert_bert-7b-proxy_432_layer30_mlp_fc2_pasta_out.stdout
bert,bert-7b-proxy,pasta,433,layer30_mlp_residual,0.000033915000,0.000000000000,0.001278808000,0.000033428000,237.011988,0,400latency_llmop_bert_bert-7b-proxy_433_layer30_mlp_residual_pasta_metrics.csv,400latency_llmop_bert_bert-7b-proxy_433_layer30_mlp_residual_pasta_out.stdout
bert,bert-7b-proxy,pasta,434,layer30_norm2,0.000022026000,0.000000000000,0.000819010000,0.000021541000,246.021900,0,400latency_llmop_bert_bert-7b-proxy_434_layer30_norm2_pasta_metrics.csv,400latency_llmop_bert_bert-7b-proxy_434_layer30_norm2_pasta_out.stdout
bert,bert-7b-proxy,pasta,435,layer31_attn_q,0.040832784125,0.000000000000,1.222602460000,0.040795871000,13256.478806,0,400latency_llmop_bert_bert-7b-proxy_435_layer31_attn_q_pasta_metrics.csv,400latency_llmop_bert_bert-7b-proxy_435_layer31_attn_q_pasta_out.stdout
bert,bert-7b-proxy,pasta,436,layer31_attn_k,0.040832784125,0.000000000000,1.222602460000,0.040795871000,13256.478806,0,400latency_llmop_bert_bert-7b-proxy_436_layer31_attn_k_pasta_metrics.csv,400latency_llmop_bert_bert-7b-proxy_436_layer31_attn_k_pasta_out.stdout
bert,bert-7b-proxy,pasta,437,layer31_attn_v,0.040832784125,0.000000000000,1.222602460000,0.040795871000,13256.478806,0,400latency_llmop_bert_bert-7b-proxy_437_layer31_attn_v_pasta_metrics.csv,400latency_llmop_bert_bert-7b-proxy_437_layer31_attn_v_pasta_out.stdout
bert,bert-7b-proxy,pasta,438,layer31_attn_score,0.012400265000,0.000000000000,0.373988159000,0.012384536000,2542.109534,0,400latency_llmop_bert_bert-7b-proxy_438_layer31_attn_score_pasta_metrics.csv,400latency_llmop_bert_bert-7b-proxy_438_layer31_attn_score_pasta_out.stdout
bert,bert-7b-proxy,pasta,439,layer31_attn_softmax,0.000018498000,0.000000000000,0.000211893000,0.000018028000,34.006534,0,400latency_llmop_bert_bert-7b-proxy_439_layer31_attn_softmax_pasta_metrics.csv,400latency_llmop_bert_bert-7b-proxy_439_layer31_attn_softmax_pasta_out.stdout
bert,bert-7b-proxy,pasta,440,layer31_attn_value,0.002731007500,0.000000000000,0.061297460000,0.002689751000,16179.605041,0,400latency_llmop_bert_bert-7b-proxy_440_layer31_attn_value_pasta_metrics.csv,400latency_llmop_bert_bert-7b-proxy_440_layer31_attn_value_pasta_out.stdout
bert,bert-7b-proxy,pasta,441,layer31_attn_out,0.040832784125,0.000000000000,1.222602460000,0.040795871000,13256.478806,0,400latency_llmop_bert_bert-7b-proxy_441_layer31_attn_out_pasta_metrics.csv,400latency_llmop_bert_bert-7b-proxy_441_layer31_attn_out_pasta_out.stdout
bert,bert-7b-proxy,pasta,442,layer31_attn_residual,0.000033915000,0.000000000000,0.001278808000,0.000033428000,237.011988,0,400latency_llmop_bert_bert-7b-proxy_442_layer31_attn_residual_pasta_metrics.csv,400latency_llmop_bert_bert-7b-proxy_442_layer31_attn_residual_pasta_out.stdout
bert,bert-7b-proxy,pasta,443,layer31_norm1,0.000022026000,0.000000000000,0.000819010000,0.000021541000,246.021900,0,400latency_llmop_bert_bert-7b-proxy_443_layer31_norm1_pasta_metrics.csv,400latency_llmop_bert_bert-7b-proxy_443_layer31_norm1_pasta_out.stdout
bert,bert-7b-proxy,pasta,444,layer31_mlp_fc1,0.063371056000,0.000000000000,1.150402108000,0.061754257000,13247.468116,0,400latency_llmop_bert_bert-7b-proxy_444_layer31_mlp_fc1_pasta_metrics.csv,400latency_llmop_bert_bert-7b-proxy_444_layer31_mlp_fc1_pasta_out.stdout
bert,bert-7b-proxy,pasta,445,layer31_mlp_gelu,0.000030779350,0.000000000000,0.000315740000,0.000030154000,640.033362,0,400latency_llmop_bert_bert-7b-proxy_445_layer31_mlp_gelu_pasta_metrics.csv,400latency_llmop_bert_bert-7b-proxy_445_layer31_mlp_gelu_pasta_out.stdout
bert,bert-7b-proxy,pasta,446,layer31_mlp_fc2,0.054627315000,0.000000000000,1.006487296000,0.054605047000,30906.142571,0,400latency_llmop_bert_bert-7b-proxy_446_layer31_mlp_fc2_pasta_metrics.csv,400latency_llmop_bert_bert-7b-proxy_446_layer31_mlp_fc2_pasta_out.stdout
bert,bert-7b-proxy,pasta,447,layer31_mlp_residual,0.000033915000,0.000000000000,0.001278808000,0.000033428000,237.011988,0,400latency_llmop_bert_bert-7b-proxy_447_layer31_mlp_residual_pasta_metrics.csv,400latency_llmop_bert_bert-7b-proxy_447_layer31_mlp_residual_pasta_out.stdout
bert,bert-7b-proxy,pasta,448,layer31_norm2,0.000022026000,0.000000000000,0.000819010000,0.000021541000,246.021900,0,400latency_llmop_bert_bert-7b-proxy_448_layer31_norm2_pasta_metrics.csv,400latency_llmop_bert_bert-7b-proxy_448_layer31_norm2_pasta_out.stdout
gpt,gpt-7b,baseline,0,embedding,0.000067823000,0.000000000000,0.002829291000,0.000067400000,305.033125,0,400latency_llmop_gpt_gpt-7b_000_embedding_baseline_metrics.csv,400latency_llmop_gpt_gpt-7b_000_embedding_baseline_out.stdout
gpt,gpt-7b,baseline,1,layer00_norm1,0.000042373000,0.000000000000,0.001627379000,0.000041957000,200.021044,0,400latency_llmop_gpt_gpt-7b_001_layer00_norm1_baseline_metrics.csv,400latency_llmop_gpt_gpt-7b_001_layer00_norm1_baseline_out.stdout
gpt,gpt-7b,baseline,2,layer00_attn_q,0.044575897000,0.000000000000,1.346494750000,0.044571111000,13360.485918,0,400latency_llmop_gpt_gpt-7b_002_layer00_attn_q_baseline_metrics.csv,400latency_llmop_gpt_gpt-7b_002_layer00_attn_q_baseline_out.stdout
gpt,gpt-7b,baseline,3,layer00_attn_k,0.044575897000,0.000000000000,1.346494750000,0.044571111000,13360.485918,0,400latency_llmop_gpt_gpt-7b_003_layer00_attn_k_baseline_metrics.csv,400latency_llmop_gpt_gpt-7b_003_layer00_attn_k_baseline_out.stdout
gpt,gpt-7b,baseline,4,layer00_attn_v,0.044575897000,0.000000000000,1.346494750000,0.044571111000,13360.485918,0,400latency_llmop_gpt_gpt-7b_004_layer00_attn_v_baseline_metrics.csv,400latency_llmop_gpt_gpt-7b_004_layer00_attn_v_baseline_out.stdout
gpt,gpt-7b,baseline,5,layer00_attn_score,0.012797080000,0.000000000000,0.492821651000,0.012795327000,2364.105110,0,400latency_llmop_gpt_gpt-7b_005_layer00_attn_score_baseline_metrics.csv,400latency_llmop_gpt_gpt-7b_005_layer00_attn_score_baseline_out.stdout
gpt,gpt-7b,baseline,6,layer00_causal_mask,0.000007216000,0.000000000000,0.000189375000,0.000006679000,12.002178,0,400latency_llmop_gpt_gpt-7b_006_layer00_causal_mask_baseline_metrics.csv,400latency_llmop_gpt_gpt-7b_006_layer00_causal_mask_baseline_out.stdout
gpt,gpt-7b,baseline,7,layer00_attn_softmax,0.000017830688,0.000000000000,0.000229459000,0.000017028000,36.007330,0,400latency_llmop_gpt_gpt-7b_007_layer00_attn_softmax_baseline_metrics.csv,400latency_llmop_gpt_gpt-7b_007_layer00_attn_softmax_baseline_out.stdout
gpt,gpt-7b,baseline,8,layer00_attn_value,0.003037320000,0.000000000000,0.072386024000,0.003033340000,18024.687200,0,400latency_llmop_gpt_gpt-7b_008_layer00_attn_value_baseline_metrics.csv,400latency_llmop_gpt_gpt-7b_008_layer00_attn_value_baseline_out.stdout
gpt,gpt-7b,baseline,9,layer00_attn_out,0.044575897000,0.000000000000,1.346494750000,0.044571111000,13360.485918,0,400latency_llmop_gpt_gpt-7b_009_layer00_attn_out_baseline_metrics.csv,400latency_llmop_gpt_gpt-7b_009_layer00_attn_out_baseline_out.stdout
gpt,gpt-7b,baseline,10,layer00_attn_residual,0.000061852000,0.000000000000,0.002410050000,0.000061512000,202.009815,0,400latency_llmop_gpt_gpt-7b_010_layer00_attn_residual_baseline_metrics.csv,400latency_llmop_gpt_gpt-7b_010_layer00_attn_residual_baseline_out.stdout
gpt,gpt-7b,baseline,11,layer00_norm2,0.000042373000,0.000000000000,0.001627379000,0.000041957000,200.021044,0,400latency_llmop_gpt_gpt-7b_011_layer00_norm2_baseline_metrics.csv,400latency_llmop_gpt_gpt-7b_011_layer00_norm2_baseline_out.stdout
gpt,gpt-7b,baseline,12,layer00_mlp_fc1,0.069843487000,0.000000000000,1.389417989000,0.069648357000,13342.473172,0,400latency_llmop_gpt_gpt-7b_012_layer00_mlp_fc1_baseline_metrics.csv,400latency_llmop_gpt_gpt-7b_012_layer00_mlp_fc1_baseline_out.stdout
gpt,gpt-7b,baseline,13,layer00_mlp_gelu,0.000051013000,0.000000000000,0.000854354000,0.000047410000,475.028039,0,400latency_llmop_gpt_gpt-7b_013_layer00_mlp_gelu_baseline_metrics.csv,400latency_llmop_gpt_gpt-7b_013_layer00_mlp_gelu_baseline_out.stdout
gpt,gpt-7b,baseline,14,layer00_mlp_fc2,0.245186690000,0.000000000000,1.352862512000,0.245183495000,31131.150438,0,400latency_llmop_gpt_gpt-7b_014_layer00_mlp_fc2_baseline_metrics.csv,400latency_llmop_gpt_gpt-7b_014_layer00_mlp_fc2_baseline_out.stdout
gpt,gpt-7b,baseline,15,layer00_mlp_residual,0.000061852000,0.000000000000,0.002410050000,0.000061512000,202.009815,0,400latency_llmop_gpt_gpt-7b_015_layer00_mlp_residual_baseline_metrics.csv,400latency_llmop_gpt_gpt-7b_015_layer00_mlp_residual_baseline_out.stdout
gpt,gpt-7b,baseline,16,layer01_norm1,0.000042373000,0.000000000000,0.001627379000,0.000041957000,200.021044,0,400latency_llmop_gpt_gpt-7b_016_layer01_norm1_baseline_metrics.csv,400latency_llmop_gpt_gpt-7b_016_layer01_norm1_baseline_out.stdout
gpt,gpt-7b,baseline,17,layer01_attn_q,0.044575897000,0.000000000000,1.346494750000,0.044571111000,13360.485918,0,400latency_llmop_gpt_gpt-7b_017_layer01_attn_q_baseline_metrics.csv,400latency_llmop_gpt_gpt-7b_017_layer01_attn_q_baseline_out.stdout
gpt,gpt-7b,baseline,18,layer01_attn_k,0.044575897000,0.000000000000,1.346494750000,0.044571111000,13360.485918,0,400latency_llmop_gpt_gpt-7b_018_layer01_attn_k_baseline_metrics.csv,400latency_llmop_gpt_gpt-7b_018_layer01_attn_k_baseline_out.stdout
gpt,gpt-7b,baseline,19,layer01_attn_v,0.044575897000,0.000000000000,1.346494750000,0.044571111000,13360.485918,0,400latency_llmop_gpt_gpt-7b_019_layer01_attn_v_baseline_metrics.csv,400latency_llmop_gpt_gpt-7b_019_layer01_attn_v_baseline_out.stdout
gpt,gpt-7b,baseline,20,layer01_attn_score,0.012797080000,0.000000000000,0.492821651000,0.012795327000,2364.105110,0,400latency_llmop_gpt_gpt-7b_020_layer01_attn_score_baseline_metrics.csv,400latency_llmop_gpt_gpt-7b_020_layer01_attn_score_baseline_out.stdout
gpt,gpt-7b,baseline,21,layer01_causal_mask,0.000007216000,0.000000000000,0.000189375000,0.000006679000,12.002178,0,400latency_llmop_gpt_gpt-7b_021_layer01_causal_mask_baseline_metrics.csv,400latency_llmop_gpt_gpt-7b_021_layer01_causal_mask_baseline_out.stdout
gpt,gpt-7b,baseline,22,layer01_attn_softmax,0.000017830688,0.000000000000,0.000229459000,0.000017028000,36.007330,0,400latency_llmop_gpt_gpt-7b_022_layer01_attn_softmax_baseline_metrics.csv,400latency_llmop_gpt_gpt-7b_022_layer01_attn_softmax_baseline_out.stdout
gpt,gpt-7b,baseline,23,layer01_attn_value,0.003037320000,0.000000000000,0.072386024000,0.003033340000,18024.687200,0,400latency_llmop_gpt_gpt-7b_023_layer01_attn_value_baseline_metrics.csv,400latency_llmop_gpt_gpt-7b_023_layer01_attn_value_baseline_out.stdout
gpt,gpt-7b,baseline,24,layer01_attn_out,0.044575897000,0.000000000000,1.346494750000,0.044571111000,13360.485918,0,400latency_llmop_gpt_gpt-7b_024_layer01_attn_out_baseline_metrics.csv,400latency_llmop_gpt_gpt-7b_024_layer01_attn_out_baseline_out.stdout
gpt,gpt-7b,baseline,25,layer01_attn_residual,0.000061852000,0.000000000000,0.002410050000,0.000061512000,202.009815,0,400latency_llmop_gpt_gpt-7b_025_layer01_attn_residual_baseline_metrics.csv,400latency_llmop_gpt_gpt-7b_025_layer01_attn_residual_baseline_out.stdout
gpt,gpt-7b,baseline,26,layer01_norm2,0.000042373000,0.000000000000,0.001627379000,0.000041957000,200.021044,0,400latency_llmop_gpt_gpt-7b_026_layer01_norm2_baseline_metrics.csv,400latency_llmop_gpt_gpt-7b_026_layer01_norm2_baseline_out.stdout
gpt,gpt-7b,baseline,27,layer01_mlp_fc1,0.069843487000,0.000000000000,1.389417989000,0.069648357000,13342.473172,0,400latency_llmop_gpt_gpt-7b_027_layer01_mlp_fc1_baseline_metrics.csv,400latency_llmop_gpt_gpt-7b_027_layer01_mlp_fc1_baseline_out.stdout
gpt,gpt-7b,baseline,28,layer01_mlp_gelu,0.000051013000,0.000000000000,0.000854354000,0.000047410000,475.028039,0,400latency_llmop_gpt_gpt-7b_028_layer01_mlp_gelu_baseline_metrics.csv,400latency_llmop_gpt_gpt-7b_028_layer01_mlp_gelu_baseline_out.stdout
gpt,gpt-7b,baseline,29,layer01_mlp_fc2,0.245186690000,0.000000000000,1.352862512000,0.245183495000,31131.150438,0,400latency_llmop_gpt_gpt-7b_029_layer01_mlp_fc2_baseline_metrics.csv,400latency_llmop_gpt_gpt-7b_029_layer01_mlp_fc2_baseline_out.stdout
gpt,gpt-7b,baseline,30,layer01_mlp_residual,0.000061852000,0.000000000000,0.002410050000,0.000061512000,202.009815,0,400latency_llmop_gpt_gpt-7b_030_layer01_mlp_residual_baseline_metrics.csv,400latency_llmop_gpt_gpt-7b_030_layer01_mlp_residual_baseline_out.stdout
gpt,gpt-7b,baseline,31,layer02_norm1,0.000042373000,0.000000000000,0.001627379000,0.000041957000,200.021044,0,400latency_llmop_gpt_gpt-7b_031_layer02_norm1_baseline_metrics.csv,400latency_llmop_gpt_gpt-7b_031_layer02_norm1_baseline_out.stdout
gpt,gpt-7b,baseline,32,layer02_attn_q,0.044575897000,0.000000000000,1.346494750000,0.044571111000,13360.485918,0,400latency_llmop_gpt_gpt-7b_032_layer02_attn_q_baseline_metrics.csv,400latency_llmop_gpt_gpt-7b_032_layer02_attn_q_baseline_out.stdout
gpt,gpt-7b,baseline,33,layer02_attn_k,0.044575897000,0.000000000000,1.346494750000,0.044571111000,13360.485918,0,400latency_llmop_gpt_gpt-7b_033_layer02_attn_k_baseline_metrics.csv,400latency_llmop_gpt_gpt-7b_033_layer02_attn_k_baseline_out.stdout
gpt,gpt-7b,baseline,34,layer02_attn_v,0.044575897000,0.000000000000,1.346494750000,0.044571111000,13360.485918,0,400latency_llmop_gpt_gpt-7b_034_layer02_attn_v_baseline_metrics.csv,400latency_llmop_gpt_gpt-7b_034_layer02_attn_v_baseline_out.stdout
gpt,gpt-7b,baseline,35,layer02_attn_score,0.012797080000,0.000000000000,0.492821651000,0.012795327000,2364.105110,0,400latency_llmop_gpt_gpt-7b_035_layer02_attn_score_baseline_metrics.csv,400latency_llmop_gpt_gpt-7b_035_layer02_attn_score_baseline_out.stdout
gpt,gpt-7b,baseline,36,layer02_causal_mask,0.000007216000,0.000000000000,0.000189375000,0.000006679000,12.002178,0,400latency_llmop_gpt_gpt-7b_036_layer02_causal_mask_baseline_metrics.csv,400latency_llmop_gpt_gpt-7b_036_layer02_causal_mask_baseline_out.stdout
gpt,gpt-7b,baseline,37,layer02_attn_softmax,0.000017830688,0.000000000000,0.000229459000,0.000017028000,36.007330,0,400latency_llmop_gpt_gpt-7b_037_layer02_attn_softmax_baseline_metrics.csv,400latency_llmop_gpt_gpt-7b_037_layer02_attn_softmax_baseline_out.stdout
gpt,gpt-7b,baseline,38,layer02_attn_value,0.003037320000,0.000000000000,0.072386024000,0.003033340000,18024.687200,0,400latency_llmop_gpt_gpt-7b_038_layer02_attn_value_baseline_metrics.csv,400latency_llmop_gpt_gpt-7b_038_layer02_attn_value_baseline_out.stdout
gpt,gpt-7b,baseline,39,layer02_attn_out,0.044575897000,0.000000000000,1.346494750000,0.044571111000,13360.485918,0,400latency_llmop_gpt_gpt-7b_039_layer02_attn_out_baseline_metrics.csv,400latency_llmop_gpt_gpt-7b_039_layer02_attn_out_baseline_out.stdout
gpt,gpt-7b,baseline,40,layer02_attn_residual,0.000061852000,0.000000000000,0.002410050000,0.000061512000,202.009815,0,400latency_llmop_gpt_gpt-7b_040_layer02_attn_residual_baseline_metrics.csv,400latency_llmop_gpt_gpt-7b_040_layer02_attn_residual_baseline_out.stdout
gpt,gpt-7b,baseline,41,layer02_norm2,0.000042373000,0.000000000000,0.001627379000,0.000041957000,200.021044,0,400latency_llmop_gpt_gpt-7b_041_layer02_norm2_baseline_metrics.csv,400latency_llmop_gpt_gpt-7b_041_layer02_norm2_baseline_out.stdout
gpt,gpt-7b,baseline,42,layer02_mlp_fc1,0.069843487000,0.000000000000,1.389417989000,0.069648357000,13342.473172,0,400latency_llmop_gpt_gpt-7b_042_layer02_mlp_fc1_baseline_metrics.csv,400latency_llmop_gpt_gpt-7b_042_layer02_mlp_fc1_baseline_out.stdout
gpt,gpt-7b,baseline,43,layer02_mlp_gelu,0.000051013000,0.000000000000,0.000854354000,0.000047410000,475.028039,0,400latency_llmop_gpt_gpt-7b_043_layer02_mlp_gelu_baseline_metrics.csv,400latency_llmop_gpt_gpt-7b_043_layer02_mlp_gelu_baseline_out.stdout
gpt,gpt-7b,baseline,44,layer02_mlp_fc2,0.245186690000,0.000000000000,1.352862512000,0.245183495000,31131.150438,0,400latency_llmop_gpt_gpt-7b_044_layer02_mlp_fc2_baseline_metrics.csv,400latency_llmop_gpt_gpt-7b_044_layer02_mlp_fc2_baseline_out.stdout
gpt,gpt-7b,baseline,45,layer02_mlp_residual,0.000061852000,0.000000000000,0.002410050000,0.000061512000,202.009815,0,400latency_llmop_gpt_gpt-7b_045_layer02_mlp_residual_baseline_metrics.csv,400latency_llmop_gpt_gpt-7b_045_layer02_mlp_residual_baseline_out.stdout
gpt,gpt-7b,baseline,46,layer03_norm1,0.000042373000,0.000000000000,0.001627379000,0.000041957000,200.021044,0,400latency_llmop_gpt_gpt-7b_046_layer03_norm1_baseline_metrics.csv,400latency_llmop_gpt_gpt-7b_046_layer03_norm1_baseline_out.stdout
gpt,gpt-7b,baseline,47,layer03_attn_q,0.044575897000,0.000000000000,1.346494750000,0.044571111000,13360.485918,0,400latency_llmop_gpt_gpt-7b_047_layer03_attn_q_baseline_metrics.csv,400latency_llmop_gpt_gpt-7b_047_layer03_attn_q_baseline_out.stdout
gpt,gpt-7b,baseline,48,layer03_attn_k,0.044575897000,0.000000000000,1.346494750000,0.044571111000,13360.485918,0,400latency_llmop_gpt_gpt-7b_048_layer03_attn_k_baseline_metrics.csv,400latency_llmop_gpt_gpt-7b_048_layer03_attn_k_baseline_out.stdout
gpt,gpt-7b,baseline,49,layer03_attn_v,0.044575897000,0.000000000000,1.346494750000,0.044571111000,13360.485918,0,400latency_llmop_gpt_gpt-7b_049_layer03_attn_v_baseline_metrics.csv,400latency_llmop_gpt_gpt-7b_049_layer03_attn_v_baseline_out.stdout
gpt,gpt-7b,baseline,50,layer03_attn_score,0.012797080000,0.000000000000,0.492821651000,0.012795327000,2364.105110,0,400latency_llmop_gpt_gpt-7b_050_layer03_attn_score_baseline_metrics.csv,400latency_llmop_gpt_gpt-7b_050_layer03_attn_score_baseline_out.stdout
gpt,gpt-7b,baseline,51,layer03_causal_mask,0.000007216000,0.000000000000,0.000189375000,0.000006679000,12.002178,0,400latency_llmop_gpt_gpt-7b_051_layer03_causal_mask_baseline_metrics.csv,400latency_llmop_gpt_gpt-7b_051_layer03_causal_mask_baseline_out.stdout
gpt,gpt-7b,baseline,52,layer03_attn_softmax,0.000017830688,0.000000000000,0.000229459000,0.000017028000,36.007330,0,400latency_llmop_gpt_gpt-7b_052_layer03_attn_softmax_baseline_metrics.csv,400latency_llmop_gpt_gpt-7b_052_layer03_attn_softmax_baseline_out.stdout
gpt,gpt-7b,baseline,53,layer03_attn_value,0.003037320000,0.000000000000,0.072386024000,0.003033340000,18024.687200,0,400latency_llmop_gpt_gpt-7b_053_layer03_attn_value_baseline_metrics.csv,400latency_llmop_gpt_gpt-7b_053_layer03_attn_value_baseline_out.stdout
gpt,gpt-7b,baseline,54,layer03_attn_out,0.044575897000,0.000000000000,1.346494750000,0.044571111000,13360.485918,0,400latency_llmop_gpt_gpt-7b_054_layer03_attn_out_baseline_metrics.csv,400latency_llmop_gpt_gpt-7b_054_layer03_attn_out_baseline_out.stdout
gpt,gpt-7b,baseline,55,layer03_attn_residual,0.000061852000,0.000000000000,0.002410050000,0.000061512000,202.009815,0,400latency_llmop_gpt_gpt-7b_055_layer03_attn_residual_baseline_metrics.csv,400latency_llmop_gpt_gpt-7b_055_layer03_attn_residual_baseline_out.stdout
gpt,gpt-7b,baseline,56,layer03_norm2,0.000042373000,0.000000000000,0.001627379000,0.000041957000,200.021044,0,400latency_llmop_gpt_gpt-7b_056_layer03_norm2_baseline_metrics.csv,400latency_llmop_gpt_gpt-7b_056_layer03_norm2_baseline_out.stdout
gpt,gpt-7b,baseline,57,layer03_mlp_fc1,0.069843487000,0.000000000000,1.389417989000,0.069648357000,13342.473172,0,400latency_llmop_gpt_gpt-7b_057_layer03_mlp_fc1_baseline_metrics.csv,400latency_llmop_gpt_gpt-7b_057_layer03_mlp_fc1_baseline_out.stdout
gpt,gpt-7b,baseline,58,layer03_mlp_gelu,0.000051013000,0.000000000000,0.000854354000,0.000047410000,475.028039,0,400latency_llmop_gpt_gpt-7b_058_layer03_mlp_gelu_baseline_metrics.csv,400latency_llmop_gpt_gpt-7b_058_layer03_mlp_gelu_baseline_out.stdout
gpt,gpt-7b,baseline,59,layer03_mlp_fc2,0.245186690000,0.000000000000,1.352862512000,0.245183495000,31131.150438,0,400latency_llmop_gpt_gpt-7b_059_layer03_mlp_fc2_baseline_metrics.csv,400latency_llmop_gpt_gpt-7b_059_layer03_mlp_fc2_baseline_out.stdout
gpt,gpt-7b,baseline,60,layer03_mlp_residual,0.000061852000,0.000000000000,0.002410050000,0.000061512000,202.009815,0,400latency_llmop_gpt_gpt-7b_060_layer03_mlp_residual_baseline_metrics.csv,400latency_llmop_gpt_gpt-7b_060_layer03_mlp_residual_baseline_out.stdout
gpt,gpt-7b,baseline,61,layer04_norm1,0.000042373000,0.000000000000,0.001627379000,0.000041957000,200.021044,0,400latency_llmop_gpt_gpt-7b_061_layer04_norm1_baseline_metrics.csv,400latency_llmop_gpt_gpt-7b_061_layer04_norm1_baseline_out.stdout
gpt,gpt-7b,baseline,62,layer04_attn_q,0.044575897000,0.000000000000,1.346494750000,0.044571111000,13360.485918,0,400latency_llmop_gpt_gpt-7b_062_layer04_attn_q_baseline_metrics.csv,400latency_llmop_gpt_gpt-7b_062_layer04_attn_q_baseline_out.stdout
gpt,gpt-7b,baseline,63,layer04_attn_k,0.044575897000,0.000000000000,1.346494750000,0.044571111000,13360.485918,0,400latency_llmop_gpt_gpt-7b_063_layer04_attn_k_baseline_metrics.csv,400latency_llmop_gpt_gpt-7b_063_layer04_attn_k_baseline_out.stdout
gpt,gpt-7b,baseline,64,layer04_attn_v,0.044575897000,0.000000000000,1.346494750000,0.044571111000,13360.485918,0,400latency_llmop_gpt_gpt-7b_064_layer04_attn_v_baseline_metrics.csv,400latency_llmop_gpt_gpt-7b_064_layer04_attn_v_baseline_out.stdout
gpt,gpt-7b,baseline,65,layer04_attn_score,0.012797080000,0.000000000000,0.492821651000,0.012795327000,2364.105110,0,400latency_llmop_gpt_gpt-7b_065_layer04_attn_score_baseline_metrics.csv,400latency_llmop_gpt_gpt-7b_065_layer04_attn_score_baseline_out.stdout
gpt,gpt-7b,baseline,66,layer04_causal_mask,0.000007216000,0.000000000000,0.000189375000,0.000006679000,12.002178,0,400latency_llmop_gpt_gpt-7b_066_layer04_causal_mask_baseline_metrics.csv,400latency_llmop_gpt_gpt-7b_066_layer04_causal_mask_baseline_out.stdout
gpt,gpt-7b,baseline,67,layer04_attn_softmax,0.000017830688,0.000000000000,0.000229459000,0.000017028000,36.007330,0,400latency_llmop_gpt_gpt-7b_067_layer04_attn_softmax_baseline_metrics.csv,400latency_llmop_gpt_gpt-7b_067_layer04_attn_softmax_baseline_out.stdout
gpt,gpt-7b,baseline,68,layer04_attn_value,0.003037320000,0.000000000000,0.072386024000,0.003033340000,18024.687200,0,400latency_llmop_gpt_gpt-7b_068_layer04_attn_value_baseline_metrics.csv,400latency_llmop_gpt_gpt-7b_068_layer04_attn_value_baseline_out.stdout
gpt,gpt-7b,baseline,69,layer04_attn_out,0.044575897000,0.000000000000,1.346494750000,0.044571111000,13360.485918,0,400latency_llmop_gpt_gpt-7b_069_layer04_attn_out_baseline_metrics.csv,400latency_llmop_gpt_gpt-7b_069_layer04_attn_out_baseline_out.stdout
gpt,gpt-7b,baseline,70,layer04_attn_residual,0.000061852000,0.000000000000,0.002410050000,0.000061512000,202.009815,0,400latency_llmop_gpt_gpt-7b_070_layer04_attn_residual_baseline_metrics.csv,400latency_llmop_gpt_gpt-7b_070_layer04_attn_residual_baseline_out.stdout
gpt,gpt-7b,baseline,71,layer04_norm2,0.000042373000,0.000000000000,0.001627379000,0.000041957000,200.021044,0,400latency_llmop_gpt_gpt-7b_071_layer04_norm2_baseline_metrics.csv,400latency_llmop_gpt_gpt-7b_071_layer04_norm2_baseline_out.stdout
gpt,gpt-7b,baseline,72,layer04_mlp_fc1,0.069843487000,0.000000000000,1.389417989000,0.069648357000,13342.473172,0,400latency_llmop_gpt_gpt-7b_072_layer04_mlp_fc1_baseline_metrics.csv,400latency_llmop_gpt_gpt-7b_072_layer04_mlp_fc1_baseline_out.stdout
gpt,gpt-7b,baseline,73,layer04_mlp_gelu,0.000051013000,0.000000000000,0.000854354000,0.000047410000,475.028039,0,400latency_llmop_gpt_gpt-7b_073_layer04_mlp_gelu_baseline_metrics.csv,400latency_llmop_gpt_gpt-7b_073_layer04_mlp_gelu_baseline_out.stdout
gpt,gpt-7b,baseline,74,layer04_mlp_fc2,0.245186690000,0.000000000000,1.352862512000,0.245183495000,31131.150438,0,400latency_llmop_gpt_gpt-7b_074_layer04_mlp_fc2_baseline_metrics.csv,400latency_llmop_gpt_gpt-7b_074_layer04_mlp_fc2_baseline_out.stdout
gpt,gpt-7b,baseline,75,layer04_mlp_residual,0.000061852000,0.000000000000,0.002410050000,0.000061512000,202.009815,0,400latency_llmop_gpt_gpt-7b_075_layer04_mlp_residual_baseline_metrics.csv,400latency_llmop_gpt_gpt-7b_075_layer04_mlp_residual_baseline_out.stdout
gpt,gpt-7b,baseline,76,layer05_norm1,0.000042373000,0.000000000000,0.001627379000,0.000041957000,200.021044,0,400latency_llmop_gpt_gpt-7b_076_layer05_norm1_baseline_metrics.csv,400latency_llmop_gpt_gpt-7b_076_layer05_norm1_baseline_out.stdout
gpt,gpt-7b,baseline,77,layer05_attn_q,0.044575897000,0.000000000000,1.346494750000,0.044571111000,13360.485918,0,400latency_llmop_gpt_gpt-7b_077_layer05_attn_q_baseline_metrics.csv,400latency_llmop_gpt_gpt-7b_077_layer05_attn_q_baseline_out.stdout
gpt,gpt-7b,baseline,78,layer05_attn_k,0.044575897000,0.000000000000,1.346494750000,0.044571111000,13360.485918,0,400latency_llmop_gpt_gpt-7b_078_layer05_attn_k_baseline_metrics.csv,400latency_llmop_gpt_gpt-7b_078_layer05_attn_k_baseline_out.stdout
gpt,gpt-7b,baseline,79,layer05_attn_v,0.044575897000,0.000000000000,1.346494750000,0.044571111000,13360.485918,0,400latency_llmop_gpt_gpt-7b_079_layer05_attn_v_baseline_metrics.csv,400latency_llmop_gpt_gpt-7b_079_layer05_attn_v_baseline_out.stdout
gpt,gpt-7b,baseline,80,layer05_attn_score,0.012797080000,0.000000000000,0.492821651000,0.012795327000,2364.105110,0,400latency_llmop_gpt_gpt-7b_080_layer05_attn_score_baseline_metrics.csv,400latency_llmop_gpt_gpt-7b_080_layer05_attn_score_baseline_out.stdout
gpt,gpt-7b,baseline,81,layer05_causal_mask,0.000007216000,0.000000000000,0.000189375000,0.000006679000,12.002178,0,400latency_llmop_gpt_gpt-7b_081_layer05_causal_mask_baseline_metrics.csv,400latency_llmop_gpt_gpt-7b_081_layer05_causal_mask_baseline_out.stdout
gpt,gpt-7b,baseline,82,layer05_attn_softmax,0.000017830688,0.000000000000,0.000229459000,0.000017028000,36.007330,0,400latency_llmop_gpt_gpt-7b_082_layer05_attn_softmax_baseline_metrics.csv,400latency_llmop_gpt_gpt-7b_082_layer05_attn_softmax_baseline_out.stdout
gpt,gpt-7b,baseline,83,layer05_attn_value,0.003037320000,0.000000000000,0.072386024000,0.003033340000,18024.687200,0,400latency_llmop_gpt_gpt-7b_083_layer05_attn_value_baseline_metrics.csv,400latency_llmop_gpt_gpt-7b_083_layer05_attn_value_baseline_out.stdout
gpt,gpt-7b,baseline,84,layer05_attn_out,0.044575897000,0.000000000000,1.346494750000,0.044571111000,13360.485918,0,400latency_llmop_gpt_gpt-7b_084_layer05_attn_out_baseline_metrics.csv,400latency_llmop_gpt_gpt-7b_084_layer05_attn_out_baseline_out.stdout
gpt,gpt-7b,baseline,85,layer05_attn_residual,0.000061852000,0.000000000000,0.002410050000,0.000061512000,202.009815,0,400latency_llmop_gpt_gpt-7b_085_layer05_attn_residual_baseline_metrics.csv,400latency_llmop_gpt_gpt-7b_085_layer05_attn_residual_baseline_out.stdout
gpt,gpt-7b,baseline,86,layer05_norm2,0.000042373000,0.000000000000,0.001627379000,0.000041957000,200.021044,0,400latency_llmop_gpt_gpt-7b_086_layer05_norm2_baseline_metrics.csv,400latency_llmop_gpt_gpt-7b_086_layer05_norm2_baseline_out.stdout
gpt,gpt-7b,baseline,87,layer05_mlp_fc1,0.069843487000,0.000000000000,1.389417989000,0.069648357000,13342.473172,0,400latency_llmop_gpt_gpt-7b_087_layer05_mlp_fc1_baseline_metrics.csv,400latency_llmop_gpt_gpt-7b_087_layer05_mlp_fc1_baseline_out.stdout
gpt,gpt-7b,baseline,88,layer05_mlp_gelu,0.000051013000,0.000000000000,0.000854354000,0.000047410000,475.028039,0,400latency_llmop_gpt_gpt-7b_088_layer05_mlp_gelu_baseline_metrics.csv,400latency_llmop_gpt_gpt-7b_088_layer05_mlp_gelu_baseline_out.stdout
gpt,gpt-7b,baseline,89,layer05_mlp_fc2,0.245186690000,0.000000000000,1.352862512000,0.245183495000,31131.150438,0,400latency_llmop_gpt_gpt-7b_089_layer05_mlp_fc2_baseline_metrics.csv,400latency_llmop_gpt_gpt-7b_089_layer05_mlp_fc2_baseline_out.stdout
gpt,gpt-7b,baseline,90,layer05_mlp_residual,0.000061852000,0.000000000000,0.002410050000,0.000061512000,202.009815,0,400latency_llmop_gpt_gpt-7b_090_layer05_mlp_residual_baseline_metrics.csv,400latency_llmop_gpt_gpt-7b_090_layer05_mlp_residual_baseline_out.stdout
gpt,gpt-7b,baseline,91,layer06_norm1,0.000042373000,0.000000000000,0.001627379000,0.000041957000,200.021044,0,400latency_llmop_gpt_gpt-7b_091_layer06_norm1_baseline_metrics.csv,400latency_llmop_gpt_gpt-7b_091_layer06_norm1_baseline_out.stdout
gpt,gpt-7b,baseline,92,layer06_attn_q,0.044575897000,0.000000000000,1.346494750000,0.044571111000,13360.485918,0,400latency_llmop_gpt_gpt-7b_092_layer06_attn_q_baseline_metrics.csv,400latency_llmop_gpt_gpt-7b_092_layer06_attn_q_baseline_out.stdout
gpt,gpt-7b,baseline,93,layer06_attn_k,0.044575897000,0.000000000000,1.346494750000,0.044571111000,13360.485918,0,400latency_llmop_gpt_gpt-7b_093_layer06_attn_k_baseline_metrics.csv,400latency_llmop_gpt_gpt-7b_093_layer06_attn_k_baseline_out.stdout
gpt,gpt-7b,baseline,94,layer06_attn_v,0.044575897000,0.000000000000,1.346494750000,0.044571111000,13360.485918,0,400latency_llmop_gpt_gpt-7b_094_layer06_attn_v_baseline_metrics.csv,400latency_llmop_gpt_gpt-7b_094_layer06_attn_v_baseline_out.stdout
gpt,gpt-7b,baseline,95,layer06_attn_score,0.012797080000,0.000000000000,0.492821651000,0.012795327000,2364.105110,0,400latency_llmop_gpt_gpt-7b_095_layer06_attn_score_baseline_metrics.csv,400latency_llmop_gpt_gpt-7b_095_layer06_attn_score_baseline_out.stdout
gpt,gpt-7b,baseline,96,layer06_causal_mask,0.000007216000,0.000000000000,0.000189375000,0.000006679000,12.002178,0,400latency_llmop_gpt_gpt-7b_096_layer06_causal_mask_baseline_metrics.csv,400latency_llmop_gpt_gpt-7b_096_layer06_causal_mask_baseline_out.stdout
gpt,gpt-7b,baseline,97,layer06_attn_softmax,0.000017830688,0.000000000000,0.000229459000,0.000017028000,36.007330,0,400latency_llmop_gpt_gpt-7b_097_layer06_attn_softmax_baseline_metrics.csv,400latency_llmop_gpt_gpt-7b_097_layer06_attn_softmax_baseline_out.stdout
gpt,gpt-7b,baseline,98,layer06_attn_value,0.003037320000,0.000000000000,0.072386024000,0.003033340000,18024.687200,0,400latency_llmop_gpt_gpt-7b_098_layer06_attn_value_baseline_metrics.csv,400latency_llmop_gpt_gpt-7b_098_layer06_attn_value_baseline_out.stdout
gpt,gpt-7b,baseline,99,layer06_attn_out,0.044575897000,0.000000000000,1.346494750000,0.044571111000,13360.485918,0,400latency_llmop_gpt_gpt-7b_099_layer06_attn_out_baseline_metrics.csv,400latency_llmop_gpt_gpt-7b_099_layer06_attn_out_baseline_out.stdout
gpt,gpt-7b,baseline,100,layer06_attn_residual,0.000061852000,0.000000000000,0.002410050000,0.000061512000,202.009815,0,400latency_llmop_gpt_gpt-7b_100_layer06_attn_residual_baseline_metrics.csv,400latency_llmop_gpt_gpt-7b_100_layer06_attn_residual_baseline_out.stdout
gpt,gpt-7b,baseline,101,layer06_norm2,0.000042373000,0.000000000000,0.001627379000,0.000041957000,200.021044,0,400latency_llmop_gpt_gpt-7b_101_layer06_norm2_baseline_metrics.csv,400latency_llmop_gpt_gpt-7b_101_layer06_norm2_baseline_out.stdout
gpt,gpt-7b,baseline,102,layer06_mlp_fc1,0.069843487000,0.000000000000,1.389417989000,0.069648357000,13342.473172,0,400latency_llmop_gpt_gpt-7b_102_layer06_mlp_fc1_baseline_metrics.csv,400latency_llmop_gpt_gpt-7b_102_layer06_mlp_fc1_baseline_out.stdout
gpt,gpt-7b,baseline,103,layer06_mlp_gelu,0.000051013000,0.000000000000,0.000854354000,0.000047410000,475.028039,0,400latency_llmop_gpt_gpt-7b_103_layer06_mlp_gelu_baseline_metrics.csv,400latency_llmop_gpt_gpt-7b_103_layer06_mlp_gelu_baseline_out.stdout
gpt,gpt-7b,baseline,104,layer06_mlp_fc2,0.245186690000,0.000000000000,1.352862512000,0.245183495000,31131.150438,0,400latency_llmop_gpt_gpt-7b_104_layer06_mlp_fc2_baseline_metrics.csv,400latency_llmop_gpt_gpt-7b_104_layer06_mlp_fc2_baseline_out.stdout
gpt,gpt-7b,baseline,105,layer06_mlp_residual,0.000061852000,0.000000000000,0.002410050000,0.000061512000,202.009815,0,400latency_llmop_gpt_gpt-7b_105_layer06_mlp_residual_baseline_metrics.csv,400latency_llmop_gpt_gpt-7b_105_layer06_mlp_residual_baseline_out.stdout
gpt,gpt-7b,baseline,106,layer07_norm1,0.000042373000,0.000000000000,0.001627379000,0.000041957000,200.021044,0,400latency_llmop_gpt_gpt-7b_106_layer07_norm1_baseline_metrics.csv,400latency_llmop_gpt_gpt-7b_106_layer07_norm1_baseline_out.stdout
gpt,gpt-7b,baseline,107,layer07_attn_q,0.044575897000,0.000000000000,1.346494750000,0.044571111000,13360.485918,0,400latency_llmop_gpt_gpt-7b_107_layer07_attn_q_baseline_metrics.csv,400latency_llmop_gpt_gpt-7b_107_layer07_attn_q_baseline_out.stdout
gpt,gpt-7b,baseline,108,layer07_attn_k,0.044575897000,0.000000000000,1.346494750000,0.044571111000,13360.485918,0,400latency_llmop_gpt_gpt-7b_108_layer07_attn_k_baseline_metrics.csv,400latency_llmop_gpt_gpt-7b_108_layer07_attn_k_baseline_out.stdout
gpt,gpt-7b,baseline,109,layer07_attn_v,0.044575897000,0.000000000000,1.346494750000,0.044571111000,13360.485918,0,400latency_llmop_gpt_gpt-7b_109_layer07_attn_v_baseline_metrics.csv,400latency_llmop_gpt_gpt-7b_109_layer07_attn_v_baseline_out.stdout
gpt,gpt-7b,baseline,110,layer07_attn_score,0.012797080000,0.000000000000,0.492821651000,0.012795327000,2364.105110,0,400latency_llmop_gpt_gpt-7b_110_layer07_attn_score_baseline_metrics.csv,400latency_llmop_gpt_gpt-7b_110_layer07_attn_score_baseline_out.stdout
gpt,gpt-7b,baseline,111,layer07_causal_mask,0.000007216000,0.000000000000,0.000189375000,0.000006679000,12.002178,0,400latency_llmop_gpt_gpt-7b_111_layer07_causal_mask_baseline_metrics.csv,400latency_llmop_gpt_gpt-7b_111_layer07_causal_mask_baseline_out.stdout
gpt,gpt-7b,baseline,112,layer07_attn_softmax,0.000017830688,0.000000000000,0.000229459000,0.000017028000,36.007330,0,400latency_llmop_gpt_gpt-7b_112_layer07_attn_softmax_baseline_metrics.csv,400latency_llmop_gpt_gpt-7b_112_layer07_attn_softmax_baseline_out.stdout
gpt,gpt-7b,baseline,113,layer07_attn_value,0.003037320000,0.000000000000,0.072386024000,0.003033340000,18024.687200,0,400latency_llmop_gpt_gpt-7b_113_layer07_attn_value_baseline_metrics.csv,400latency_llmop_gpt_gpt-7b_113_layer07_attn_value_baseline_out.stdout
gpt,gpt-7b,baseline,114,layer07_attn_out,0.044575897000,0.000000000000,1.346494750000,0.044571111000,13360.485918,0,400latency_llmop_gpt_gpt-7b_114_layer07_attn_out_baseline_metrics.csv,400latency_llmop_gpt_gpt-7b_114_layer07_attn_out_baseline_out.stdout
gpt,gpt-7b,baseline,115,layer07_attn_residual,0.000061852000,0.000000000000,0.002410050000,0.000061512000,202.009815,0,400latency_llmop_gpt_gpt-7b_115_layer07_attn_residual_baseline_metrics.csv,400latency_llmop_gpt_gpt-7b_115_layer07_attn_residual_baseline_out.stdout
gpt,gpt-7b,baseline,116,layer07_norm2,0.000042373000,0.000000000000,0.001627379000,0.000041957000,200.021044,0,400latency_llmop_gpt_gpt-7b_116_layer07_norm2_baseline_metrics.csv,400latency_llmop_gpt_gpt-7b_116_layer07_norm2_baseline_out.stdout
gpt,gpt-7b,baseline,117,layer07_mlp_fc1,0.069843487000,0.000000000000,1.389417989000,0.069648357000,13342.473172,0,400latency_llmop_gpt_gpt-7b_117_layer07_mlp_fc1_baseline_metrics.csv,400latency_llmop_gpt_gpt-7b_117_layer07_mlp_fc1_baseline_out.stdout
gpt,gpt-7b,baseline,118,layer07_mlp_gelu,0.000051013000,0.000000000000,0.000854354000,0.000047410000,475.028039,0,400latency_llmop_gpt_gpt-7b_118_layer07_mlp_gelu_baseline_metrics.csv,400latency_llmop_gpt_gpt-7b_118_layer07_mlp_gelu_baseline_out.stdout
gpt,gpt-7b,baseline,119,layer07_mlp_fc2,0.245186690000,0.000000000000,1.352862512000,0.245183495000,31131.150438,0,400latency_llmop_gpt_gpt-7b_119_layer07_mlp_fc2_baseline_metrics.csv,400latency_llmop_gpt_gpt-7b_119_layer07_mlp_fc2_baseline_out.stdout
gpt,gpt-7b,baseline,120,layer07_mlp_residual,0.000061852000,0.000000000000,0.002410050000,0.000061512000,202.009815,0,400latency_llmop_gpt_gpt-7b_120_layer07_mlp_residual_baseline_metrics.csv,400latency_llmop_gpt_gpt-7b_120_layer07_mlp_residual_baseline_out.stdout
gpt,gpt-7b,baseline,121,layer08_norm1,0.000042373000,0.000000000000,0.001627379000,0.000041957000,200.021044,0,400latency_llmop_gpt_gpt-7b_121_layer08_norm1_baseline_metrics.csv,400latency_llmop_gpt_gpt-7b_121_layer08_norm1_baseline_out.stdout
gpt,gpt-7b,baseline,122,layer08_attn_q,0.044575897000,0.000000000000,1.346494750000,0.044571111000,13360.485918,0,400latency_llmop_gpt_gpt-7b_122_layer08_attn_q_baseline_metrics.csv,400latency_llmop_gpt_gpt-7b_122_layer08_attn_q_baseline_out.stdout
gpt,gpt-7b,baseline,123,layer08_attn_k,0.044575897000,0.000000000000,1.346494750000,0.044571111000,13360.485918,0,400latency_llmop_gpt_gpt-7b_123_layer08_attn_k_baseline_metrics.csv,400latency_llmop_gpt_gpt-7b_123_layer08_attn_k_baseline_out.stdout
gpt,gpt-7b,baseline,124,layer08_attn_v,0.044575897000,0.000000000000,1.346494750000,0.044571111000,13360.485918,0,400latency_llmop_gpt_gpt-7b_124_layer08_attn_v_baseline_metrics.csv,400latency_llmop_gpt_gpt-7b_124_layer08_attn_v_baseline_out.stdout
gpt,gpt-7b,baseline,125,layer08_attn_score,0.012797080000,0.000000000000,0.492821651000,0.012795327000,2364.105110,0,400latency_llmop_gpt_gpt-7b_125_layer08_attn_score_baseline_metrics.csv,400latency_llmop_gpt_gpt-7b_125_layer08_attn_score_baseline_out.stdout
gpt,gpt-7b,baseline,126,layer08_causal_mask,0.000007216000,0.000000000000,0.000189375000,0.000006679000,12.002178,0,400latency_llmop_gpt_gpt-7b_126_layer08_causal_mask_baseline_metrics.csv,400latency_llmop_gpt_gpt-7b_126_layer08_causal_mask_baseline_out.stdout
gpt,gpt-7b,baseline,127,layer08_attn_softmax,0.000017830688,0.000000000000,0.000229459000,0.000017028000,36.007330,0,400latency_llmop_gpt_gpt-7b_127_layer08_attn_softmax_baseline_metrics.csv,400latency_llmop_gpt_gpt-7b_127_layer08_attn_softmax_baseline_out.stdout
gpt,gpt-7b,baseline,128,layer08_attn_value,0.003037320000,0.000000000000,0.072386024000,0.003033340000,18024.687200,0,400latency_llmop_gpt_gpt-7b_128_layer08_attn_value_baseline_metrics.csv,400latency_llmop_gpt_gpt-7b_128_layer08_attn_value_baseline_out.stdout
gpt,gpt-7b,baseline,129,layer08_attn_out,0.044575897000,0.000000000000,1.346494750000,0.044571111000,13360.485918,0,400latency_llmop_gpt_gpt-7b_129_layer08_attn_out_baseline_metrics.csv,400latency_llmop_gpt_gpt-7b_129_layer08_attn_out_baseline_out.stdout
gpt,gpt-7b,baseline,130,layer08_attn_residual,0.000061852000,0.000000000000,0.002410050000,0.000061512000,202.009815,0,400latency_llmop_gpt_gpt-7b_130_layer08_attn_residual_baseline_metrics.csv,400latency_llmop_gpt_gpt-7b_130_layer08_attn_residual_baseline_out.stdout
gpt,gpt-7b,baseline,131,layer08_norm2,0.000042373000,0.000000000000,0.001627379000,0.000041957000,200.021044,0,400latency_llmop_gpt_gpt-7b_131_layer08_norm2_baseline_metrics.csv,400latency_llmop_gpt_gpt-7b_131_layer08_norm2_baseline_out.stdout
gpt,gpt-7b,baseline,132,layer08_mlp_fc1,0.069843487000,0.000000000000,1.389417989000,0.069648357000,13342.473172,0,400latency_llmop_gpt_gpt-7b_132_layer08_mlp_fc1_baseline_metrics.csv,400latency_llmop_gpt_gpt-7b_132_layer08_mlp_fc1_baseline_out.stdout
gpt,gpt-7b,baseline,133,layer08_mlp_gelu,0.000051013000,0.000000000000,0.000854354000,0.000047410000,475.028039,0,400latency_llmop_gpt_gpt-7b_133_layer08_mlp_gelu_baseline_metrics.csv,400latency_llmop_gpt_gpt-7b_133_layer08_mlp_gelu_baseline_out.stdout
gpt,gpt-7b,baseline,134,layer08_mlp_fc2,0.245186690000,0.000000000000,1.352862512000,0.245183495000,31131.150438,0,400latency_llmop_gpt_gpt-7b_134_layer08_mlp_fc2_baseline_metrics.csv,400latency_llmop_gpt_gpt-7b_134_layer08_mlp_fc2_baseline_out.stdout
gpt,gpt-7b,baseline,135,layer08_mlp_residual,0.000061852000,0.000000000000,0.002410050000,0.000061512000,202.009815,0,400latency_llmop_gpt_gpt-7b_135_layer08_mlp_residual_baseline_metrics.csv,400latency_llmop_gpt_gpt-7b_135_layer08_mlp_residual_baseline_out.stdout
gpt,gpt-7b,baseline,136,layer09_norm1,0.000042373000,0.000000000000,0.001627379000,0.000041957000,200.021044,0,400latency_llmop_gpt_gpt-7b_136_layer09_norm1_baseline_metrics.csv,400latency_llmop_gpt_gpt-7b_136_layer09_norm1_baseline_out.stdout
gpt,gpt-7b,baseline,137,layer09_attn_q,0.044575897000,0.000000000000,1.346494750000,0.044571111000,13360.485918,0,400latency_llmop_gpt_gpt-7b_137_layer09_attn_q_baseline_metrics.csv,400latency_llmop_gpt_gpt-7b_137_layer09_attn_q_baseline_out.stdout
gpt,gpt-7b,baseline,138,layer09_attn_k,0.044575897000,0.000000000000,1.346494750000,0.044571111000,13360.485918,0,400latency_llmop_gpt_gpt-7b_138_layer09_attn_k_baseline_metrics.csv,400latency_llmop_gpt_gpt-7b_138_layer09_attn_k_baseline_out.stdout
gpt,gpt-7b,baseline,139,layer09_attn_v,0.044575897000,0.000000000000,1.346494750000,0.044571111000,13360.485918,0,400latency_llmop_gpt_gpt-7b_139_layer09_attn_v_baseline_metrics.csv,400latency_llmop_gpt_gpt-7b_139_layer09_attn_v_baseline_out.stdout
gpt,gpt-7b,baseline,140,layer09_attn_score,0.012797080000,0.000000000000,0.492821651000,0.012795327000,2364.105110,0,400latency_llmop_gpt_gpt-7b_140_layer09_attn_score_baseline_metrics.csv,400latency_llmop_gpt_gpt-7b_140_layer09_attn_score_baseline_out.stdout
gpt,gpt-7b,baseline,141,layer09_causal_mask,0.000007216000,0.000000000000,0.000189375000,0.000006679000,12.002178,0,400latency_llmop_gpt_gpt-7b_141_layer09_causal_mask_baseline_metrics.csv,400latency_llmop_gpt_gpt-7b_141_layer09_causal_mask_baseline_out.stdout
gpt,gpt-7b,baseline,142,layer09_attn_softmax,0.000017830688,0.000000000000,0.000229459000,0.000017028000,36.007330,0,400latency_llmop_gpt_gpt-7b_142_layer09_attn_softmax_baseline_metrics.csv,400latency_llmop_gpt_gpt-7b_142_layer09_attn_softmax_baseline_out.stdout
gpt,gpt-7b,baseline,143,layer09_attn_value,0.003037320000,0.000000000000,0.072386024000,0.003033340000,18024.687200,0,400latency_llmop_gpt_gpt-7b_143_layer09_attn_value_baseline_metrics.csv,400latency_llmop_gpt_gpt-7b_143_layer09_attn_value_baseline_out.stdout
gpt,gpt-7b,baseline,144,layer09_attn_out,0.044575897000,0.000000000000,1.346494750000,0.044571111000,13360.485918,0,400latency_llmop_gpt_gpt-7b_144_layer09_attn_out_baseline_metrics.csv,400latency_llmop_gpt_gpt-7b_144_layer09_attn_out_baseline_out.stdout
gpt,gpt-7b,baseline,145,layer09_attn_residual,0.000061852000,0.000000000000,0.002410050000,0.000061512000,202.009815,0,400latency_llmop_gpt_gpt-7b_145_layer09_attn_residual_baseline_metrics.csv,400latency_llmop_gpt_gpt-7b_145_layer09_attn_residual_baseline_out.stdout
gpt,gpt-7b,baseline,146,layer09_norm2,0.000042373000,0.000000000000,0.001627379000,0.000041957000,200.021044,0,400latency_llmop_gpt_gpt-7b_146_layer09_norm2_baseline_metrics.csv,400latency_llmop_gpt_gpt-7b_146_layer09_norm2_baseline_out.stdout
gpt,gpt-7b,baseline,147,layer09_mlp_fc1,0.069843487000,0.000000000000,1.389417989000,0.069648357000,13342.473172,0,400latency_llmop_gpt_gpt-7b_147_layer09_mlp_fc1_baseline_metrics.csv,400latency_llmop_gpt_gpt-7b_147_layer09_mlp_fc1_baseline_out.stdout
gpt,gpt-7b,baseline,148,layer09_mlp_gelu,0.000051013000,0.000000000000,0.000854354000,0.000047410000,475.028039,0,400latency_llmop_gpt_gpt-7b_148_layer09_mlp_gelu_baseline_metrics.csv,400latency_llmop_gpt_gpt-7b_148_layer09_mlp_gelu_baseline_out.stdout
gpt,gpt-7b,baseline,149,layer09_mlp_fc2,0.245186690000,0.000000000000,1.352862512000,0.245183495000,31131.150438,0,400latency_llmop_gpt_gpt-7b_149_layer09_mlp_fc2_baseline_metrics.csv,400latency_llmop_gpt_gpt-7b_149_layer09_mlp_fc2_baseline_out.stdout
gpt,gpt-7b,baseline,150,layer09_mlp_residual,0.000061852000,0.000000000000,0.002410050000,0.000061512000,202.009815,0,400latency_llmop_gpt_gpt-7b_150_layer09_mlp_residual_baseline_metrics.csv,400latency_llmop_gpt_gpt-7b_150_layer09_mlp_residual_baseline_out.stdout
gpt,gpt-7b,baseline,151,layer10_norm1,0.000042373000,0.000000000000,0.001627379000,0.000041957000,200.021044,0,400latency_llmop_gpt_gpt-7b_151_layer10_norm1_baseline_metrics.csv,400latency_llmop_gpt_gpt-7b_151_layer10_norm1_baseline_out.stdout
gpt,gpt-7b,baseline,152,layer10_attn_q,0.044575897000,0.000000000000,1.346494750000,0.044571111000,13360.485918,0,400latency_llmop_gpt_gpt-7b_152_layer10_attn_q_baseline_metrics.csv,400latency_llmop_gpt_gpt-7b_152_layer10_attn_q_baseline_out.stdout
gpt,gpt-7b,baseline,153,layer10_attn_k,0.044575897000,0.000000000000,1.346494750000,0.044571111000,13360.485918,0,400latency_llmop_gpt_gpt-7b_153_layer10_attn_k_baseline_metrics.csv,400latency_llmop_gpt_gpt-7b_153_layer10_attn_k_baseline_out.stdout
gpt,gpt-7b,baseline,154,layer10_attn_v,0.044575897000,0.000000000000,1.346494750000,0.044571111000,13360.485918,0,400latency_llmop_gpt_gpt-7b_154_layer10_attn_v_baseline_metrics.csv,400latency_llmop_gpt_gpt-7b_154_layer10_attn_v_baseline_out.stdout
gpt,gpt-7b,baseline,155,layer10_attn_score,0.012797080000,0.000000000000,0.492821651000,0.012795327000,2364.105110,0,400latency_llmop_gpt_gpt-7b_155_layer10_attn_score_baseline_metrics.csv,400latency_llmop_gpt_gpt-7b_155_layer10_attn_score_baseline_out.stdout
gpt,gpt-7b,baseline,156,layer10_causal_mask,0.000007216000,0.000000000000,0.000189375000,0.000006679000,12.002178,0,400latency_llmop_gpt_gpt-7b_156_layer10_causal_mask_baseline_metrics.csv,400latency_llmop_gpt_gpt-7b_156_layer10_causal_mask_baseline_out.stdout
gpt,gpt-7b,baseline,157,layer10_attn_softmax,0.000017830688,0.000000000000,0.000229459000,0.000017028000,36.007330,0,400latency_llmop_gpt_gpt-7b_157_layer10_attn_softmax_baseline_metrics.csv,400latency_llmop_gpt_gpt-7b_157_layer10_attn_softmax_baseline_out.stdout
gpt,gpt-7b,baseline,158,layer10_attn_value,0.003037320000,0.000000000000,0.072386024000,0.003033340000,18024.687200,0,400latency_llmop_gpt_gpt-7b_158_layer10_attn_value_baseline_metrics.csv,400latency_llmop_gpt_gpt-7b_158_layer10_attn_value_baseline_out.stdout
gpt,gpt-7b,baseline,159,layer10_attn_out,0.044575897000,0.000000000000,1.346494750000,0.044571111000,13360.485918,0,400latency_llmop_gpt_gpt-7b_159_layer10_attn_out_baseline_metrics.csv,400latency_llmop_gpt_gpt-7b_159_layer10_attn_out_baseline_out.stdout
gpt,gpt-7b,baseline,160,layer10_attn_residual,0.000061852000,0.000000000000,0.002410050000,0.000061512000,202.009815,0,400latency_llmop_gpt_gpt-7b_160_layer10_attn_residual_baseline_metrics.csv,400latency_llmop_gpt_gpt-7b_160_layer10_attn_residual_baseline_out.stdout
gpt,gpt-7b,baseline,161,layer10_norm2,0.000042373000,0.000000000000,0.001627379000,0.000041957000,200.021044,0,400latency_llmop_gpt_gpt-7b_161_layer10_norm2_baseline_metrics.csv,400latency_llmop_gpt_gpt-7b_161_layer10_norm2_baseline_out.stdout
gpt,gpt-7b,baseline,162,layer10_mlp_fc1,0.069843487000,0.000000000000,1.389417989000,0.069648357000,13342.473172,0,400latency_llmop_gpt_gpt-7b_162_layer10_mlp_fc1_baseline_metrics.csv,400latency_llmop_gpt_gpt-7b_162_layer10_mlp_fc1_baseline_out.stdout
gpt,gpt-7b,baseline,163,layer10_mlp_gelu,0.000051013000,0.000000000000,0.000854354000,0.000047410000,475.028039,0,400latency_llmop_gpt_gpt-7b_163_layer10_mlp_gelu_baseline_metrics.csv,400latency_llmop_gpt_gpt-7b_163_layer10_mlp_gelu_baseline_out.stdout
gpt,gpt-7b,baseline,164,layer10_mlp_fc2,0.245186690000,0.000000000000,1.352862512000,0.245183495000,31131.150438,0,400latency_llmop_gpt_gpt-7b_164_layer10_mlp_fc2_baseline_metrics.csv,400latency_llmop_gpt_gpt-7b_164_layer10_mlp_fc2_baseline_out.stdout
gpt,gpt-7b,baseline,165,layer10_mlp_residual,0.000061852000,0.000000000000,0.002410050000,0.000061512000,202.009815,0,400latency_llmop_gpt_gpt-7b_165_layer10_mlp_residual_baseline_metrics.csv,400latency_llmop_gpt_gpt-7b_165_layer10_mlp_residual_baseline_out.stdout
gpt,gpt-7b,baseline,166,layer11_norm1,0.000042373000,0.000000000000,0.001627379000,0.000041957000,200.021044,0,400latency_llmop_gpt_gpt-7b_166_layer11_norm1_baseline_metrics.csv,400latency_llmop_gpt_gpt-7b_166_layer11_norm1_baseline_out.stdout
gpt,gpt-7b,baseline,167,layer11_attn_q,0.044575897000,0.000000000000,1.346494750000,0.044571111000,13360.485918,0,400latency_llmop_gpt_gpt-7b_167_layer11_attn_q_baseline_metrics.csv,400latency_llmop_gpt_gpt-7b_167_layer11_attn_q_baseline_out.stdout
gpt,gpt-7b,baseline,168,layer11_attn_k,0.044575897000,0.000000000000,1.346494750000,0.044571111000,13360.485918,0,400latency_llmop_gpt_gpt-7b_168_layer11_attn_k_baseline_metrics.csv,400latency_llmop_gpt_gpt-7b_168_layer11_attn_k_baseline_out.stdout
gpt,gpt-7b,baseline,169,layer11_attn_v,0.044575897000,0.000000000000,1.346494750000,0.044571111000,13360.485918,0,400latency_llmop_gpt_gpt-7b_169_layer11_attn_v_baseline_metrics.csv,400latency_llmop_gpt_gpt-7b_169_layer11_attn_v_baseline_out.stdout
gpt,gpt-7b,baseline,170,layer11_attn_score,0.012797080000,0.000000000000,0.492821651000,0.012795327000,2364.105110,0,400latency_llmop_gpt_gpt-7b_170_layer11_attn_score_baseline_metrics.csv,400latency_llmop_gpt_gpt-7b_170_layer11_attn_score_baseline_out.stdout
gpt,gpt-7b,baseline,171,layer11_causal_mask,0.000007216000,0.000000000000,0.000189375000,0.000006679000,12.002178,0,400latency_llmop_gpt_gpt-7b_171_layer11_causal_mask_baseline_metrics.csv,400latency_llmop_gpt_gpt-7b_171_layer11_causal_mask_baseline_out.stdout
gpt,gpt-7b,baseline,172,layer11_attn_softmax,0.000017830688,0.000000000000,0.000229459000,0.000017028000,36.007330,0,400latency_llmop_gpt_gpt-7b_172_layer11_attn_softmax_baseline_metrics.csv,400latency_llmop_gpt_gpt-7b_172_layer11_attn_softmax_baseline_out.stdout
gpt,gpt-7b,baseline,173,layer11_attn_value,0.003037320000,0.000000000000,0.072386024000,0.003033340000,18024.687200,0,400latency_llmop_gpt_gpt-7b_173_layer11_attn_value_baseline_metrics.csv,400latency_llmop_gpt_gpt-7b_173_layer11_attn_value_baseline_out.stdout
gpt,gpt-7b,baseline,174,layer11_attn_out,0.044575897000,0.000000000000,1.346494750000,0.044571111000,13360.485918,0,400latency_llmop_gpt_gpt-7b_174_layer11_attn_out_baseline_metrics.csv,400latency_llmop_gpt_gpt-7b_174_layer11_attn_out_baseline_out.stdout
gpt,gpt-7b,baseline,175,layer11_attn_residual,0.000061852000,0.000000000000,0.002410050000,0.000061512000,202.009815,0,400latency_llmop_gpt_gpt-7b_175_layer11_attn_residual_baseline_metrics.csv,400latency_llmop_gpt_gpt-7b_175_layer11_attn_residual_baseline_out.stdout
gpt,gpt-7b,baseline,176,layer11_norm2,0.000042373000,0.000000000000,0.001627379000,0.000041957000,200.021044,0,400latency_llmop_gpt_gpt-7b_176_layer11_norm2_baseline_metrics.csv,400latency_llmop_gpt_gpt-7b_176_layer11_norm2_baseline_out.stdout
gpt,gpt-7b,baseline,177,layer11_mlp_fc1,0.069843487000,0.000000000000,1.389417989000,0.069648357000,13342.473172,0,400latency_llmop_gpt_gpt-7b_177_layer11_mlp_fc1_baseline_metrics.csv,400latency_llmop_gpt_gpt-7b_177_layer11_mlp_fc1_baseline_out.stdout
gpt,gpt-7b,baseline,178,layer11_mlp_gelu,0.000051013000,0.000000000000,0.000854354000,0.000047410000,475.028039,0,400latency_llmop_gpt_gpt-7b_178_layer11_mlp_gelu_baseline_metrics.csv,400latency_llmop_gpt_gpt-7b_178_layer11_mlp_gelu_baseline_out.stdout
gpt,gpt-7b,baseline,179,layer11_mlp_fc2,0.245186690000,0.000000000000,1.352862512000,0.245183495000,31131.150438,0,400latency_llmop_gpt_gpt-7b_179_layer11_mlp_fc2_baseline_metrics.csv,400latency_llmop_gpt_gpt-7b_179_layer11_mlp_fc2_baseline_out.stdout
gpt,gpt-7b,baseline,180,layer11_mlp_residual,0.000061852000,0.000000000000,0.002410050000,0.000061512000,202.009815,0,400latency_llmop_gpt_gpt-7b_180_layer11_mlp_residual_baseline_metrics.csv,400latency_llmop_gpt_gpt-7b_180_layer11_mlp_residual_baseline_out.stdout
gpt,gpt-7b,baseline,181,layer12_norm1,0.000042373000,0.000000000000,0.001627379000,0.000041957000,200.021044,0,400latency_llmop_gpt_gpt-7b_181_layer12_norm1_baseline_metrics.csv,400latency_llmop_gpt_gpt-7b_181_layer12_norm1_baseline_out.stdout
gpt,gpt-7b,baseline,182,layer12_attn_q,0.044575897000,0.000000000000,1.346494750000,0.044571111000,13360.485918,0,400latency_llmop_gpt_gpt-7b_182_layer12_attn_q_baseline_metrics.csv,400latency_llmop_gpt_gpt-7b_182_layer12_attn_q_baseline_out.stdout
gpt,gpt-7b,baseline,183,layer12_attn_k,0.044575897000,0.000000000000,1.346494750000,0.044571111000,13360.485918,0,400latency_llmop_gpt_gpt-7b_183_layer12_attn_k_baseline_metrics.csv,400latency_llmop_gpt_gpt-7b_183_layer12_attn_k_baseline_out.stdout
gpt,gpt-7b,baseline,184,layer12_attn_v,0.044575897000,0.000000000000,1.346494750000,0.044571111000,13360.485918,0,400latency_llmop_gpt_gpt-7b_184_layer12_attn_v_baseline_metrics.csv,400latency_llmop_gpt_gpt-7b_184_layer12_attn_v_baseline_out.stdout
gpt,gpt-7b,baseline,185,layer12_attn_score,0.012797080000,0.000000000000,0.492821651000,0.012795327000,2364.105110,0,400latency_llmop_gpt_gpt-7b_185_layer12_attn_score_baseline_metrics.csv,400latency_llmop_gpt_gpt-7b_185_layer12_attn_score_baseline_out.stdout
gpt,gpt-7b,baseline,186,layer12_causal_mask,0.000007216000,0.000000000000,0.000189375000,0.000006679000,12.002178,0,400latency_llmop_gpt_gpt-7b_186_layer12_causal_mask_baseline_metrics.csv,400latency_llmop_gpt_gpt-7b_186_layer12_causal_mask_baseline_out.stdout
gpt,gpt-7b,baseline,187,layer12_attn_softmax,0.000017830688,0.000000000000,0.000229459000,0.000017028000,36.007330,0,400latency_llmop_gpt_gpt-7b_187_layer12_attn_softmax_baseline_metrics.csv,400latency_llmop_gpt_gpt-7b_187_layer12_attn_softmax_baseline_out.stdout
gpt,gpt-7b,baseline,188,layer12_attn_value,0.003037320000,0.000000000000,0.072386024000,0.003033340000,18024.687200,0,400latency_llmop_gpt_gpt-7b_188_layer12_attn_value_baseline_metrics.csv,400latency_llmop_gpt_gpt-7b_188_layer12_attn_value_baseline_out.stdout
gpt,gpt-7b,baseline,189,layer12_attn_out,0.044575897000,0.000000000000,1.346494750000,0.044571111000,13360.485918,0,400latency_llmop_gpt_gpt-7b_189_layer12_attn_out_baseline_metrics.csv,400latency_llmop_gpt_gpt-7b_189_layer12_attn_out_baseline_out.stdout
gpt,gpt-7b,baseline,190,layer12_attn_residual,0.000061852000,0.000000000000,0.002410050000,0.000061512000,202.009815,0,400latency_llmop_gpt_gpt-7b_190_layer12_attn_residual_baseline_metrics.csv,400latency_llmop_gpt_gpt-7b_190_layer12_attn_residual_baseline_out.stdout
gpt,gpt-7b,baseline,191,layer12_norm2,0.000042373000,0.000000000000,0.001627379000,0.000041957000,200.021044,0,400latency_llmop_gpt_gpt-7b_191_layer12_norm2_baseline_metrics.csv,400latency_llmop_gpt_gpt-7b_191_layer12_norm2_baseline_out.stdout
gpt,gpt-7b,baseline,192,layer12_mlp_fc1,0.069843487000,0.000000000000,1.389417989000,0.069648357000,13342.473172,0,400latency_llmop_gpt_gpt-7b_192_layer12_mlp_fc1_baseline_metrics.csv,400latency_llmop_gpt_gpt-7b_192_layer12_mlp_fc1_baseline_out.stdout
gpt,gpt-7b,baseline,193,layer12_mlp_gelu,0.000051013000,0.000000000000,0.000854354000,0.000047410000,475.028039,0,400latency_llmop_gpt_gpt-7b_193_layer12_mlp_gelu_baseline_metrics.csv,400latency_llmop_gpt_gpt-7b_193_layer12_mlp_gelu_baseline_out.stdout
gpt,gpt-7b,baseline,194,layer12_mlp_fc2,0.245186690000,0.000000000000,1.352862512000,0.245183495000,31131.150438,0,400latency_llmop_gpt_gpt-7b_194_layer12_mlp_fc2_baseline_metrics.csv,400latency_llmop_gpt_gpt-7b_194_layer12_mlp_fc2_baseline_out.stdout
gpt,gpt-7b,baseline,195,layer12_mlp_residual,0.000061852000,0.000000000000,0.002410050000,0.000061512000,202.009815,0,400latency_llmop_gpt_gpt-7b_195_layer12_mlp_residual_baseline_metrics.csv,400latency_llmop_gpt_gpt-7b_195_layer12_mlp_residual_baseline_out.stdout
gpt,gpt-7b,baseline,196,layer13_norm1,0.000042373000,0.000000000000,0.001627379000,0.000041957000,200.021044,0,400latency_llmop_gpt_gpt-7b_196_layer13_norm1_baseline_metrics.csv,400latency_llmop_gpt_gpt-7b_196_layer13_norm1_baseline_out.stdout
gpt,gpt-7b,baseline,197,layer13_attn_q,0.044575897000,0.000000000000,1.346494750000,0.044571111000,13360.485918,0,400latency_llmop_gpt_gpt-7b_197_layer13_attn_q_baseline_metrics.csv,400latency_llmop_gpt_gpt-7b_197_layer13_attn_q_baseline_out.stdout
gpt,gpt-7b,baseline,198,layer13_attn_k,0.044575897000,0.000000000000,1.346494750000,0.044571111000,13360.485918,0,400latency_llmop_gpt_gpt-7b_198_layer13_attn_k_baseline_metrics.csv,400latency_llmop_gpt_gpt-7b_198_layer13_attn_k_baseline_out.stdout
gpt,gpt-7b,baseline,199,layer13_attn_v,0.044575897000,0.000000000000,1.346494750000,0.044571111000,13360.485918,0,400latency_llmop_gpt_gpt-7b_199_layer13_attn_v_baseline_metrics.csv,400latency_llmop_gpt_gpt-7b_199_layer13_attn_v_baseline_out.stdout
gpt,gpt-7b,baseline,200,layer13_attn_score,0.012797080000,0.000000000000,0.492821651000,0.012795327000,2364.105110,0,400latency_llmop_gpt_gpt-7b_200_layer13_attn_score_baseline_metrics.csv,400latency_llmop_gpt_gpt-7b_200_layer13_attn_score_baseline_out.stdout
gpt,gpt-7b,baseline,201,layer13_causal_mask,0.000007216000,0.000000000000,0.000189375000,0.000006679000,12.002178,0,400latency_llmop_gpt_gpt-7b_201_layer13_causal_mask_baseline_metrics.csv,400latency_llmop_gpt_gpt-7b_201_layer13_causal_mask_baseline_out.stdout
gpt,gpt-7b,baseline,202,layer13_attn_softmax,0.000017830688,0.000000000000,0.000229459000,0.000017028000,36.007330,0,400latency_llmop_gpt_gpt-7b_202_layer13_attn_softmax_baseline_metrics.csv,400latency_llmop_gpt_gpt-7b_202_layer13_attn_softmax_baseline_out.stdout
gpt,gpt-7b,baseline,203,layer13_attn_value,0.003037320000,0.000000000000,0.072386024000,0.003033340000,18024.687200,0,400latency_llmop_gpt_gpt-7b_203_layer13_attn_value_baseline_metrics.csv,400latency_llmop_gpt_gpt-7b_203_layer13_attn_value_baseline_out.stdout
gpt,gpt-7b,baseline,204,layer13_attn_out,0.044575897000,0.000000000000,1.346494750000,0.044571111000,13360.485918,0,400latency_llmop_gpt_gpt-7b_204_layer13_attn_out_baseline_metrics.csv,400latency_llmop_gpt_gpt-7b_204_layer13_attn_out_baseline_out.stdout
gpt,gpt-7b,baseline,205,layer13_attn_residual,0.000061852000,0.000000000000,0.002410050000,0.000061512000,202.009815,0,400latency_llmop_gpt_gpt-7b_205_layer13_attn_residual_baseline_metrics.csv,400latency_llmop_gpt_gpt-7b_205_layer13_attn_residual_baseline_out.stdout
gpt,gpt-7b,baseline,206,layer13_norm2,0.000042373000,0.000000000000,0.001627379000,0.000041957000,200.021044,0,400latency_llmop_gpt_gpt-7b_206_layer13_norm2_baseline_metrics.csv,400latency_llmop_gpt_gpt-7b_206_layer13_norm2_baseline_out.stdout
gpt,gpt-7b,baseline,207,layer13_mlp_fc1,0.069843487000,0.000000000000,1.389417989000,0.069648357000,13342.473172,0,400latency_llmop_gpt_gpt-7b_207_layer13_mlp_fc1_baseline_metrics.csv,400latency_llmop_gpt_gpt-7b_207_layer13_mlp_fc1_baseline_out.stdout
gpt,gpt-7b,baseline,208,layer13_mlp_gelu,0.000051013000,0.000000000000,0.000854354000,0.000047410000,475.028039,0,400latency_llmop_gpt_gpt-7b_208_layer13_mlp_gelu_baseline_metrics.csv,400latency_llmop_gpt_gpt-7b_208_layer13_mlp_gelu_baseline_out.stdout
gpt,gpt-7b,baseline,209,layer13_mlp_fc2,0.245186690000,0.000000000000,1.352862512000,0.245183495000,31131.150438,0,400latency_llmop_gpt_gpt-7b_209_layer13_mlp_fc2_baseline_metrics.csv,400latency_llmop_gpt_gpt-7b_209_layer13_mlp_fc2_baseline_out.stdout
gpt,gpt-7b,baseline,210,layer13_mlp_residual,0.000061852000,0.000000000000,0.002410050000,0.000061512000,202.009815,0,400latency_llmop_gpt_gpt-7b_210_layer13_mlp_residual_baseline_metrics.csv,400latency_llmop_gpt_gpt-7b_210_layer13_mlp_residual_baseline_out.stdout
gpt,gpt-7b,baseline,211,layer14_norm1,0.000042373000,0.000000000000,0.001627379000,0.000041957000,200.021044,0,400latency_llmop_gpt_gpt-7b_211_layer14_norm1_baseline_metrics.csv,400latency_llmop_gpt_gpt-7b_211_layer14_norm1_baseline_out.stdout
gpt,gpt-7b,baseline,212,layer14_attn_q,0.044575897000,0.000000000000,1.346494750000,0.044571111000,13360.485918,0,400latency_llmop_gpt_gpt-7b_212_layer14_attn_q_baseline_metrics.csv,400latency_llmop_gpt_gpt-7b_212_layer14_attn_q_baseline_out.stdout
gpt,gpt-7b,baseline,213,layer14_attn_k,0.044575897000,0.000000000000,1.346494750000,0.044571111000,13360.485918,0,400latency_llmop_gpt_gpt-7b_213_layer14_attn_k_baseline_metrics.csv,400latency_llmop_gpt_gpt-7b_213_layer14_attn_k_baseline_out.stdout
gpt,gpt-7b,baseline,214,layer14_attn_v,0.044575897000,0.000000000000,1.346494750000,0.044571111000,13360.485918,0,400latency_llmop_gpt_gpt-7b_214_layer14_attn_v_baseline_metrics.csv,400latency_llmop_gpt_gpt-7b_214_layer14_attn_v_baseline_out.stdout
gpt,gpt-7b,baseline,215,layer14_attn_score,0.012797080000,0.000000000000,0.492821651000,0.012795327000,2364.105110,0,400latency_llmop_gpt_gpt-7b_215_layer14_attn_score_baseline_metrics.csv,400latency_llmop_gpt_gpt-7b_215_layer14_attn_score_baseline_out.stdout
gpt,gpt-7b,baseline,216,layer14_causal_mask,0.000007216000,0.000000000000,0.000189375000,0.000006679000,12.002178,0,400latency_llmop_gpt_gpt-7b_216_layer14_causal_mask_baseline_metrics.csv,400latency_llmop_gpt_gpt-7b_216_layer14_causal_mask_baseline_out.stdout
gpt,gpt-7b,baseline,217,layer14_attn_softmax,0.000017830688,0.000000000000,0.000229459000,0.000017028000,36.007330,0,400latency_llmop_gpt_gpt-7b_217_layer14_attn_softmax_baseline_metrics.csv,400latency_llmop_gpt_gpt-7b_217_layer14_attn_softmax_baseline_out.stdout
gpt,gpt-7b,baseline,218,layer14_attn_value,0.003037320000,0.000000000000,0.072386024000,0.003033340000,18024.687200,0,400latency_llmop_gpt_gpt-7b_218_layer14_attn_value_baseline_metrics.csv,400latency_llmop_gpt_gpt-7b_218_layer14_attn_value_baseline_out.stdout
gpt,gpt-7b,baseline,219,layer14_attn_out,0.044575897000,0.000000000000,1.346494750000,0.044571111000,13360.485918,0,400latency_llmop_gpt_gpt-7b_219_layer14_attn_out_baseline_metrics.csv,400latency_llmop_gpt_gpt-7b_219_layer14_attn_out_baseline_out.stdout
gpt,gpt-7b,baseline,220,layer14_attn_residual,0.000061852000,0.000000000000,0.002410050000,0.000061512000,202.009815,0,400latency_llmop_gpt_gpt-7b_220_layer14_attn_residual_baseline_metrics.csv,400latency_llmop_gpt_gpt-7b_220_layer14_attn_residual_baseline_out.stdout
gpt,gpt-7b,baseline,221,layer14_norm2,0.000042373000,0.000000000000,0.001627379000,0.000041957000,200.021044,0,400latency_llmop_gpt_gpt-7b_221_layer14_norm2_baseline_metrics.csv,400latency_llmop_gpt_gpt-7b_221_layer14_norm2_baseline_out.stdout
gpt,gpt-7b,baseline,222,layer14_mlp_fc1,0.069843487000,0.000000000000,1.389417989000,0.069648357000,13342.473172,0,400latency_llmop_gpt_gpt-7b_222_layer14_mlp_fc1_baseline_metrics.csv,400latency_llmop_gpt_gpt-7b_222_layer14_mlp_fc1_baseline_out.stdout
gpt,gpt-7b,baseline,223,layer14_mlp_gelu,0.000051013000,0.000000000000,0.000854354000,0.000047410000,475.028039,0,400latency_llmop_gpt_gpt-7b_223_layer14_mlp_gelu_baseline_metrics.csv,400latency_llmop_gpt_gpt-7b_223_layer14_mlp_gelu_baseline_out.stdout
gpt,gpt-7b,baseline,224,layer14_mlp_fc2,0.245186690000,0.000000000000,1.352862512000,0.245183495000,31131.150438,0,400latency_llmop_gpt_gpt-7b_224_layer14_mlp_fc2_baseline_metrics.csv,400latency_llmop_gpt_gpt-7b_224_layer14_mlp_fc2_baseline_out.stdout
gpt,gpt-7b,baseline,225,layer14_mlp_residual,0.000061852000,0.000000000000,0.002410050000,0.000061512000,202.009815,0,400latency_llmop_gpt_gpt-7b_225_layer14_mlp_residual_baseline_metrics.csv,400latency_llmop_gpt_gpt-7b_225_layer14_mlp_residual_baseline_out.stdout
gpt,gpt-7b,baseline,226,layer15_norm1,0.000042373000,0.000000000000,0.001627379000,0.000041957000,200.021044,0,400latency_llmop_gpt_gpt-7b_226_layer15_norm1_baseline_metrics.csv,400latency_llmop_gpt_gpt-7b_226_layer15_norm1_baseline_out.stdout
gpt,gpt-7b,baseline,227,layer15_attn_q,0.044575897000,0.000000000000,1.346494750000,0.044571111000,13360.485918,0,400latency_llmop_gpt_gpt-7b_227_layer15_attn_q_baseline_metrics.csv,400latency_llmop_gpt_gpt-7b_227_layer15_attn_q_baseline_out.stdout
gpt,gpt-7b,baseline,228,layer15_attn_k,0.044575897000,0.000000000000,1.346494750000,0.044571111000,13360.485918,0,400latency_llmop_gpt_gpt-7b_228_layer15_attn_k_baseline_metrics.csv,400latency_llmop_gpt_gpt-7b_228_layer15_attn_k_baseline_out.stdout
gpt,gpt-7b,baseline,229,layer15_attn_v,0.044575897000,0.000000000000,1.346494750000,0.044571111000,13360.485918,0,400latency_llmop_gpt_gpt-7b_229_layer15_attn_v_baseline_metrics.csv,400latency_llmop_gpt_gpt-7b_229_layer15_attn_v_baseline_out.stdout
gpt,gpt-7b,baseline,230,layer15_attn_score,0.012797080000,0.000000000000,0.492821651000,0.012795327000,2364.105110,0,400latency_llmop_gpt_gpt-7b_230_layer15_attn_score_baseline_metrics.csv,400latency_llmop_gpt_gpt-7b_230_layer15_attn_score_baseline_out.stdout
gpt,gpt-7b,baseline,231,layer15_causal_mask,0.000007216000,0.000000000000,0.000189375000,0.000006679000,12.002178,0,400latency_llmop_gpt_gpt-7b_231_layer15_causal_mask_baseline_metrics.csv,400latency_llmop_gpt_gpt-7b_231_layer15_causal_mask_baseline_out.stdout
gpt,gpt-7b,baseline,232,layer15_attn_softmax,0.000017830688,0.000000000000,0.000229459000,0.000017028000,36.007330,0,400latency_llmop_gpt_gpt-7b_232_layer15_attn_softmax_baseline_metrics.csv,400latency_llmop_gpt_gpt-7b_232_layer15_attn_softmax_baseline_out.stdout
gpt,gpt-7b,baseline,233,layer15_attn_value,0.003037320000,0.000000000000,0.072386024000,0.003033340000,18024.687200,0,400latency_llmop_gpt_gpt-7b_233_layer15_attn_value_baseline_metrics.csv,400latency_llmop_gpt_gpt-7b_233_layer15_attn_value_baseline_out.stdout
gpt,gpt-7b,baseline,234,layer15_attn_out,0.044575897000,0.000000000000,1.346494750000,0.044571111000,13360.485918,0,400latency_llmop_gpt_gpt-7b_234_layer15_attn_out_baseline_metrics.csv,400latency_llmop_gpt_gpt-7b_234_layer15_attn_out_baseline_out.stdout
gpt,gpt-7b,baseline,235,layer15_attn_residual,0.000061852000,0.000000000000,0.002410050000,0.000061512000,202.009815,0,400latency_llmop_gpt_gpt-7b_235_layer15_attn_residual_baseline_metrics.csv,400latency_llmop_gpt_gpt-7b_235_layer15_attn_residual_baseline_out.stdout
gpt,gpt-7b,baseline,236,layer15_norm2,0.000042373000,0.000000000000,0.001627379000,0.000041957000,200.021044,0,400latency_llmop_gpt_gpt-7b_236_layer15_norm2_baseline_metrics.csv,400latency_llmop_gpt_gpt-7b_236_layer15_norm2_baseline_out.stdout
gpt,gpt-7b,baseline,237,layer15_mlp_fc1,0.069843487000,0.000000000000,1.389417989000,0.069648357000,13342.473172,0,400latency_llmop_gpt_gpt-7b_237_layer15_mlp_fc1_baseline_metrics.csv,400latency_llmop_gpt_gpt-7b_237_layer15_mlp_fc1_baseline_out.stdout
gpt,gpt-7b,baseline,238,layer15_mlp_gelu,0.000051013000,0.000000000000,0.000854354000,0.000047410000,475.028039,0,400latency_llmop_gpt_gpt-7b_238_layer15_mlp_gelu_baseline_metrics.csv,400latency_llmop_gpt_gpt-7b_238_layer15_mlp_gelu_baseline_out.stdout
gpt,gpt-7b,baseline,239,layer15_mlp_fc2,0.245186690000,0.000000000000,1.352862512000,0.245183495000,31131.150438,0,400latency_llmop_gpt_gpt-7b_239_layer15_mlp_fc2_baseline_metrics.csv,400latency_llmop_gpt_gpt-7b_239_layer15_mlp_fc2_baseline_out.stdout
gpt,gpt-7b,baseline,240,layer15_mlp_residual,0.000061852000,0.000000000000,0.002410050000,0.000061512000,202.009815,0,400latency_llmop_gpt_gpt-7b_240_layer15_mlp_residual_baseline_metrics.csv,400latency_llmop_gpt_gpt-7b_240_layer15_mlp_residual_baseline_out.stdout
gpt,gpt-7b,baseline,241,layer16_norm1,0.000042373000,0.000000000000,0.001627379000,0.000041957000,200.021044,0,400latency_llmop_gpt_gpt-7b_241_layer16_norm1_baseline_metrics.csv,400latency_llmop_gpt_gpt-7b_241_layer16_norm1_baseline_out.stdout
gpt,gpt-7b,baseline,242,layer16_attn_q,0.044575897000,0.000000000000,1.346494750000,0.044571111000,13360.485918,0,400latency_llmop_gpt_gpt-7b_242_layer16_attn_q_baseline_metrics.csv,400latency_llmop_gpt_gpt-7b_242_layer16_attn_q_baseline_out.stdout
gpt,gpt-7b,baseline,243,layer16_attn_k,0.044575897000,0.000000000000,1.346494750000,0.044571111000,13360.485918,0,400latency_llmop_gpt_gpt-7b_243_layer16_attn_k_baseline_metrics.csv,400latency_llmop_gpt_gpt-7b_243_layer16_attn_k_baseline_out.stdout
gpt,gpt-7b,baseline,244,layer16_attn_v,0.044575897000,0.000000000000,1.346494750000,0.044571111000,13360.485918,0,400latency_llmop_gpt_gpt-7b_244_layer16_attn_v_baseline_metrics.csv,400latency_llmop_gpt_gpt-7b_244_layer16_attn_v_baseline_out.stdout
gpt,gpt-7b,baseline,245,layer16_attn_score,0.012797080000,0.000000000000,0.492821651000,0.012795327000,2364.105110,0,400latency_llmop_gpt_gpt-7b_245_layer16_attn_score_baseline_metrics.csv,400latency_llmop_gpt_gpt-7b_245_layer16_attn_score_baseline_out.stdout
gpt,gpt-7b,baseline,246,layer16_causal_mask,0.000007216000,0.000000000000,0.000189375000,0.000006679000,12.002178,0,400latency_llmop_gpt_gpt-7b_246_layer16_causal_mask_baseline_metrics.csv,400latency_llmop_gpt_gpt-7b_246_layer16_causal_mask_baseline_out.stdout
gpt,gpt-7b,baseline,247,layer16_attn_softmax,0.000017830688,0.000000000000,0.000229459000,0.000017028000,36.007330,0,400latency_llmop_gpt_gpt-7b_247_layer16_attn_softmax_baseline_metrics.csv,400latency_llmop_gpt_gpt-7b_247_layer16_attn_softmax_baseline_out.stdout
gpt,gpt-7b,baseline,248,layer16_attn_value,0.003037320000,0.000000000000,0.072386024000,0.003033340000,18024.687200,0,400latency_llmop_gpt_gpt-7b_248_layer16_attn_value_baseline_metrics.csv,400latency_llmop_gpt_gpt-7b_248_layer16_attn_value_baseline_out.stdout
gpt,gpt-7b,baseline,249,layer16_attn_out,0.044575897000,0.000000000000,1.346494750000,0.044571111000,13360.485918,0,400latency_llmop_gpt_gpt-7b_249_layer16_attn_out_baseline_metrics.csv,400latency_llmop_gpt_gpt-7b_249_layer16_attn_out_baseline_out.stdout
gpt,gpt-7b,baseline,250,layer16_attn_residual,0.000061852000,0.000000000000,0.002410050000,0.000061512000,202.009815,0,400latency_llmop_gpt_gpt-7b_250_layer16_attn_residual_baseline_metrics.csv,400latency_llmop_gpt_gpt-7b_250_layer16_attn_residual_baseline_out.stdout
gpt,gpt-7b,baseline,251,layer16_norm2,0.000042373000,0.000000000000,0.001627379000,0.000041957000,200.021044,0,400latency_llmop_gpt_gpt-7b_251_layer16_norm2_baseline_metrics.csv,400latency_llmop_gpt_gpt-7b_251_layer16_norm2_baseline_out.stdout
gpt,gpt-7b,baseline,252,layer16_mlp_fc1,0.069843487000,0.000000000000,1.389417989000,0.069648357000,13342.473172,0,400latency_llmop_gpt_gpt-7b_252_layer16_mlp_fc1_baseline_metrics.csv,400latency_llmop_gpt_gpt-7b_252_layer16_mlp_fc1_baseline_out.stdout
gpt,gpt-7b,baseline,253,layer16_mlp_gelu,0.000051013000,0.000000000000,0.000854354000,0.000047410000,475.028039,0,400latency_llmop_gpt_gpt-7b_253_layer16_mlp_gelu_baseline_metrics.csv,400latency_llmop_gpt_gpt-7b_253_layer16_mlp_gelu_baseline_out.stdout
gpt,gpt-7b,baseline,254,layer16_mlp_fc2,0.245186690000,0.000000000000,1.352862512000,0.245183495000,31131.150438,0,400latency_llmop_gpt_gpt-7b_254_layer16_mlp_fc2_baseline_metrics.csv,400latency_llmop_gpt_gpt-7b_254_layer16_mlp_fc2_baseline_out.stdout
gpt,gpt-7b,baseline,255,layer16_mlp_residual,0.000061852000,0.000000000000,0.002410050000,0.000061512000,202.009815,0,400latency_llmop_gpt_gpt-7b_255_layer16_mlp_residual_baseline_metrics.csv,400latency_llmop_gpt_gpt-7b_255_layer16_mlp_residual_baseline_out.stdout
gpt,gpt-7b,baseline,256,layer17_norm1,0.000042373000,0.000000000000,0.001627379000,0.000041957000,200.021044,0,400latency_llmop_gpt_gpt-7b_256_layer17_norm1_baseline_metrics.csv,400latency_llmop_gpt_gpt-7b_256_layer17_norm1_baseline_out.stdout
gpt,gpt-7b,baseline,257,layer17_attn_q,0.044575897000,0.000000000000,1.346494750000,0.044571111000,13360.485918,0,400latency_llmop_gpt_gpt-7b_257_layer17_attn_q_baseline_metrics.csv,400latency_llmop_gpt_gpt-7b_257_layer17_attn_q_baseline_out.stdout
gpt,gpt-7b,baseline,258,layer17_attn_k,0.044575897000,0.000000000000,1.346494750000,0.044571111000,13360.485918,0,400latency_llmop_gpt_gpt-7b_258_layer17_attn_k_baseline_metrics.csv,400latency_llmop_gpt_gpt-7b_258_layer17_attn_k_baseline_out.stdout
gpt,gpt-7b,baseline,259,layer17_attn_v,0.044575897000,0.000000000000,1.346494750000,0.044571111000,13360.485918,0,400latency_llmop_gpt_gpt-7b_259_layer17_attn_v_baseline_metrics.csv,400latency_llmop_gpt_gpt-7b_259_layer17_attn_v_baseline_out.stdout
gpt,gpt-7b,baseline,260,layer17_attn_score,0.012797080000,0.000000000000,0.492821651000,0.012795327000,2364.105110,0,400latency_llmop_gpt_gpt-7b_260_layer17_attn_score_baseline_metrics.csv,400latency_llmop_gpt_gpt-7b_260_layer17_attn_score_baseline_out.stdout
gpt,gpt-7b,baseline,261,layer17_causal_mask,0.000007216000,0.000000000000,0.000189375000,0.000006679000,12.002178,0,400latency_llmop_gpt_gpt-7b_261_layer17_causal_mask_baseline_metrics.csv,400latency_llmop_gpt_gpt-7b_261_layer17_causal_mask_baseline_out.stdout
gpt,gpt-7b,baseline,262,layer17_attn_softmax,0.000017830688,0.000000000000,0.000229459000,0.000017028000,36.007330,0,400latency_llmop_gpt_gpt-7b_262_layer17_attn_softmax_baseline_metrics.csv,400latency_llmop_gpt_gpt-7b_262_layer17_attn_softmax_baseline_out.stdout
gpt,gpt-7b,baseline,263,layer17_attn_value,0.003037320000,0.000000000000,0.072386024000,0.003033340000,18024.687200,0,400latency_llmop_gpt_gpt-7b_263_layer17_attn_value_baseline_metrics.csv,400latency_llmop_gpt_gpt-7b_263_layer17_attn_value_baseline_out.stdout
gpt,gpt-7b,baseline,264,layer17_attn_out,0.044575897000,0.000000000000,1.346494750000,0.044571111000,13360.485918,0,400latency_llmop_gpt_gpt-7b_264_layer17_attn_out_baseline_metrics.csv,400latency_llmop_gpt_gpt-7b_264_layer17_attn_out_baseline_out.stdout
gpt,gpt-7b,baseline,265,layer17_attn_residual,0.000061852000,0.000000000000,0.002410050000,0.000061512000,202.009815,0,400latency_llmop_gpt_gpt-7b_265_layer17_attn_residual_baseline_metrics.csv,400latency_llmop_gpt_gpt-7b_265_layer17_attn_residual_baseline_out.stdout
gpt,gpt-7b,baseline,266,layer17_norm2,0.000042373000,0.000000000000,0.001627379000,0.000041957000,200.021044,0,400latency_llmop_gpt_gpt-7b_266_layer17_norm2_baseline_metrics.csv,400latency_llmop_gpt_gpt-7b_266_layer17_norm2_baseline_out.stdout
gpt,gpt-7b,baseline,267,layer17_mlp_fc1,0.069843487000,0.000000000000,1.389417989000,0.069648357000,13342.473172,0,400latency_llmop_gpt_gpt-7b_267_layer17_mlp_fc1_baseline_metrics.csv,400latency_llmop_gpt_gpt-7b_267_layer17_mlp_fc1_baseline_out.stdout
gpt,gpt-7b,baseline,268,layer17_mlp_gelu,0.000051013000,0.000000000000,0.000854354000,0.000047410000,475.028039,0,400latency_llmop_gpt_gpt-7b_268_layer17_mlp_gelu_baseline_metrics.csv,400latency_llmop_gpt_gpt-7b_268_layer17_mlp_gelu_baseline_out.stdout
gpt,gpt-7b,baseline,269,layer17_mlp_fc2,0.245186690000,0.000000000000,1.352862512000,0.245183495000,31131.150438,0,400latency_llmop_gpt_gpt-7b_269_layer17_mlp_fc2_baseline_metrics.csv,400latency_llmop_gpt_gpt-7b_269_layer17_mlp_fc2_baseline_out.stdout
gpt,gpt-7b,baseline,270,layer17_mlp_residual,0.000061852000,0.000000000000,0.002410050000,0.000061512000,202.009815,0,400latency_llmop_gpt_gpt-7b_270_layer17_mlp_residual_baseline_metrics.csv,400latency_llmop_gpt_gpt-7b_270_layer17_mlp_residual_baseline_out.stdout
gpt,gpt-7b,baseline,271,layer18_norm1,0.000042373000,0.000000000000,0.001627379000,0.000041957000,200.021044,0,400latency_llmop_gpt_gpt-7b_271_layer18_norm1_baseline_metrics.csv,400latency_llmop_gpt_gpt-7b_271_layer18_norm1_baseline_out.stdout
gpt,gpt-7b,baseline,272,layer18_attn_q,0.044575897000,0.000000000000,1.346494750000,0.044571111000,13360.485918,0,400latency_llmop_gpt_gpt-7b_272_layer18_attn_q_baseline_metrics.csv,400latency_llmop_gpt_gpt-7b_272_layer18_attn_q_baseline_out.stdout
gpt,gpt-7b,baseline,273,layer18_attn_k,0.044575897000,0.000000000000,1.346494750000,0.044571111000,13360.485918,0,400latency_llmop_gpt_gpt-7b_273_layer18_attn_k_baseline_metrics.csv,400latency_llmop_gpt_gpt-7b_273_layer18_attn_k_baseline_out.stdout
gpt,gpt-7b,baseline,274,layer18_attn_v,0.044575897000,0.000000000000,1.346494750000,0.044571111000,13360.485918,0,400latency_llmop_gpt_gpt-7b_274_layer18_attn_v_baseline_metrics.csv,400latency_llmop_gpt_gpt-7b_274_layer18_attn_v_baseline_out.stdout
gpt,gpt-7b,baseline,275,layer18_attn_score,0.012797080000,0.000000000000,0.492821651000,0.012795327000,2364.105110,0,400latency_llmop_gpt_gpt-7b_275_layer18_attn_score_baseline_metrics.csv,400latency_llmop_gpt_gpt-7b_275_layer18_attn_score_baseline_out.stdout
gpt,gpt-7b,baseline,276,layer18_causal_mask,0.000007216000,0.000000000000,0.000189375000,0.000006679000,12.002178,0,400latency_llmop_gpt_gpt-7b_276_layer18_causal_mask_baseline_metrics.csv,400latency_llmop_gpt_gpt-7b_276_layer18_causal_mask_baseline_out.stdout
gpt,gpt-7b,baseline,277,layer18_attn_softmax,0.000017830688,0.000000000000,0.000229459000,0.000017028000,36.007330,0,400latency_llmop_gpt_gpt-7b_277_layer18_attn_softmax_baseline_metrics.csv,400latency_llmop_gpt_gpt-7b_277_layer18_attn_softmax_baseline_out.stdout
gpt,gpt-7b,baseline,278,layer18_attn_value,0.003037320000,0.000000000000,0.072386024000,0.003033340000,18024.687200,0,400latency_llmop_gpt_gpt-7b_278_layer18_attn_value_baseline_metrics.csv,400latency_llmop_gpt_gpt-7b_278_layer18_attn_value_baseline_out.stdout
gpt,gpt-7b,baseline,279,layer18_attn_out,0.044575897000,0.000000000000,1.346494750000,0.044571111000,13360.485918,0,400latency_llmop_gpt_gpt-7b_279_layer18_attn_out_baseline_metrics.csv,400latency_llmop_gpt_gpt-7b_279_layer18_attn_out_baseline_out.stdout
gpt,gpt-7b,baseline,280,layer18_attn_residual,0.000061852000,0.000000000000,0.002410050000,0.000061512000,202.009815,0,400latency_llmop_gpt_gpt-7b_280_layer18_attn_residual_baseline_metrics.csv,400latency_llmop_gpt_gpt-7b_280_layer18_attn_residual_baseline_out.stdout
gpt,gpt-7b,baseline,281,layer18_norm2,0.000042373000,0.000000000000,0.001627379000,0.000041957000,200.021044,0,400latency_llmop_gpt_gpt-7b_281_layer18_norm2_baseline_metrics.csv,400latency_llmop_gpt_gpt-7b_281_layer18_norm2_baseline_out.stdout
gpt,gpt-7b,baseline,282,layer18_mlp_fc1,0.069843487000,0.000000000000,1.389417989000,0.069648357000,13342.473172,0,400latency_llmop_gpt_gpt-7b_282_layer18_mlp_fc1_baseline_metrics.csv,400latency_llmop_gpt_gpt-7b_282_layer18_mlp_fc1_baseline_out.stdout
gpt,gpt-7b,baseline,283,layer18_mlp_gelu,0.000051013000,0.000000000000,0.000854354000,0.000047410000,475.028039,0,400latency_llmop_gpt_gpt-7b_283_layer18_mlp_gelu_baseline_metrics.csv,400latency_llmop_gpt_gpt-7b_283_layer18_mlp_gelu_baseline_out.stdout
gpt,gpt-7b,baseline,284,layer18_mlp_fc2,0.245186690000,0.000000000000,1.352862512000,0.245183495000,31131.150438,0,400latency_llmop_gpt_gpt-7b_284_layer18_mlp_fc2_baseline_metrics.csv,400latency_llmop_gpt_gpt-7b_284_layer18_mlp_fc2_baseline_out.stdout
gpt,gpt-7b,baseline,285,layer18_mlp_residual,0.000061852000,0.000000000000,0.002410050000,0.000061512000,202.009815,0,400latency_llmop_gpt_gpt-7b_285_layer18_mlp_residual_baseline_metrics.csv,400latency_llmop_gpt_gpt-7b_285_layer18_mlp_residual_baseline_out.stdout
gpt,gpt-7b,baseline,286,layer19_norm1,0.000042373000,0.000000000000,0.001627379000,0.000041957000,200.021044,0,400latency_llmop_gpt_gpt-7b_286_layer19_norm1_baseline_metrics.csv,400latency_llmop_gpt_gpt-7b_286_layer19_norm1_baseline_out.stdout
gpt,gpt-7b,baseline,287,layer19_attn_q,0.044575897000,0.000000000000,1.346494750000,0.044571111000,13360.485918,0,400latency_llmop_gpt_gpt-7b_287_layer19_attn_q_baseline_metrics.csv,400latency_llmop_gpt_gpt-7b_287_layer19_attn_q_baseline_out.stdout
gpt,gpt-7b,baseline,288,layer19_attn_k,0.044575897000,0.000000000000,1.346494750000,0.044571111000,13360.485918,0,400latency_llmop_gpt_gpt-7b_288_layer19_attn_k_baseline_metrics.csv,400latency_llmop_gpt_gpt-7b_288_layer19_attn_k_baseline_out.stdout
gpt,gpt-7b,baseline,289,layer19_attn_v,0.044575897000,0.000000000000,1.346494750000,0.044571111000,13360.485918,0,400latency_llmop_gpt_gpt-7b_289_layer19_attn_v_baseline_metrics.csv,400latency_llmop_gpt_gpt-7b_289_layer19_attn_v_baseline_out.stdout
gpt,gpt-7b,baseline,290,layer19_attn_score,0.012797080000,0.000000000000,0.492821651000,0.012795327000,2364.105110,0,400latency_llmop_gpt_gpt-7b_290_layer19_attn_score_baseline_metrics.csv,400latency_llmop_gpt_gpt-7b_290_layer19_attn_score_baseline_out.stdout
gpt,gpt-7b,baseline,291,layer19_causal_mask,0.000007216000,0.000000000000,0.000189375000,0.000006679000,12.002178,0,400latency_llmop_gpt_gpt-7b_291_layer19_causal_mask_baseline_metrics.csv,400latency_llmop_gpt_gpt-7b_291_layer19_causal_mask_baseline_out.stdout
gpt,gpt-7b,baseline,292,layer19_attn_softmax,0.000017830688,0.000000000000,0.000229459000,0.000017028000,36.007330,0,400latency_llmop_gpt_gpt-7b_292_layer19_attn_softmax_baseline_metrics.csv,400latency_llmop_gpt_gpt-7b_292_layer19_attn_softmax_baseline_out.stdout
gpt,gpt-7b,baseline,293,layer19_attn_value,0.003037320000,0.000000000000,0.072386024000,0.003033340000,18024.687200,0,400latency_llmop_gpt_gpt-7b_293_layer19_attn_value_baseline_metrics.csv,400latency_llmop_gpt_gpt-7b_293_layer19_attn_value_baseline_out.stdout
gpt,gpt-7b,baseline,294,layer19_attn_out,0.044575897000,0.000000000000,1.346494750000,0.044571111000,13360.485918,0,400latency_llmop_gpt_gpt-7b_294_layer19_attn_out_baseline_metrics.csv,400latency_llmop_gpt_gpt-7b_294_layer19_attn_out_baseline_out.stdout
gpt,gpt-7b,baseline,295,layer19_attn_residual,0.000061852000,0.000000000000,0.002410050000,0.000061512000,202.009815,0,400latency_llmop_gpt_gpt-7b_295_layer19_attn_residual_baseline_metrics.csv,400latency_llmop_gpt_gpt-7b_295_layer19_attn_residual_baseline_out.stdout
gpt,gpt-7b,baseline,296,layer19_norm2,0.000042373000,0.000000000000,0.001627379000,0.000041957000,200.021044,0,400latency_llmop_gpt_gpt-7b_296_layer19_norm2_baseline_metrics.csv,400latency_llmop_gpt_gpt-7b_296_layer19_norm2_baseline_out.stdout
gpt,gpt-7b,baseline,297,layer19_mlp_fc1,0.069843487000,0.000000000000,1.389417989000,0.069648357000,13342.473172,0,400latency_llmop_gpt_gpt-7b_297_layer19_mlp_fc1_baseline_metrics.csv,400latency_llmop_gpt_gpt-7b_297_layer19_mlp_fc1_baseline_out.stdout
gpt,gpt-7b,baseline,298,layer19_mlp_gelu,0.000051013000,0.000000000000,0.000854354000,0.000047410000,475.028039,0,400latency_llmop_gpt_gpt-7b_298_layer19_mlp_gelu_baseline_metrics.csv,400latency_llmop_gpt_gpt-7b_298_layer19_mlp_gelu_baseline_out.stdout
gpt,gpt-7b,baseline,299,layer19_mlp_fc2,0.245186690000,0.000000000000,1.352862512000,0.245183495000,31131.150438,0,400latency_llmop_gpt_gpt-7b_299_layer19_mlp_fc2_baseline_metrics.csv,400latency_llmop_gpt_gpt-7b_299_layer19_mlp_fc2_baseline_out.stdout
gpt,gpt-7b,baseline,300,layer19_mlp_residual,0.000061852000,0.000000000000,0.002410050000,0.000061512000,202.009815,0,400latency_llmop_gpt_gpt-7b_300_layer19_mlp_residual_baseline_metrics.csv,400latency_llmop_gpt_gpt-7b_300_layer19_mlp_residual_baseline_out.stdout
gpt,gpt-7b,baseline,301,layer20_norm1,0.000042373000,0.000000000000,0.001627379000,0.000041957000,200.021044,0,400latency_llmop_gpt_gpt-7b_301_layer20_norm1_baseline_metrics.csv,400latency_llmop_gpt_gpt-7b_301_layer20_norm1_baseline_out.stdout
gpt,gpt-7b,baseline,302,layer20_attn_q,0.044575897000,0.000000000000,1.346494750000,0.044571111000,13360.485918,0,400latency_llmop_gpt_gpt-7b_302_layer20_attn_q_baseline_metrics.csv,400latency_llmop_gpt_gpt-7b_302_layer20_attn_q_baseline_out.stdout
gpt,gpt-7b,baseline,303,layer20_attn_k,0.044575897000,0.000000000000,1.346494750000,0.044571111000,13360.485918,0,400latency_llmop_gpt_gpt-7b_303_layer20_attn_k_baseline_metrics.csv,400latency_llmop_gpt_gpt-7b_303_layer20_attn_k_baseline_out.stdout
gpt,gpt-7b,baseline,304,layer20_attn_v,0.044575897000,0.000000000000,1.346494750000,0.044571111000,13360.485918,0,400latency_llmop_gpt_gpt-7b_304_layer20_attn_v_baseline_metrics.csv,400latency_llmop_gpt_gpt-7b_304_layer20_attn_v_baseline_out.stdout
gpt,gpt-7b,baseline,305,layer20_attn_score,0.012797080000,0.000000000000,0.492821651000,0.012795327000,2364.105110,0,400latency_llmop_gpt_gpt-7b_305_layer20_attn_score_baseline_metrics.csv,400latency_llmop_gpt_gpt-7b_305_layer20_attn_score_baseline_out.stdout
gpt,gpt-7b,baseline,306,layer20_causal_mask,0.000007216000,0.000000000000,0.000189375000,0.000006679000,12.002178,0,400latency_llmop_gpt_gpt-7b_306_layer20_causal_mask_baseline_metrics.csv,400latency_llmop_gpt_gpt-7b_306_layer20_causal_mask_baseline_out.stdout
gpt,gpt-7b,baseline,307,layer20_attn_softmax,0.000017830688,0.000000000000,0.000229459000,0.000017028000,36.007330,0,400latency_llmop_gpt_gpt-7b_307_layer20_attn_softmax_baseline_metrics.csv,400latency_llmop_gpt_gpt-7b_307_layer20_attn_softmax_baseline_out.stdout
gpt,gpt-7b,baseline,308,layer20_attn_value,0.003037320000,0.000000000000,0.072386024000,0.003033340000,18024.687200,0,400latency_llmop_gpt_gpt-7b_308_layer20_attn_value_baseline_metrics.csv,400latency_llmop_gpt_gpt-7b_308_layer20_attn_value_baseline_out.stdout
gpt,gpt-7b,baseline,309,layer20_attn_out,0.044575897000,0.000000000000,1.346494750000,0.044571111000,13360.485918,0,400latency_llmop_gpt_gpt-7b_309_layer20_attn_out_baseline_metrics.csv,400latency_llmop_gpt_gpt-7b_309_layer20_attn_out_baseline_out.stdout
gpt,gpt-7b,baseline,310,layer20_attn_residual,0.000061852000,0.000000000000,0.002410050000,0.000061512000,202.009815,0,400latency_llmop_gpt_gpt-7b_310_layer20_attn_residual_baseline_metrics.csv,400latency_llmop_gpt_gpt-7b_310_layer20_attn_residual_baseline_out.stdout
gpt,gpt-7b,baseline,311,layer20_norm2,0.000042373000,0.000000000000,0.001627379000,0.000041957000,200.021044,0,400latency_llmop_gpt_gpt-7b_311_layer20_norm2_baseline_metrics.csv,400latency_llmop_gpt_gpt-7b_311_layer20_norm2_baseline_out.stdout
gpt,gpt-7b,baseline,312,layer20_mlp_fc1,0.069843487000,0.000000000000,1.389417989000,0.069648357000,13342.473172,0,400latency_llmop_gpt_gpt-7b_312_layer20_mlp_fc1_baseline_metrics.csv,400latency_llmop_gpt_gpt-7b_312_layer20_mlp_fc1_baseline_out.stdout
gpt,gpt-7b,baseline,313,layer20_mlp_gelu,0.000051013000,0.000000000000,0.000854354000,0.000047410000,475.028039,0,400latency_llmop_gpt_gpt-7b_313_layer20_mlp_gelu_baseline_metrics.csv,400latency_llmop_gpt_gpt-7b_313_layer20_mlp_gelu_baseline_out.stdout
gpt,gpt-7b,baseline,314,layer20_mlp_fc2,0.245186690000,0.000000000000,1.352862512000,0.245183495000,31131.150438,0,400latency_llmop_gpt_gpt-7b_314_layer20_mlp_fc2_baseline_metrics.csv,400latency_llmop_gpt_gpt-7b_314_layer20_mlp_fc2_baseline_out.stdout
gpt,gpt-7b,baseline,315,layer20_mlp_residual,0.000061852000,0.000000000000,0.002410050000,0.000061512000,202.009815,0,400latency_llmop_gpt_gpt-7b_315_layer20_mlp_residual_baseline_metrics.csv,400latency_llmop_gpt_gpt-7b_315_layer20_mlp_residual_baseline_out.stdout
gpt,gpt-7b,baseline,316,layer21_norm1,0.000042373000,0.000000000000,0.001627379000,0.000041957000,200.021044,0,400latency_llmop_gpt_gpt-7b_316_layer21_norm1_baseline_metrics.csv,400latency_llmop_gpt_gpt-7b_316_layer21_norm1_baseline_out.stdout
gpt,gpt-7b,baseline,317,layer21_attn_q,0.044575897000,0.000000000000,1.346494750000,0.044571111000,13360.485918,0,400latency_llmop_gpt_gpt-7b_317_layer21_attn_q_baseline_metrics.csv,400latency_llmop_gpt_gpt-7b_317_layer21_attn_q_baseline_out.stdout
gpt,gpt-7b,baseline,318,layer21_attn_k,0.044575897000,0.000000000000,1.346494750000,0.044571111000,13360.485918,0,400latency_llmop_gpt_gpt-7b_318_layer21_attn_k_baseline_metrics.csv,400latency_llmop_gpt_gpt-7b_318_layer21_attn_k_baseline_out.stdout
gpt,gpt-7b,baseline,319,layer21_attn_v,0.044575897000,0.000000000000,1.346494750000,0.044571111000,13360.485918,0,400latency_llmop_gpt_gpt-7b_319_layer21_attn_v_baseline_metrics.csv,400latency_llmop_gpt_gpt-7b_319_layer21_attn_v_baseline_out.stdout
gpt,gpt-7b,baseline,320,layer21_attn_score,0.012797080000,0.000000000000,0.492821651000,0.012795327000,2364.105110,0,400latency_llmop_gpt_gpt-7b_320_layer21_attn_score_baseline_metrics.csv,400latency_llmop_gpt_gpt-7b_320_layer21_attn_score_baseline_out.stdout
gpt,gpt-7b,baseline,321,layer21_causal_mask,0.000007216000,0.000000000000,0.000189375000,0.000006679000,12.002178,0,400latency_llmop_gpt_gpt-7b_321_layer21_causal_mask_baseline_metrics.csv,400latency_llmop_gpt_gpt-7b_321_layer21_causal_mask_baseline_out.stdout
gpt,gpt-7b,baseline,322,layer21_attn_softmax,0.000017830688,0.000000000000,0.000229459000,0.000017028000,36.007330,0,400latency_llmop_gpt_gpt-7b_322_layer21_attn_softmax_baseline_metrics.csv,400latency_llmop_gpt_gpt-7b_322_layer21_attn_softmax_baseline_out.stdout
gpt,gpt-7b,baseline,323,layer21_attn_value,0.003037320000,0.000000000000,0.072386024000,0.003033340000,18024.687200,0,400latency_llmop_gpt_gpt-7b_323_layer21_attn_value_baseline_metrics.csv,400latency_llmop_gpt_gpt-7b_323_layer21_attn_value_baseline_out.stdout
gpt,gpt-7b,baseline,324,layer21_attn_out,0.044575897000,0.000000000000,1.346494750000,0.044571111000,13360.485918,0,400latency_llmop_gpt_gpt-7b_324_layer21_attn_out_baseline_metrics.csv,400latency_llmop_gpt_gpt-7b_324_layer21_attn_out_baseline_out.stdout
gpt,gpt-7b,baseline,325,layer21_attn_residual,0.000061852000,0.000000000000,0.002410050000,0.000061512000,202.009815,0,400latency_llmop_gpt_gpt-7b_325_layer21_attn_residual_baseline_metrics.csv,400latency_llmop_gpt_gpt-7b_325_layer21_attn_residual_baseline_out.stdout
gpt,gpt-7b,baseline,326,layer21_norm2,0.000042373000,0.000000000000,0.001627379000,0.000041957000,200.021044,0,400latency_llmop_gpt_gpt-7b_326_layer21_norm2_baseline_metrics.csv,400latency_llmop_gpt_gpt-7b_326_layer21_norm2_baseline_out.stdout
gpt,gpt-7b,baseline,327,layer21_mlp_fc1,0.069843487000,0.000000000000,1.389417989000,0.069648357000,13342.473172,0,400latency_llmop_gpt_gpt-7b_327_layer21_mlp_fc1_baseline_metrics.csv,400latency_llmop_gpt_gpt-7b_327_layer21_mlp_fc1_baseline_out.stdout
gpt,gpt-7b,baseline,328,layer21_mlp_gelu,0.000051013000,0.000000000000,0.000854354000,0.000047410000,475.028039,0,400latency_llmop_gpt_gpt-7b_328_layer21_mlp_gelu_baseline_metrics.csv,400latency_llmop_gpt_gpt-7b_328_layer21_mlp_gelu_baseline_out.stdout
gpt,gpt-7b,baseline,329,layer21_mlp_fc2,0.245186690000,0.000000000000,1.352862512000,0.245183495000,31131.150438,0,400latency_llmop_gpt_gpt-7b_329_layer21_mlp_fc2_baseline_metrics.csv,400latency_llmop_gpt_gpt-7b_329_layer21_mlp_fc2_baseline_out.stdout
gpt,gpt-7b,baseline,330,layer21_mlp_residual,0.000061852000,0.000000000000,0.002410050000,0.000061512000,202.009815,0,400latency_llmop_gpt_gpt-7b_330_layer21_mlp_residual_baseline_metrics.csv,400latency_llmop_gpt_gpt-7b_330_layer21_mlp_residual_baseline_out.stdout
gpt,gpt-7b,baseline,331,layer22_norm1,0.000042373000,0.000000000000,0.001627379000,0.000041957000,200.021044,0,400latency_llmop_gpt_gpt-7b_331_layer22_norm1_baseline_metrics.csv,400latency_llmop_gpt_gpt-7b_331_layer22_norm1_baseline_out.stdout
gpt,gpt-7b,baseline,332,layer22_attn_q,0.044575897000,0.000000000000,1.346494750000,0.044571111000,13360.485918,0,400latency_llmop_gpt_gpt-7b_332_layer22_attn_q_baseline_metrics.csv,400latency_llmop_gpt_gpt-7b_332_layer22_attn_q_baseline_out.stdout
gpt,gpt-7b,baseline,333,layer22_attn_k,0.044575897000,0.000000000000,1.346494750000,0.044571111000,13360.485918,0,400latency_llmop_gpt_gpt-7b_333_layer22_attn_k_baseline_metrics.csv,400latency_llmop_gpt_gpt-7b_333_layer22_attn_k_baseline_out.stdout
gpt,gpt-7b,baseline,334,layer22_attn_v,0.044575897000,0.000000000000,1.346494750000,0.044571111000,13360.485918,0,400latency_llmop_gpt_gpt-7b_334_layer22_attn_v_baseline_metrics.csv,400latency_llmop_gpt_gpt-7b_334_layer22_attn_v_baseline_out.stdout
gpt,gpt-7b,baseline,335,layer22_attn_score,0.012797080000,0.000000000000,0.492821651000,0.012795327000,2364.105110,0,400latency_llmop_gpt_gpt-7b_335_layer22_attn_score_baseline_metrics.csv,400latency_llmop_gpt_gpt-7b_335_layer22_attn_score_baseline_out.stdout
gpt,gpt-7b,baseline,336,layer22_causal_mask,0.000007216000,0.000000000000,0.000189375000,0.000006679000,12.002178,0,400latency_llmop_gpt_gpt-7b_336_layer22_causal_mask_baseline_metrics.csv,400latency_llmop_gpt_gpt-7b_336_layer22_causal_mask_baseline_out.stdout
gpt,gpt-7b,baseline,337,layer22_attn_softmax,0.000017830688,0.000000000000,0.000229459000,0.000017028000,36.007330,0,400latency_llmop_gpt_gpt-7b_337_layer22_attn_softmax_baseline_metrics.csv,400latency_llmop_gpt_gpt-7b_337_layer22_attn_softmax_baseline_out.stdout
gpt,gpt-7b,baseline,338,layer22_attn_value,0.003037320000,0.000000000000,0.072386024000,0.003033340000,18024.687200,0,400latency_llmop_gpt_gpt-7b_338_layer22_attn_value_baseline_metrics.csv,400latency_llmop_gpt_gpt-7b_338_layer22_attn_value_baseline_out.stdout
gpt,gpt-7b,baseline,339,layer22_attn_out,0.044575897000,0.000000000000,1.346494750000,0.044571111000,13360.485918,0,400latency_llmop_gpt_gpt-7b_339_layer22_attn_out_baseline_metrics.csv,400latency_llmop_gpt_gpt-7b_339_layer22_attn_out_baseline_out.stdout
gpt,gpt-7b,baseline,340,layer22_attn_residual,0.000061852000,0.000000000000,0.002410050000,0.000061512000,202.009815,0,400latency_llmop_gpt_gpt-7b_340_layer22_attn_residual_baseline_metrics.csv,400latency_llmop_gpt_gpt-7b_340_layer22_attn_residual_baseline_out.stdout
gpt,gpt-7b,baseline,341,layer22_norm2,0.000042373000,0.000000000000,0.001627379000,0.000041957000,200.021044,0,400latency_llmop_gpt_gpt-7b_341_layer22_norm2_baseline_metrics.csv,400latency_llmop_gpt_gpt-7b_341_layer22_norm2_baseline_out.stdout
gpt,gpt-7b,baseline,342,layer22_mlp_fc1,0.069843487000,0.000000000000,1.389417989000,0.069648357000,13342.473172,0,400latency_llmop_gpt_gpt-7b_342_layer22_mlp_fc1_baseline_metrics.csv,400latency_llmop_gpt_gpt-7b_342_layer22_mlp_fc1_baseline_out.stdout
gpt,gpt-7b,baseline,343,layer22_mlp_gelu,0.000051013000,0.000000000000,0.000854354000,0.000047410000,475.028039,0,400latency_llmop_gpt_gpt-7b_343_layer22_mlp_gelu_baseline_metrics.csv,400latency_llmop_gpt_gpt-7b_343_layer22_mlp_gelu_baseline_out.stdout
gpt,gpt-7b,baseline,344,layer22_mlp_fc2,0.245186690000,0.000000000000,1.352862512000,0.245183495000,31131.150438,0,400latency_llmop_gpt_gpt-7b_344_layer22_mlp_fc2_baseline_metrics.csv,400latency_llmop_gpt_gpt-7b_344_layer22_mlp_fc2_baseline_out.stdout
gpt,gpt-7b,baseline,345,layer22_mlp_residual,0.000061852000,0.000000000000,0.002410050000,0.000061512000,202.009815,0,400latency_llmop_gpt_gpt-7b_345_layer22_mlp_residual_baseline_metrics.csv,400latency_llmop_gpt_gpt-7b_345_layer22_mlp_residual_baseline_out.stdout
gpt,gpt-7b,baseline,346,layer23_norm1,0.000042373000,0.000000000000,0.001627379000,0.000041957000,200.021044,0,400latency_llmop_gpt_gpt-7b_346_layer23_norm1_baseline_metrics.csv,400latency_llmop_gpt_gpt-7b_346_layer23_norm1_baseline_out.stdout
gpt,gpt-7b,baseline,347,layer23_attn_q,0.044575897000,0.000000000000,1.346494750000,0.044571111000,13360.485918,0,400latency_llmop_gpt_gpt-7b_347_layer23_attn_q_baseline_metrics.csv,400latency_llmop_gpt_gpt-7b_347_layer23_attn_q_baseline_out.stdout
gpt,gpt-7b,baseline,348,layer23_attn_k,0.044575897000,0.000000000000,1.346494750000,0.044571111000,13360.485918,0,400latency_llmop_gpt_gpt-7b_348_layer23_attn_k_baseline_metrics.csv,400latency_llmop_gpt_gpt-7b_348_layer23_attn_k_baseline_out.stdout
gpt,gpt-7b,baseline,349,layer23_attn_v,0.044575897000,0.000000000000,1.346494750000,0.044571111000,13360.485918,0,400latency_llmop_gpt_gpt-7b_349_layer23_attn_v_baseline_metrics.csv,400latency_llmop_gpt_gpt-7b_349_layer23_attn_v_baseline_out.stdout
gpt,gpt-7b,baseline,350,layer23_attn_score,0.012797080000,0.000000000000,0.492821651000,0.012795327000,2364.105110,0,400latency_llmop_gpt_gpt-7b_350_layer23_attn_score_baseline_metrics.csv,400latency_llmop_gpt_gpt-7b_350_layer23_attn_score_baseline_out.stdout
gpt,gpt-7b,baseline,351,layer23_causal_mask,0.000007216000,0.000000000000,0.000189375000,0.000006679000,12.002178,0,400latency_llmop_gpt_gpt-7b_351_layer23_causal_mask_baseline_metrics.csv,400latency_llmop_gpt_gpt-7b_351_layer23_causal_mask_baseline_out.stdout
gpt,gpt-7b,baseline,352,layer23_attn_softmax,0.000017830688,0.000000000000,0.000229459000,0.000017028000,36.007330,0,400latency_llmop_gpt_gpt-7b_352_layer23_attn_softmax_baseline_metrics.csv,400latency_llmop_gpt_gpt-7b_352_layer23_attn_softmax_baseline_out.stdout
gpt,gpt-7b,baseline,353,layer23_attn_value,0.003037320000,0.000000000000,0.072386024000,0.003033340000,18024.687200,0,400latency_llmop_gpt_gpt-7b_353_layer23_attn_value_baseline_metrics.csv,400latency_llmop_gpt_gpt-7b_353_layer23_attn_value_baseline_out.stdout
gpt,gpt-7b,baseline,354,layer23_attn_out,0.044575897000,0.000000000000,1.346494750000,0.044571111000,13360.485918,0,400latency_llmop_gpt_gpt-7b_354_layer23_attn_out_baseline_metrics.csv,400latency_llmop_gpt_gpt-7b_354_layer23_attn_out_baseline_out.stdout
gpt,gpt-7b,baseline,355,layer23_attn_residual,0.000061852000,0.000000000000,0.002410050000,0.000061512000,202.009815,0,400latency_llmop_gpt_gpt-7b_355_layer23_attn_residual_baseline_metrics.csv,400latency_llmop_gpt_gpt-7b_355_layer23_attn_residual_baseline_out.stdout
gpt,gpt-7b,baseline,356,layer23_norm2,0.000042373000,0.000000000000,0.001627379000,0.000041957000,200.021044,0,400latency_llmop_gpt_gpt-7b_356_layer23_norm2_baseline_metrics.csv,400latency_llmop_gpt_gpt-7b_356_layer23_norm2_baseline_out.stdout
gpt,gpt-7b,baseline,357,layer23_mlp_fc1,0.069843487000,0.000000000000,1.389417989000,0.069648357000,13342.473172,0,400latency_llmop_gpt_gpt-7b_357_layer23_mlp_fc1_baseline_metrics.csv,400latency_llmop_gpt_gpt-7b_357_layer23_mlp_fc1_baseline_out.stdout
gpt,gpt-7b,baseline,358,layer23_mlp_gelu,0.000051013000,0.000000000000,0.000854354000,0.000047410000,475.028039,0,400latency_llmop_gpt_gpt-7b_358_layer23_mlp_gelu_baseline_metrics.csv,400latency_llmop_gpt_gpt-7b_358_layer23_mlp_gelu_baseline_out.stdout
gpt,gpt-7b,baseline,359,layer23_mlp_fc2,0.245186690000,0.000000000000,1.352862512000,0.245183495000,31131.150438,0,400latency_llmop_gpt_gpt-7b_359_layer23_mlp_fc2_baseline_metrics.csv,400latency_llmop_gpt_gpt-7b_359_layer23_mlp_fc2_baseline_out.stdout
gpt,gpt-7b,baseline,360,layer23_mlp_residual,0.000061852000,0.000000000000,0.002410050000,0.000061512000,202.009815,0,400latency_llmop_gpt_gpt-7b_360_layer23_mlp_residual_baseline_metrics.csv,400latency_llmop_gpt_gpt-7b_360_layer23_mlp_residual_baseline_out.stdout
gpt,gpt-7b,baseline,361,layer24_norm1,0.000042373000,0.000000000000,0.001627379000,0.000041957000,200.021044,0,400latency_llmop_gpt_gpt-7b_361_layer24_norm1_baseline_metrics.csv,400latency_llmop_gpt_gpt-7b_361_layer24_norm1_baseline_out.stdout
gpt,gpt-7b,baseline,362,layer24_attn_q,0.044575897000,0.000000000000,1.346494750000,0.044571111000,13360.485918,0,400latency_llmop_gpt_gpt-7b_362_layer24_attn_q_baseline_metrics.csv,400latency_llmop_gpt_gpt-7b_362_layer24_attn_q_baseline_out.stdout
gpt,gpt-7b,baseline,363,layer24_attn_k,0.044575897000,0.000000000000,1.346494750000,0.044571111000,13360.485918,0,400latency_llmop_gpt_gpt-7b_363_layer24_attn_k_baseline_metrics.csv,400latency_llmop_gpt_gpt-7b_363_layer24_attn_k_baseline_out.stdout
gpt,gpt-7b,baseline,364,layer24_attn_v,0.044575897000,0.000000000000,1.346494750000,0.044571111000,13360.485918,0,400latency_llmop_gpt_gpt-7b_364_layer24_attn_v_baseline_metrics.csv,400latency_llmop_gpt_gpt-7b_364_layer24_attn_v_baseline_out.stdout
gpt,gpt-7b,baseline,365,layer24_attn_score,0.012797080000,0.000000000000,0.492821651000,0.012795327000,2364.105110,0,400latency_llmop_gpt_gpt-7b_365_layer24_attn_score_baseline_metrics.csv,400latency_llmop_gpt_gpt-7b_365_layer24_attn_score_baseline_out.stdout
gpt,gpt-7b,baseline,366,layer24_causal_mask,0.000007216000,0.000000000000,0.000189375000,0.000006679000,12.002178,0,400latency_llmop_gpt_gpt-7b_366_layer24_causal_mask_baseline_metrics.csv,400latency_llmop_gpt_gpt-7b_366_layer24_causal_mask_baseline_out.stdout
gpt,gpt-7b,baseline,367,layer24_attn_softmax,0.000017830688,0.000000000000,0.000229459000,0.000017028000,36.007330,0,400latency_llmop_gpt_gpt-7b_367_layer24_attn_softmax_baseline_metrics.csv,400latency_llmop_gpt_gpt-7b_367_layer24_attn_softmax_baseline_out.stdout
gpt,gpt-7b,baseline,368,layer24_attn_value,0.003037320000,0.000000000000,0.072386024000,0.003033340000,18024.687200,0,400latency_llmop_gpt_gpt-7b_368_layer24_attn_value_baseline_metrics.csv,400latency_llmop_gpt_gpt-7b_368_layer24_attn_value_baseline_out.stdout
gpt,gpt-7b,baseline,369,layer24_attn_out,0.044575897000,0.000000000000,1.346494750000,0.044571111000,13360.485918,0,400latency_llmop_gpt_gpt-7b_369_layer24_attn_out_baseline_metrics.csv,400latency_llmop_gpt_gpt-7b_369_layer24_attn_out_baseline_out.stdout
gpt,gpt-7b,baseline,370,layer24_attn_residual,0.000061852000,0.000000000000,0.002410050000,0.000061512000,202.009815,0,400latency_llmop_gpt_gpt-7b_370_layer24_attn_residual_baseline_metrics.csv,400latency_llmop_gpt_gpt-7b_370_layer24_attn_residual_baseline_out.stdout
gpt,gpt-7b,baseline,371,layer24_norm2,0.000042373000,0.000000000000,0.001627379000,0.000041957000,200.021044,0,400latency_llmop_gpt_gpt-7b_371_layer24_norm2_baseline_metrics.csv,400latency_llmop_gpt_gpt-7b_371_layer24_norm2_baseline_out.stdout
gpt,gpt-7b,baseline,372,layer24_mlp_fc1,0.069843487000,0.000000000000,1.389417989000,0.069648357000,13342.473172,0,400latency_llmop_gpt_gpt-7b_372_layer24_mlp_fc1_baseline_metrics.csv,400latency_llmop_gpt_gpt-7b_372_layer24_mlp_fc1_baseline_out.stdout
gpt,gpt-7b,baseline,373,layer24_mlp_gelu,0.000051013000,0.000000000000,0.000854354000,0.000047410000,475.028039,0,400latency_llmop_gpt_gpt-7b_373_layer24_mlp_gelu_baseline_metrics.csv,400latency_llmop_gpt_gpt-7b_373_layer24_mlp_gelu_baseline_out.stdout
gpt,gpt-7b,baseline,374,layer24_mlp_fc2,0.245186690000,0.000000000000,1.352862512000,0.245183495000,31131.150438,0,400latency_llmop_gpt_gpt-7b_374_layer24_mlp_fc2_baseline_metrics.csv,400latency_llmop_gpt_gpt-7b_374_layer24_mlp_fc2_baseline_out.stdout
gpt,gpt-7b,baseline,375,layer24_mlp_residual,0.000061852000,0.000000000000,0.002410050000,0.000061512000,202.009815,0,400latency_llmop_gpt_gpt-7b_375_layer24_mlp_residual_baseline_metrics.csv,400latency_llmop_gpt_gpt-7b_375_layer24_mlp_residual_baseline_out.stdout
gpt,gpt-7b,baseline,376,layer25_norm1,0.000042373000,0.000000000000,0.001627379000,0.000041957000,200.021044,0,400latency_llmop_gpt_gpt-7b_376_layer25_norm1_baseline_metrics.csv,400latency_llmop_gpt_gpt-7b_376_layer25_norm1_baseline_out.stdout
gpt,gpt-7b,baseline,377,layer25_attn_q,0.044575897000,0.000000000000,1.346494750000,0.044571111000,13360.485918,0,400latency_llmop_gpt_gpt-7b_377_layer25_attn_q_baseline_metrics.csv,400latency_llmop_gpt_gpt-7b_377_layer25_attn_q_baseline_out.stdout
gpt,gpt-7b,baseline,378,layer25_attn_k,0.044575897000,0.000000000000,1.346494750000,0.044571111000,13360.485918,0,400latency_llmop_gpt_gpt-7b_378_layer25_attn_k_baseline_metrics.csv,400latency_llmop_gpt_gpt-7b_378_layer25_attn_k_baseline_out.stdout
gpt,gpt-7b,baseline,379,layer25_attn_v,0.044575897000,0.000000000000,1.346494750000,0.044571111000,13360.485918,0,400latency_llmop_gpt_gpt-7b_379_layer25_attn_v_baseline_metrics.csv,400latency_llmop_gpt_gpt-7b_379_layer25_attn_v_baseline_out.stdout
gpt,gpt-7b,baseline,380,layer25_attn_score,0.012797080000,0.000000000000,0.492821651000,0.012795327000,2364.105110,0,400latency_llmop_gpt_gpt-7b_380_layer25_attn_score_baseline_metrics.csv,400latency_llmop_gpt_gpt-7b_380_layer25_attn_score_baseline_out.stdout
gpt,gpt-7b,baseline,381,layer25_causal_mask,0.000007216000,0.000000000000,0.000189375000,0.000006679000,12.002178,0,400latency_llmop_gpt_gpt-7b_381_layer25_causal_mask_baseline_metrics.csv,400latency_llmop_gpt_gpt-7b_381_layer25_causal_mask_baseline_out.stdout
gpt,gpt-7b,baseline,382,layer25_attn_softmax,0.000017830688,0.000000000000,0.000229459000,0.000017028000,36.007330,0,400latency_llmop_gpt_gpt-7b_382_layer25_attn_softmax_baseline_metrics.csv,400latency_llmop_gpt_gpt-7b_382_layer25_attn_softmax_baseline_out.stdout
gpt,gpt-7b,baseline,383,layer25_attn_value,0.003037320000,0.000000000000,0.072386024000,0.003033340000,18024.687200,0,400latency_llmop_gpt_gpt-7b_383_layer25_attn_value_baseline_metrics.csv,400latency_llmop_gpt_gpt-7b_383_layer25_attn_value_baseline_out.stdout
gpt,gpt-7b,baseline,384,layer25_attn_out,0.044575897000,0.000000000000,1.346494750000,0.044571111000,13360.485918,0,400latency_llmop_gpt_gpt-7b_384_layer25_attn_out_baseline_metrics.csv,400latency_llmop_gpt_gpt-7b_384_layer25_attn_out_baseline_out.stdout
gpt,gpt-7b,baseline,385,layer25_attn_residual,0.000061852000,0.000000000000,0.002410050000,0.000061512000,202.009815,0,400latency_llmop_gpt_gpt-7b_385_layer25_attn_residual_baseline_metrics.csv,400latency_llmop_gpt_gpt-7b_385_layer25_attn_residual_baseline_out.stdout
gpt,gpt-7b,baseline,386,layer25_norm2,0.000042373000,0.000000000000,0.001627379000,0.000041957000,200.021044,0,400latency_llmop_gpt_gpt-7b_386_layer25_norm2_baseline_metrics.csv,400latency_llmop_gpt_gpt-7b_386_layer25_norm2_baseline_out.stdout
gpt,gpt-7b,baseline,387,layer25_mlp_fc1,0.069843487000,0.000000000000,1.389417989000,0.069648357000,13342.473172,0,400latency_llmop_gpt_gpt-7b_387_layer25_mlp_fc1_baseline_metrics.csv,400latency_llmop_gpt_gpt-7b_387_layer25_mlp_fc1_baseline_out.stdout
gpt,gpt-7b,baseline,388,layer25_mlp_gelu,0.000051013000,0.000000000000,0.000854354000,0.000047410000,475.028039,0,400latency_llmop_gpt_gpt-7b_388_layer25_mlp_gelu_baseline_metrics.csv,400latency_llmop_gpt_gpt-7b_388_layer25_mlp_gelu_baseline_out.stdout
gpt,gpt-7b,baseline,389,layer25_mlp_fc2,0.245186690000,0.000000000000,1.352862512000,0.245183495000,31131.150438,0,400latency_llmop_gpt_gpt-7b_389_layer25_mlp_fc2_baseline_metrics.csv,400latency_llmop_gpt_gpt-7b_389_layer25_mlp_fc2_baseline_out.stdout
gpt,gpt-7b,baseline,390,layer25_mlp_residual,0.000061852000,0.000000000000,0.002410050000,0.000061512000,202.009815,0,400latency_llmop_gpt_gpt-7b_390_layer25_mlp_residual_baseline_metrics.csv,400latency_llmop_gpt_gpt-7b_390_layer25_mlp_residual_baseline_out.stdout
gpt,gpt-7b,baseline,391,layer26_norm1,0.000042373000,0.000000000000,0.001627379000,0.000041957000,200.021044,0,400latency_llmop_gpt_gpt-7b_391_layer26_norm1_baseline_metrics.csv,400latency_llmop_gpt_gpt-7b_391_layer26_norm1_baseline_out.stdout
gpt,gpt-7b,baseline,392,layer26_attn_q,0.044575897000,0.000000000000,1.346494750000,0.044571111000,13360.485918,0,400latency_llmop_gpt_gpt-7b_392_layer26_attn_q_baseline_metrics.csv,400latency_llmop_gpt_gpt-7b_392_layer26_attn_q_baseline_out.stdout
gpt,gpt-7b,baseline,393,layer26_attn_k,0.044575897000,0.000000000000,1.346494750000,0.044571111000,13360.485918,0,400latency_llmop_gpt_gpt-7b_393_layer26_attn_k_baseline_metrics.csv,400latency_llmop_gpt_gpt-7b_393_layer26_attn_k_baseline_out.stdout
gpt,gpt-7b,baseline,394,layer26_attn_v,0.044575897000,0.000000000000,1.346494750000,0.044571111000,13360.485918,0,400latency_llmop_gpt_gpt-7b_394_layer26_attn_v_baseline_metrics.csv,400latency_llmop_gpt_gpt-7b_394_layer26_attn_v_baseline_out.stdout
gpt,gpt-7b,baseline,395,layer26_attn_score,0.012797080000,0.000000000000,0.492821651000,0.012795327000,2364.105110,0,400latency_llmop_gpt_gpt-7b_395_layer26_attn_score_baseline_metrics.csv,400latency_llmop_gpt_gpt-7b_395_layer26_attn_score_baseline_out.stdout
gpt,gpt-7b,baseline,396,layer26_causal_mask,0.000007216000,0.000000000000,0.000189375000,0.000006679000,12.002178,0,400latency_llmop_gpt_gpt-7b_396_layer26_causal_mask_baseline_metrics.csv,400latency_llmop_gpt_gpt-7b_396_layer26_causal_mask_baseline_out.stdout
gpt,gpt-7b,baseline,397,layer26_attn_softmax,0.000017830688,0.000000000000,0.000229459000,0.000017028000,36.007330,0,400latency_llmop_gpt_gpt-7b_397_layer26_attn_softmax_baseline_metrics.csv,400latency_llmop_gpt_gpt-7b_397_layer26_attn_softmax_baseline_out.stdout
gpt,gpt-7b,baseline,398,layer26_attn_value,0.003037320000,0.000000000000,0.072386024000,0.003033340000,18024.687200,0,400latency_llmop_gpt_gpt-7b_398_layer26_attn_value_baseline_metrics.csv,400latency_llmop_gpt_gpt-7b_398_layer26_attn_value_baseline_out.stdout
gpt,gpt-7b,baseline,399,layer26_attn_out,0.044575897000,0.000000000000,1.346494750000,0.044571111000,13360.485918,0,400latency_llmop_gpt_gpt-7b_399_layer26_attn_out_baseline_metrics.csv,400latency_llmop_gpt_gpt-7b_399_layer26_attn_out_baseline_out.stdout
gpt,gpt-7b,baseline,400,layer26_attn_residual,0.000061852000,0.000000000000,0.002410050000,0.000061512000,202.009815,0,400latency_llmop_gpt_gpt-7b_400_layer26_attn_residual_baseline_metrics.csv,400latency_llmop_gpt_gpt-7b_400_layer26_attn_residual_baseline_out.stdout
gpt,gpt-7b,baseline,401,layer26_norm2,0.000042373000,0.000000000000,0.001627379000,0.000041957000,200.021044,0,400latency_llmop_gpt_gpt-7b_401_layer26_norm2_baseline_metrics.csv,400latency_llmop_gpt_gpt-7b_401_layer26_norm2_baseline_out.stdout
gpt,gpt-7b,baseline,402,layer26_mlp_fc1,0.069843487000,0.000000000000,1.389417989000,0.069648357000,13342.473172,0,400latency_llmop_gpt_gpt-7b_402_layer26_mlp_fc1_baseline_metrics.csv,400latency_llmop_gpt_gpt-7b_402_layer26_mlp_fc1_baseline_out.stdout
gpt,gpt-7b,baseline,403,layer26_mlp_gelu,0.000051013000,0.000000000000,0.000854354000,0.000047410000,475.028039,0,400latency_llmop_gpt_gpt-7b_403_layer26_mlp_gelu_baseline_metrics.csv,400latency_llmop_gpt_gpt-7b_403_layer26_mlp_gelu_baseline_out.stdout
gpt,gpt-7b,baseline,404,layer26_mlp_fc2,0.245186690000,0.000000000000,1.352862512000,0.245183495000,31131.150438,0,400latency_llmop_gpt_gpt-7b_404_layer26_mlp_fc2_baseline_metrics.csv,400latency_llmop_gpt_gpt-7b_404_layer26_mlp_fc2_baseline_out.stdout
gpt,gpt-7b,baseline,405,layer26_mlp_residual,0.000061852000,0.000000000000,0.002410050000,0.000061512000,202.009815,0,400latency_llmop_gpt_gpt-7b_405_layer26_mlp_residual_baseline_metrics.csv,400latency_llmop_gpt_gpt-7b_405_layer26_mlp_residual_baseline_out.stdout
gpt,gpt-7b,baseline,406,layer27_norm1,0.000042373000,0.000000000000,0.001627379000,0.000041957000,200.021044,0,400latency_llmop_gpt_gpt-7b_406_layer27_norm1_baseline_metrics.csv,400latency_llmop_gpt_gpt-7b_406_layer27_norm1_baseline_out.stdout
gpt,gpt-7b,baseline,407,layer27_attn_q,0.044575897000,0.000000000000,1.346494750000,0.044571111000,13360.485918,0,400latency_llmop_gpt_gpt-7b_407_layer27_attn_q_baseline_metrics.csv,400latency_llmop_gpt_gpt-7b_407_layer27_attn_q_baseline_out.stdout
gpt,gpt-7b,baseline,408,layer27_attn_k,0.044575897000,0.000000000000,1.346494750000,0.044571111000,13360.485918,0,400latency_llmop_gpt_gpt-7b_408_layer27_attn_k_baseline_metrics.csv,400latency_llmop_gpt_gpt-7b_408_layer27_attn_k_baseline_out.stdout
gpt,gpt-7b,baseline,409,layer27_attn_v,0.044575897000,0.000000000000,1.346494750000,0.044571111000,13360.485918,0,400latency_llmop_gpt_gpt-7b_409_layer27_attn_v_baseline_metrics.csv,400latency_llmop_gpt_gpt-7b_409_layer27_attn_v_baseline_out.stdout
gpt,gpt-7b,baseline,410,layer27_attn_score,0.012797080000,0.000000000000,0.492821651000,0.012795327000,2364.105110,0,400latency_llmop_gpt_gpt-7b_410_layer27_attn_score_baseline_metrics.csv,400latency_llmop_gpt_gpt-7b_410_layer27_attn_score_baseline_out.stdout
gpt,gpt-7b,baseline,411,layer27_causal_mask,0.000007216000,0.000000000000,0.000189375000,0.000006679000,12.002178,0,400latency_llmop_gpt_gpt-7b_411_layer27_causal_mask_baseline_metrics.csv,400latency_llmop_gpt_gpt-7b_411_layer27_causal_mask_baseline_out.stdout
gpt,gpt-7b,baseline,412,layer27_attn_softmax,0.000017830688,0.000000000000,0.000229459000,0.000017028000,36.007330,0,400latency_llmop_gpt_gpt-7b_412_layer27_attn_softmax_baseline_metrics.csv,400latency_llmop_gpt_gpt-7b_412_layer27_attn_softmax_baseline_out.stdout
gpt,gpt-7b,baseline,413,layer27_attn_value,0.003037320000,0.000000000000,0.072386024000,0.003033340000,18024.687200,0,400latency_llmop_gpt_gpt-7b_413_layer27_attn_value_baseline_metrics.csv,400latency_llmop_gpt_gpt-7b_413_layer27_attn_value_baseline_out.stdout
gpt,gpt-7b,baseline,414,layer27_attn_out,0.044575897000,0.000000000000,1.346494750000,0.044571111000,13360.485918,0,400latency_llmop_gpt_gpt-7b_414_layer27_attn_out_baseline_metrics.csv,400latency_llmop_gpt_gpt-7b_414_layer27_attn_out_baseline_out.stdout
gpt,gpt-7b,baseline,415,layer27_attn_residual,0.000061852000,0.000000000000,0.002410050000,0.000061512000,202.009815,0,400latency_llmop_gpt_gpt-7b_415_layer27_attn_residual_baseline_metrics.csv,400latency_llmop_gpt_gpt-7b_415_layer27_attn_residual_baseline_out.stdout
gpt,gpt-7b,baseline,416,layer27_norm2,0.000042373000,0.000000000000,0.001627379000,0.000041957000,200.021044,0,400latency_llmop_gpt_gpt-7b_416_layer27_norm2_baseline_metrics.csv,400latency_llmop_gpt_gpt-7b_416_layer27_norm2_baseline_out.stdout
gpt,gpt-7b,baseline,417,layer27_mlp_fc1,0.069843487000,0.000000000000,1.389417989000,0.069648357000,13342.473172,0,400latency_llmop_gpt_gpt-7b_417_layer27_mlp_fc1_baseline_metrics.csv,400latency_llmop_gpt_gpt-7b_417_layer27_mlp_fc1_baseline_out.stdout
gpt,gpt-7b,baseline,418,layer27_mlp_gelu,0.000051013000,0.000000000000,0.000854354000,0.000047410000,475.028039,0,400latency_llmop_gpt_gpt-7b_418_layer27_mlp_gelu_baseline_metrics.csv,400latency_llmop_gpt_gpt-7b_418_layer27_mlp_gelu_baseline_out.stdout
gpt,gpt-7b,baseline,419,layer27_mlp_fc2,0.245186690000,0.000000000000,1.352862512000,0.245183495000,31131.150438,0,400latency_llmop_gpt_gpt-7b_419_layer27_mlp_fc2_baseline_metrics.csv,400latency_llmop_gpt_gpt-7b_419_layer27_mlp_fc2_baseline_out.stdout
gpt,gpt-7b,baseline,420,layer27_mlp_residual,0.000061852000,0.000000000000,0.002410050000,0.000061512000,202.009815,0,400latency_llmop_gpt_gpt-7b_420_layer27_mlp_residual_baseline_metrics.csv,400latency_llmop_gpt_gpt-7b_420_layer27_mlp_residual_baseline_out.stdout
gpt,gpt-7b,baseline,421,layer28_norm1,0.000042373000,0.000000000000,0.001627379000,0.000041957000,200.021044,0,400latency_llmop_gpt_gpt-7b_421_layer28_norm1_baseline_metrics.csv,400latency_llmop_gpt_gpt-7b_421_layer28_norm1_baseline_out.stdout
gpt,gpt-7b,baseline,422,layer28_attn_q,0.044575897000,0.000000000000,1.346494750000,0.044571111000,13360.485918,0,400latency_llmop_gpt_gpt-7b_422_layer28_attn_q_baseline_metrics.csv,400latency_llmop_gpt_gpt-7b_422_layer28_attn_q_baseline_out.stdout
gpt,gpt-7b,baseline,423,layer28_attn_k,0.044575897000,0.000000000000,1.346494750000,0.044571111000,13360.485918,0,400latency_llmop_gpt_gpt-7b_423_layer28_attn_k_baseline_metrics.csv,400latency_llmop_gpt_gpt-7b_423_layer28_attn_k_baseline_out.stdout
gpt,gpt-7b,baseline,424,layer28_attn_v,0.044575897000,0.000000000000,1.346494750000,0.044571111000,13360.485918,0,400latency_llmop_gpt_gpt-7b_424_layer28_attn_v_baseline_metrics.csv,400latency_llmop_gpt_gpt-7b_424_layer28_attn_v_baseline_out.stdout
gpt,gpt-7b,baseline,425,layer28_attn_score,0.012797080000,0.000000000000,0.492821651000,0.012795327000,2364.105110,0,400latency_llmop_gpt_gpt-7b_425_layer28_attn_score_baseline_metrics.csv,400latency_llmop_gpt_gpt-7b_425_layer28_attn_score_baseline_out.stdout
gpt,gpt-7b,baseline,426,layer28_causal_mask,0.000007216000,0.000000000000,0.000189375000,0.000006679000,12.002178,0,400latency_llmop_gpt_gpt-7b_426_layer28_causal_mask_baseline_metrics.csv,400latency_llmop_gpt_gpt-7b_426_layer28_causal_mask_baseline_out.stdout
gpt,gpt-7b,baseline,427,layer28_attn_softmax,0.000017830688,0.000000000000,0.000229459000,0.000017028000,36.007330,0,400latency_llmop_gpt_gpt-7b_427_layer28_attn_softmax_baseline_metrics.csv,400latency_llmop_gpt_gpt-7b_427_layer28_attn_softmax_baseline_out.stdout
gpt,gpt-7b,baseline,428,layer28_attn_value,0.003037320000,0.000000000000,0.072386024000,0.003033340000,18024.687200,0,400latency_llmop_gpt_gpt-7b_428_layer28_attn_value_baseline_metrics.csv,400latency_llmop_gpt_gpt-7b_428_layer28_attn_value_baseline_out.stdout
gpt,gpt-7b,baseline,429,layer28_attn_out,0.044575897000,0.000000000000,1.346494750000,0.044571111000,13360.485918,0,400latency_llmop_gpt_gpt-7b_429_layer28_attn_out_baseline_metrics.csv,400latency_llmop_gpt_gpt-7b_429_layer28_attn_out_baseline_out.stdout
gpt,gpt-7b,baseline,430,layer28_attn_residual,0.000061852000,0.000000000000,0.002410050000,0.000061512000,202.009815,0,400latency_llmop_gpt_gpt-7b_430_layer28_attn_residual_baseline_metrics.csv,400latency_llmop_gpt_gpt-7b_430_layer28_attn_residual_baseline_out.stdout
gpt,gpt-7b,baseline,431,layer28_norm2,0.000042373000,0.000000000000,0.001627379000,0.000041957000,200.021044,0,400latency_llmop_gpt_gpt-7b_431_layer28_norm2_baseline_metrics.csv,400latency_llmop_gpt_gpt-7b_431_layer28_norm2_baseline_out.stdout
gpt,gpt-7b,baseline,432,layer28_mlp_fc1,0.069843487000,0.000000000000,1.389417989000,0.069648357000,13342.473172,0,400latency_llmop_gpt_gpt-7b_432_layer28_mlp_fc1_baseline_metrics.csv,400latency_llmop_gpt_gpt-7b_432_layer28_mlp_fc1_baseline_out.stdout
gpt,gpt-7b,baseline,433,layer28_mlp_gelu,0.000051013000,0.000000000000,0.000854354000,0.000047410000,475.028039,0,400latency_llmop_gpt_gpt-7b_433_layer28_mlp_gelu_baseline_metrics.csv,400latency_llmop_gpt_gpt-7b_433_layer28_mlp_gelu_baseline_out.stdout
gpt,gpt-7b,baseline,434,layer28_mlp_fc2,0.245186690000,0.000000000000,1.352862512000,0.245183495000,31131.150438,0,400latency_llmop_gpt_gpt-7b_434_layer28_mlp_fc2_baseline_metrics.csv,400latency_llmop_gpt_gpt-7b_434_layer28_mlp_fc2_baseline_out.stdout
gpt,gpt-7b,baseline,435,layer28_mlp_residual,0.000061852000,0.000000000000,0.002410050000,0.000061512000,202.009815,0,400latency_llmop_gpt_gpt-7b_435_layer28_mlp_residual_baseline_metrics.csv,400latency_llmop_gpt_gpt-7b_435_layer28_mlp_residual_baseline_out.stdout
gpt,gpt-7b,baseline,436,layer29_norm1,0.000042373000,0.000000000000,0.001627379000,0.000041957000,200.021044,0,400latency_llmop_gpt_gpt-7b_436_layer29_norm1_baseline_metrics.csv,400latency_llmop_gpt_gpt-7b_436_layer29_norm1_baseline_out.stdout
gpt,gpt-7b,baseline,437,layer29_attn_q,0.044575897000,0.000000000000,1.346494750000,0.044571111000,13360.485918,0,400latency_llmop_gpt_gpt-7b_437_layer29_attn_q_baseline_metrics.csv,400latency_llmop_gpt_gpt-7b_437_layer29_attn_q_baseline_out.stdout
gpt,gpt-7b,baseline,438,layer29_attn_k,0.044575897000,0.000000000000,1.346494750000,0.044571111000,13360.485918,0,400latency_llmop_gpt_gpt-7b_438_layer29_attn_k_baseline_metrics.csv,400latency_llmop_gpt_gpt-7b_438_layer29_attn_k_baseline_out.stdout
gpt,gpt-7b,baseline,439,layer29_attn_v,0.044575897000,0.000000000000,1.346494750000,0.044571111000,13360.485918,0,400latency_llmop_gpt_gpt-7b_439_layer29_attn_v_baseline_metrics.csv,400latency_llmop_gpt_gpt-7b_439_layer29_attn_v_baseline_out.stdout
gpt,gpt-7b,baseline,440,layer29_attn_score,0.012797080000,0.000000000000,0.492821651000,0.012795327000,2364.105110,0,400latency_llmop_gpt_gpt-7b_440_layer29_attn_score_baseline_metrics.csv,400latency_llmop_gpt_gpt-7b_440_layer29_attn_score_baseline_out.stdout
gpt,gpt-7b,baseline,441,layer29_causal_mask,0.000007216000,0.000000000000,0.000189375000,0.000006679000,12.002178,0,400latency_llmop_gpt_gpt-7b_441_layer29_causal_mask_baseline_metrics.csv,400latency_llmop_gpt_gpt-7b_441_layer29_causal_mask_baseline_out.stdout
gpt,gpt-7b,baseline,442,layer29_attn_softmax,0.000017830688,0.000000000000,0.000229459000,0.000017028000,36.007330,0,400latency_llmop_gpt_gpt-7b_442_layer29_attn_softmax_baseline_metrics.csv,400latency_llmop_gpt_gpt-7b_442_layer29_attn_softmax_baseline_out.stdout
gpt,gpt-7b,baseline,443,layer29_attn_value,0.003037320000,0.000000000000,0.072386024000,0.003033340000,18024.687200,0,400latency_llmop_gpt_gpt-7b_443_layer29_attn_value_baseline_metrics.csv,400latency_llmop_gpt_gpt-7b_443_layer29_attn_value_baseline_out.stdout
gpt,gpt-7b,baseline,444,layer29_attn_out,0.044575897000,0.000000000000,1.346494750000,0.044571111000,13360.485918,0,400latency_llmop_gpt_gpt-7b_444_layer29_attn_out_baseline_metrics.csv,400latency_llmop_gpt_gpt-7b_444_layer29_attn_out_baseline_out.stdout
gpt,gpt-7b,baseline,445,layer29_attn_residual,0.000061852000,0.000000000000,0.002410050000,0.000061512000,202.009815,0,400latency_llmop_gpt_gpt-7b_445_layer29_attn_residual_baseline_metrics.csv,400latency_llmop_gpt_gpt-7b_445_layer29_attn_residual_baseline_out.stdout
gpt,gpt-7b,baseline,446,layer29_norm2,0.000042373000,0.000000000000,0.001627379000,0.000041957000,200.021044,0,400latency_llmop_gpt_gpt-7b_446_layer29_norm2_baseline_metrics.csv,400latency_llmop_gpt_gpt-7b_446_layer29_norm2_baseline_out.stdout
gpt,gpt-7b,baseline,447,layer29_mlp_fc1,0.069843487000,0.000000000000,1.389417989000,0.069648357000,13342.473172,0,400latency_llmop_gpt_gpt-7b_447_layer29_mlp_fc1_baseline_metrics.csv,400latency_llmop_gpt_gpt-7b_447_layer29_mlp_fc1_baseline_out.stdout
gpt,gpt-7b,baseline,448,layer29_mlp_gelu,0.000051013000,0.000000000000,0.000854354000,0.000047410000,475.028039,0,400latency_llmop_gpt_gpt-7b_448_layer29_mlp_gelu_baseline_metrics.csv,400latency_llmop_gpt_gpt-7b_448_layer29_mlp_gelu_baseline_out.stdout
gpt,gpt-7b,baseline,449,layer29_mlp_fc2,0.245186690000,0.000000000000,1.352862512000,0.245183495000,31131.150438,0,400latency_llmop_gpt_gpt-7b_449_layer29_mlp_fc2_baseline_metrics.csv,400latency_llmop_gpt_gpt-7b_449_layer29_mlp_fc2_baseline_out.stdout
gpt,gpt-7b,baseline,450,layer29_mlp_residual,0.000061852000,0.000000000000,0.002410050000,0.000061512000,202.009815,0,400latency_llmop_gpt_gpt-7b_450_layer29_mlp_residual_baseline_metrics.csv,400latency_llmop_gpt_gpt-7b_450_layer29_mlp_residual_baseline_out.stdout
gpt,gpt-7b,baseline,451,layer30_norm1,0.000042373000,0.000000000000,0.001627379000,0.000041957000,200.021044,0,400latency_llmop_gpt_gpt-7b_451_layer30_norm1_baseline_metrics.csv,400latency_llmop_gpt_gpt-7b_451_layer30_norm1_baseline_out.stdout
gpt,gpt-7b,baseline,452,layer30_attn_q,0.044575897000,0.000000000000,1.346494750000,0.044571111000,13360.485918,0,400latency_llmop_gpt_gpt-7b_452_layer30_attn_q_baseline_metrics.csv,400latency_llmop_gpt_gpt-7b_452_layer30_attn_q_baseline_out.stdout
gpt,gpt-7b,baseline,453,layer30_attn_k,0.044575897000,0.000000000000,1.346494750000,0.044571111000,13360.485918,0,400latency_llmop_gpt_gpt-7b_453_layer30_attn_k_baseline_metrics.csv,400latency_llmop_gpt_gpt-7b_453_layer30_attn_k_baseline_out.stdout
gpt,gpt-7b,baseline,454,layer30_attn_v,0.044575897000,0.000000000000,1.346494750000,0.044571111000,13360.485918,0,400latency_llmop_gpt_gpt-7b_454_layer30_attn_v_baseline_metrics.csv,400latency_llmop_gpt_gpt-7b_454_layer30_attn_v_baseline_out.stdout
gpt,gpt-7b,baseline,455,layer30_attn_score,0.012797080000,0.000000000000,0.492821651000,0.012795327000,2364.105110,0,400latency_llmop_gpt_gpt-7b_455_layer30_attn_score_baseline_metrics.csv,400latency_llmop_gpt_gpt-7b_455_layer30_attn_score_baseline_out.stdout
gpt,gpt-7b,baseline,456,layer30_causal_mask,0.000007216000,0.000000000000,0.000189375000,0.000006679000,12.002178,0,400latency_llmop_gpt_gpt-7b_456_layer30_causal_mask_baseline_metrics.csv,400latency_llmop_gpt_gpt-7b_456_layer30_causal_mask_baseline_out.stdout
gpt,gpt-7b,baseline,457,layer30_attn_softmax,0.000017830688,0.000000000000,0.000229459000,0.000017028000,36.007330,0,400latency_llmop_gpt_gpt-7b_457_layer30_attn_softmax_baseline_metrics.csv,400latency_llmop_gpt_gpt-7b_457_layer30_attn_softmax_baseline_out.stdout
gpt,gpt-7b,baseline,458,layer30_attn_value,0.003037320000,0.000000000000,0.072386024000,0.003033340000,18024.687200,0,400latency_llmop_gpt_gpt-7b_458_layer30_attn_value_baseline_metrics.csv,400latency_llmop_gpt_gpt-7b_458_layer30_attn_value_baseline_out.stdout
gpt,gpt-7b,baseline,459,layer30_attn_out,0.044575897000,0.000000000000,1.346494750000,0.044571111000,13360.485918,0,400latency_llmop_gpt_gpt-7b_459_layer30_attn_out_baseline_metrics.csv,400latency_llmop_gpt_gpt-7b_459_layer30_attn_out_baseline_out.stdout
gpt,gpt-7b,baseline,460,layer30_attn_residual,0.000061852000,0.000000000000,0.002410050000,0.000061512000,202.009815,0,400latency_llmop_gpt_gpt-7b_460_layer30_attn_residual_baseline_metrics.csv,400latency_llmop_gpt_gpt-7b_460_layer30_attn_residual_baseline_out.stdout
gpt,gpt-7b,baseline,461,layer30_norm2,0.000042373000,0.000000000000,0.001627379000,0.000041957000,200.021044,0,400latency_llmop_gpt_gpt-7b_461_layer30_norm2_baseline_metrics.csv,400latency_llmop_gpt_gpt-7b_461_layer30_norm2_baseline_out.stdout
gpt,gpt-7b,baseline,462,layer30_mlp_fc1,0.069843487000,0.000000000000,1.389417989000,0.069648357000,13342.473172,0,400latency_llmop_gpt_gpt-7b_462_layer30_mlp_fc1_baseline_metrics.csv,400latency_llmop_gpt_gpt-7b_462_layer30_mlp_fc1_baseline_out.stdout
gpt,gpt-7b,baseline,463,layer30_mlp_gelu,0.000051013000,0.000000000000,0.000854354000,0.000047410000,475.028039,0,400latency_llmop_gpt_gpt-7b_463_layer30_mlp_gelu_baseline_metrics.csv,400latency_llmop_gpt_gpt-7b_463_layer30_mlp_gelu_baseline_out.stdout
gpt,gpt-7b,baseline,464,layer30_mlp_fc2,0.245186690000,0.000000000000,1.352862512000,0.245183495000,31131.150438,0,400latency_llmop_gpt_gpt-7b_464_layer30_mlp_fc2_baseline_metrics.csv,400latency_llmop_gpt_gpt-7b_464_layer30_mlp_fc2_baseline_out.stdout
gpt,gpt-7b,baseline,465,layer30_mlp_residual,0.000061852000,0.000000000000,0.002410050000,0.000061512000,202.009815,0,400latency_llmop_gpt_gpt-7b_465_layer30_mlp_residual_baseline_metrics.csv,400latency_llmop_gpt_gpt-7b_465_layer30_mlp_residual_baseline_out.stdout
gpt,gpt-7b,baseline,466,layer31_norm1,0.000042373000,0.000000000000,0.001627379000,0.000041957000,200.021044,0,400latency_llmop_gpt_gpt-7b_466_layer31_norm1_baseline_metrics.csv,400latency_llmop_gpt_gpt-7b_466_layer31_norm1_baseline_out.stdout
gpt,gpt-7b,baseline,467,layer31_attn_q,0.044575897000,0.000000000000,1.346494750000,0.044571111000,13360.485918,0,400latency_llmop_gpt_gpt-7b_467_layer31_attn_q_baseline_metrics.csv,400latency_llmop_gpt_gpt-7b_467_layer31_attn_q_baseline_out.stdout
gpt,gpt-7b,baseline,468,layer31_attn_k,0.044575897000,0.000000000000,1.346494750000,0.044571111000,13360.485918,0,400latency_llmop_gpt_gpt-7b_468_layer31_attn_k_baseline_metrics.csv,400latency_llmop_gpt_gpt-7b_468_layer31_attn_k_baseline_out.stdout
gpt,gpt-7b,baseline,469,layer31_attn_v,0.044575897000,0.000000000000,1.346494750000,0.044571111000,13360.485918,0,400latency_llmop_gpt_gpt-7b_469_layer31_attn_v_baseline_metrics.csv,400latency_llmop_gpt_gpt-7b_469_layer31_attn_v_baseline_out.stdout
gpt,gpt-7b,baseline,470,layer31_attn_score,0.012797080000,0.000000000000,0.492821651000,0.012795327000,2364.105110,0,400latency_llmop_gpt_gpt-7b_470_layer31_attn_score_baseline_metrics.csv,400latency_llmop_gpt_gpt-7b_470_layer31_attn_score_baseline_out.stdout
gpt,gpt-7b,baseline,471,layer31_causal_mask,0.000007216000,0.000000000000,0.000189375000,0.000006679000,12.002178,0,400latency_llmop_gpt_gpt-7b_471_layer31_causal_mask_baseline_metrics.csv,400latency_llmop_gpt_gpt-7b_471_layer31_causal_mask_baseline_out.stdout
gpt,gpt-7b,baseline,472,layer31_attn_softmax,0.000017830688,0.000000000000,0.000229459000,0.000017028000,36.007330,0,400latency_llmop_gpt_gpt-7b_472_layer31_attn_softmax_baseline_metrics.csv,400latency_llmop_gpt_gpt-7b_472_layer31_attn_softmax_baseline_out.stdout
gpt,gpt-7b,baseline,473,layer31_attn_value,0.003037320000,0.000000000000,0.072386024000,0.003033340000,18024.687200,0,400latency_llmop_gpt_gpt-7b_473_layer31_attn_value_baseline_metrics.csv,400latency_llmop_gpt_gpt-7b_473_layer31_attn_value_baseline_out.stdout
gpt,gpt-7b,baseline,474,layer31_attn_out,0.044575897000,0.000000000000,1.346494750000,0.044571111000,13360.485918,0,400latency_llmop_gpt_gpt-7b_474_layer31_attn_out_baseline_metrics.csv,400latency_llmop_gpt_gpt-7b_474_layer31_attn_out_baseline_out.stdout
gpt,gpt-7b,baseline,475,layer31_attn_residual,0.000061852000,0.000000000000,0.002410050000,0.000061512000,202.009815,0,400latency_llmop_gpt_gpt-7b_475_layer31_attn_residual_baseline_metrics.csv,400latency_llmop_gpt_gpt-7b_475_layer31_attn_residual_baseline_out.stdout
gpt,gpt-7b,baseline,476,layer31_norm2,0.000042373000,0.000000000000,0.001627379000,0.000041957000,200.021044,0,400latency_llmop_gpt_gpt-7b_476_layer31_norm2_baseline_metrics.csv,400latency_llmop_gpt_gpt-7b_476_layer31_norm2_baseline_out.stdout
gpt,gpt-7b,baseline,477,layer31_mlp_fc1,0.069843487000,0.000000000000,1.389417989000,0.069648357000,13342.473172,0,400latency_llmop_gpt_gpt-7b_477_layer31_mlp_fc1_baseline_metrics.csv,400latency_llmop_gpt_gpt-7b_477_layer31_mlp_fc1_baseline_out.stdout
gpt,gpt-7b,baseline,478,layer31_mlp_gelu,0.000051013000,0.000000000000,0.000854354000,0.000047410000,475.028039,0,400latency_llmop_gpt_gpt-7b_478_layer31_mlp_gelu_baseline_metrics.csv,400latency_llmop_gpt_gpt-7b_478_layer31_mlp_gelu_baseline_out.stdout
gpt,gpt-7b,baseline,479,layer31_mlp_fc2,0.245186690000,0.000000000000,1.352862512000,0.245183495000,31131.150438,0,400latency_llmop_gpt_gpt-7b_479_layer31_mlp_fc2_baseline_metrics.csv,400latency_llmop_gpt_gpt-7b_479_layer31_mlp_fc2_baseline_out.stdout
gpt,gpt-7b,baseline,480,layer31_mlp_residual,0.000061852000,0.000000000000,0.002410050000,0.000061512000,202.009815,0,400latency_llmop_gpt_gpt-7b_480_layer31_mlp_residual_baseline_metrics.csv,400latency_llmop_gpt_gpt-7b_480_layer31_mlp_residual_baseline_out.stdout
gpt,gpt-7b,pasta,0,embedding,0.000028561000,0.000000000000,0.001172577000,0.000028076000,336.033655,0,400latency_llmop_gpt_gpt-7b_000_embedding_pasta_metrics.csv,400latency_llmop_gpt_gpt-7b_000_embedding_pasta_out.stdout
gpt,gpt-7b,pasta,1,layer00_norm1,0.000022026000,0.000000000000,0.000819010000,0.000021541000,246.021900,0,400latency_llmop_gpt_gpt-7b_001_layer00_norm1_pasta_metrics.csv,400latency_llmop_gpt_gpt-7b_001_layer00_norm1_pasta_out.stdout
gpt,gpt-7b,pasta,2,layer00_attn_q,0.040832784125,0.000000000000,1.222602460000,0.040795871000,13256.478806,0,400latency_llmop_gpt_gpt-7b_002_layer00_attn_q_pasta_metrics.csv,400latency_llmop_gpt_gpt-7b_002_layer00_attn_q_pasta_out.stdout
gpt,gpt-7b,pasta,3,layer00_attn_k,0.040832784125,0.000000000000,1.222602460000,0.040795871000,13256.478806,0,400latency_llmop_gpt_gpt-7b_003_layer00_attn_k_pasta_metrics.csv,400latency_llmop_gpt_gpt-7b_003_layer00_attn_k_pasta_out.stdout
gpt,gpt-7b,pasta,4,layer00_attn_v,0.040832784125,0.000000000000,1.222602460000,0.040795871000,13256.478806,0,400latency_llmop_gpt_gpt-7b_004_layer00_attn_v_pasta_metrics.csv,400latency_llmop_gpt_gpt-7b_004_layer00_attn_v_pasta_out.stdout
gpt,gpt-7b,pasta,5,layer00_attn_score,0.012400265000,0.000000000000,0.373988159000,0.012384536000,2542.109534,0,400latency_llmop_gpt_gpt-7b_005_layer00_attn_score_pasta_metrics.csv,400latency_llmop_gpt_gpt-7b_005_layer00_attn_score_pasta_out.stdout
gpt,gpt-7b,pasta,6,layer00_causal_mask,0.000005776000,0.000000000000,0.000133694000,0.000005239000,15.001291,0,400latency_llmop_gpt_gpt-7b_006_layer00_causal_mask_pasta_metrics.csv,400latency_llmop_gpt_gpt-7b_006_layer00_causal_mask_pasta_out.stdout
gpt,gpt-7b,pasta,7,layer00_attn_softmax,0.000018498000,0.000000000000,0.000211893000,0.000018028000,34.006534,0,400latency_llmop_gpt_gpt-7b_007_layer00_attn_softmax_pasta_metrics.csv,400latency_llmop_gpt_gpt-7b_007_layer00_attn_softmax_pasta_out.stdout
gpt,gpt-7b,pasta,8,layer00_attn_value,0.002731007500,0.000000000000,0.061297460000,0.002689751000,16179.605041,0,400latency_llmop_gpt_gpt-7b_008_layer00_attn_value_pasta_metrics.csv,400latency_llmop_gpt_gpt-7b_008_layer00_attn_value_pasta_out.stdout
gpt,gpt-7b,pasta,9,layer00_attn_out,0.040832784125,0.000000000000,1.222602460000,0.040795871000,13256.478806,0,400latency_llmop_gpt_gpt-7b_009_layer00_attn_out_pasta_metrics.csv,400latency_llmop_gpt_gpt-7b_009_layer00_attn_out_pasta_out.stdout
gpt,gpt-7b,pasta,10,layer00_attn_residual,0.000033915000,0.000000000000,0.001278808000,0.000033428000,237.011988,0,400latency_llmop_gpt_gpt-7b_010_layer00_attn_residual_pasta_metrics.csv,400latency_llmop_gpt_gpt-7b_010_layer00_attn_residual_pasta_out.stdout
gpt,gpt-7b,pasta,11,layer00_norm2,0.000022026000,0.000000000000,0.000819010000,0.000021541000,246.021900,0,400latency_llmop_gpt_gpt-7b_011_layer00_norm2_pasta_metrics.csv,400latency_llmop_gpt_gpt-7b_011_layer00_norm2_pasta_out.stdout
gpt,gpt-7b,pasta,12,layer00_mlp_fc1,0.063371056000,0.000000000000,1.150402108000,0.061754257000,13247.468116,0,400latency_llmop_gpt_gpt-7b_012_layer00_mlp_fc1_pasta_metrics.csv,400latency_llmop_gpt_gpt-7b_012_layer00_mlp_fc1_pasta_out.stdout
gpt,gpt-7b,pasta,13,layer00_mlp_gelu,0.000030779350,0.000000000000,0.000315740000,0.000030154000,640.033362,0,400latency_llmop_gpt_gpt-7b_013_layer00_mlp_gelu_pasta_metrics.csv,400latency_llmop_gpt_gpt-7b_013_layer00_mlp_gelu_pasta_out.stdout
gpt,gpt-7b,pasta,14,layer00_mlp_fc2,0.054627315000,0.000000000000,1.006487296000,0.054605047000,30906.142571,0,400latency_llmop_gpt_gpt-7b_014_layer00_mlp_fc2_pasta_metrics.csv,400latency_llmop_gpt_gpt-7b_014_layer00_mlp_fc2_pasta_out.stdout
gpt,gpt-7b,pasta,15,layer00_mlp_residual,0.000033915000,0.000000000000,0.001278808000,0.000033428000,237.011988,0,400latency_llmop_gpt_gpt-7b_015_layer00_mlp_residual_pasta_metrics.csv,400latency_llmop_gpt_gpt-7b_015_layer00_mlp_residual_pasta_out.stdout
gpt,gpt-7b,pasta,16,layer01_norm1,0.000022026000,0.000000000000,0.000819010000,0.000021541000,246.021900,0,400latency_llmop_gpt_gpt-7b_016_layer01_norm1_pasta_metrics.csv,400latency_llmop_gpt_gpt-7b_016_layer01_norm1_pasta_out.stdout
gpt,gpt-7b,pasta,17,layer01_attn_q,0.040832784125,0.000000000000,1.222602460000,0.040795871000,13256.478806,0,400latency_llmop_gpt_gpt-7b_017_layer01_attn_q_pasta_metrics.csv,400latency_llmop_gpt_gpt-7b_017_layer01_attn_q_pasta_out.stdout
gpt,gpt-7b,pasta,18,layer01_attn_k,0.040832784125,0.000000000000,1.222602460000,0.040795871000,13256.478806,0,400latency_llmop_gpt_gpt-7b_018_layer01_attn_k_pasta_metrics.csv,400latency_llmop_gpt_gpt-7b_018_layer01_attn_k_pasta_out.stdout
gpt,gpt-7b,pasta,19,layer01_attn_v,0.040832784125,0.000000000000,1.222602460000,0.040795871000,13256.478806,0,400latency_llmop_gpt_gpt-7b_019_layer01_attn_v_pasta_metrics.csv,400latency_llmop_gpt_gpt-7b_019_layer01_attn_v_pasta_out.stdout
gpt,gpt-7b,pasta,20,layer01_attn_score,0.012400265000,0.000000000000,0.373988159000,0.012384536000,2542.109534,0,400latency_llmop_gpt_gpt-7b_020_layer01_attn_score_pasta_metrics.csv,400latency_llmop_gpt_gpt-7b_020_layer01_attn_score_pasta_out.stdout
gpt,gpt-7b,pasta,21,layer01_causal_mask,0.000005776000,0.000000000000,0.000133694000,0.000005239000,15.001291,0,400latency_llmop_gpt_gpt-7b_021_layer01_causal_mask_pasta_metrics.csv,400latency_llmop_gpt_gpt-7b_021_layer01_causal_mask_pasta_out.stdout
gpt,gpt-7b,pasta,22,layer01_attn_softmax,0.000018498000,0.000000000000,0.000211893000,0.000018028000,34.006534,0,400latency_llmop_gpt_gpt-7b_022_layer01_attn_softmax_pasta_metrics.csv,400latency_llmop_gpt_gpt-7b_022_layer01_attn_softmax_pasta_out.stdout
gpt,gpt-7b,pasta,23,layer01_attn_value,0.002731007500,0.000000000000,0.061297460000,0.002689751000,16179.605041,0,400latency_llmop_gpt_gpt-7b_023_layer01_attn_value_pasta_metrics.csv,400latency_llmop_gpt_gpt-7b_023_layer01_attn_value_pasta_out.stdout
gpt,gpt-7b,pasta,24,layer01_attn_out,0.040832784125,0.000000000000,1.222602460000,0.040795871000,13256.478806,0,400latency_llmop_gpt_gpt-7b_024_layer01_attn_out_pasta_metrics.csv,400latency_llmop_gpt_gpt-7b_024_layer01_attn_out_pasta_out.stdout
gpt,gpt-7b,pasta,25,layer01_attn_residual,0.000033915000,0.000000000000,0.001278808000,0.000033428000,237.011988,0,400latency_llmop_gpt_gpt-7b_025_layer01_attn_residual_pasta_metrics.csv,400latency_llmop_gpt_gpt-7b_025_layer01_attn_residual_pasta_out.stdout
gpt,gpt-7b,pasta,26,layer01_norm2,0.000022026000,0.000000000000,0.000819010000,0.000021541000,246.021900,0,400latency_llmop_gpt_gpt-7b_026_layer01_norm2_pasta_metrics.csv,400latency_llmop_gpt_gpt-7b_026_layer01_norm2_pasta_out.stdout
gpt,gpt-7b,pasta,27,layer01_mlp_fc1,0.063371056000,0.000000000000,1.150402108000,0.061754257000,13247.468116,0,400latency_llmop_gpt_gpt-7b_027_layer01_mlp_fc1_pasta_metrics.csv,400latency_llmop_gpt_gpt-7b_027_layer01_mlp_fc1_pasta_out.stdout
gpt,gpt-7b,pasta,28,layer01_mlp_gelu,0.000030779350,0.000000000000,0.000315740000,0.000030154000,640.033362,0,400latency_llmop_gpt_gpt-7b_028_layer01_mlp_gelu_pasta_metrics.csv,400latency_llmop_gpt_gpt-7b_028_layer01_mlp_gelu_pasta_out.stdout
gpt,gpt-7b,pasta,29,layer01_mlp_fc2,0.054627315000,0.000000000000,1.006487296000,0.054605047000,30906.142571,0,400latency_llmop_gpt_gpt-7b_029_layer01_mlp_fc2_pasta_metrics.csv,400latency_llmop_gpt_gpt-7b_029_layer01_mlp_fc2_pasta_out.stdout
gpt,gpt-7b,pasta,30,layer01_mlp_residual,0.000033915000,0.000000000000,0.001278808000,0.000033428000,237.011988,0,400latency_llmop_gpt_gpt-7b_030_layer01_mlp_residual_pasta_metrics.csv,400latency_llmop_gpt_gpt-7b_030_layer01_mlp_residual_pasta_out.stdout
gpt,gpt-7b,pasta,31,layer02_norm1,0.000022026000,0.000000000000,0.000819010000,0.000021541000,246.021900,0,400latency_llmop_gpt_gpt-7b_031_layer02_norm1_pasta_metrics.csv,400latency_llmop_gpt_gpt-7b_031_layer02_norm1_pasta_out.stdout
gpt,gpt-7b,pasta,32,layer02_attn_q,0.040832784125,0.000000000000,1.222602460000,0.040795871000,13256.478806,0,400latency_llmop_gpt_gpt-7b_032_layer02_attn_q_pasta_metrics.csv,400latency_llmop_gpt_gpt-7b_032_layer02_attn_q_pasta_out.stdout
gpt,gpt-7b,pasta,33,layer02_attn_k,0.040832784125,0.000000000000,1.222602460000,0.040795871000,13256.478806,0,400latency_llmop_gpt_gpt-7b_033_layer02_attn_k_pasta_metrics.csv,400latency_llmop_gpt_gpt-7b_033_layer02_attn_k_pasta_out.stdout
gpt,gpt-7b,pasta,34,layer02_attn_v,0.040832784125,0.000000000000,1.222602460000,0.040795871000,13256.478806,0,400latency_llmop_gpt_gpt-7b_034_layer02_attn_v_pasta_metrics.csv,400latency_llmop_gpt_gpt-7b_034_layer02_attn_v_pasta_out.stdout
gpt,gpt-7b,pasta,35,layer02_attn_score,0.012400265000,0.000000000000,0.373988159000,0.012384536000,2542.109534,0,400latency_llmop_gpt_gpt-7b_035_layer02_attn_score_pasta_metrics.csv,400latency_llmop_gpt_gpt-7b_035_layer02_attn_score_pasta_out.stdout
gpt,gpt-7b,pasta,36,layer02_causal_mask,0.000005776000,0.000000000000,0.000133694000,0.000005239000,15.001291,0,400latency_llmop_gpt_gpt-7b_036_layer02_causal_mask_pasta_metrics.csv,400latency_llmop_gpt_gpt-7b_036_layer02_causal_mask_pasta_out.stdout
gpt,gpt-7b,pasta,37,layer02_attn_softmax,0.000018498000,0.000000000000,0.000211893000,0.000018028000,34.006534,0,400latency_llmop_gpt_gpt-7b_037_layer02_attn_softmax_pasta_metrics.csv,400latency_llmop_gpt_gpt-7b_037_layer02_attn_softmax_pasta_out.stdout
gpt,gpt-7b,pasta,38,layer02_attn_value,0.002731007500,0.000000000000,0.061297460000,0.002689751000,16179.605041,0,400latency_llmop_gpt_gpt-7b_038_layer02_attn_value_pasta_metrics.csv,400latency_llmop_gpt_gpt-7b_038_layer02_attn_value_pasta_out.stdout
gpt,gpt-7b,pasta,39,layer02_attn_out,0.040832784125,0.000000000000,1.222602460000,0.040795871000,13256.478806,0,400latency_llmop_gpt_gpt-7b_039_layer02_attn_out_pasta_metrics.csv,400latency_llmop_gpt_gpt-7b_039_layer02_attn_out_pasta_out.stdout
gpt,gpt-7b,pasta,40,layer02_attn_residual,0.000033915000,0.000000000000,0.001278808000,0.000033428000,237.011988,0,400latency_llmop_gpt_gpt-7b_040_layer02_attn_residual_pasta_metrics.csv,400latency_llmop_gpt_gpt-7b_040_layer02_attn_residual_pasta_out.stdout
gpt,gpt-7b,pasta,41,layer02_norm2,0.000022026000,0.000000000000,0.000819010000,0.000021541000,246.021900,0,400latency_llmop_gpt_gpt-7b_041_layer02_norm2_pasta_metrics.csv,400latency_llmop_gpt_gpt-7b_041_layer02_norm2_pasta_out.stdout
gpt,gpt-7b,pasta,42,layer02_mlp_fc1,0.063371056000,0.000000000000,1.150402108000,0.061754257000,13247.468116,0,400latency_llmop_gpt_gpt-7b_042_layer02_mlp_fc1_pasta_metrics.csv,400latency_llmop_gpt_gpt-7b_042_layer02_mlp_fc1_pasta_out.stdout
gpt,gpt-7b,pasta,43,layer02_mlp_gelu,0.000030779350,0.000000000000,0.000315740000,0.000030154000,640.033362,0,400latency_llmop_gpt_gpt-7b_043_layer02_mlp_gelu_pasta_metrics.csv,400latency_llmop_gpt_gpt-7b_043_layer02_mlp_gelu_pasta_out.stdout
gpt,gpt-7b,pasta,44,layer02_mlp_fc2,0.054627315000,0.000000000000,1.006487296000,0.054605047000,30906.142571,0,400latency_llmop_gpt_gpt-7b_044_layer02_mlp_fc2_pasta_metrics.csv,400latency_llmop_gpt_gpt-7b_044_layer02_mlp_fc2_pasta_out.stdout
gpt,gpt-7b,pasta,45,layer02_mlp_residual,0.000033915000,0.000000000000,0.001278808000,0.000033428000,237.011988,0,400latency_llmop_gpt_gpt-7b_045_layer02_mlp_residual_pasta_metrics.csv,400latency_llmop_gpt_gpt-7b_045_layer02_mlp_residual_pasta_out.stdout
gpt,gpt-7b,pasta,46,layer03_norm1,0.000022026000,0.000000000000,0.000819010000,0.000021541000,246.021900,0,400latency_llmop_gpt_gpt-7b_046_layer03_norm1_pasta_metrics.csv,400latency_llmop_gpt_gpt-7b_046_layer03_norm1_pasta_out.stdout
gpt,gpt-7b,pasta,47,layer03_attn_q,0.040832784125,0.000000000000,1.222602460000,0.040795871000,13256.478806,0,400latency_llmop_gpt_gpt-7b_047_layer03_attn_q_pasta_metrics.csv,400latency_llmop_gpt_gpt-7b_047_layer03_attn_q_pasta_out.stdout
gpt,gpt-7b,pasta,48,layer03_attn_k,0.040832784125,0.000000000000,1.222602460000,0.040795871000,13256.478806,0,400latency_llmop_gpt_gpt-7b_048_layer03_attn_k_pasta_metrics.csv,400latency_llmop_gpt_gpt-7b_048_layer03_attn_k_pasta_out.stdout
gpt,gpt-7b,pasta,49,layer03_attn_v,0.040832784125,0.000000000000,1.222602460000,0.040795871000,13256.478806,0,400latency_llmop_gpt_gpt-7b_049_layer03_attn_v_pasta_metrics.csv,400latency_llmop_gpt_gpt-7b_049_layer03_attn_v_pasta_out.stdout
gpt,gpt-7b,pasta,50,layer03_attn_score,0.012400265000,0.000000000000,0.373988159000,0.012384536000,2542.109534,0,400latency_llmop_gpt_gpt-7b_050_layer03_attn_score_pasta_metrics.csv,400latency_llmop_gpt_gpt-7b_050_layer03_attn_score_pasta_out.stdout
gpt,gpt-7b,pasta,51,layer03_causal_mask,0.000005776000,0.000000000000,0.000133694000,0.000005239000,15.001291,0,400latency_llmop_gpt_gpt-7b_051_layer03_causal_mask_pasta_metrics.csv,400latency_llmop_gpt_gpt-7b_051_layer03_causal_mask_pasta_out.stdout
gpt,gpt-7b,pasta,52,layer03_attn_softmax,0.000018498000,0.000000000000,0.000211893000,0.000018028000,34.006534,0,400latency_llmop_gpt_gpt-7b_052_layer03_attn_softmax_pasta_metrics.csv,400latency_llmop_gpt_gpt-7b_052_layer03_attn_softmax_pasta_out.stdout
gpt,gpt-7b,pasta,53,layer03_attn_value,0.002731007500,0.000000000000,0.061297460000,0.002689751000,16179.605041,0,400latency_llmop_gpt_gpt-7b_053_layer03_attn_value_pasta_metrics.csv,400latency_llmop_gpt_gpt-7b_053_layer03_attn_value_pasta_out.stdout
gpt,gpt-7b,pasta,54,layer03_attn_out,0.040832784125,0.000000000000,1.222602460000,0.040795871000,13256.478806,0,400latency_llmop_gpt_gpt-7b_054_layer03_attn_out_pasta_metrics.csv,400latency_llmop_gpt_gpt-7b_054_layer03_attn_out_pasta_out.stdout
gpt,gpt-7b,pasta,55,layer03_attn_residual,0.000033915000,0.000000000000,0.001278808000,0.000033428000,237.011988,0,400latency_llmop_gpt_gpt-7b_055_layer03_attn_residual_pasta_metrics.csv,400latency_llmop_gpt_gpt-7b_055_layer03_attn_residual_pasta_out.stdout
gpt,gpt-7b,pasta,56,layer03_norm2,0.000022026000,0.000000000000,0.000819010000,0.000021541000,246.021900,0,400latency_llmop_gpt_gpt-7b_056_layer03_norm2_pasta_metrics.csv,400latency_llmop_gpt_gpt-7b_056_layer03_norm2_pasta_out.stdout
gpt,gpt-7b,pasta,57,layer03_mlp_fc1,0.063371056000,0.000000000000,1.150402108000,0.061754257000,13247.468116,0,400latency_llmop_gpt_gpt-7b_057_layer03_mlp_fc1_pasta_metrics.csv,400latency_llmop_gpt_gpt-7b_057_layer03_mlp_fc1_pasta_out.stdout
gpt,gpt-7b,pasta,58,layer03_mlp_gelu,0.000030779350,0.000000000000,0.000315740000,0.000030154000,640.033362,0,400latency_llmop_gpt_gpt-7b_058_layer03_mlp_gelu_pasta_metrics.csv,400latency_llmop_gpt_gpt-7b_058_layer03_mlp_gelu_pasta_out.stdout
gpt,gpt-7b,pasta,59,layer03_mlp_fc2,0.054627315000,0.000000000000,1.006487296000,0.054605047000,30906.142571,0,400latency_llmop_gpt_gpt-7b_059_layer03_mlp_fc2_pasta_metrics.csv,400latency_llmop_gpt_gpt-7b_059_layer03_mlp_fc2_pasta_out.stdout
gpt,gpt-7b,pasta,60,layer03_mlp_residual,0.000033915000,0.000000000000,0.001278808000,0.000033428000,237.011988,0,400latency_llmop_gpt_gpt-7b_060_layer03_mlp_residual_pasta_metrics.csv,400latency_llmop_gpt_gpt-7b_060_layer03_mlp_residual_pasta_out.stdout
gpt,gpt-7b,pasta,61,layer04_norm1,0.000022026000,0.000000000000,0.000819010000,0.000021541000,246.021900,0,400latency_llmop_gpt_gpt-7b_061_layer04_norm1_pasta_metrics.csv,400latency_llmop_gpt_gpt-7b_061_layer04_norm1_pasta_out.stdout
gpt,gpt-7b,pasta,62,layer04_attn_q,0.040832784125,0.000000000000,1.222602460000,0.040795871000,13256.478806,0,400latency_llmop_gpt_gpt-7b_062_layer04_attn_q_pasta_metrics.csv,400latency_llmop_gpt_gpt-7b_062_layer04_attn_q_pasta_out.stdout
gpt,gpt-7b,pasta,63,layer04_attn_k,0.040832784125,0.000000000000,1.222602460000,0.040795871000,13256.478806,0,400latency_llmop_gpt_gpt-7b_063_layer04_attn_k_pasta_metrics.csv,400latency_llmop_gpt_gpt-7b_063_layer04_attn_k_pasta_out.stdout
gpt,gpt-7b,pasta,64,layer04_attn_v,0.040832784125,0.000000000000,1.222602460000,0.040795871000,13256.478806,0,400latency_llmop_gpt_gpt-7b_064_layer04_attn_v_pasta_metrics.csv,400latency_llmop_gpt_gpt-7b_064_layer04_attn_v_pasta_out.stdout
gpt,gpt-7b,pasta,65,layer04_attn_score,0.012400265000,0.000000000000,0.373988159000,0.012384536000,2542.109534,0,400latency_llmop_gpt_gpt-7b_065_layer04_attn_score_pasta_metrics.csv,400latency_llmop_gpt_gpt-7b_065_layer04_attn_score_pasta_out.stdout
gpt,gpt-7b,pasta,66,layer04_causal_mask,0.000005776000,0.000000000000,0.000133694000,0.000005239000,15.001291,0,400latency_llmop_gpt_gpt-7b_066_layer04_causal_mask_pasta_metrics.csv,400latency_llmop_gpt_gpt-7b_066_layer04_causal_mask_pasta_out.stdout
gpt,gpt-7b,pasta,67,layer04_attn_softmax,0.000018498000,0.000000000000,0.000211893000,0.000018028000,34.006534,0,400latency_llmop_gpt_gpt-7b_067_layer04_attn_softmax_pasta_metrics.csv,400latency_llmop_gpt_gpt-7b_067_layer04_attn_softmax_pasta_out.stdout
gpt,gpt-7b,pasta,68,layer04_attn_value,0.002731007500,0.000000000000,0.061297460000,0.002689751000,16179.605041,0,400latency_llmop_gpt_gpt-7b_068_layer04_attn_value_pasta_metrics.csv,400latency_llmop_gpt_gpt-7b_068_layer04_attn_value_pasta_out.stdout
gpt,gpt-7b,pasta,69,layer04_attn_out,0.040832784125,0.000000000000,1.222602460000,0.040795871000,13256.478806,0,400latency_llmop_gpt_gpt-7b_069_layer04_attn_out_pasta_metrics.csv,400latency_llmop_gpt_gpt-7b_069_layer04_attn_out_pasta_out.stdout
gpt,gpt-7b,pasta,70,layer04_attn_residual,0.000033915000,0.000000000000,0.001278808000,0.000033428000,237.011988,0,400latency_llmop_gpt_gpt-7b_070_layer04_attn_residual_pasta_metrics.csv,400latency_llmop_gpt_gpt-7b_070_layer04_attn_residual_pasta_out.stdout
gpt,gpt-7b,pasta,71,layer04_norm2,0.000022026000,0.000000000000,0.000819010000,0.000021541000,246.021900,0,400latency_llmop_gpt_gpt-7b_071_layer04_norm2_pasta_metrics.csv,400latency_llmop_gpt_gpt-7b_071_layer04_norm2_pasta_out.stdout
gpt,gpt-7b,pasta,72,layer04_mlp_fc1,0.063371056000,0.000000000000,1.150402108000,0.061754257000,13247.468116,0,400latency_llmop_gpt_gpt-7b_072_layer04_mlp_fc1_pasta_metrics.csv,400latency_llmop_gpt_gpt-7b_072_layer04_mlp_fc1_pasta_out.stdout
gpt,gpt-7b,pasta,73,layer04_mlp_gelu,0.000030779350,0.000000000000,0.000315740000,0.000030154000,640.033362,0,400latency_llmop_gpt_gpt-7b_073_layer04_mlp_gelu_pasta_metrics.csv,400latency_llmop_gpt_gpt-7b_073_layer04_mlp_gelu_pasta_out.stdout
gpt,gpt-7b,pasta,74,layer04_mlp_fc2,0.054627315000,0.000000000000,1.006487296000,0.054605047000,30906.142571,0,400latency_llmop_gpt_gpt-7b_074_layer04_mlp_fc2_pasta_metrics.csv,400latency_llmop_gpt_gpt-7b_074_layer04_mlp_fc2_pasta_out.stdout
gpt,gpt-7b,pasta,75,layer04_mlp_residual,0.000033915000,0.000000000000,0.001278808000,0.000033428000,237.011988,0,400latency_llmop_gpt_gpt-7b_075_layer04_mlp_residual_pasta_metrics.csv,400latency_llmop_gpt_gpt-7b_075_layer04_mlp_residual_pasta_out.stdout
gpt,gpt-7b,pasta,76,layer05_norm1,0.000022026000,0.000000000000,0.000819010000,0.000021541000,246.021900,0,400latency_llmop_gpt_gpt-7b_076_layer05_norm1_pasta_metrics.csv,400latency_llmop_gpt_gpt-7b_076_layer05_norm1_pasta_out.stdout
gpt,gpt-7b,pasta,77,layer05_attn_q,0.040832784125,0.000000000000,1.222602460000,0.040795871000,13256.478806,0,400latency_llmop_gpt_gpt-7b_077_layer05_attn_q_pasta_metrics.csv,400latency_llmop_gpt_gpt-7b_077_layer05_attn_q_pasta_out.stdout
gpt,gpt-7b,pasta,78,layer05_attn_k,0.040832784125,0.000000000000,1.222602460000,0.040795871000,13256.478806,0,400latency_llmop_gpt_gpt-7b_078_layer05_attn_k_pasta_metrics.csv,400latency_llmop_gpt_gpt-7b_078_layer05_attn_k_pasta_out.stdout
gpt,gpt-7b,pasta,79,layer05_attn_v,0.040832784125,0.000000000000,1.222602460000,0.040795871000,13256.478806,0,400latency_llmop_gpt_gpt-7b_079_layer05_attn_v_pasta_metrics.csv,400latency_llmop_gpt_gpt-7b_079_layer05_attn_v_pasta_out.stdout
gpt,gpt-7b,pasta,80,layer05_attn_score,0.012400265000,0.000000000000,0.373988159000,0.012384536000,2542.109534,0,400latency_llmop_gpt_gpt-7b_080_layer05_attn_score_pasta_metrics.csv,400latency_llmop_gpt_gpt-7b_080_layer05_attn_score_pasta_out.stdout
gpt,gpt-7b,pasta,81,layer05_causal_mask,0.000005776000,0.000000000000,0.000133694000,0.000005239000,15.001291,0,400latency_llmop_gpt_gpt-7b_081_layer05_causal_mask_pasta_metrics.csv,400latency_llmop_gpt_gpt-7b_081_layer05_causal_mask_pasta_out.stdout
gpt,gpt-7b,pasta,82,layer05_attn_softmax,0.000018498000,0.000000000000,0.000211893000,0.000018028000,34.006534,0,400latency_llmop_gpt_gpt-7b_082_layer05_attn_softmax_pasta_metrics.csv,400latency_llmop_gpt_gpt-7b_082_layer05_attn_softmax_pasta_out.stdout
gpt,gpt-7b,pasta,83,layer05_attn_value,0.002731007500,0.000000000000,0.061297460000,0.002689751000,16179.605041,0,400latency_llmop_gpt_gpt-7b_083_layer05_attn_value_pasta_metrics.csv,400latency_llmop_gpt_gpt-7b_083_layer05_attn_value_pasta_out.stdout
gpt,gpt-7b,pasta,84,layer05_attn_out,0.040832784125,0.000000000000,1.222602460000,0.040795871000,13256.478806,0,400latency_llmop_gpt_gpt-7b_084_layer05_attn_out_pasta_metrics.csv,400latency_llmop_gpt_gpt-7b_084_layer05_attn_out_pasta_out.stdout
gpt,gpt-7b,pasta,85,layer05_attn_residual,0.000033915000,0.000000000000,0.001278808000,0.000033428000,237.011988,0,400latency_llmop_gpt_gpt-7b_085_layer05_attn_residual_pasta_metrics.csv,400latency_llmop_gpt_gpt-7b_085_layer05_attn_residual_pasta_out.stdout
gpt,gpt-7b,pasta,86,layer05_norm2,0.000022026000,0.000000000000,0.000819010000,0.000021541000,246.021900,0,400latency_llmop_gpt_gpt-7b_086_layer05_norm2_pasta_metrics.csv,400latency_llmop_gpt_gpt-7b_086_layer05_norm2_pasta_out.stdout
gpt,gpt-7b,pasta,87,layer05_mlp_fc1,0.063371056000,0.000000000000,1.150402108000,0.061754257000,13247.468116,0,400latency_llmop_gpt_gpt-7b_087_layer05_mlp_fc1_pasta_metrics.csv,400latency_llmop_gpt_gpt-7b_087_layer05_mlp_fc1_pasta_out.stdout
gpt,gpt-7b,pasta,88,layer05_mlp_gelu,0.000030779350,0.000000000000,0.000315740000,0.000030154000,640.033362,0,400latency_llmop_gpt_gpt-7b_088_layer05_mlp_gelu_pasta_metrics.csv,400latency_llmop_gpt_gpt-7b_088_layer05_mlp_gelu_pasta_out.stdout
gpt,gpt-7b,pasta,89,layer05_mlp_fc2,0.054627315000,0.000000000000,1.006487296000,0.054605047000,30906.142571,0,400latency_llmop_gpt_gpt-7b_089_layer05_mlp_fc2_pasta_metrics.csv,400latency_llmop_gpt_gpt-7b_089_layer05_mlp_fc2_pasta_out.stdout
gpt,gpt-7b,pasta,90,layer05_mlp_residual,0.000033915000,0.000000000000,0.001278808000,0.000033428000,237.011988,0,400latency_llmop_gpt_gpt-7b_090_layer05_mlp_residual_pasta_metrics.csv,400latency_llmop_gpt_gpt-7b_090_layer05_mlp_residual_pasta_out.stdout
gpt,gpt-7b,pasta,91,layer06_norm1,0.000022026000,0.000000000000,0.000819010000,0.000021541000,246.021900,0,400latency_llmop_gpt_gpt-7b_091_layer06_norm1_pasta_metrics.csv,400latency_llmop_gpt_gpt-7b_091_layer06_norm1_pasta_out.stdout
gpt,gpt-7b,pasta,92,layer06_attn_q,0.040832784125,0.000000000000,1.222602460000,0.040795871000,13256.478806,0,400latency_llmop_gpt_gpt-7b_092_layer06_attn_q_pasta_metrics.csv,400latency_llmop_gpt_gpt-7b_092_layer06_attn_q_pasta_out.stdout
gpt,gpt-7b,pasta,93,layer06_attn_k,0.040832784125,0.000000000000,1.222602460000,0.040795871000,13256.478806,0,400latency_llmop_gpt_gpt-7b_093_layer06_attn_k_pasta_metrics.csv,400latency_llmop_gpt_gpt-7b_093_layer06_attn_k_pasta_out.stdout
gpt,gpt-7b,pasta,94,layer06_attn_v,0.040832784125,0.000000000000,1.222602460000,0.040795871000,13256.478806,0,400latency_llmop_gpt_gpt-7b_094_layer06_attn_v_pasta_metrics.csv,400latency_llmop_gpt_gpt-7b_094_layer06_attn_v_pasta_out.stdout
gpt,gpt-7b,pasta,95,layer06_attn_score,0.012400265000,0.000000000000,0.373988159000,0.012384536000,2542.109534,0,400latency_llmop_gpt_gpt-7b_095_layer06_attn_score_pasta_metrics.csv,400latency_llmop_gpt_gpt-7b_095_layer06_attn_score_pasta_out.stdout
gpt,gpt-7b,pasta,96,layer06_causal_mask,0.000005776000,0.000000000000,0.000133694000,0.000005239000,15.001291,0,400latency_llmop_gpt_gpt-7b_096_layer06_causal_mask_pasta_metrics.csv,400latency_llmop_gpt_gpt-7b_096_layer06_causal_mask_pasta_out.stdout
gpt,gpt-7b,pasta,97,layer06_attn_softmax,0.000018498000,0.000000000000,0.000211893000,0.000018028000,34.006534,0,400latency_llmop_gpt_gpt-7b_097_layer06_attn_softmax_pasta_metrics.csv,400latency_llmop_gpt_gpt-7b_097_layer06_attn_softmax_pasta_out.stdout
gpt,gpt-7b,pasta,98,layer06_attn_value,0.002731007500,0.000000000000,0.061297460000,0.002689751000,16179.605041,0,400latency_llmop_gpt_gpt-7b_098_layer06_attn_value_pasta_metrics.csv,400latency_llmop_gpt_gpt-7b_098_layer06_attn_value_pasta_out.stdout
gpt,gpt-7b,pasta,99,layer06_attn_out,0.040832784125,0.000000000000,1.222602460000,0.040795871000,13256.478806,0,400latency_llmop_gpt_gpt-7b_099_layer06_attn_out_pasta_metrics.csv,400latency_llmop_gpt_gpt-7b_099_layer06_attn_out_pasta_out.stdout
gpt,gpt-7b,pasta,100,layer06_attn_residual,0.000033915000,0.000000000000,0.001278808000,0.000033428000,237.011988,0,400latency_llmop_gpt_gpt-7b_100_layer06_attn_residual_pasta_metrics.csv,400latency_llmop_gpt_gpt-7b_100_layer06_attn_residual_pasta_out.stdout
gpt,gpt-7b,pasta,101,layer06_norm2,0.000022026000,0.000000000000,0.000819010000,0.000021541000,246.021900,0,400latency_llmop_gpt_gpt-7b_101_layer06_norm2_pasta_metrics.csv,400latency_llmop_gpt_gpt-7b_101_layer06_norm2_pasta_out.stdout
gpt,gpt-7b,pasta,102,layer06_mlp_fc1,0.063371056000,0.000000000000,1.150402108000,0.061754257000,13247.468116,0,400latency_llmop_gpt_gpt-7b_102_layer06_mlp_fc1_pasta_metrics.csv,400latency_llmop_gpt_gpt-7b_102_layer06_mlp_fc1_pasta_out.stdout
gpt,gpt-7b,pasta,103,layer06_mlp_gelu,0.000030779350,0.000000000000,0.000315740000,0.000030154000,640.033362,0,400latency_llmop_gpt_gpt-7b_103_layer06_mlp_gelu_pasta_metrics.csv,400latency_llmop_gpt_gpt-7b_103_layer06_mlp_gelu_pasta_out.stdout
gpt,gpt-7b,pasta,104,layer06_mlp_fc2,0.054627315000,0.000000000000,1.006487296000,0.054605047000,30906.142571,0,400latency_llmop_gpt_gpt-7b_104_layer06_mlp_fc2_pasta_metrics.csv,400latency_llmop_gpt_gpt-7b_104_layer06_mlp_fc2_pasta_out.stdout
gpt,gpt-7b,pasta,105,layer06_mlp_residual,0.000033915000,0.000000000000,0.001278808000,0.000033428000,237.011988,0,400latency_llmop_gpt_gpt-7b_105_layer06_mlp_residual_pasta_metrics.csv,400latency_llmop_gpt_gpt-7b_105_layer06_mlp_residual_pasta_out.stdout
gpt,gpt-7b,pasta,106,layer07_norm1,0.000022026000,0.000000000000,0.000819010000,0.000021541000,246.021900,0,400latency_llmop_gpt_gpt-7b_106_layer07_norm1_pasta_metrics.csv,400latency_llmop_gpt_gpt-7b_106_layer07_norm1_pasta_out.stdout
gpt,gpt-7b,pasta,107,layer07_attn_q,0.040832784125,0.000000000000,1.222602460000,0.040795871000,13256.478806,0,400latency_llmop_gpt_gpt-7b_107_layer07_attn_q_pasta_metrics.csv,400latency_llmop_gpt_gpt-7b_107_layer07_attn_q_pasta_out.stdout
gpt,gpt-7b,pasta,108,layer07_attn_k,0.040832784125,0.000000000000,1.222602460000,0.040795871000,13256.478806,0,400latency_llmop_gpt_gpt-7b_108_layer07_attn_k_pasta_metrics.csv,400latency_llmop_gpt_gpt-7b_108_layer07_attn_k_pasta_out.stdout
gpt,gpt-7b,pasta,109,layer07_attn_v,0.040832784125,0.000000000000,1.222602460000,0.040795871000,13256.478806,0,400latency_llmop_gpt_gpt-7b_109_layer07_attn_v_pasta_metrics.csv,400latency_llmop_gpt_gpt-7b_109_layer07_attn_v_pasta_out.stdout
gpt,gpt-7b,pasta,110,layer07_attn_score,0.012400265000,0.000000000000,0.373988159000,0.012384536000,2542.109534,0,400latency_llmop_gpt_gpt-7b_110_layer07_attn_score_pasta_metrics.csv,400latency_llmop_gpt_gpt-7b_110_layer07_attn_score_pasta_out.stdout
gpt,gpt-7b,pasta,111,layer07_causal_mask,0.000005776000,0.000000000000,0.000133694000,0.000005239000,15.001291,0,400latency_llmop_gpt_gpt-7b_111_layer07_causal_mask_pasta_metrics.csv,400latency_llmop_gpt_gpt-7b_111_layer07_causal_mask_pasta_out.stdout
gpt,gpt-7b,pasta,112,layer07_attn_softmax,0.000018498000,0.000000000000,0.000211893000,0.000018028000,34.006534,0,400latency_llmop_gpt_gpt-7b_112_layer07_attn_softmax_pasta_metrics.csv,400latency_llmop_gpt_gpt-7b_112_layer07_attn_softmax_pasta_out.stdout
gpt,gpt-7b,pasta,113,layer07_attn_value,0.002731007500,0.000000000000,0.061297460000,0.002689751000,16179.605041,0,400latency_llmop_gpt_gpt-7b_113_layer07_attn_value_pasta_metrics.csv,400latency_llmop_gpt_gpt-7b_113_layer07_attn_value_pasta_out.stdout
gpt,gpt-7b,pasta,114,layer07_attn_out,0.040832784125,0.000000000000,1.222602460000,0.040795871000,13256.478806,0,400latency_llmop_gpt_gpt-7b_114_layer07_attn_out_pasta_metrics.csv,400latency_llmop_gpt_gpt-7b_114_layer07_attn_out_pasta_out.stdout
gpt,gpt-7b,pasta,115,layer07_attn_residual,0.000033915000,0.000000000000,0.001278808000,0.000033428000,237.011988,0,400latency_llmop_gpt_gpt-7b_115_layer07_attn_residual_pasta_metrics.csv,400latency_llmop_gpt_gpt-7b_115_layer07_attn_residual_pasta_out.stdout
gpt,gpt-7b,pasta,116,layer07_norm2,0.000022026000,0.000000000000,0.000819010000,0.000021541000,246.021900,0,400latency_llmop_gpt_gpt-7b_116_layer07_norm2_pasta_metrics.csv,400latency_llmop_gpt_gpt-7b_116_layer07_norm2_pasta_out.stdout
gpt,gpt-7b,pasta,117,layer07_mlp_fc1,0.063371056000,0.000000000000,1.150402108000,0.061754257000,13247.468116,0,400latency_llmop_gpt_gpt-7b_117_layer07_mlp_fc1_pasta_metrics.csv,400latency_llmop_gpt_gpt-7b_117_layer07_mlp_fc1_pasta_out.stdout
gpt,gpt-7b,pasta,118,layer07_mlp_gelu,0.000030779350,0.000000000000,0.000315740000,0.000030154000,640.033362,0,400latency_llmop_gpt_gpt-7b_118_layer07_mlp_gelu_pasta_metrics.csv,400latency_llmop_gpt_gpt-7b_118_layer07_mlp_gelu_pasta_out.stdout
gpt,gpt-7b,pasta,119,layer07_mlp_fc2,0.054627315000,0.000000000000,1.006487296000,0.054605047000,30906.142571,0,400latency_llmop_gpt_gpt-7b_119_layer07_mlp_fc2_pasta_metrics.csv,400latency_llmop_gpt_gpt-7b_119_layer07_mlp_fc2_pasta_out.stdout
gpt,gpt-7b,pasta,120,layer07_mlp_residual,0.000033915000,0.000000000000,0.001278808000,0.000033428000,237.011988,0,400latency_llmop_gpt_gpt-7b_120_layer07_mlp_residual_pasta_metrics.csv,400latency_llmop_gpt_gpt-7b_120_layer07_mlp_residual_pasta_out.stdout
gpt,gpt-7b,pasta,121,layer08_norm1,0.000022026000,0.000000000000,0.000819010000,0.000021541000,246.021900,0,400latency_llmop_gpt_gpt-7b_121_layer08_norm1_pasta_metrics.csv,400latency_llmop_gpt_gpt-7b_121_layer08_norm1_pasta_out.stdout
gpt,gpt-7b,pasta,122,layer08_attn_q,0.040832784125,0.000000000000,1.222602460000,0.040795871000,13256.478806,0,400latency_llmop_gpt_gpt-7b_122_layer08_attn_q_pasta_metrics.csv,400latency_llmop_gpt_gpt-7b_122_layer08_attn_q_pasta_out.stdout
gpt,gpt-7b,pasta,123,layer08_attn_k,0.040832784125,0.000000000000,1.222602460000,0.040795871000,13256.478806,0,400latency_llmop_gpt_gpt-7b_123_layer08_attn_k_pasta_metrics.csv,400latency_llmop_gpt_gpt-7b_123_layer08_attn_k_pasta_out.stdout
gpt,gpt-7b,pasta,124,layer08_attn_v,0.040832784125,0.000000000000,1.222602460000,0.040795871000,13256.478806,0,400latency_llmop_gpt_gpt-7b_124_layer08_attn_v_pasta_metrics.csv,400latency_llmop_gpt_gpt-7b_124_layer08_attn_v_pasta_out.stdout
gpt,gpt-7b,pasta,125,layer08_attn_score,0.012400265000,0.000000000000,0.373988159000,0.012384536000,2542.109534,0,400latency_llmop_gpt_gpt-7b_125_layer08_attn_score_pasta_metrics.csv,400latency_llmop_gpt_gpt-7b_125_layer08_attn_score_pasta_out.stdout
gpt,gpt-7b,pasta,126,layer08_causal_mask,0.000005776000,0.000000000000,0.000133694000,0.000005239000,15.001291,0,400latency_llmop_gpt_gpt-7b_126_layer08_causal_mask_pasta_metrics.csv,400latency_llmop_gpt_gpt-7b_126_layer08_causal_mask_pasta_out.stdout
gpt,gpt-7b,pasta,127,layer08_attn_softmax,0.000018498000,0.000000000000,0.000211893000,0.000018028000,34.006534,0,400latency_llmop_gpt_gpt-7b_127_layer08_attn_softmax_pasta_metrics.csv,400latency_llmop_gpt_gpt-7b_127_layer08_attn_softmax_pasta_out.stdout
gpt,gpt-7b,pasta,128,layer08_attn_value,0.002731007500,0.000000000000,0.061297460000,0.002689751000,16179.605041,0,400latency_llmop_gpt_gpt-7b_128_layer08_attn_value_pasta_metrics.csv,400latency_llmop_gpt_gpt-7b_128_layer08_attn_value_pasta_out.stdout
gpt,gpt-7b,pasta,129,layer08_attn_out,0.040832784125,0.000000000000,1.222602460000,0.040795871000,13256.478806,0,400latency_llmop_gpt_gpt-7b_129_layer08_attn_out_pasta_metrics.csv,400latency_llmop_gpt_gpt-7b_129_layer08_attn_out_pasta_out.stdout
gpt,gpt-7b,pasta,130,layer08_attn_residual,0.000033915000,0.000000000000,0.001278808000,0.000033428000,237.011988,0,400latency_llmop_gpt_gpt-7b_130_layer08_attn_residual_pasta_metrics.csv,400latency_llmop_gpt_gpt-7b_130_layer08_attn_residual_pasta_out.stdout
gpt,gpt-7b,pasta,131,layer08_norm2,0.000022026000,0.000000000000,0.000819010000,0.000021541000,246.021900,0,400latency_llmop_gpt_gpt-7b_131_layer08_norm2_pasta_metrics.csv,400latency_llmop_gpt_gpt-7b_131_layer08_norm2_pasta_out.stdout
gpt,gpt-7b,pasta,132,layer08_mlp_fc1,0.063371056000,0.000000000000,1.150402108000,0.061754257000,13247.468116,0,400latency_llmop_gpt_gpt-7b_132_layer08_mlp_fc1_pasta_metrics.csv,400latency_llmop_gpt_gpt-7b_132_layer08_mlp_fc1_pasta_out.stdout
gpt,gpt-7b,pasta,133,layer08_mlp_gelu,0.000030779350,0.000000000000,0.000315740000,0.000030154000,640.033362,0,400latency_llmop_gpt_gpt-7b_133_layer08_mlp_gelu_pasta_metrics.csv,400latency_llmop_gpt_gpt-7b_133_layer08_mlp_gelu_pasta_out.stdout
gpt,gpt-7b,pasta,134,layer08_mlp_fc2,0.054627315000,0.000000000000,1.006487296000,0.054605047000,30906.142571,0,400latency_llmop_gpt_gpt-7b_134_layer08_mlp_fc2_pasta_metrics.csv,400latency_llmop_gpt_gpt-7b_134_layer08_mlp_fc2_pasta_out.stdout
gpt,gpt-7b,pasta,135,layer08_mlp_residual,0.000033915000,0.000000000000,0.001278808000,0.000033428000,237.011988,0,400latency_llmop_gpt_gpt-7b_135_layer08_mlp_residual_pasta_metrics.csv,400latency_llmop_gpt_gpt-7b_135_layer08_mlp_residual_pasta_out.stdout
gpt,gpt-7b,pasta,136,layer09_norm1,0.000022026000,0.000000000000,0.000819010000,0.000021541000,246.021900,0,400latency_llmop_gpt_gpt-7b_136_layer09_norm1_pasta_metrics.csv,400latency_llmop_gpt_gpt-7b_136_layer09_norm1_pasta_out.stdout
gpt,gpt-7b,pasta,137,layer09_attn_q,0.040832784125,0.000000000000,1.222602460000,0.040795871000,13256.478806,0,400latency_llmop_gpt_gpt-7b_137_layer09_attn_q_pasta_metrics.csv,400latency_llmop_gpt_gpt-7b_137_layer09_attn_q_pasta_out.stdout
gpt,gpt-7b,pasta,138,layer09_attn_k,0.040832784125,0.000000000000,1.222602460000,0.040795871000,13256.478806,0,400latency_llmop_gpt_gpt-7b_138_layer09_attn_k_pasta_metrics.csv,400latency_llmop_gpt_gpt-7b_138_layer09_attn_k_pasta_out.stdout
gpt,gpt-7b,pasta,139,layer09_attn_v,0.040832784125,0.000000000000,1.222602460000,0.040795871000,13256.478806,0,400latency_llmop_gpt_gpt-7b_139_layer09_attn_v_pasta_metrics.csv,400latency_llmop_gpt_gpt-7b_139_layer09_attn_v_pasta_out.stdout
gpt,gpt-7b,pasta,140,layer09_attn_score,0.012400265000,0.000000000000,0.373988159000,0.012384536000,2542.109534,0,400latency_llmop_gpt_gpt-7b_140_layer09_attn_score_pasta_metrics.csv,400latency_llmop_gpt_gpt-7b_140_layer09_attn_score_pasta_out.stdout
gpt,gpt-7b,pasta,141,layer09_causal_mask,0.000005776000,0.000000000000,0.000133694000,0.000005239000,15.001291,0,400latency_llmop_gpt_gpt-7b_141_layer09_causal_mask_pasta_metrics.csv,400latency_llmop_gpt_gpt-7b_141_layer09_causal_mask_pasta_out.stdout
gpt,gpt-7b,pasta,142,layer09_attn_softmax,0.000018498000,0.000000000000,0.000211893000,0.000018028000,34.006534,0,400latency_llmop_gpt_gpt-7b_142_layer09_attn_softmax_pasta_metrics.csv,400latency_llmop_gpt_gpt-7b_142_layer09_attn_softmax_pasta_out.stdout
gpt,gpt-7b,pasta,143,layer09_attn_value,0.002731007500,0.000000000000,0.061297460000,0.002689751000,16179.605041,0,400latency_llmop_gpt_gpt-7b_143_layer09_attn_value_pasta_metrics.csv,400latency_llmop_gpt_gpt-7b_143_layer09_attn_value_pasta_out.stdout
gpt,gpt-7b,pasta,144,layer09_attn_out,0.040832784125,0.000000000000,1.222602460000,0.040795871000,13256.478806,0,400latency_llmop_gpt_gpt-7b_144_layer09_attn_out_pasta_metrics.csv,400latency_llmop_gpt_gpt-7b_144_layer09_attn_out_pasta_out.stdout
gpt,gpt-7b,pasta,145,layer09_attn_residual,0.000033915000,0.000000000000,0.001278808000,0.000033428000,237.011988,0,400latency_llmop_gpt_gpt-7b_145_layer09_attn_residual_pasta_metrics.csv,400latency_llmop_gpt_gpt-7b_145_layer09_attn_residual_pasta_out.stdout
gpt,gpt-7b,pasta,146,layer09_norm2,0.000022026000,0.000000000000,0.000819010000,0.000021541000,246.021900,0,400latency_llmop_gpt_gpt-7b_146_layer09_norm2_pasta_metrics.csv,400latency_llmop_gpt_gpt-7b_146_layer09_norm2_pasta_out.stdout
gpt,gpt-7b,pasta,147,layer09_mlp_fc1,0.063371056000,0.000000000000,1.150402108000,0.061754257000,13247.468116,0,400latency_llmop_gpt_gpt-7b_147_layer09_mlp_fc1_pasta_metrics.csv,400latency_llmop_gpt_gpt-7b_147_layer09_mlp_fc1_pasta_out.stdout
gpt,gpt-7b,pasta,148,layer09_mlp_gelu,0.000030779350,0.000000000000,0.000315740000,0.000030154000,640.033362,0,400latency_llmop_gpt_gpt-7b_148_layer09_mlp_gelu_pasta_metrics.csv,400latency_llmop_gpt_gpt-7b_148_layer09_mlp_gelu_pasta_out.stdout
gpt,gpt-7b,pasta,149,layer09_mlp_fc2,0.054627315000,0.000000000000,1.006487296000,0.054605047000,30906.142571,0,400latency_llmop_gpt_gpt-7b_149_layer09_mlp_fc2_pasta_metrics.csv,400latency_llmop_gpt_gpt-7b_149_layer09_mlp_fc2_pasta_out.stdout
gpt,gpt-7b,pasta,150,layer09_mlp_residual,0.000033915000,0.000000000000,0.001278808000,0.000033428000,237.011988,0,400latency_llmop_gpt_gpt-7b_150_layer09_mlp_residual_pasta_metrics.csv,400latency_llmop_gpt_gpt-7b_150_layer09_mlp_residual_pasta_out.stdout
gpt,gpt-7b,pasta,151,layer10_norm1,0.000022026000,0.000000000000,0.000819010000,0.000021541000,246.021900,0,400latency_llmop_gpt_gpt-7b_151_layer10_norm1_pasta_metrics.csv,400latency_llmop_gpt_gpt-7b_151_layer10_norm1_pasta_out.stdout
gpt,gpt-7b,pasta,152,layer10_attn_q,0.040832784125,0.000000000000,1.222602460000,0.040795871000,13256.478806,0,400latency_llmop_gpt_gpt-7b_152_layer10_attn_q_pasta_metrics.csv,400latency_llmop_gpt_gpt-7b_152_layer10_attn_q_pasta_out.stdout
gpt,gpt-7b,pasta,153,layer10_attn_k,0.040832784125,0.000000000000,1.222602460000,0.040795871000,13256.478806,0,400latency_llmop_gpt_gpt-7b_153_layer10_attn_k_pasta_metrics.csv,400latency_llmop_gpt_gpt-7b_153_layer10_attn_k_pasta_out.stdout
gpt,gpt-7b,pasta,154,layer10_attn_v,0.040832784125,0.000000000000,1.222602460000,0.040795871000,13256.478806,0,400latency_llmop_gpt_gpt-7b_154_layer10_attn_v_pasta_metrics.csv,400latency_llmop_gpt_gpt-7b_154_layer10_attn_v_pasta_out.stdout
gpt,gpt-7b,pasta,155,layer10_attn_score,0.012400265000,0.000000000000,0.373988159000,0.012384536000,2542.109534,0,400latency_llmop_gpt_gpt-7b_155_layer10_attn_score_pasta_metrics.csv,400latency_llmop_gpt_gpt-7b_155_layer10_attn_score_pasta_out.stdout
gpt,gpt-7b,pasta,156,layer10_causal_mask,0.000005776000,0.000000000000,0.000133694000,0.000005239000,15.001291,0,400latency_llmop_gpt_gpt-7b_156_layer10_causal_mask_pasta_metrics.csv,400latency_llmop_gpt_gpt-7b_156_layer10_causal_mask_pasta_out.stdout
gpt,gpt-7b,pasta,157,layer10_attn_softmax,0.000018498000,0.000000000000,0.000211893000,0.000018028000,34.006534,0,400latency_llmop_gpt_gpt-7b_157_layer10_attn_softmax_pasta_metrics.csv,400latency_llmop_gpt_gpt-7b_157_layer10_attn_softmax_pasta_out.stdout
gpt,gpt-7b,pasta,158,layer10_attn_value,0.002731007500,0.000000000000,0.061297460000,0.002689751000,16179.605041,0,400latency_llmop_gpt_gpt-7b_158_layer10_attn_value_pasta_metrics.csv,400latency_llmop_gpt_gpt-7b_158_layer10_attn_value_pasta_out.stdout
gpt,gpt-7b,pasta,159,layer10_attn_out,0.040832784125,0.000000000000,1.222602460000,0.040795871000,13256.478806,0,400latency_llmop_gpt_gpt-7b_159_layer10_attn_out_pasta_metrics.csv,400latency_llmop_gpt_gpt-7b_159_layer10_attn_out_pasta_out.stdout
gpt,gpt-7b,pasta,160,layer10_attn_residual,0.000033915000,0.000000000000,0.001278808000,0.000033428000,237.011988,0,400latency_llmop_gpt_gpt-7b_160_layer10_attn_residual_pasta_metrics.csv,400latency_llmop_gpt_gpt-7b_160_layer10_attn_residual_pasta_out.stdout
gpt,gpt-7b,pasta,161,layer10_norm2,0.000022026000,0.000000000000,0.000819010000,0.000021541000,246.021900,0,400latency_llmop_gpt_gpt-7b_161_layer10_norm2_pasta_metrics.csv,400latency_llmop_gpt_gpt-7b_161_layer10_norm2_pasta_out.stdout
gpt,gpt-7b,pasta,162,layer10_mlp_fc1,0.063371056000,0.000000000000,1.150402108000,0.061754257000,13247.468116,0,400latency_llmop_gpt_gpt-7b_162_layer10_mlp_fc1_pasta_metrics.csv,400latency_llmop_gpt_gpt-7b_162_layer10_mlp_fc1_pasta_out.stdout
gpt,gpt-7b,pasta,163,layer10_mlp_gelu,0.000030779350,0.000000000000,0.000315740000,0.000030154000,640.033362,0,400latency_llmop_gpt_gpt-7b_163_layer10_mlp_gelu_pasta_metrics.csv,400latency_llmop_gpt_gpt-7b_163_layer10_mlp_gelu_pasta_out.stdout
gpt,gpt-7b,pasta,164,layer10_mlp_fc2,0.054627315000,0.000000000000,1.006487296000,0.054605047000,30906.142571,0,400latency_llmop_gpt_gpt-7b_164_layer10_mlp_fc2_pasta_metrics.csv,400latency_llmop_gpt_gpt-7b_164_layer10_mlp_fc2_pasta_out.stdout
gpt,gpt-7b,pasta,165,layer10_mlp_residual,0.000033915000,0.000000000000,0.001278808000,0.000033428000,237.011988,0,400latency_llmop_gpt_gpt-7b_165_layer10_mlp_residual_pasta_metrics.csv,400latency_llmop_gpt_gpt-7b_165_layer10_mlp_residual_pasta_out.stdout
gpt,gpt-7b,pasta,166,layer11_norm1,0.000022026000,0.000000000000,0.000819010000,0.000021541000,246.021900,0,400latency_llmop_gpt_gpt-7b_166_layer11_norm1_pasta_metrics.csv,400latency_llmop_gpt_gpt-7b_166_layer11_norm1_pasta_out.stdout
gpt,gpt-7b,pasta,167,layer11_attn_q,0.040832784125,0.000000000000,1.222602460000,0.040795871000,13256.478806,0,400latency_llmop_gpt_gpt-7b_167_layer11_attn_q_pasta_metrics.csv,400latency_llmop_gpt_gpt-7b_167_layer11_attn_q_pasta_out.stdout
gpt,gpt-7b,pasta,168,layer11_attn_k,0.040832784125,0.000000000000,1.222602460000,0.040795871000,13256.478806,0,400latency_llmop_gpt_gpt-7b_168_layer11_attn_k_pasta_metrics.csv,400latency_llmop_gpt_gpt-7b_168_layer11_attn_k_pasta_out.stdout
gpt,gpt-7b,pasta,169,layer11_attn_v,0.040832784125,0.000000000000,1.222602460000,0.040795871000,13256.478806,0,400latency_llmop_gpt_gpt-7b_169_layer11_attn_v_pasta_metrics.csv,400latency_llmop_gpt_gpt-7b_169_layer11_attn_v_pasta_out.stdout
gpt,gpt-7b,pasta,170,layer11_attn_score,0.012400265000,0.000000000000,0.373988159000,0.012384536000,2542.109534,0,400latency_llmop_gpt_gpt-7b_170_layer11_attn_score_pasta_metrics.csv,400latency_llmop_gpt_gpt-7b_170_layer11_attn_score_pasta_out.stdout
gpt,gpt-7b,pasta,171,layer11_causal_mask,0.000005776000,0.000000000000,0.000133694000,0.000005239000,15.001291,0,400latency_llmop_gpt_gpt-7b_171_layer11_causal_mask_pasta_metrics.csv,400latency_llmop_gpt_gpt-7b_171_layer11_causal_mask_pasta_out.stdout
gpt,gpt-7b,pasta,172,layer11_attn_softmax,0.000018498000,0.000000000000,0.000211893000,0.000018028000,34.006534,0,400latency_llmop_gpt_gpt-7b_172_layer11_attn_softmax_pasta_metrics.csv,400latency_llmop_gpt_gpt-7b_172_layer11_attn_softmax_pasta_out.stdout
gpt,gpt-7b,pasta,173,layer11_attn_value,0.002731007500,0.000000000000,0.061297460000,0.002689751000,16179.605041,0,400latency_llmop_gpt_gpt-7b_173_layer11_attn_value_pasta_metrics.csv,400latency_llmop_gpt_gpt-7b_173_layer11_attn_value_pasta_out.stdout
gpt,gpt-7b,pasta,174,layer11_attn_out,0.040832784125,0.000000000000,1.222602460000,0.040795871000,13256.478806,0,400latency_llmop_gpt_gpt-7b_174_layer11_attn_out_pasta_metrics.csv,400latency_llmop_gpt_gpt-7b_174_layer11_attn_out_pasta_out.stdout
gpt,gpt-7b,pasta,175,layer11_attn_residual,0.000033915000,0.000000000000,0.001278808000,0.000033428000,237.011988,0,400latency_llmop_gpt_gpt-7b_175_layer11_attn_residual_pasta_metrics.csv,400latency_llmop_gpt_gpt-7b_175_layer11_attn_residual_pasta_out.stdout
gpt,gpt-7b,pasta,176,layer11_norm2,0.000022026000,0.000000000000,0.000819010000,0.000021541000,246.021900,0,400latency_llmop_gpt_gpt-7b_176_layer11_norm2_pasta_metrics.csv,400latency_llmop_gpt_gpt-7b_176_layer11_norm2_pasta_out.stdout
gpt,gpt-7b,pasta,177,layer11_mlp_fc1,0.063371056000,0.000000000000,1.150402108000,0.061754257000,13247.468116,0,400latency_llmop_gpt_gpt-7b_177_layer11_mlp_fc1_pasta_metrics.csv,400latency_llmop_gpt_gpt-7b_177_layer11_mlp_fc1_pasta_out.stdout
gpt,gpt-7b,pasta,178,layer11_mlp_gelu,0.000030779350,0.000000000000,0.000315740000,0.000030154000,640.033362,0,400latency_llmop_gpt_gpt-7b_178_layer11_mlp_gelu_pasta_metrics.csv,400latency_llmop_gpt_gpt-7b_178_layer11_mlp_gelu_pasta_out.stdout
gpt,gpt-7b,pasta,179,layer11_mlp_fc2,0.054627315000,0.000000000000,1.006487296000,0.054605047000,30906.142571,0,400latency_llmop_gpt_gpt-7b_179_layer11_mlp_fc2_pasta_metrics.csv,400latency_llmop_gpt_gpt-7b_179_layer11_mlp_fc2_pasta_out.stdout
gpt,gpt-7b,pasta,180,layer11_mlp_residual,0.000033915000,0.000000000000,0.001278808000,0.000033428000,237.011988,0,400latency_llmop_gpt_gpt-7b_180_layer11_mlp_residual_pasta_metrics.csv,400latency_llmop_gpt_gpt-7b_180_layer11_mlp_residual_pasta_out.stdout
gpt,gpt-7b,pasta,181,layer12_norm1,0.000022026000,0.000000000000,0.000819010000,0.000021541000,246.021900,0,400latency_llmop_gpt_gpt-7b_181_layer12_norm1_pasta_metrics.csv,400latency_llmop_gpt_gpt-7b_181_layer12_norm1_pasta_out.stdout
gpt,gpt-7b,pasta,182,layer12_attn_q,0.040832784125,0.000000000000,1.222602460000,0.040795871000,13256.478806,0,400latency_llmop_gpt_gpt-7b_182_layer12_attn_q_pasta_metrics.csv,400latency_llmop_gpt_gpt-7b_182_layer12_attn_q_pasta_out.stdout
gpt,gpt-7b,pasta,183,layer12_attn_k,0.040832784125,0.000000000000,1.222602460000,0.040795871000,13256.478806,0,400latency_llmop_gpt_gpt-7b_183_layer12_attn_k_pasta_metrics.csv,400latency_llmop_gpt_gpt-7b_183_layer12_attn_k_pasta_out.stdout
gpt,gpt-7b,pasta,184,layer12_attn_v,0.040832784125,0.000000000000,1.222602460000,0.040795871000,13256.478806,0,400latency_llmop_gpt_gpt-7b_184_layer12_attn_v_pasta_metrics.csv,400latency_llmop_gpt_gpt-7b_184_layer12_attn_v_pasta_out.stdout
gpt,gpt-7b,pasta,185,layer12_attn_score,0.012400265000,0.000000000000,0.373988159000,0.012384536000,2542.109534,0,400latency_llmop_gpt_gpt-7b_185_layer12_attn_score_pasta_metrics.csv,400latency_llmop_gpt_gpt-7b_185_layer12_attn_score_pasta_out.stdout
gpt,gpt-7b,pasta,186,layer12_causal_mask,0.000005776000,0.000000000000,0.000133694000,0.000005239000,15.001291,0,400latency_llmop_gpt_gpt-7b_186_layer12_causal_mask_pasta_metrics.csv,400latency_llmop_gpt_gpt-7b_186_layer12_causal_mask_pasta_out.stdout
gpt,gpt-7b,pasta,187,layer12_attn_softmax,0.000018498000,0.000000000000,0.000211893000,0.000018028000,34.006534,0,400latency_llmop_gpt_gpt-7b_187_layer12_attn_softmax_pasta_metrics.csv,400latency_llmop_gpt_gpt-7b_187_layer12_attn_softmax_pasta_out.stdout
gpt,gpt-7b,pasta,188,layer12_attn_value,0.002731007500,0.000000000000,0.061297460000,0.002689751000,16179.605041,0,400latency_llmop_gpt_gpt-7b_188_layer12_attn_value_pasta_metrics.csv,400latency_llmop_gpt_gpt-7b_188_layer12_attn_value_pasta_out.stdout
gpt,gpt-7b,pasta,189,layer12_attn_out,0.040832784125,0.000000000000,1.222602460000,0.040795871000,13256.478806,0,400latency_llmop_gpt_gpt-7b_189_layer12_attn_out_pasta_metrics.csv,400latency_llmop_gpt_gpt-7b_189_layer12_attn_out_pasta_out.stdout
gpt,gpt-7b,pasta,190,layer12_attn_residual,0.000033915000,0.000000000000,0.001278808000,0.000033428000,237.011988,0,400latency_llmop_gpt_gpt-7b_190_layer12_attn_residual_pasta_metrics.csv,400latency_llmop_gpt_gpt-7b_190_layer12_attn_residual_pasta_out.stdout
gpt,gpt-7b,pasta,191,layer12_norm2,0.000022026000,0.000000000000,0.000819010000,0.000021541000,246.021900,0,400latency_llmop_gpt_gpt-7b_191_layer12_norm2_pasta_metrics.csv,400latency_llmop_gpt_gpt-7b_191_layer12_norm2_pasta_out.stdout
gpt,gpt-7b,pasta,192,layer12_mlp_fc1,0.063371056000,0.000000000000,1.150402108000,0.061754257000,13247.468116,0,400latency_llmop_gpt_gpt-7b_192_layer12_mlp_fc1_pasta_metrics.csv,400latency_llmop_gpt_gpt-7b_192_layer12_mlp_fc1_pasta_out.stdout
gpt,gpt-7b,pasta,193,layer12_mlp_gelu,0.000030779350,0.000000000000,0.000315740000,0.000030154000,640.033362,0,400latency_llmop_gpt_gpt-7b_193_layer12_mlp_gelu_pasta_metrics.csv,400latency_llmop_gpt_gpt-7b_193_layer12_mlp_gelu_pasta_out.stdout
gpt,gpt-7b,pasta,194,layer12_mlp_fc2,0.054627315000,0.000000000000,1.006487296000,0.054605047000,30906.142571,0,400latency_llmop_gpt_gpt-7b_194_layer12_mlp_fc2_pasta_metrics.csv,400latency_llmop_gpt_gpt-7b_194_layer12_mlp_fc2_pasta_out.stdout
gpt,gpt-7b,pasta,195,layer12_mlp_residual,0.000033915000,0.000000000000,0.001278808000,0.000033428000,237.011988,0,400latency_llmop_gpt_gpt-7b_195_layer12_mlp_residual_pasta_metrics.csv,400latency_llmop_gpt_gpt-7b_195_layer12_mlp_residual_pasta_out.stdout
gpt,gpt-7b,pasta,196,layer13_norm1,0.000022026000,0.000000000000,0.000819010000,0.000021541000,246.021900,0,400latency_llmop_gpt_gpt-7b_196_layer13_norm1_pasta_metrics.csv,400latency_llmop_gpt_gpt-7b_196_layer13_norm1_pasta_out.stdout
gpt,gpt-7b,pasta,197,layer13_attn_q,0.040832784125,0.000000000000,1.222602460000,0.040795871000,13256.478806,0,400latency_llmop_gpt_gpt-7b_197_layer13_attn_q_pasta_metrics.csv,400latency_llmop_gpt_gpt-7b_197_layer13_attn_q_pasta_out.stdout
gpt,gpt-7b,pasta,198,layer13_attn_k,0.040832784125,0.000000000000,1.222602460000,0.040795871000,13256.478806,0,400latency_llmop_gpt_gpt-7b_198_layer13_attn_k_pasta_metrics.csv,400latency_llmop_gpt_gpt-7b_198_layer13_attn_k_pasta_out.stdout
gpt,gpt-7b,pasta,199,layer13_attn_v,0.040832784125,0.000000000000,1.222602460000,0.040795871000,13256.478806,0,400latency_llmop_gpt_gpt-7b_199_layer13_attn_v_pasta_metrics.csv,400latency_llmop_gpt_gpt-7b_199_layer13_attn_v_pasta_out.stdout
gpt,gpt-7b,pasta,200,layer13_attn_score,0.012400265000,0.000000000000,0.373988159000,0.012384536000,2542.109534,0,400latency_llmop_gpt_gpt-7b_200_layer13_attn_score_pasta_metrics.csv,400latency_llmop_gpt_gpt-7b_200_layer13_attn_score_pasta_out.stdout
gpt,gpt-7b,pasta,201,layer13_causal_mask,0.000005776000,0.000000000000,0.000133694000,0.000005239000,15.001291,0,400latency_llmop_gpt_gpt-7b_201_layer13_causal_mask_pasta_metrics.csv,400latency_llmop_gpt_gpt-7b_201_layer13_causal_mask_pasta_out.stdout
gpt,gpt-7b,pasta,202,layer13_attn_softmax,0.000018498000,0.000000000000,0.000211893000,0.000018028000,34.006534,0,400latency_llmop_gpt_gpt-7b_202_layer13_attn_softmax_pasta_metrics.csv,400latency_llmop_gpt_gpt-7b_202_layer13_attn_softmax_pasta_out.stdout
gpt,gpt-7b,pasta,203,layer13_attn_value,0.002731007500,0.000000000000,0.061297460000,0.002689751000,16179.605041,0,400latency_llmop_gpt_gpt-7b_203_layer13_attn_value_pasta_metrics.csv,400latency_llmop_gpt_gpt-7b_203_layer13_attn_value_pasta_out.stdout
gpt,gpt-7b,pasta,204,layer13_attn_out,0.040832784125,0.000000000000,1.222602460000,0.040795871000,13256.478806,0,400latency_llmop_gpt_gpt-7b_204_layer13_attn_out_pasta_metrics.csv,400latency_llmop_gpt_gpt-7b_204_layer13_attn_out_pasta_out.stdout
gpt,gpt-7b,pasta,205,layer13_attn_residual,0.000033915000,0.000000000000,0.001278808000,0.000033428000,237.011988,0,400latency_llmop_gpt_gpt-7b_205_layer13_attn_residual_pasta_metrics.csv,400latency_llmop_gpt_gpt-7b_205_layer13_attn_residual_pasta_out.stdout
gpt,gpt-7b,pasta,206,layer13_norm2,0.000022026000,0.000000000000,0.000819010000,0.000021541000,246.021900,0,400latency_llmop_gpt_gpt-7b_206_layer13_norm2_pasta_metrics.csv,400latency_llmop_gpt_gpt-7b_206_layer13_norm2_pasta_out.stdout
gpt,gpt-7b,pasta,207,layer13_mlp_fc1,0.063371056000,0.000000000000,1.150402108000,0.061754257000,13247.468116,0,400latency_llmop_gpt_gpt-7b_207_layer13_mlp_fc1_pasta_metrics.csv,400latency_llmop_gpt_gpt-7b_207_layer13_mlp_fc1_pasta_out.stdout
gpt,gpt-7b,pasta,208,layer13_mlp_gelu,0.000030779350,0.000000000000,0.000315740000,0.000030154000,640.033362,0,400latency_llmop_gpt_gpt-7b_208_layer13_mlp_gelu_pasta_metrics.csv,400latency_llmop_gpt_gpt-7b_208_layer13_mlp_gelu_pasta_out.stdout
gpt,gpt-7b,pasta,209,layer13_mlp_fc2,0.054627315000,0.000000000000,1.006487296000,0.054605047000,30906.142571,0,400latency_llmop_gpt_gpt-7b_209_layer13_mlp_fc2_pasta_metrics.csv,400latency_llmop_gpt_gpt-7b_209_layer13_mlp_fc2_pasta_out.stdout
gpt,gpt-7b,pasta,210,layer13_mlp_residual,0.000033915000,0.000000000000,0.001278808000,0.000033428000,237.011988,0,400latency_llmop_gpt_gpt-7b_210_layer13_mlp_residual_pasta_metrics.csv,400latency_llmop_gpt_gpt-7b_210_layer13_mlp_residual_pasta_out.stdout
gpt,gpt-7b,pasta,211,layer14_norm1,0.000022026000,0.000000000000,0.000819010000,0.000021541000,246.021900,0,400latency_llmop_gpt_gpt-7b_211_layer14_norm1_pasta_metrics.csv,400latency_llmop_gpt_gpt-7b_211_layer14_norm1_pasta_out.stdout
gpt,gpt-7b,pasta,212,layer14_attn_q,0.040832784125,0.000000000000,1.222602460000,0.040795871000,13256.478806,0,400latency_llmop_gpt_gpt-7b_212_layer14_attn_q_pasta_metrics.csv,400latency_llmop_gpt_gpt-7b_212_layer14_attn_q_pasta_out.stdout
gpt,gpt-7b,pasta,213,layer14_attn_k,0.040832784125,0.000000000000,1.222602460000,0.040795871000,13256.478806,0,400latency_llmop_gpt_gpt-7b_213_layer14_attn_k_pasta_metrics.csv,400latency_llmop_gpt_gpt-7b_213_layer14_attn_k_pasta_out.stdout
gpt,gpt-7b,pasta,214,layer14_attn_v,0.040832784125,0.000000000000,1.222602460000,0.040795871000,13256.478806,0,400latency_llmop_gpt_gpt-7b_214_layer14_attn_v_pasta_metrics.csv,400latency_llmop_gpt_gpt-7b_214_layer14_attn_v_pasta_out.stdout
gpt,gpt-7b,pasta,215,layer14_attn_score,0.012400265000,0.000000000000,0.373988159000,0.012384536000,2542.109534,0,400latency_llmop_gpt_gpt-7b_215_layer14_attn_score_pasta_metrics.csv,400latency_llmop_gpt_gpt-7b_215_layer14_attn_score_pasta_out.stdout
gpt,gpt-7b,pasta,216,layer14_causal_mask,0.000005776000,0.000000000000,0.000133694000,0.000005239000,15.001291,0,400latency_llmop_gpt_gpt-7b_216_layer14_causal_mask_pasta_metrics.csv,400latency_llmop_gpt_gpt-7b_216_layer14_causal_mask_pasta_out.stdout
gpt,gpt-7b,pasta,217,layer14_attn_softmax,0.000018498000,0.000000000000,0.000211893000,0.000018028000,34.006534,0,400latency_llmop_gpt_gpt-7b_217_layer14_attn_softmax_pasta_metrics.csv,400latency_llmop_gpt_gpt-7b_217_layer14_attn_softmax_pasta_out.stdout
gpt,gpt-7b,pasta,218,layer14_attn_value,0.002731007500,0.000000000000,0.061297460000,0.002689751000,16179.605041,0,400latency_llmop_gpt_gpt-7b_218_layer14_attn_value_pasta_metrics.csv,400latency_llmop_gpt_gpt-7b_218_layer14_attn_value_pasta_out.stdout
gpt,gpt-7b,pasta,219,layer14_attn_out,0.040832784125,0.000000000000,1.222602460000,0.040795871000,13256.478806,0,400latency_llmop_gpt_gpt-7b_219_layer14_attn_out_pasta_metrics.csv,400latency_llmop_gpt_gpt-7b_219_layer14_attn_out_pasta_out.stdout
gpt,gpt-7b,pasta,220,layer14_attn_residual,0.000033915000,0.000000000000,0.001278808000,0.000033428000,237.011988,0,400latency_llmop_gpt_gpt-7b_220_layer14_attn_residual_pasta_metrics.csv,400latency_llmop_gpt_gpt-7b_220_layer14_attn_residual_pasta_out.stdout
gpt,gpt-7b,pasta,221,layer14_norm2,0.000022026000,0.000000000000,0.000819010000,0.000021541000,246.021900,0,400latency_llmop_gpt_gpt-7b_221_layer14_norm2_pasta_metrics.csv,400latency_llmop_gpt_gpt-7b_221_layer14_norm2_pasta_out.stdout
gpt,gpt-7b,pasta,222,layer14_mlp_fc1,0.063371056000,0.000000000000,1.150402108000,0.061754257000,13247.468116,0,400latency_llmop_gpt_gpt-7b_222_layer14_mlp_fc1_pasta_metrics.csv,400latency_llmop_gpt_gpt-7b_222_layer14_mlp_fc1_pasta_out.stdout
gpt,gpt-7b,pasta,223,layer14_mlp_gelu,0.000030779350,0.000000000000,0.000315740000,0.000030154000,640.033362,0,400latency_llmop_gpt_gpt-7b_223_layer14_mlp_gelu_pasta_metrics.csv,400latency_llmop_gpt_gpt-7b_223_layer14_mlp_gelu_pasta_out.stdout
gpt,gpt-7b,pasta,224,layer14_mlp_fc2,0.054627315000,0.000000000000,1.006487296000,0.054605047000,30906.142571,0,400latency_llmop_gpt_gpt-7b_224_layer14_mlp_fc2_pasta_metrics.csv,400latency_llmop_gpt_gpt-7b_224_layer14_mlp_fc2_pasta_out.stdout
gpt,gpt-7b,pasta,225,layer14_mlp_residual,0.000033915000,0.000000000000,0.001278808000,0.000033428000,237.011988,0,400latency_llmop_gpt_gpt-7b_225_layer14_mlp_residual_pasta_metrics.csv,400latency_llmop_gpt_gpt-7b_225_layer14_mlp_residual_pasta_out.stdout
gpt,gpt-7b,pasta,226,layer15_norm1,0.000022026000,0.000000000000,0.000819010000,0.000021541000,246.021900,0,400latency_llmop_gpt_gpt-7b_226_layer15_norm1_pasta_metrics.csv,400latency_llmop_gpt_gpt-7b_226_layer15_norm1_pasta_out.stdout
gpt,gpt-7b,pasta,227,layer15_attn_q,0.040832784125,0.000000000000,1.222602460000,0.040795871000,13256.478806,0,400latency_llmop_gpt_gpt-7b_227_layer15_attn_q_pasta_metrics.csv,400latency_llmop_gpt_gpt-7b_227_layer15_attn_q_pasta_out.stdout
gpt,gpt-7b,pasta,228,layer15_attn_k,0.040832784125,0.000000000000,1.222602460000,0.040795871000,13256.478806,0,400latency_llmop_gpt_gpt-7b_228_layer15_attn_k_pasta_metrics.csv,400latency_llmop_gpt_gpt-7b_228_layer15_attn_k_pasta_out.stdout
gpt,gpt-7b,pasta,229,layer15_attn_v,0.040832784125,0.000000000000,1.222602460000,0.040795871000,13256.478806,0,400latency_llmop_gpt_gpt-7b_229_layer15_attn_v_pasta_metrics.csv,400latency_llmop_gpt_gpt-7b_229_layer15_attn_v_pasta_out.stdout
gpt,gpt-7b,pasta,230,layer15_attn_score,0.012400265000,0.000000000000,0.373988159000,0.012384536000,2542.109534,0,400latency_llmop_gpt_gpt-7b_230_layer15_attn_score_pasta_metrics.csv,400latency_llmop_gpt_gpt-7b_230_layer15_attn_score_pasta_out.stdout
gpt,gpt-7b,pasta,231,layer15_causal_mask,0.000005776000,0.000000000000,0.000133694000,0.000005239000,15.001291,0,400latency_llmop_gpt_gpt-7b_231_layer15_causal_mask_pasta_metrics.csv,400latency_llmop_gpt_gpt-7b_231_layer15_causal_mask_pasta_out.stdout
gpt,gpt-7b,pasta,232,layer15_attn_softmax,0.000018498000,0.000000000000,0.000211893000,0.000018028000,34.006534,0,400latency_llmop_gpt_gpt-7b_232_layer15_attn_softmax_pasta_metrics.csv,400latency_llmop_gpt_gpt-7b_232_layer15_attn_softmax_pasta_out.stdout
gpt,gpt-7b,pasta,233,layer15_attn_value,0.002731007500,0.000000000000,0.061297460000,0.002689751000,16179.605041,0,400latency_llmop_gpt_gpt-7b_233_layer15_attn_value_pasta_metrics.csv,400latency_llmop_gpt_gpt-7b_233_layer15_attn_value_pasta_out.stdout
gpt,gpt-7b,pasta,234,layer15_attn_out,0.040832784125,0.000000000000,1.222602460000,0.040795871000,13256.478806,0,400latency_llmop_gpt_gpt-7b_234_layer15_attn_out_pasta_metrics.csv,400latency_llmop_gpt_gpt-7b_234_layer15_attn_out_pasta_out.stdout
gpt,gpt-7b,pasta,235,layer15_attn_residual,0.000033915000,0.000000000000,0.001278808000,0.000033428000,237.011988,0,400latency_llmop_gpt_gpt-7b_235_layer15_attn_residual_pasta_metrics.csv,400latency_llmop_gpt_gpt-7b_235_layer15_attn_residual_pasta_out.stdout
gpt,gpt-7b,pasta,236,layer15_norm2,0.000022026000,0.000000000000,0.000819010000,0.000021541000,246.021900,0,400latency_llmop_gpt_gpt-7b_236_layer15_norm2_pasta_metrics.csv,400latency_llmop_gpt_gpt-7b_236_layer15_norm2_pasta_out.stdout
gpt,gpt-7b,pasta,237,layer15_mlp_fc1,0.063371056000,0.000000000000,1.150402108000,0.061754257000,13247.468116,0,400latency_llmop_gpt_gpt-7b_237_layer15_mlp_fc1_pasta_metrics.csv,400latency_llmop_gpt_gpt-7b_237_layer15_mlp_fc1_pasta_out.stdout
gpt,gpt-7b,pasta,238,layer15_mlp_gelu,0.000030779350,0.000000000000,0.000315740000,0.000030154000,640.033362,0,400latency_llmop_gpt_gpt-7b_238_layer15_mlp_gelu_pasta_metrics.csv,400latency_llmop_gpt_gpt-7b_238_layer15_mlp_gelu_pasta_out.stdout
gpt,gpt-7b,pasta,239,layer15_mlp_fc2,0.054627315000,0.000000000000,1.006487296000,0.054605047000,30906.142571,0,400latency_llmop_gpt_gpt-7b_239_layer15_mlp_fc2_pasta_metrics.csv,400latency_llmop_gpt_gpt-7b_239_layer15_mlp_fc2_pasta_out.stdout
gpt,gpt-7b,pasta,240,layer15_mlp_residual,0.000033915000,0.000000000000,0.001278808000,0.000033428000,237.011988,0,400latency_llmop_gpt_gpt-7b_240_layer15_mlp_residual_pasta_metrics.csv,400latency_llmop_gpt_gpt-7b_240_layer15_mlp_residual_pasta_out.stdout
gpt,gpt-7b,pasta,241,layer16_norm1,0.000022026000,0.000000000000,0.000819010000,0.000021541000,246.021900,0,400latency_llmop_gpt_gpt-7b_241_layer16_norm1_pasta_metrics.csv,400latency_llmop_gpt_gpt-7b_241_layer16_norm1_pasta_out.stdout
gpt,gpt-7b,pasta,242,layer16_attn_q,0.040832784125,0.000000000000,1.222602460000,0.040795871000,13256.478806,0,400latency_llmop_gpt_gpt-7b_242_layer16_attn_q_pasta_metrics.csv,400latency_llmop_gpt_gpt-7b_242_layer16_attn_q_pasta_out.stdout
gpt,gpt-7b,pasta,243,layer16_attn_k,0.040832784125,0.000000000000,1.222602460000,0.040795871000,13256.478806,0,400latency_llmop_gpt_gpt-7b_243_layer16_attn_k_pasta_metrics.csv,400latency_llmop_gpt_gpt-7b_243_layer16_attn_k_pasta_out.stdout
gpt,gpt-7b,pasta,244,layer16_attn_v,0.040832784125,0.000000000000,1.222602460000,0.040795871000,13256.478806,0,400latency_llmop_gpt_gpt-7b_244_layer16_attn_v_pasta_metrics.csv,400latency_llmop_gpt_gpt-7b_244_layer16_attn_v_pasta_out.stdout
gpt,gpt-7b,pasta,245,layer16_attn_score,0.012400265000,0.000000000000,0.373988159000,0.012384536000,2542.109534,0,400latency_llmop_gpt_gpt-7b_245_layer16_attn_score_pasta_metrics.csv,400latency_llmop_gpt_gpt-7b_245_layer16_attn_score_pasta_out.stdout
gpt,gpt-7b,pasta,246,layer16_causal_mask,0.000005776000,0.000000000000,0.000133694000,0.000005239000,15.001291,0,400latency_llmop_gpt_gpt-7b_246_layer16_causal_mask_pasta_metrics.csv,400latency_llmop_gpt_gpt-7b_246_layer16_causal_mask_pasta_out.stdout
gpt,gpt-7b,pasta,247,layer16_attn_softmax,0.000018498000,0.000000000000,0.000211893000,0.000018028000,34.006534,0,400latency_llmop_gpt_gpt-7b_247_layer16_attn_softmax_pasta_metrics.csv,400latency_llmop_gpt_gpt-7b_247_layer16_attn_softmax_pasta_out.stdout
gpt,gpt-7b,pasta,248,layer16_attn_value,0.002731007500,0.000000000000,0.061297460000,0.002689751000,16179.605041,0,400latency_llmop_gpt_gpt-7b_248_layer16_attn_value_pasta_metrics.csv,400latency_llmop_gpt_gpt-7b_248_layer16_attn_value_pasta_out.stdout
gpt,gpt-7b,pasta,249,layer16_attn_out,0.040832784125,0.000000000000,1.222602460000,0.040795871000,13256.478806,0,400latency_llmop_gpt_gpt-7b_249_layer16_attn_out_pasta_metrics.csv,400latency_llmop_gpt_gpt-7b_249_layer16_attn_out_pasta_out.stdout
gpt,gpt-7b,pasta,250,layer16_attn_residual,0.000033915000,0.000000000000,0.001278808000,0.000033428000,237.011988,0,400latency_llmop_gpt_gpt-7b_250_layer16_attn_residual_pasta_metrics.csv,400latency_llmop_gpt_gpt-7b_250_layer16_attn_residual_pasta_out.stdout
gpt,gpt-7b,pasta,251,layer16_norm2,0.000022026000,0.000000000000,0.000819010000,0.000021541000,246.021900,0,400latency_llmop_gpt_gpt-7b_251_layer16_norm2_pasta_metrics.csv,400latency_llmop_gpt_gpt-7b_251_layer16_norm2_pasta_out.stdout
gpt,gpt-7b,pasta,252,layer16_mlp_fc1,0.063371056000,0.000000000000,1.150402108000,0.061754257000,13247.468116,0,400latency_llmop_gpt_gpt-7b_252_layer16_mlp_fc1_pasta_metrics.csv,400latency_llmop_gpt_gpt-7b_252_layer16_mlp_fc1_pasta_out.stdout
gpt,gpt-7b,pasta,253,layer16_mlp_gelu,0.000030779350,0.000000000000,0.000315740000,0.000030154000,640.033362,0,400latency_llmop_gpt_gpt-7b_253_layer16_mlp_gelu_pasta_metrics.csv,400latency_llmop_gpt_gpt-7b_253_layer16_mlp_gelu_pasta_out.stdout
gpt,gpt-7b,pasta,254,layer16_mlp_fc2,0.054627315000,0.000000000000,1.006487296000,0.054605047000,30906.142571,0,400latency_llmop_gpt_gpt-7b_254_layer16_mlp_fc2_pasta_metrics.csv,400latency_llmop_gpt_gpt-7b_254_layer16_mlp_fc2_pasta_out.stdout
gpt,gpt-7b,pasta,255,layer16_mlp_residual,0.000033915000,0.000000000000,0.001278808000,0.000033428000,237.011988,0,400latency_llmop_gpt_gpt-7b_255_layer16_mlp_residual_pasta_metrics.csv,400latency_llmop_gpt_gpt-7b_255_layer16_mlp_residual_pasta_out.stdout
gpt,gpt-7b,pasta,256,layer17_norm1,0.000022026000,0.000000000000,0.000819010000,0.000021541000,246.021900,0,400latency_llmop_gpt_gpt-7b_256_layer17_norm1_pasta_metrics.csv,400latency_llmop_gpt_gpt-7b_256_layer17_norm1_pasta_out.stdout
gpt,gpt-7b,pasta,257,layer17_attn_q,0.040832784125,0.000000000000,1.222602460000,0.040795871000,13256.478806,0,400latency_llmop_gpt_gpt-7b_257_layer17_attn_q_pasta_metrics.csv,400latency_llmop_gpt_gpt-7b_257_layer17_attn_q_pasta_out.stdout
gpt,gpt-7b,pasta,258,layer17_attn_k,0.040832784125,0.000000000000,1.222602460000,0.040795871000,13256.478806,0,400latency_llmop_gpt_gpt-7b_258_layer17_attn_k_pasta_metrics.csv,400latency_llmop_gpt_gpt-7b_258_layer17_attn_k_pasta_out.stdout
gpt,gpt-7b,pasta,259,layer17_attn_v,0.040832784125,0.000000000000,1.222602460000,0.040795871000,13256.478806,0,400latency_llmop_gpt_gpt-7b_259_layer17_attn_v_pasta_metrics.csv,400latency_llmop_gpt_gpt-7b_259_layer17_attn_v_pasta_out.stdout
gpt,gpt-7b,pasta,260,layer17_attn_score,0.012400265000,0.000000000000,0.373988159000,0.012384536000,2542.109534,0,400latency_llmop_gpt_gpt-7b_260_layer17_attn_score_pasta_metrics.csv,400latency_llmop_gpt_gpt-7b_260_layer17_attn_score_pasta_out.stdout
gpt,gpt-7b,pasta,261,layer17_causal_mask,0.000005776000,0.000000000000,0.000133694000,0.000005239000,15.001291,0,400latency_llmop_gpt_gpt-7b_261_layer17_causal_mask_pasta_metrics.csv,400latency_llmop_gpt_gpt-7b_261_layer17_causal_mask_pasta_out.stdout
gpt,gpt-7b,pasta,262,layer17_attn_softmax,0.000018498000,0.000000000000,0.000211893000,0.000018028000,34.006534,0,400latency_llmop_gpt_gpt-7b_262_layer17_attn_softmax_pasta_metrics.csv,400latency_llmop_gpt_gpt-7b_262_layer17_attn_softmax_pasta_out.stdout
gpt,gpt-7b,pasta,263,layer17_attn_value,0.002731007500,0.000000000000,0.061297460000,0.002689751000,16179.605041,0,400latency_llmop_gpt_gpt-7b_263_layer17_attn_value_pasta_metrics.csv,400latency_llmop_gpt_gpt-7b_263_layer17_attn_value_pasta_out.stdout
gpt,gpt-7b,pasta,264,layer17_attn_out,0.040832784125,0.000000000000,1.222602460000,0.040795871000,13256.478806,0,400latency_llmop_gpt_gpt-7b_264_layer17_attn_out_pasta_metrics.csv,400latency_llmop_gpt_gpt-7b_264_layer17_attn_out_pasta_out.stdout
gpt,gpt-7b,pasta,265,layer17_attn_residual,0.000033915000,0.000000000000,0.001278808000,0.000033428000,237.011988,0,400latency_llmop_gpt_gpt-7b_265_layer17_attn_residual_pasta_metrics.csv,400latency_llmop_gpt_gpt-7b_265_layer17_attn_residual_pasta_out.stdout
gpt,gpt-7b,pasta,266,layer17_norm2,0.000022026000,0.000000000000,0.000819010000,0.000021541000,246.021900,0,400latency_llmop_gpt_gpt-7b_266_layer17_norm2_pasta_metrics.csv,400latency_llmop_gpt_gpt-7b_266_layer17_norm2_pasta_out.stdout
gpt,gpt-7b,pasta,267,layer17_mlp_fc1,0.063371056000,0.000000000000,1.150402108000,0.061754257000,13247.468116,0,400latency_llmop_gpt_gpt-7b_267_layer17_mlp_fc1_pasta_metrics.csv,400latency_llmop_gpt_gpt-7b_267_layer17_mlp_fc1_pasta_out.stdout
gpt,gpt-7b,pasta,268,layer17_mlp_gelu,0.000030779350,0.000000000000,0.000315740000,0.000030154000,640.033362,0,400latency_llmop_gpt_gpt-7b_268_layer17_mlp_gelu_pasta_metrics.csv,400latency_llmop_gpt_gpt-7b_268_layer17_mlp_gelu_pasta_out.stdout
gpt,gpt-7b,pasta,269,layer17_mlp_fc2,0.054627315000,0.000000000000,1.006487296000,0.054605047000,30906.142571,0,400latency_llmop_gpt_gpt-7b_269_layer17_mlp_fc2_pasta_metrics.csv,400latency_llmop_gpt_gpt-7b_269_layer17_mlp_fc2_pasta_out.stdout
gpt,gpt-7b,pasta,270,layer17_mlp_residual,0.000033915000,0.000000000000,0.001278808000,0.000033428000,237.011988,0,400latency_llmop_gpt_gpt-7b_270_layer17_mlp_residual_pasta_metrics.csv,400latency_llmop_gpt_gpt-7b_270_layer17_mlp_residual_pasta_out.stdout
gpt,gpt-7b,pasta,271,layer18_norm1,0.000022026000,0.000000000000,0.000819010000,0.000021541000,246.021900,0,400latency_llmop_gpt_gpt-7b_271_layer18_norm1_pasta_metrics.csv,400latency_llmop_gpt_gpt-7b_271_layer18_norm1_pasta_out.stdout
gpt,gpt-7b,pasta,272,layer18_attn_q,0.040832784125,0.000000000000,1.222602460000,0.040795871000,13256.478806,0,400latency_llmop_gpt_gpt-7b_272_layer18_attn_q_pasta_metrics.csv,400latency_llmop_gpt_gpt-7b_272_layer18_attn_q_pasta_out.stdout
gpt,gpt-7b,pasta,273,layer18_attn_k,0.040832784125,0.000000000000,1.222602460000,0.040795871000,13256.478806,0,400latency_llmop_gpt_gpt-7b_273_layer18_attn_k_pasta_metrics.csv,400latency_llmop_gpt_gpt-7b_273_layer18_attn_k_pasta_out.stdout
gpt,gpt-7b,pasta,274,layer18_attn_v,0.040832784125,0.000000000000,1.222602460000,0.040795871000,13256.478806,0,400latency_llmop_gpt_gpt-7b_274_layer18_attn_v_pasta_metrics.csv,400latency_llmop_gpt_gpt-7b_274_layer18_attn_v_pasta_out.stdout
gpt,gpt-7b,pasta,275,layer18_attn_score,0.012400265000,0.000000000000,0.373988159000,0.012384536000,2542.109534,0,400latency_llmop_gpt_gpt-7b_275_layer18_attn_score_pasta_metrics.csv,400latency_llmop_gpt_gpt-7b_275_layer18_attn_score_pasta_out.stdout
gpt,gpt-7b,pasta,276,layer18_causal_mask,0.000005776000,0.000000000000,0.000133694000,0.000005239000,15.001291,0,400latency_llmop_gpt_gpt-7b_276_layer18_causal_mask_pasta_metrics.csv,400latency_llmop_gpt_gpt-7b_276_layer18_causal_mask_pasta_out.stdout
gpt,gpt-7b,pasta,277,layer18_attn_softmax,0.000018498000,0.000000000000,0.000211893000,0.000018028000,34.006534,0,400latency_llmop_gpt_gpt-7b_277_layer18_attn_softmax_pasta_metrics.csv,400latency_llmop_gpt_gpt-7b_277_layer18_attn_softmax_pasta_out.stdout
gpt,gpt-7b,pasta,278,layer18_attn_value,0.002731007500,0.000000000000,0.061297460000,0.002689751000,16179.605041,0,400latency_llmop_gpt_gpt-7b_278_layer18_attn_value_pasta_metrics.csv,400latency_llmop_gpt_gpt-7b_278_layer18_attn_value_pasta_out.stdout
gpt,gpt-7b,pasta,279,layer18_attn_out,0.040832784125,0.000000000000,1.222602460000,0.040795871000,13256.478806,0,400latency_llmop_gpt_gpt-7b_279_layer18_attn_out_pasta_metrics.csv,400latency_llmop_gpt_gpt-7b_279_layer18_attn_out_pasta_out.stdout
gpt,gpt-7b,pasta,280,layer18_attn_residual,0.000033915000,0.000000000000,0.001278808000,0.000033428000,237.011988,0,400latency_llmop_gpt_gpt-7b_280_layer18_attn_residual_pasta_metrics.csv,400latency_llmop_gpt_gpt-7b_280_layer18_attn_residual_pasta_out.stdout
gpt,gpt-7b,pasta,281,layer18_norm2,0.000022026000,0.000000000000,0.000819010000,0.000021541000,246.021900,0,400latency_llmop_gpt_gpt-7b_281_layer18_norm2_pasta_metrics.csv,400latency_llmop_gpt_gpt-7b_281_layer18_norm2_pasta_out.stdout
gpt,gpt-7b,pasta,282,layer18_mlp_fc1,0.063371056000,0.000000000000,1.150402108000,0.061754257000,13247.468116,0,400latency_llmop_gpt_gpt-7b_282_layer18_mlp_fc1_pasta_metrics.csv,400latency_llmop_gpt_gpt-7b_282_layer18_mlp_fc1_pasta_out.stdout
gpt,gpt-7b,pasta,283,layer18_mlp_gelu,0.000030779350,0.000000000000,0.000315740000,0.000030154000,640.033362,0,400latency_llmop_gpt_gpt-7b_283_layer18_mlp_gelu_pasta_metrics.csv,400latency_llmop_gpt_gpt-7b_283_layer18_mlp_gelu_pasta_out.stdout
gpt,gpt-7b,pasta,284,layer18_mlp_fc2,0.054627315000,0.000000000000,1.006487296000,0.054605047000,30906.142571,0,400latency_llmop_gpt_gpt-7b_284_layer18_mlp_fc2_pasta_metrics.csv,400latency_llmop_gpt_gpt-7b_284_layer18_mlp_fc2_pasta_out.stdout
gpt,gpt-7b,pasta,285,layer18_mlp_residual,0.000033915000,0.000000000000,0.001278808000,0.000033428000,237.011988,0,400latency_llmop_gpt_gpt-7b_285_layer18_mlp_residual_pasta_metrics.csv,400latency_llmop_gpt_gpt-7b_285_layer18_mlp_residual_pasta_out.stdout
gpt,gpt-7b,pasta,286,layer19_norm1,0.000022026000,0.000000000000,0.000819010000,0.000021541000,246.021900,0,400latency_llmop_gpt_gpt-7b_286_layer19_norm1_pasta_metrics.csv,400latency_llmop_gpt_gpt-7b_286_layer19_norm1_pasta_out.stdout
gpt,gpt-7b,pasta,287,layer19_attn_q,0.040832784125,0.000000000000,1.222602460000,0.040795871000,13256.478806,0,400latency_llmop_gpt_gpt-7b_287_layer19_attn_q_pasta_metrics.csv,400latency_llmop_gpt_gpt-7b_287_layer19_attn_q_pasta_out.stdout
gpt,gpt-7b,pasta,288,layer19_attn_k,0.040832784125,0.000000000000,1.222602460000,0.040795871000,13256.478806,0,400latency_llmop_gpt_gpt-7b_288_layer19_attn_k_pasta_metrics.csv,400latency_llmop_gpt_gpt-7b_288_layer19_attn_k_pasta_out.stdout
gpt,gpt-7b,pasta,289,layer19_attn_v,0.040832784125,0.000000000000,1.222602460000,0.040795871000,13256.478806,0,400latency_llmop_gpt_gpt-7b_289_layer19_attn_v_pasta_metrics.csv,400latency_llmop_gpt_gpt-7b_289_layer19_attn_v_pasta_out.stdout
gpt,gpt-7b,pasta,290,layer19_attn_score,0.012400265000,0.000000000000,0.373988159000,0.012384536000,2542.109534,0,400latency_llmop_gpt_gpt-7b_290_layer19_attn_score_pasta_metrics.csv,400latency_llmop_gpt_gpt-7b_290_layer19_attn_score_pasta_out.stdout
gpt,gpt-7b,pasta,291,layer19_causal_mask,0.000005776000,0.000000000000,0.000133694000,0.000005239000,15.001291,0,400latency_llmop_gpt_gpt-7b_291_layer19_causal_mask_pasta_metrics.csv,400latency_llmop_gpt_gpt-7b_291_layer19_causal_mask_pasta_out.stdout
gpt,gpt-7b,pasta,292,layer19_attn_softmax,0.000018498000,0.000000000000,0.000211893000,0.000018028000,34.006534,0,400latency_llmop_gpt_gpt-7b_292_layer19_attn_softmax_pasta_metrics.csv,400latency_llmop_gpt_gpt-7b_292_layer19_attn_softmax_pasta_out.stdout
gpt,gpt-7b,pasta,293,layer19_attn_value,0.002731007500,0.000000000000,0.061297460000,0.002689751000,16179.605041,0,400latency_llmop_gpt_gpt-7b_293_layer19_attn_value_pasta_metrics.csv,400latency_llmop_gpt_gpt-7b_293_layer19_attn_value_pasta_out.stdout
gpt,gpt-7b,pasta,294,layer19_attn_out,0.040832784125,0.000000000000,1.222602460000,0.040795871000,13256.478806,0,400latency_llmop_gpt_gpt-7b_294_layer19_attn_out_pasta_metrics.csv,400latency_llmop_gpt_gpt-7b_294_layer19_attn_out_pasta_out.stdout
gpt,gpt-7b,pasta,295,layer19_attn_residual,0.000033915000,0.000000000000,0.001278808000,0.000033428000,237.011988,0,400latency_llmop_gpt_gpt-7b_295_layer19_attn_residual_pasta_metrics.csv,400latency_llmop_gpt_gpt-7b_295_layer19_attn_residual_pasta_out.stdout
gpt,gpt-7b,pasta,296,layer19_norm2,0.000022026000,0.000000000000,0.000819010000,0.000021541000,246.021900,0,400latency_llmop_gpt_gpt-7b_296_layer19_norm2_pasta_metrics.csv,400latency_llmop_gpt_gpt-7b_296_layer19_norm2_pasta_out.stdout
gpt,gpt-7b,pasta,297,layer19_mlp_fc1,0.063371056000,0.000000000000,1.150402108000,0.061754257000,13247.468116,0,400latency_llmop_gpt_gpt-7b_297_layer19_mlp_fc1_pasta_metrics.csv,400latency_llmop_gpt_gpt-7b_297_layer19_mlp_fc1_pasta_out.stdout
gpt,gpt-7b,pasta,298,layer19_mlp_gelu,0.000030779350,0.000000000000,0.000315740000,0.000030154000,640.033362,0,400latency_llmop_gpt_gpt-7b_298_layer19_mlp_gelu_pasta_metrics.csv,400latency_llmop_gpt_gpt-7b_298_layer19_mlp_gelu_pasta_out.stdout
gpt,gpt-7b,pasta,299,layer19_mlp_fc2,0.054627315000,0.000000000000,1.006487296000,0.054605047000,30906.142571,0,400latency_llmop_gpt_gpt-7b_299_layer19_mlp_fc2_pasta_metrics.csv,400latency_llmop_gpt_gpt-7b_299_layer19_mlp_fc2_pasta_out.stdout
gpt,gpt-7b,pasta,300,layer19_mlp_residual,0.000033915000,0.000000000000,0.001278808000,0.000033428000,237.011988,0,400latency_llmop_gpt_gpt-7b_300_layer19_mlp_residual_pasta_metrics.csv,400latency_llmop_gpt_gpt-7b_300_layer19_mlp_residual_pasta_out.stdout
gpt,gpt-7b,pasta,301,layer20_norm1,0.000022026000,0.000000000000,0.000819010000,0.000021541000,246.021900,0,400latency_llmop_gpt_gpt-7b_301_layer20_norm1_pasta_metrics.csv,400latency_llmop_gpt_gpt-7b_301_layer20_norm1_pasta_out.stdout
gpt,gpt-7b,pasta,302,layer20_attn_q,0.040832784125,0.000000000000,1.222602460000,0.040795871000,13256.478806,0,400latency_llmop_gpt_gpt-7b_302_layer20_attn_q_pasta_metrics.csv,400latency_llmop_gpt_gpt-7b_302_layer20_attn_q_pasta_out.stdout
gpt,gpt-7b,pasta,303,layer20_attn_k,0.040832784125,0.000000000000,1.222602460000,0.040795871000,13256.478806,0,400latency_llmop_gpt_gpt-7b_303_layer20_attn_k_pasta_metrics.csv,400latency_llmop_gpt_gpt-7b_303_layer20_attn_k_pasta_out.stdout
gpt,gpt-7b,pasta,304,layer20_attn_v,0.040832784125,0.000000000000,1.222602460000,0.040795871000,13256.478806,0,400latency_llmop_gpt_gpt-7b_304_layer20_attn_v_pasta_metrics.csv,400latency_llmop_gpt_gpt-7b_304_layer20_attn_v_pasta_out.stdout
gpt,gpt-7b,pasta,305,layer20_attn_score,0.012400265000,0.000000000000,0.373988159000,0.012384536000,2542.109534,0,400latency_llmop_gpt_gpt-7b_305_layer20_attn_score_pasta_metrics.csv,400latency_llmop_gpt_gpt-7b_305_layer20_attn_score_pasta_out.stdout
gpt,gpt-7b,pasta,306,layer20_causal_mask,0.000005776000,0.000000000000,0.000133694000,0.000005239000,15.001291,0,400latency_llmop_gpt_gpt-7b_306_layer20_causal_mask_pasta_metrics.csv,400latency_llmop_gpt_gpt-7b_306_layer20_causal_mask_pasta_out.stdout
gpt,gpt-7b,pasta,307,layer20_attn_softmax,0.000018498000,0.000000000000,0.000211893000,0.000018028000,34.006534,0,400latency_llmop_gpt_gpt-7b_307_layer20_attn_softmax_pasta_metrics.csv,400latency_llmop_gpt_gpt-7b_307_layer20_attn_softmax_pasta_out.stdout
gpt,gpt-7b,pasta,308,layer20_attn_value,0.002731007500,0.000000000000,0.061297460000,0.002689751000,16179.605041,0,400latency_llmop_gpt_gpt-7b_308_layer20_attn_value_pasta_metrics.csv,400latency_llmop_gpt_gpt-7b_308_layer20_attn_value_pasta_out.stdout
gpt,gpt-7b,pasta,309,layer20_attn_out,0.040832784125,0.000000000000,1.222602460000,0.040795871000,13256.478806,0,400latency_llmop_gpt_gpt-7b_309_layer20_attn_out_pasta_metrics.csv,400latency_llmop_gpt_gpt-7b_309_layer20_attn_out_pasta_out.stdout
gpt,gpt-7b,pasta,310,layer20_attn_residual,0.000033915000,0.000000000000,0.001278808000,0.000033428000,237.011988,0,400latency_llmop_gpt_gpt-7b_310_layer20_attn_residual_pasta_metrics.csv,400latency_llmop_gpt_gpt-7b_310_layer20_attn_residual_pasta_out.stdout
gpt,gpt-7b,pasta,311,layer20_norm2,0.000022026000,0.000000000000,0.000819010000,0.000021541000,246.021900,0,400latency_llmop_gpt_gpt-7b_311_layer20_norm2_pasta_metrics.csv,400latency_llmop_gpt_gpt-7b_311_layer20_norm2_pasta_out.stdout
gpt,gpt-7b,pasta,312,layer20_mlp_fc1,0.063371056000,0.000000000000,1.150402108000,0.061754257000,13247.468116,0,400latency_llmop_gpt_gpt-7b_312_layer20_mlp_fc1_pasta_metrics.csv,400latency_llmop_gpt_gpt-7b_312_layer20_mlp_fc1_pasta_out.stdout
gpt,gpt-7b,pasta,313,layer20_mlp_gelu,0.000030779350,0.000000000000,0.000315740000,0.000030154000,640.033362,0,400latency_llmop_gpt_gpt-7b_313_layer20_mlp_gelu_pasta_metrics.csv,400latency_llmop_gpt_gpt-7b_313_layer20_mlp_gelu_pasta_out.stdout
gpt,gpt-7b,pasta,314,layer20_mlp_fc2,0.054627315000,0.000000000000,1.006487296000,0.054605047000,30906.142571,0,400latency_llmop_gpt_gpt-7b_314_layer20_mlp_fc2_pasta_metrics.csv,400latency_llmop_gpt_gpt-7b_314_layer20_mlp_fc2_pasta_out.stdout
gpt,gpt-7b,pasta,315,layer20_mlp_residual,0.000033915000,0.000000000000,0.001278808000,0.000033428000,237.011988,0,400latency_llmop_gpt_gpt-7b_315_layer20_mlp_residual_pasta_metrics.csv,400latency_llmop_gpt_gpt-7b_315_layer20_mlp_residual_pasta_out.stdout
gpt,gpt-7b,pasta,316,layer21_norm1,0.000022026000,0.000000000000,0.000819010000,0.000021541000,246.021900,0,400latency_llmop_gpt_gpt-7b_316_layer21_norm1_pasta_metrics.csv,400latency_llmop_gpt_gpt-7b_316_layer21_norm1_pasta_out.stdout
gpt,gpt-7b,pasta,317,layer21_attn_q,0.040832784125,0.000000000000,1.222602460000,0.040795871000,13256.478806,0,400latency_llmop_gpt_gpt-7b_317_layer21_attn_q_pasta_metrics.csv,400latency_llmop_gpt_gpt-7b_317_layer21_attn_q_pasta_out.stdout
gpt,gpt-7b,pasta,318,layer21_attn_k,0.040832784125,0.000000000000,1.222602460000,0.040795871000,13256.478806,0,400latency_llmop_gpt_gpt-7b_318_layer21_attn_k_pasta_metrics.csv,400latency_llmop_gpt_gpt-7b_318_layer21_attn_k_pasta_out.stdout
gpt,gpt-7b,pasta,319,layer21_attn_v,0.040832784125,0.000000000000,1.222602460000,0.040795871000,13256.478806,0,400latency_llmop_gpt_gpt-7b_319_layer21_attn_v_pasta_metrics.csv,400latency_llmop_gpt_gpt-7b_319_layer21_attn_v_pasta_out.stdout
gpt,gpt-7b,pasta,320,layer21_attn_score,0.012400265000,0.000000000000,0.373988159000,0.012384536000,2542.109534,0,400latency_llmop_gpt_gpt-7b_320_layer21_attn_score_pasta_metrics.csv,400latency_llmop_gpt_gpt-7b_320_layer21_attn_score_pasta_out.stdout
gpt,gpt-7b,pasta,321,layer21_causal_mask,0.000005776000,0.000000000000,0.000133694000,0.000005239000,15.001291,0,400latency_llmop_gpt_gpt-7b_321_layer21_causal_mask_pasta_metrics.csv,400latency_llmop_gpt_gpt-7b_321_layer21_causal_mask_pasta_out.stdout
gpt,gpt-7b,pasta,322,layer21_attn_softmax,0.000018498000,0.000000000000,0.000211893000,0.000018028000,34.006534,0,400latency_llmop_gpt_gpt-7b_322_layer21_attn_softmax_pasta_metrics.csv,400latency_llmop_gpt_gpt-7b_322_layer21_attn_softmax_pasta_out.stdout
gpt,gpt-7b,pasta,323,layer21_attn_value,0.002731007500,0.000000000000,0.061297460000,0.002689751000,16179.605041,0,400latency_llmop_gpt_gpt-7b_323_layer21_attn_value_pasta_metrics.csv,400latency_llmop_gpt_gpt-7b_323_layer21_attn_value_pasta_out.stdout
gpt,gpt-7b,pasta,324,layer21_attn_out,0.040832784125,0.000000000000,1.222602460000,0.040795871000,13256.478806,0,400latency_llmop_gpt_gpt-7b_324_layer21_attn_out_pasta_metrics.csv,400latency_llmop_gpt_gpt-7b_324_layer21_attn_out_pasta_out.stdout
gpt,gpt-7b,pasta,325,layer21_attn_residual,0.000033915000,0.000000000000,0.001278808000,0.000033428000,237.011988,0,400latency_llmop_gpt_gpt-7b_325_layer21_attn_residual_pasta_metrics.csv,400latency_llmop_gpt_gpt-7b_325_layer21_attn_residual_pasta_out.stdout
gpt,gpt-7b,pasta,326,layer21_norm2,0.000022026000,0.000000000000,0.000819010000,0.000021541000,246.021900,0,400latency_llmop_gpt_gpt-7b_326_layer21_norm2_pasta_metrics.csv,400latency_llmop_gpt_gpt-7b_326_layer21_norm2_pasta_out.stdout
gpt,gpt-7b,pasta,327,layer21_mlp_fc1,0.063371056000,0.000000000000,1.150402108000,0.061754257000,13247.468116,0,400latency_llmop_gpt_gpt-7b_327_layer21_mlp_fc1_pasta_metrics.csv,400latency_llmop_gpt_gpt-7b_327_layer21_mlp_fc1_pasta_out.stdout
gpt,gpt-7b,pasta,328,layer21_mlp_gelu,0.000030779350,0.000000000000,0.000315740000,0.000030154000,640.033362,0,400latency_llmop_gpt_gpt-7b_328_layer21_mlp_gelu_pasta_metrics.csv,400latency_llmop_gpt_gpt-7b_328_layer21_mlp_gelu_pasta_out.stdout
gpt,gpt-7b,pasta,329,layer21_mlp_fc2,0.054627315000,0.000000000000,1.006487296000,0.054605047000,30906.142571,0,400latency_llmop_gpt_gpt-7b_329_layer21_mlp_fc2_pasta_metrics.csv,400latency_llmop_gpt_gpt-7b_329_layer21_mlp_fc2_pasta_out.stdout
gpt,gpt-7b,pasta,330,layer21_mlp_residual,0.000033915000,0.000000000000,0.001278808000,0.000033428000,237.011988,0,400latency_llmop_gpt_gpt-7b_330_layer21_mlp_residual_pasta_metrics.csv,400latency_llmop_gpt_gpt-7b_330_layer21_mlp_residual_pasta_out.stdout
gpt,gpt-7b,pasta,331,layer22_norm1,0.000022026000,0.000000000000,0.000819010000,0.000021541000,246.021900,0,400latency_llmop_gpt_gpt-7b_331_layer22_norm1_pasta_metrics.csv,400latency_llmop_gpt_gpt-7b_331_layer22_norm1_pasta_out.stdout
gpt,gpt-7b,pasta,332,layer22_attn_q,0.040832784125,0.000000000000,1.222602460000,0.040795871000,13256.478806,0,400latency_llmop_gpt_gpt-7b_332_layer22_attn_q_pasta_metrics.csv,400latency_llmop_gpt_gpt-7b_332_layer22_attn_q_pasta_out.stdout
gpt,gpt-7b,pasta,333,layer22_attn_k,0.040832784125,0.000000000000,1.222602460000,0.040795871000,13256.478806,0,400latency_llmop_gpt_gpt-7b_333_layer22_attn_k_pasta_metrics.csv,400latency_llmop_gpt_gpt-7b_333_layer22_attn_k_pasta_out.stdout
gpt,gpt-7b,pasta,334,layer22_attn_v,0.040832784125,0.000000000000,1.222602460000,0.040795871000,13256.478806,0,400latency_llmop_gpt_gpt-7b_334_layer22_attn_v_pasta_metrics.csv,400latency_llmop_gpt_gpt-7b_334_layer22_attn_v_pasta_out.stdout
gpt,gpt-7b,pasta,335,layer22_attn_score,0.012400265000,0.000000000000,0.373988159000,0.012384536000,2542.109534,0,400latency_llmop_gpt_gpt-7b_335_layer22_attn_score_pasta_metrics.csv,400latency_llmop_gpt_gpt-7b_335_layer22_attn_score_pasta_out.stdout
gpt,gpt-7b,pasta,336,layer22_causal_mask,0.000005776000,0.000000000000,0.000133694000,0.000005239000,15.001291,0,400latency_llmop_gpt_gpt-7b_336_layer22_causal_mask_pasta_metrics.csv,400latency_llmop_gpt_gpt-7b_336_layer22_causal_mask_pasta_out.stdout
gpt,gpt-7b,pasta,337,layer22_attn_softmax,0.000018498000,0.000000000000,0.000211893000,0.000018028000,34.006534,0,400latency_llmop_gpt_gpt-7b_337_layer22_attn_softmax_pasta_metrics.csv,400latency_llmop_gpt_gpt-7b_337_layer22_attn_softmax_pasta_out.stdout
gpt,gpt-7b,pasta,338,layer22_attn_value,0.002731007500,0.000000000000,0.061297460000,0.002689751000,16179.605041,0,400latency_llmop_gpt_gpt-7b_338_layer22_attn_value_pasta_metrics.csv,400latency_llmop_gpt_gpt-7b_338_layer22_attn_value_pasta_out.stdout
gpt,gpt-7b,pasta,339,layer22_attn_out,0.040832784125,0.000000000000,1.222602460000,0.040795871000,13256.478806,0,400latency_llmop_gpt_gpt-7b_339_layer22_attn_out_pasta_metrics.csv,400latency_llmop_gpt_gpt-7b_339_layer22_attn_out_pasta_out.stdout
gpt,gpt-7b,pasta,340,layer22_attn_residual,0.000033915000,0.000000000000,0.001278808000,0.000033428000,237.011988,0,400latency_llmop_gpt_gpt-7b_340_layer22_attn_residual_pasta_metrics.csv,400latency_llmop_gpt_gpt-7b_340_layer22_attn_residual_pasta_out.stdout
gpt,gpt-7b,pasta,341,layer22_norm2,0.000022026000,0.000000000000,0.000819010000,0.000021541000,246.021900,0,400latency_llmop_gpt_gpt-7b_341_layer22_norm2_pasta_metrics.csv,400latency_llmop_gpt_gpt-7b_341_layer22_norm2_pasta_out.stdout
gpt,gpt-7b,pasta,342,layer22_mlp_fc1,0.063371056000,0.000000000000,1.150402108000,0.061754257000,13247.468116,0,400latency_llmop_gpt_gpt-7b_342_layer22_mlp_fc1_pasta_metrics.csv,400latency_llmop_gpt_gpt-7b_342_layer22_mlp_fc1_pasta_out.stdout
gpt,gpt-7b,pasta,343,layer22_mlp_gelu,0.000030779350,0.000000000000,0.000315740000,0.000030154000,640.033362,0,400latency_llmop_gpt_gpt-7b_343_layer22_mlp_gelu_pasta_metrics.csv,400latency_llmop_gpt_gpt-7b_343_layer22_mlp_gelu_pasta_out.stdout
gpt,gpt-7b,pasta,344,layer22_mlp_fc2,0.054627315000,0.000000000000,1.006487296000,0.054605047000,30906.142571,0,400latency_llmop_gpt_gpt-7b_344_layer22_mlp_fc2_pasta_metrics.csv,400latency_llmop_gpt_gpt-7b_344_layer22_mlp_fc2_pasta_out.stdout
gpt,gpt-7b,pasta,345,layer22_mlp_residual,0.000033915000,0.000000000000,0.001278808000,0.000033428000,237.011988,0,400latency_llmop_gpt_gpt-7b_345_layer22_mlp_residual_pasta_metrics.csv,400latency_llmop_gpt_gpt-7b_345_layer22_mlp_residual_pasta_out.stdout
gpt,gpt-7b,pasta,346,layer23_norm1,0.000022026000,0.000000000000,0.000819010000,0.000021541000,246.021900,0,400latency_llmop_gpt_gpt-7b_346_layer23_norm1_pasta_metrics.csv,400latency_llmop_gpt_gpt-7b_346_layer23_norm1_pasta_out.stdout
gpt,gpt-7b,pasta,347,layer23_attn_q,0.040832784125,0.000000000000,1.222602460000,0.040795871000,13256.478806,0,400latency_llmop_gpt_gpt-7b_347_layer23_attn_q_pasta_metrics.csv,400latency_llmop_gpt_gpt-7b_347_layer23_attn_q_pasta_out.stdout
gpt,gpt-7b,pasta,348,layer23_attn_k,0.040832784125,0.000000000000,1.222602460000,0.040795871000,13256.478806,0,400latency_llmop_gpt_gpt-7b_348_layer23_attn_k_pasta_metrics.csv,400latency_llmop_gpt_gpt-7b_348_layer23_attn_k_pasta_out.stdout
gpt,gpt-7b,pasta,349,layer23_attn_v,0.040832784125,0.000000000000,1.222602460000,0.040795871000,13256.478806,0,400latency_llmop_gpt_gpt-7b_349_layer23_attn_v_pasta_metrics.csv,400latency_llmop_gpt_gpt-7b_349_layer23_attn_v_pasta_out.stdout
gpt,gpt-7b,pasta,350,layer23_attn_score,0.012400265000,0.000000000000,0.373988159000,0.012384536000,2542.109534,0,400latency_llmop_gpt_gpt-7b_350_layer23_attn_score_pasta_metrics.csv,400latency_llmop_gpt_gpt-7b_350_layer23_attn_score_pasta_out.stdout
gpt,gpt-7b,pasta,351,layer23_causal_mask,0.000005776000,0.000000000000,0.000133694000,0.000005239000,15.001291,0,400latency_llmop_gpt_gpt-7b_351_layer23_causal_mask_pasta_metrics.csv,400latency_llmop_gpt_gpt-7b_351_layer23_causal_mask_pasta_out.stdout
gpt,gpt-7b,pasta,352,layer23_attn_softmax,0.000018498000,0.000000000000,0.000211893000,0.000018028000,34.006534,0,400latency_llmop_gpt_gpt-7b_352_layer23_attn_softmax_pasta_metrics.csv,400latency_llmop_gpt_gpt-7b_352_layer23_attn_softmax_pasta_out.stdout
gpt,gpt-7b,pasta,353,layer23_attn_value,0.002731007500,0.000000000000,0.061297460000,0.002689751000,16179.605041,0,400latency_llmop_gpt_gpt-7b_353_layer23_attn_value_pasta_metrics.csv,400latency_llmop_gpt_gpt-7b_353_layer23_attn_value_pasta_out.stdout
gpt,gpt-7b,pasta,354,layer23_attn_out,0.040832784125,0.000000000000,1.222602460000,0.040795871000,13256.478806,0,400latency_llmop_gpt_gpt-7b_354_layer23_attn_out_pasta_metrics.csv,400latency_llmop_gpt_gpt-7b_354_layer23_attn_out_pasta_out.stdout
gpt,gpt-7b,pasta,355,layer23_attn_residual,0.000033915000,0.000000000000,0.001278808000,0.000033428000,237.011988,0,400latency_llmop_gpt_gpt-7b_355_layer23_attn_residual_pasta_metrics.csv,400latency_llmop_gpt_gpt-7b_355_layer23_attn_residual_pasta_out.stdout
gpt,gpt-7b,pasta,356,layer23_norm2,0.000022026000,0.000000000000,0.000819010000,0.000021541000,246.021900,0,400latency_llmop_gpt_gpt-7b_356_layer23_norm2_pasta_metrics.csv,400latency_llmop_gpt_gpt-7b_356_layer23_norm2_pasta_out.stdout
gpt,gpt-7b,pasta,357,layer23_mlp_fc1,0.063371056000,0.000000000000,1.150402108000,0.061754257000,13247.468116,0,400latency_llmop_gpt_gpt-7b_357_layer23_mlp_fc1_pasta_metrics.csv,400latency_llmop_gpt_gpt-7b_357_layer23_mlp_fc1_pasta_out.stdout
gpt,gpt-7b,pasta,358,layer23_mlp_gelu,0.000030779350,0.000000000000,0.000315740000,0.000030154000,640.033362,0,400latency_llmop_gpt_gpt-7b_358_layer23_mlp_gelu_pasta_metrics.csv,400latency_llmop_gpt_gpt-7b_358_layer23_mlp_gelu_pasta_out.stdout
gpt,gpt-7b,pasta,359,layer23_mlp_fc2,0.054627315000,0.000000000000,1.006487296000,0.054605047000,30906.142571,0,400latency_llmop_gpt_gpt-7b_359_layer23_mlp_fc2_pasta_metrics.csv,400latency_llmop_gpt_gpt-7b_359_layer23_mlp_fc2_pasta_out.stdout
gpt,gpt-7b,pasta,360,layer23_mlp_residual,0.000033915000,0.000000000000,0.001278808000,0.000033428000,237.011988,0,400latency_llmop_gpt_gpt-7b_360_layer23_mlp_residual_pasta_metrics.csv,400latency_llmop_gpt_gpt-7b_360_layer23_mlp_residual_pasta_out.stdout
gpt,gpt-7b,pasta,361,layer24_norm1,0.000022026000,0.000000000000,0.000819010000,0.000021541000,246.021900,0,400latency_llmop_gpt_gpt-7b_361_layer24_norm1_pasta_metrics.csv,400latency_llmop_gpt_gpt-7b_361_layer24_norm1_pasta_out.stdout
gpt,gpt-7b,pasta,362,layer24_attn_q,0.040832784125,0.000000000000,1.222602460000,0.040795871000,13256.478806,0,400latency_llmop_gpt_gpt-7b_362_layer24_attn_q_pasta_metrics.csv,400latency_llmop_gpt_gpt-7b_362_layer24_attn_q_pasta_out.stdout
gpt,gpt-7b,pasta,363,layer24_attn_k,0.040832784125,0.000000000000,1.222602460000,0.040795871000,13256.478806,0,400latency_llmop_gpt_gpt-7b_363_layer24_attn_k_pasta_metrics.csv,400latency_llmop_gpt_gpt-7b_363_layer24_attn_k_pasta_out.stdout
gpt,gpt-7b,pasta,364,layer24_attn_v,0.040832784125,0.000000000000,1.222602460000,0.040795871000,13256.478806,0,400latency_llmop_gpt_gpt-7b_364_layer24_attn_v_pasta_metrics.csv,400latency_llmop_gpt_gpt-7b_364_layer24_attn_v_pasta_out.stdout
gpt,gpt-7b,pasta,365,layer24_attn_score,0.012400265000,0.000000000000,0.373988159000,0.012384536000,2542.109534,0,400latency_llmop_gpt_gpt-7b_365_layer24_attn_score_pasta_metrics.csv,400latency_llmop_gpt_gpt-7b_365_layer24_attn_score_pasta_out.stdout
gpt,gpt-7b,pasta,366,layer24_causal_mask,0.000005776000,0.000000000000,0.000133694000,0.000005239000,15.001291,0,400latency_llmop_gpt_gpt-7b_366_layer24_causal_mask_pasta_metrics.csv,400latency_llmop_gpt_gpt-7b_366_layer24_causal_mask_pasta_out.stdout
gpt,gpt-7b,pasta,367,layer24_attn_softmax,0.000018498000,0.000000000000,0.000211893000,0.000018028000,34.006534,0,400latency_llmop_gpt_gpt-7b_367_layer24_attn_softmax_pasta_metrics.csv,400latency_llmop_gpt_gpt-7b_367_layer24_attn_softmax_pasta_out.stdout
gpt,gpt-7b,pasta,368,layer24_attn_value,0.002731007500,0.000000000000,0.061297460000,0.002689751000,16179.605041,0,400latency_llmop_gpt_gpt-7b_368_layer24_attn_value_pasta_metrics.csv,400latency_llmop_gpt_gpt-7b_368_layer24_attn_value_pasta_out.stdout
gpt,gpt-7b,pasta,369,layer24_attn_out,0.040832784125,0.000000000000,1.222602460000,0.040795871000,13256.478806,0,400latency_llmop_gpt_gpt-7b_369_layer24_attn_out_pasta_metrics.csv,400latency_llmop_gpt_gpt-7b_369_layer24_attn_out_pasta_out.stdout
gpt,gpt-7b,pasta,370,layer24_attn_residual,0.000033915000,0.000000000000,0.001278808000,0.000033428000,237.011988,0,400latency_llmop_gpt_gpt-7b_370_layer24_attn_residual_pasta_metrics.csv,400latency_llmop_gpt_gpt-7b_370_layer24_attn_residual_pasta_out.stdout
gpt,gpt-7b,pasta,371,layer24_norm2,0.000022026000,0.000000000000,0.000819010000,0.000021541000,246.021900,0,400latency_llmop_gpt_gpt-7b_371_layer24_norm2_pasta_metrics.csv,400latency_llmop_gpt_gpt-7b_371_layer24_norm2_pasta_out.stdout
gpt,gpt-7b,pasta,372,layer24_mlp_fc1,0.063371056000,0.000000000000,1.150402108000,0.061754257000,13247.468116,0,400latency_llmop_gpt_gpt-7b_372_layer24_mlp_fc1_pasta_metrics.csv,400latency_llmop_gpt_gpt-7b_372_layer24_mlp_fc1_pasta_out.stdout
gpt,gpt-7b,pasta,373,layer24_mlp_gelu,0.000030779350,0.000000000000,0.000315740000,0.000030154000,640.033362,0,400latency_llmop_gpt_gpt-7b_373_layer24_mlp_gelu_pasta_metrics.csv,400latency_llmop_gpt_gpt-7b_373_layer24_mlp_gelu_pasta_out.stdout
gpt,gpt-7b,pasta,374,layer24_mlp_fc2,0.054627315000,0.000000000000,1.006487296000,0.054605047000,30906.142571,0,400latency_llmop_gpt_gpt-7b_374_layer24_mlp_fc2_pasta_metrics.csv,400latency_llmop_gpt_gpt-7b_374_layer24_mlp_fc2_pasta_out.stdout
gpt,gpt-7b,pasta,375,layer24_mlp_residual,0.000033915000,0.000000000000,0.001278808000,0.000033428000,237.011988,0,400latency_llmop_gpt_gpt-7b_375_layer24_mlp_residual_pasta_metrics.csv,400latency_llmop_gpt_gpt-7b_375_layer24_mlp_residual_pasta_out.stdout
gpt,gpt-7b,pasta,376,layer25_norm1,0.000022026000,0.000000000000,0.000819010000,0.000021541000,246.021900,0,400latency_llmop_gpt_gpt-7b_376_layer25_norm1_pasta_metrics.csv,400latency_llmop_gpt_gpt-7b_376_layer25_norm1_pasta_out.stdout
gpt,gpt-7b,pasta,377,layer25_attn_q,0.040832784125,0.000000000000,1.222602460000,0.040795871000,13256.478806,0,400latency_llmop_gpt_gpt-7b_377_layer25_attn_q_pasta_metrics.csv,400latency_llmop_gpt_gpt-7b_377_layer25_attn_q_pasta_out.stdout
gpt,gpt-7b,pasta,378,layer25_attn_k,0.040832784125,0.000000000000,1.222602460000,0.040795871000,13256.478806,0,400latency_llmop_gpt_gpt-7b_378_layer25_attn_k_pasta_metrics.csv,400latency_llmop_gpt_gpt-7b_378_layer25_attn_k_pasta_out.stdout
gpt,gpt-7b,pasta,379,layer25_attn_v,0.040832784125,0.000000000000,1.222602460000,0.040795871000,13256.478806,0,400latency_llmop_gpt_gpt-7b_379_layer25_attn_v_pasta_metrics.csv,400latency_llmop_gpt_gpt-7b_379_layer25_attn_v_pasta_out.stdout
gpt,gpt-7b,pasta,380,layer25_attn_score,0.012400265000,0.000000000000,0.373988159000,0.012384536000,2542.109534,0,400latency_llmop_gpt_gpt-7b_380_layer25_attn_score_pasta_metrics.csv,400latency_llmop_gpt_gpt-7b_380_layer25_attn_score_pasta_out.stdout
gpt,gpt-7b,pasta,381,layer25_causal_mask,0.000005776000,0.000000000000,0.000133694000,0.000005239000,15.001291,0,400latency_llmop_gpt_gpt-7b_381_layer25_causal_mask_pasta_metrics.csv,400latency_llmop_gpt_gpt-7b_381_layer25_causal_mask_pasta_out.stdout
gpt,gpt-7b,pasta,382,layer25_attn_softmax,0.000018498000,0.000000000000,0.000211893000,0.000018028000,34.006534,0,400latency_llmop_gpt_gpt-7b_382_layer25_attn_softmax_pasta_metrics.csv,400latency_llmop_gpt_gpt-7b_382_layer25_attn_softmax_pasta_out.stdout
gpt,gpt-7b,pasta,383,layer25_attn_value,0.002731007500,0.000000000000,0.061297460000,0.002689751000,16179.605041,0,400latency_llmop_gpt_gpt-7b_383_layer25_attn_value_pasta_metrics.csv,400latency_llmop_gpt_gpt-7b_383_layer25_attn_value_pasta_out.stdout
gpt,gpt-7b,pasta,384,layer25_attn_out,0.040832784125,0.000000000000,1.222602460000,0.040795871000,13256.478806,0,400latency_llmop_gpt_gpt-7b_384_layer25_attn_out_pasta_metrics.csv,400latency_llmop_gpt_gpt-7b_384_layer25_attn_out_pasta_out.stdout
gpt,gpt-7b,pasta,385,layer25_attn_residual,0.000033915000,0.000000000000,0.001278808000,0.000033428000,237.011988,0,400latency_llmop_gpt_gpt-7b_385_layer25_attn_residual_pasta_metrics.csv,400latency_llmop_gpt_gpt-7b_385_layer25_attn_residual_pasta_out.stdout
gpt,gpt-7b,pasta,386,layer25_norm2,0.000022026000,0.000000000000,0.000819010000,0.000021541000,246.021900,0,400latency_llmop_gpt_gpt-7b_386_layer25_norm2_pasta_metrics.csv,400latency_llmop_gpt_gpt-7b_386_layer25_norm2_pasta_out.stdout
gpt,gpt-7b,pasta,387,layer25_mlp_fc1,0.063371056000,0.000000000000,1.150402108000,0.061754257000,13247.468116,0,400latency_llmop_gpt_gpt-7b_387_layer25_mlp_fc1_pasta_metrics.csv,400latency_llmop_gpt_gpt-7b_387_layer25_mlp_fc1_pasta_out.stdout
gpt,gpt-7b,pasta,388,layer25_mlp_gelu,0.000030779350,0.000000000000,0.000315740000,0.000030154000,640.033362,0,400latency_llmop_gpt_gpt-7b_388_layer25_mlp_gelu_pasta_metrics.csv,400latency_llmop_gpt_gpt-7b_388_layer25_mlp_gelu_pasta_out.stdout
gpt,gpt-7b,pasta,389,layer25_mlp_fc2,0.054627315000,0.000000000000,1.006487296000,0.054605047000,30906.142571,0,400latency_llmop_gpt_gpt-7b_389_layer25_mlp_fc2_pasta_metrics.csv,400latency_llmop_gpt_gpt-7b_389_layer25_mlp_fc2_pasta_out.stdout
gpt,gpt-7b,pasta,390,layer25_mlp_residual,0.000033915000,0.000000000000,0.001278808000,0.000033428000,237.011988,0,400latency_llmop_gpt_gpt-7b_390_layer25_mlp_residual_pasta_metrics.csv,400latency_llmop_gpt_gpt-7b_390_layer25_mlp_residual_pasta_out.stdout
gpt,gpt-7b,pasta,391,layer26_norm1,0.000022026000,0.000000000000,0.000819010000,0.000021541000,246.021900,0,400latency_llmop_gpt_gpt-7b_391_layer26_norm1_pasta_metrics.csv,400latency_llmop_gpt_gpt-7b_391_layer26_norm1_pasta_out.stdout
gpt,gpt-7b,pasta,392,layer26_attn_q,0.040832784125,0.000000000000,1.222602460000,0.040795871000,13256.478806,0,400latency_llmop_gpt_gpt-7b_392_layer26_attn_q_pasta_metrics.csv,400latency_llmop_gpt_gpt-7b_392_layer26_attn_q_pasta_out.stdout
gpt,gpt-7b,pasta,393,layer26_attn_k,0.040832784125,0.000000000000,1.222602460000,0.040795871000,13256.478806,0,400latency_llmop_gpt_gpt-7b_393_layer26_attn_k_pasta_metrics.csv,400latency_llmop_gpt_gpt-7b_393_layer26_attn_k_pasta_out.stdout
gpt,gpt-7b,pasta,394,layer26_attn_v,0.040832784125,0.000000000000,1.222602460000,0.040795871000,13256.478806,0,400latency_llmop_gpt_gpt-7b_394_layer26_attn_v_pasta_metrics.csv,400latency_llmop_gpt_gpt-7b_394_layer26_attn_v_pasta_out.stdout
gpt,gpt-7b,pasta,395,layer26_attn_score,0.012400265000,0.000000000000,0.373988159000,0.012384536000,2542.109534,0,400latency_llmop_gpt_gpt-7b_395_layer26_attn_score_pasta_metrics.csv,400latency_llmop_gpt_gpt-7b_395_layer26_attn_score_pasta_out.stdout
gpt,gpt-7b,pasta,396,layer26_causal_mask,0.000005776000,0.000000000000,0.000133694000,0.000005239000,15.001291,0,400latency_llmop_gpt_gpt-7b_396_layer26_causal_mask_pasta_metrics.csv,400latency_llmop_gpt_gpt-7b_396_layer26_causal_mask_pasta_out.stdout
gpt,gpt-7b,pasta,397,layer26_attn_softmax,0.000018498000,0.000000000000,0.000211893000,0.000018028000,34.006534,0,400latency_llmop_gpt_gpt-7b_397_layer26_attn_softmax_pasta_metrics.csv,400latency_llmop_gpt_gpt-7b_397_layer26_attn_softmax_pasta_out.stdout
gpt,gpt-7b,pasta,398,layer26_attn_value,0.002731007500,0.000000000000,0.061297460000,0.002689751000,16179.605041,0,400latency_llmop_gpt_gpt-7b_398_layer26_attn_value_pasta_metrics.csv,400latency_llmop_gpt_gpt-7b_398_layer26_attn_value_pasta_out.stdout
gpt,gpt-7b,pasta,399,layer26_attn_out,0.040832784125,0.000000000000,1.222602460000,0.040795871000,13256.478806,0,400latency_llmop_gpt_gpt-7b_399_layer26_attn_out_pasta_metrics.csv,400latency_llmop_gpt_gpt-7b_399_layer26_attn_out_pasta_out.stdout
gpt,gpt-7b,pasta,400,layer26_attn_residual,0.000033915000,0.000000000000,0.001278808000,0.000033428000,237.011988,0,400latency_llmop_gpt_gpt-7b_400_layer26_attn_residual_pasta_metrics.csv,400latency_llmop_gpt_gpt-7b_400_layer26_attn_residual_pasta_out.stdout
gpt,gpt-7b,pasta,401,layer26_norm2,0.000022026000,0.000000000000,0.000819010000,0.000021541000,246.021900,0,400latency_llmop_gpt_gpt-7b_401_layer26_norm2_pasta_metrics.csv,400latency_llmop_gpt_gpt-7b_401_layer26_norm2_pasta_out.stdout
gpt,gpt-7b,pasta,402,layer26_mlp_fc1,0.063371056000,0.000000000000,1.150402108000,0.061754257000,13247.468116,0,400latency_llmop_gpt_gpt-7b_402_layer26_mlp_fc1_pasta_metrics.csv,400latency_llmop_gpt_gpt-7b_402_layer26_mlp_fc1_pasta_out.stdout
gpt,gpt-7b,pasta,403,layer26_mlp_gelu,0.000030779350,0.000000000000,0.000315740000,0.000030154000,640.033362,0,400latency_llmop_gpt_gpt-7b_403_layer26_mlp_gelu_pasta_metrics.csv,400latency_llmop_gpt_gpt-7b_403_layer26_mlp_gelu_pasta_out.stdout
gpt,gpt-7b,pasta,404,layer26_mlp_fc2,0.054627315000,0.000000000000,1.006487296000,0.054605047000,30906.142571,0,400latency_llmop_gpt_gpt-7b_404_layer26_mlp_fc2_pasta_metrics.csv,400latency_llmop_gpt_gpt-7b_404_layer26_mlp_fc2_pasta_out.stdout
gpt,gpt-7b,pasta,405,layer26_mlp_residual,0.000033915000,0.000000000000,0.001278808000,0.000033428000,237.011988,0,400latency_llmop_gpt_gpt-7b_405_layer26_mlp_residual_pasta_metrics.csv,400latency_llmop_gpt_gpt-7b_405_layer26_mlp_residual_pasta_out.stdout
gpt,gpt-7b,pasta,406,layer27_norm1,0.000022026000,0.000000000000,0.000819010000,0.000021541000,246.021900,0,400latency_llmop_gpt_gpt-7b_406_layer27_norm1_pasta_metrics.csv,400latency_llmop_gpt_gpt-7b_406_layer27_norm1_pasta_out.stdout
gpt,gpt-7b,pasta,407,layer27_attn_q,0.040832784125,0.000000000000,1.222602460000,0.040795871000,13256.478806,0,400latency_llmop_gpt_gpt-7b_407_layer27_attn_q_pasta_metrics.csv,400latency_llmop_gpt_gpt-7b_407_layer27_attn_q_pasta_out.stdout
gpt,gpt-7b,pasta,408,layer27_attn_k,0.040832784125,0.000000000000,1.222602460000,0.040795871000,13256.478806,0,400latency_llmop_gpt_gpt-7b_408_layer27_attn_k_pasta_metrics.csv,400latency_llmop_gpt_gpt-7b_408_layer27_attn_k_pasta_out.stdout
gpt,gpt-7b,pasta,409,layer27_attn_v,0.040832784125,0.000000000000,1.222602460000,0.040795871000,13256.478806,0,400latency_llmop_gpt_gpt-7b_409_layer27_attn_v_pasta_metrics.csv,400latency_llmop_gpt_gpt-7b_409_layer27_attn_v_pasta_out.stdout
gpt,gpt-7b,pasta,410,layer27_attn_score,0.012400265000,0.000000000000,0.373988159000,0.012384536000,2542.109534,0,400latency_llmop_gpt_gpt-7b_410_layer27_attn_score_pasta_metrics.csv,400latency_llmop_gpt_gpt-7b_410_layer27_attn_score_pasta_out.stdout
gpt,gpt-7b,pasta,411,layer27_causal_mask,0.000005776000,0.000000000000,0.000133694000,0.000005239000,15.001291,0,400latency_llmop_gpt_gpt-7b_411_layer27_causal_mask_pasta_metrics.csv,400latency_llmop_gpt_gpt-7b_411_layer27_causal_mask_pasta_out.stdout
gpt,gpt-7b,pasta,412,layer27_attn_softmax,0.000018498000,0.000000000000,0.000211893000,0.000018028000,34.006534,0,400latency_llmop_gpt_gpt-7b_412_layer27_attn_softmax_pasta_metrics.csv,400latency_llmop_gpt_gpt-7b_412_layer27_attn_softmax_pasta_out.stdout
gpt,gpt-7b,pasta,413,layer27_attn_value,0.002731007500,0.000000000000,0.061297460000,0.002689751000,16179.605041,0,400latency_llmop_gpt_gpt-7b_413_layer27_attn_value_pasta_metrics.csv,400latency_llmop_gpt_gpt-7b_413_layer27_attn_value_pasta_out.stdout
gpt,gpt-7b,pasta,414,layer27_attn_out,0.040832784125,0.000000000000,1.222602460000,0.040795871000,13256.478806,0,400latency_llmop_gpt_gpt-7b_414_layer27_attn_out_pasta_metrics.csv,400latency_llmop_gpt_gpt-7b_414_layer27_attn_out_pasta_out.stdout
gpt,gpt-7b,pasta,415,layer27_attn_residual,0.000033915000,0.000000000000,0.001278808000,0.000033428000,237.011988,0,400latency_llmop_gpt_gpt-7b_415_layer27_attn_residual_pasta_metrics.csv,400latency_llmop_gpt_gpt-7b_415_layer27_attn_residual_pasta_out.stdout
gpt,gpt-7b,pasta,416,layer27_norm2,0.000022026000,0.000000000000,0.000819010000,0.000021541000,246.021900,0,400latency_llmop_gpt_gpt-7b_416_layer27_norm2_pasta_metrics.csv,400latency_llmop_gpt_gpt-7b_416_layer27_norm2_pasta_out.stdout
gpt,gpt-7b,pasta,417,layer27_mlp_fc1,0.063371056000,0.000000000000,1.150402108000,0.061754257000,13247.468116,0,400latency_llmop_gpt_gpt-7b_417_layer27_mlp_fc1_pasta_metrics.csv,400latency_llmop_gpt_gpt-7b_417_layer27_mlp_fc1_pasta_out.stdout
gpt,gpt-7b,pasta,418,layer27_mlp_gelu,0.000030779350,0.000000000000,0.000315740000,0.000030154000,640.033362,0,400latency_llmop_gpt_gpt-7b_418_layer27_mlp_gelu_pasta_metrics.csv,400latency_llmop_gpt_gpt-7b_418_layer27_mlp_gelu_pasta_out.stdout
gpt,gpt-7b,pasta,419,layer27_mlp_fc2,0.054627315000,0.000000000000,1.006487296000,0.054605047000,30906.142571,0,400latency_llmop_gpt_gpt-7b_419_layer27_mlp_fc2_pasta_metrics.csv,400latency_llmop_gpt_gpt-7b_419_layer27_mlp_fc2_pasta_out.stdout
gpt,gpt-7b,pasta,420,layer27_mlp_residual,0.000033915000,0.000000000000,0.001278808000,0.000033428000,237.011988,0,400latency_llmop_gpt_gpt-7b_420_layer27_mlp_residual_pasta_metrics.csv,400latency_llmop_gpt_gpt-7b_420_layer27_mlp_residual_pasta_out.stdout
gpt,gpt-7b,pasta,421,layer28_norm1,0.000022026000,0.000000000000,0.000819010000,0.000021541000,246.021900,0,400latency_llmop_gpt_gpt-7b_421_layer28_norm1_pasta_metrics.csv,400latency_llmop_gpt_gpt-7b_421_layer28_norm1_pasta_out.stdout
gpt,gpt-7b,pasta,422,layer28_attn_q,0.040832784125,0.000000000000,1.222602460000,0.040795871000,13256.478806,0,400latency_llmop_gpt_gpt-7b_422_layer28_attn_q_pasta_metrics.csv,400latency_llmop_gpt_gpt-7b_422_layer28_attn_q_pasta_out.stdout
gpt,gpt-7b,pasta,423,layer28_attn_k,0.040832784125,0.000000000000,1.222602460000,0.040795871000,13256.478806,0,400latency_llmop_gpt_gpt-7b_423_layer28_attn_k_pasta_metrics.csv,400latency_llmop_gpt_gpt-7b_423_layer28_attn_k_pasta_out.stdout
gpt,gpt-7b,pasta,424,layer28_attn_v,0.040832784125,0.000000000000,1.222602460000,0.040795871000,13256.478806,0,400latency_llmop_gpt_gpt-7b_424_layer28_attn_v_pasta_metrics.csv,400latency_llmop_gpt_gpt-7b_424_layer28_attn_v_pasta_out.stdout
gpt,gpt-7b,pasta,425,layer28_attn_score,0.012400265000,0.000000000000,0.373988159000,0.012384536000,2542.109534,0,400latency_llmop_gpt_gpt-7b_425_layer28_attn_score_pasta_metrics.csv,400latency_llmop_gpt_gpt-7b_425_layer28_attn_score_pasta_out.stdout
gpt,gpt-7b,pasta,426,layer28_causal_mask,0.000005776000,0.000000000000,0.000133694000,0.000005239000,15.001291,0,400latency_llmop_gpt_gpt-7b_426_layer28_causal_mask_pasta_metrics.csv,400latency_llmop_gpt_gpt-7b_426_layer28_causal_mask_pasta_out.stdout
gpt,gpt-7b,pasta,427,layer28_attn_softmax,0.000018498000,0.000000000000,0.000211893000,0.000018028000,34.006534,0,400latency_llmop_gpt_gpt-7b_427_layer28_attn_softmax_pasta_metrics.csv,400latency_llmop_gpt_gpt-7b_427_layer28_attn_softmax_pasta_out.stdout
gpt,gpt-7b,pasta,428,layer28_attn_value,0.002731007500,0.000000000000,0.061297460000,0.002689751000,16179.605041,0,400latency_llmop_gpt_gpt-7b_428_layer28_attn_value_pasta_metrics.csv,400latency_llmop_gpt_gpt-7b_428_layer28_attn_value_pasta_out.stdout
gpt,gpt-7b,pasta,429,layer28_attn_out,0.040832784125,0.000000000000,1.222602460000,0.040795871000,13256.478806,0,400latency_llmop_gpt_gpt-7b_429_layer28_attn_out_pasta_metrics.csv,400latency_llmop_gpt_gpt-7b_429_layer28_attn_out_pasta_out.stdout
gpt,gpt-7b,pasta,430,layer28_attn_residual,0.000033915000,0.000000000000,0.001278808000,0.000033428000,237.011988,0,400latency_llmop_gpt_gpt-7b_430_layer28_attn_residual_pasta_metrics.csv,400latency_llmop_gpt_gpt-7b_430_layer28_attn_residual_pasta_out.stdout
gpt,gpt-7b,pasta,431,layer28_norm2,0.000022026000,0.000000000000,0.000819010000,0.000021541000,246.021900,0,400latency_llmop_gpt_gpt-7b_431_layer28_norm2_pasta_metrics.csv,400latency_llmop_gpt_gpt-7b_431_layer28_norm2_pasta_out.stdout
gpt,gpt-7b,pasta,432,layer28_mlp_fc1,0.063371056000,0.000000000000,1.150402108000,0.061754257000,13247.468116,0,400latency_llmop_gpt_gpt-7b_432_layer28_mlp_fc1_pasta_metrics.csv,400latency_llmop_gpt_gpt-7b_432_layer28_mlp_fc1_pasta_out.stdout
gpt,gpt-7b,pasta,433,layer28_mlp_gelu,0.000030779350,0.000000000000,0.000315740000,0.000030154000,640.033362,0,400latency_llmop_gpt_gpt-7b_433_layer28_mlp_gelu_pasta_metrics.csv,400latency_llmop_gpt_gpt-7b_433_layer28_mlp_gelu_pasta_out.stdout
gpt,gpt-7b,pasta,434,layer28_mlp_fc2,0.054627315000,0.000000000000,1.006487296000,0.054605047000,30906.142571,0,400latency_llmop_gpt_gpt-7b_434_layer28_mlp_fc2_pasta_metrics.csv,400latency_llmop_gpt_gpt-7b_434_layer28_mlp_fc2_pasta_out.stdout
gpt,gpt-7b,pasta,435,layer28_mlp_residual,0.000033915000,0.000000000000,0.001278808000,0.000033428000,237.011988,0,400latency_llmop_gpt_gpt-7b_435_layer28_mlp_residual_pasta_metrics.csv,400latency_llmop_gpt_gpt-7b_435_layer28_mlp_residual_pasta_out.stdout
gpt,gpt-7b,pasta,436,layer29_norm1,0.000022026000,0.000000000000,0.000819010000,0.000021541000,246.021900,0,400latency_llmop_gpt_gpt-7b_436_layer29_norm1_pasta_metrics.csv,400latency_llmop_gpt_gpt-7b_436_layer29_norm1_pasta_out.stdout
gpt,gpt-7b,pasta,437,layer29_attn_q,0.040832784125,0.000000000000,1.222602460000,0.040795871000,13256.478806,0,400latency_llmop_gpt_gpt-7b_437_layer29_attn_q_pasta_metrics.csv,400latency_llmop_gpt_gpt-7b_437_layer29_attn_q_pasta_out.stdout
gpt,gpt-7b,pasta,438,layer29_attn_k,0.040832784125,0.000000000000,1.222602460000,0.040795871000,13256.478806,0,400latency_llmop_gpt_gpt-7b_438_layer29_attn_k_pasta_metrics.csv,400latency_llmop_gpt_gpt-7b_438_layer29_attn_k_pasta_out.stdout
gpt,gpt-7b,pasta,439,layer29_attn_v,0.040832784125,0.000000000000,1.222602460000,0.040795871000,13256.478806,0,400latency_llmop_gpt_gpt-7b_439_layer29_attn_v_pasta_metrics.csv,400latency_llmop_gpt_gpt-7b_439_layer29_attn_v_pasta_out.stdout
gpt,gpt-7b,pasta,440,layer29_attn_score,0.012400265000,0.000000000000,0.373988159000,0.012384536000,2542.109534,0,400latency_llmop_gpt_gpt-7b_440_layer29_attn_score_pasta_metrics.csv,400latency_llmop_gpt_gpt-7b_440_layer29_attn_score_pasta_out.stdout
gpt,gpt-7b,pasta,441,layer29_causal_mask,0.000005776000,0.000000000000,0.000133694000,0.000005239000,15.001291,0,400latency_llmop_gpt_gpt-7b_441_layer29_causal_mask_pasta_metrics.csv,400latency_llmop_gpt_gpt-7b_441_layer29_causal_mask_pasta_out.stdout
gpt,gpt-7b,pasta,442,layer29_attn_softmax,0.000018498000,0.000000000000,0.000211893000,0.000018028000,34.006534,0,400latency_llmop_gpt_gpt-7b_442_layer29_attn_softmax_pasta_metrics.csv,400latency_llmop_gpt_gpt-7b_442_layer29_attn_softmax_pasta_out.stdout
gpt,gpt-7b,pasta,443,layer29_attn_value,0.002731007500,0.000000000000,0.061297460000,0.002689751000,16179.605041,0,400latency_llmop_gpt_gpt-7b_443_layer29_attn_value_pasta_metrics.csv,400latency_llmop_gpt_gpt-7b_443_layer29_attn_value_pasta_out.stdout
gpt,gpt-7b,pasta,444,layer29_attn_out,0.040832784125,0.000000000000,1.222602460000,0.040795871000,13256.478806,0,400latency_llmop_gpt_gpt-7b_444_layer29_attn_out_pasta_metrics.csv,400latency_llmop_gpt_gpt-7b_444_layer29_attn_out_pasta_out.stdout
gpt,gpt-7b,pasta,445,layer29_attn_residual,0.000033915000,0.000000000000,0.001278808000,0.000033428000,237.011988,0,400latency_llmop_gpt_gpt-7b_445_layer29_attn_residual_pasta_metrics.csv,400latency_llmop_gpt_gpt-7b_445_layer29_attn_residual_pasta_out.stdout
gpt,gpt-7b,pasta,446,layer29_norm2,0.000022026000,0.000000000000,0.000819010000,0.000021541000,246.021900,0,400latency_llmop_gpt_gpt-7b_446_layer29_norm2_pasta_metrics.csv,400latency_llmop_gpt_gpt-7b_446_layer29_norm2_pasta_out.stdout
gpt,gpt-7b,pasta,447,layer29_mlp_fc1,0.063371056000,0.000000000000,1.150402108000,0.061754257000,13247.468116,0,400latency_llmop_gpt_gpt-7b_447_layer29_mlp_fc1_pasta_metrics.csv,400latency_llmop_gpt_gpt-7b_447_layer29_mlp_fc1_pasta_out.stdout
gpt,gpt-7b,pasta,448,layer29_mlp_gelu,0.000030779350,0.000000000000,0.000315740000,0.000030154000,640.033362,0,400latency_llmop_gpt_gpt-7b_448_layer29_mlp_gelu_pasta_metrics.csv,400latency_llmop_gpt_gpt-7b_448_layer29_mlp_gelu_pasta_out.stdout
gpt,gpt-7b,pasta,449,layer29_mlp_fc2,0.054627315000,0.000000000000,1.006487296000,0.054605047000,30906.142571,0,400latency_llmop_gpt_gpt-7b_449_layer29_mlp_fc2_pasta_metrics.csv,400latency_llmop_gpt_gpt-7b_449_layer29_mlp_fc2_pasta_out.stdout
gpt,gpt-7b,pasta,450,layer29_mlp_residual,0.000033915000,0.000000000000,0.001278808000,0.000033428000,237.011988,0,400latency_llmop_gpt_gpt-7b_450_layer29_mlp_residual_pasta_metrics.csv,400latency_llmop_gpt_gpt-7b_450_layer29_mlp_residual_pasta_out.stdout
gpt,gpt-7b,pasta,451,layer30_norm1,0.000022026000,0.000000000000,0.000819010000,0.000021541000,246.021900,0,400latency_llmop_gpt_gpt-7b_451_layer30_norm1_pasta_metrics.csv,400latency_llmop_gpt_gpt-7b_451_layer30_norm1_pasta_out.stdout
gpt,gpt-7b,pasta,452,layer30_attn_q,0.040832784125,0.000000000000,1.222602460000,0.040795871000,13256.478806,0,400latency_llmop_gpt_gpt-7b_452_layer30_attn_q_pasta_metrics.csv,400latency_llmop_gpt_gpt-7b_452_layer30_attn_q_pasta_out.stdout
gpt,gpt-7b,pasta,453,layer30_attn_k,0.040832784125,0.000000000000,1.222602460000,0.040795871000,13256.478806,0,400latency_llmop_gpt_gpt-7b_453_layer30_attn_k_pasta_metrics.csv,400latency_llmop_gpt_gpt-7b_453_layer30_attn_k_pasta_out.stdout
gpt,gpt-7b,pasta,454,layer30_attn_v,0.040832784125,0.000000000000,1.222602460000,0.040795871000,13256.478806,0,400latency_llmop_gpt_gpt-7b_454_layer30_attn_v_pasta_metrics.csv,400latency_llmop_gpt_gpt-7b_454_layer30_attn_v_pasta_out.stdout
gpt,gpt-7b,pasta,455,layer30_attn_score,0.012400265000,0.000000000000,0.373988159000,0.012384536000,2542.109534,0,400latency_llmop_gpt_gpt-7b_455_layer30_attn_score_pasta_metrics.csv,400latency_llmop_gpt_gpt-7b_455_layer30_attn_score_pasta_out.stdout
gpt,gpt-7b,pasta,456,layer30_causal_mask,0.000005776000,0.000000000000,0.000133694000,0.000005239000,15.001291,0,400latency_llmop_gpt_gpt-7b_456_layer30_causal_mask_pasta_metrics.csv,400latency_llmop_gpt_gpt-7b_456_layer30_causal_mask_pasta_out.stdout
gpt,gpt-7b,pasta,457,layer30_attn_softmax,0.000018498000,0.000000000000,0.000211893000,0.000018028000,34.006534,0,400latency_llmop_gpt_gpt-7b_457_layer30_attn_softmax_pasta_metrics.csv,400latency_llmop_gpt_gpt-7b_457_layer30_attn_softmax_pasta_out.stdout
gpt,gpt-7b,pasta,458,layer30_attn_value,0.002731007500,0.000000000000,0.061297460000,0.002689751000,16179.605041,0,400latency_llmop_gpt_gpt-7b_458_layer30_attn_value_pasta_metrics.csv,400latency_llmop_gpt_gpt-7b_458_layer30_attn_value_pasta_out.stdout
gpt,gpt-7b,pasta,459,layer30_attn_out,0.040832784125,0.000000000000,1.222602460000,0.040795871000,13256.478806,0,400latency_llmop_gpt_gpt-7b_459_layer30_attn_out_pasta_metrics.csv,400latency_llmop_gpt_gpt-7b_459_layer30_attn_out_pasta_out.stdout
gpt,gpt-7b,pasta,460,layer30_attn_residual,0.000033915000,0.000000000000,0.001278808000,0.000033428000,237.011988,0,400latency_llmop_gpt_gpt-7b_460_layer30_attn_residual_pasta_metrics.csv,400latency_llmop_gpt_gpt-7b_460_layer30_attn_residual_pasta_out.stdout
gpt,gpt-7b,pasta,461,layer30_norm2,0.000022026000,0.000000000000,0.000819010000,0.000021541000,246.021900,0,400latency_llmop_gpt_gpt-7b_461_layer30_norm2_pasta_metrics.csv,400latency_llmop_gpt_gpt-7b_461_layer30_norm2_pasta_out.stdout
gpt,gpt-7b,pasta,462,layer30_mlp_fc1,0.063371056000,0.000000000000,1.150402108000,0.061754257000,13247.468116,0,400latency_llmop_gpt_gpt-7b_462_layer30_mlp_fc1_pasta_metrics.csv,400latency_llmop_gpt_gpt-7b_462_layer30_mlp_fc1_pasta_out.stdout
gpt,gpt-7b,pasta,463,layer30_mlp_gelu,0.000030779350,0.000000000000,0.000315740000,0.000030154000,640.033362,0,400latency_llmop_gpt_gpt-7b_463_layer30_mlp_gelu_pasta_metrics.csv,400latency_llmop_gpt_gpt-7b_463_layer30_mlp_gelu_pasta_out.stdout
gpt,gpt-7b,pasta,464,layer30_mlp_fc2,0.054627315000,0.000000000000,1.006487296000,0.054605047000,30906.142571,0,400latency_llmop_gpt_gpt-7b_464_layer30_mlp_fc2_pasta_metrics.csv,400latency_llmop_gpt_gpt-7b_464_layer30_mlp_fc2_pasta_out.stdout
gpt,gpt-7b,pasta,465,layer30_mlp_residual,0.000033915000,0.000000000000,0.001278808000,0.000033428000,237.011988,0,400latency_llmop_gpt_gpt-7b_465_layer30_mlp_residual_pasta_metrics.csv,400latency_llmop_gpt_gpt-7b_465_layer30_mlp_residual_pasta_out.stdout
gpt,gpt-7b,pasta,466,layer31_norm1,0.000022026000,0.000000000000,0.000819010000,0.000021541000,246.021900,0,400latency_llmop_gpt_gpt-7b_466_layer31_norm1_pasta_metrics.csv,400latency_llmop_gpt_gpt-7b_466_layer31_norm1_pasta_out.stdout
gpt,gpt-7b,pasta,467,layer31_attn_q,0.040832784125,0.000000000000,1.222602460000,0.040795871000,13256.478806,0,400latency_llmop_gpt_gpt-7b_467_layer31_attn_q_pasta_metrics.csv,400latency_llmop_gpt_gpt-7b_467_layer31_attn_q_pasta_out.stdout
gpt,gpt-7b,pasta,468,layer31_attn_k,0.040832784125,0.000000000000,1.222602460000,0.040795871000,13256.478806,0,400latency_llmop_gpt_gpt-7b_468_layer31_attn_k_pasta_metrics.csv,400latency_llmop_gpt_gpt-7b_468_layer31_attn_k_pasta_out.stdout
gpt,gpt-7b,pasta,469,layer31_attn_v,0.040832784125,0.000000000000,1.222602460000,0.040795871000,13256.478806,0,400latency_llmop_gpt_gpt-7b_469_layer31_attn_v_pasta_metrics.csv,400latency_llmop_gpt_gpt-7b_469_layer31_attn_v_pasta_out.stdout
gpt,gpt-7b,pasta,470,layer31_attn_score,0.012400265000,0.000000000000,0.373988159000,0.012384536000,2542.109534,0,400latency_llmop_gpt_gpt-7b_470_layer31_attn_score_pasta_metrics.csv,400latency_llmop_gpt_gpt-7b_470_layer31_attn_score_pasta_out.stdout
gpt,gpt-7b,pasta,471,layer31_causal_mask,0.000005776000,0.000000000000,0.000133694000,0.000005239000,15.001291,0,400latency_llmop_gpt_gpt-7b_471_layer31_causal_mask_pasta_metrics.csv,400latency_llmop_gpt_gpt-7b_471_layer31_causal_mask_pasta_out.stdout
gpt,gpt-7b,pasta,472,layer31_attn_softmax,0.000018498000,0.000000000000,0.000211893000,0.000018028000,34.006534,0,400latency_llmop_gpt_gpt-7b_472_layer31_attn_softmax_pasta_metrics.csv,400latency_llmop_gpt_gpt-7b_472_layer31_attn_softmax_pasta_out.stdout
gpt,gpt-7b,pasta,473,layer31_attn_value,0.002731007500,0.000000000000,0.061297460000,0.002689751000,16179.605041,0,400latency_llmop_gpt_gpt-7b_473_layer31_attn_value_pasta_metrics.csv,400latency_llmop_gpt_gpt-7b_473_layer31_attn_value_pasta_out.stdout
gpt,gpt-7b,pasta,474,layer31_attn_out,0.040832784125,0.000000000000,1.222602460000,0.040795871000,13256.478806,0,400latency_llmop_gpt_gpt-7b_474_layer31_attn_out_pasta_metrics.csv,400latency_llmop_gpt_gpt-7b_474_layer31_attn_out_pasta_out.stdout
gpt,gpt-7b,pasta,475,layer31_attn_residual,0.000033915000,0.000000000000,0.001278808000,0.000033428000,237.011988,0,400latency_llmop_gpt_gpt-7b_475_layer31_attn_residual_pasta_metrics.csv,400latency_llmop_gpt_gpt-7b_475_layer31_attn_residual_pasta_out.stdout
gpt,gpt-7b,pasta,476,layer31_norm2,0.000022026000,0.000000000000,0.000819010000,0.000021541000,246.021900,0,400latency_llmop_gpt_gpt-7b_476_layer31_norm2_pasta_metrics.csv,400latency_llmop_gpt_gpt-7b_476_layer31_norm2_pasta_out.stdout
gpt,gpt-7b,pasta,477,layer31_mlp_fc1,0.063371056000,0.000000000000,1.150402108000,0.061754257000,13247.468116,0,400latency_llmop_gpt_gpt-7b_477_layer31_mlp_fc1_pasta_metrics.csv,400latency_llmop_gpt_gpt-7b_477_layer31_mlp_fc1_pasta_out.stdout
gpt,gpt-7b,pasta,478,layer31_mlp_gelu,0.000030779350,0.000000000000,0.000315740000,0.000030154000,640.033362,0,400latency_llmop_gpt_gpt-7b_478_layer31_mlp_gelu_pasta_metrics.csv,400latency_llmop_gpt_gpt-7b_478_layer31_mlp_gelu_pasta_out.stdout
gpt,gpt-7b,pasta,479,layer31_mlp_fc2,0.054627315000,0.000000000000,1.006487296000,0.054605047000,30906.142571,0,400latency_llmop_gpt_gpt-7b_479_layer31_mlp_fc2_pasta_metrics.csv,400latency_llmop_gpt_gpt-7b_479_layer31_mlp_fc2_pasta_out.stdout
gpt,gpt-7b,pasta,480,layer31_mlp_residual,0.000033915000,0.000000000000,0.001278808000,0.000033428000,237.011988,0,400latency_llmop_gpt_gpt-7b_480_layer31_mlp_residual_pasta_metrics.csv,400latency_llmop_gpt_gpt-7b_480_layer31_mlp_residual_pasta_out.stdout
resnet,resnet-50-full,baseline,0,full,0.000065549000,0.000000000000,0.000153303000,0.000057791000,1943.098062,0,400latency_resnet_resnet_resnet-50-full_000_full_baseline_metrics.csv,400latency_resnet_resnet_resnet-50-full_000_full_baseline_out.stdout
resnet,resnet-50-full,pasta,0,full,0.000057832000,0.000000000000,0.000152281000,0.000056395000,1934.095595,0,400latency_resnet_resnet_resnet-50-full_000_full_pasta_metrics.csv,400latency_resnet_resnet_resnet-50-full_000_full_pasta_out.stdout
