representative_config_name,duplicate_config_name,representative_metrics,duplicate_metrics
gpt_gpt-7b_000_embedding_baseline,bert_bert-7b-proxy_000_embedding_baseline,400latency_llmop_gpt_gpt-7b_000_embedding_baseline_metrics.csv,400latency_llmop_bert_bert-7b-proxy_000_embedding_baseline_metrics.csv
gpt_gpt-7b_000_embedding_pasta,bert_bert-7b-proxy_000_embedding_pasta,400latency_llmop_gpt_gpt-7b_000_embedding_pasta_metrics.csv,400latency_llmop_bert_bert-7b-proxy_000_embedding_pasta_metrics.csv
bert_bert-7b-proxy_001_layer00_attn_q_baseline,gpt_gpt-7b_002_layer00_attn_q_baseline,400latency_llmop_bert_bert-7b-proxy_001_layer00_attn_q_baseline_metrics.csv,400latency_llmop_gpt_gpt-7b_002_layer00_attn_q_baseline_metrics.csv
bert_bert-7b-proxy_001_layer00_attn_q_baseline,bert_bert-7b-proxy_002_layer00_attn_k_baseline,400latency_llmop_bert_bert-7b-proxy_001_layer00_attn_q_baseline_metrics.csv,400latency_llmop_bert_bert-7b-proxy_002_layer00_attn_k_baseline_metrics.csv
bert_bert-7b-proxy_001_layer00_attn_q_pasta,gpt_gpt-7b_002_layer00_attn_q_pasta,400latency_llmop_bert_bert-7b-proxy_001_layer00_attn_q_pasta_metrics.csv,400latency_llmop_gpt_gpt-7b_002_layer00_attn_q_pasta_metrics.csv
bert_bert-7b-proxy_001_layer00_attn_q_pasta,bert_bert-7b-proxy_002_layer00_attn_k_pasta,400latency_llmop_bert_bert-7b-proxy_001_layer00_attn_q_pasta_metrics.csv,400latency_llmop_bert_bert-7b-proxy_002_layer00_attn_k_pasta_metrics.csv
bert_bert-7b-proxy_001_layer00_attn_q_baseline,gpt_gpt-7b_003_layer00_attn_k_baseline,400latency_llmop_bert_bert-7b-proxy_001_layer00_attn_q_baseline_metrics.csv,400latency_llmop_gpt_gpt-7b_003_layer00_attn_k_baseline_metrics.csv
bert_bert-7b-proxy_001_layer00_attn_q_baseline,bert_bert-7b-proxy_003_layer00_attn_v_baseline,400latency_llmop_bert_bert-7b-proxy_001_layer00_attn_q_baseline_metrics.csv,400latency_llmop_bert_bert-7b-proxy_003_layer00_attn_v_baseline_metrics.csv
bert_bert-7b-proxy_001_layer00_attn_q_pasta,gpt_gpt-7b_003_layer00_attn_k_pasta,400latency_llmop_bert_bert-7b-proxy_001_layer00_attn_q_pasta_metrics.csv,400latency_llmop_gpt_gpt-7b_003_layer00_attn_k_pasta_metrics.csv
bert_bert-7b-proxy_001_layer00_attn_q_pasta,bert_bert-7b-proxy_003_layer00_attn_v_pasta,400latency_llmop_bert_bert-7b-proxy_001_layer00_attn_q_pasta_metrics.csv,400latency_llmop_bert_bert-7b-proxy_003_layer00_attn_v_pasta_metrics.csv
bert_bert-7b-proxy_001_layer00_attn_q_baseline,gpt_gpt-7b_004_layer00_attn_v_baseline,400latency_llmop_bert_bert-7b-proxy_001_layer00_attn_q_baseline_metrics.csv,400latency_llmop_gpt_gpt-7b_004_layer00_attn_v_baseline_metrics.csv
bert_bert-7b-proxy_001_layer00_attn_q_pasta,gpt_gpt-7b_004_layer00_attn_v_pasta,400latency_llmop_bert_bert-7b-proxy_001_layer00_attn_q_pasta_metrics.csv,400latency_llmop_gpt_gpt-7b_004_layer00_attn_v_pasta_metrics.csv
bert_bert-7b-proxy_004_layer00_attn_score_baseline,gpt_gpt-7b_005_layer00_attn_score_baseline,400latency_llmop_bert_bert-7b-proxy_004_layer00_attn_score_baseline_metrics.csv,400latency_llmop_gpt_gpt-7b_005_layer00_attn_score_baseline_metrics.csv
bert_bert-7b-proxy_004_layer00_attn_score_pasta,gpt_gpt-7b_005_layer00_attn_score_pasta,400latency_llmop_bert_bert-7b-proxy_004_layer00_attn_score_pasta_metrics.csv,400latency_llmop_gpt_gpt-7b_005_layer00_attn_score_pasta_metrics.csv
bert_bert-7b-proxy_005_layer00_attn_softmax_baseline,gpt_gpt-7b_007_layer00_attn_softmax_baseline,400latency_llmop_bert_bert-7b-proxy_005_layer00_attn_softmax_baseline_metrics.csv,400latency_llmop_gpt_gpt-7b_007_layer00_attn_softmax_baseline_metrics.csv
bert_bert-7b-proxy_001_layer00_attn_q_baseline,bert_bert-7b-proxy_007_layer00_attn_out_baseline,400latency_llmop_bert_bert-7b-proxy_001_layer00_attn_q_baseline_metrics.csv,400latency_llmop_bert_bert-7b-proxy_007_layer00_attn_out_baseline_metrics.csv
bert_bert-7b-proxy_005_layer00_attn_softmax_pasta,gpt_gpt-7b_007_layer00_attn_softmax_pasta,400latency_llmop_bert_bert-7b-proxy_005_layer00_attn_softmax_pasta_metrics.csv,400latency_llmop_gpt_gpt-7b_007_layer00_attn_softmax_pasta_metrics.csv
bert_bert-7b-proxy_001_layer00_attn_q_pasta,bert_bert-7b-proxy_007_layer00_attn_out_pasta,400latency_llmop_bert_bert-7b-proxy_001_layer00_attn_q_pasta_metrics.csv,400latency_llmop_bert_bert-7b-proxy_007_layer00_attn_out_pasta_metrics.csv
bert_bert-7b-proxy_006_layer00_attn_value_baseline,gpt_gpt-7b_008_layer00_attn_value_baseline,400latency_llmop_bert_bert-7b-proxy_006_layer00_attn_value_baseline_metrics.csv,400latency_llmop_gpt_gpt-7b_008_layer00_attn_value_baseline_metrics.csv
bert_bert-7b-proxy_006_layer00_attn_value_pasta,gpt_gpt-7b_008_layer00_attn_value_pasta,400latency_llmop_bert_bert-7b-proxy_006_layer00_attn_value_pasta_metrics.csv,400latency_llmop_gpt_gpt-7b_008_layer00_attn_value_pasta_metrics.csv
bert_bert-7b-proxy_001_layer00_attn_q_baseline,gpt_gpt-7b_009_layer00_attn_out_baseline,400latency_llmop_bert_bert-7b-proxy_001_layer00_attn_q_baseline_metrics.csv,400latency_llmop_gpt_gpt-7b_009_layer00_attn_out_baseline_metrics.csv
gpt_gpt-7b_001_layer00_norm1_baseline,bert_bert-7b-proxy_009_layer00_norm1_baseline,400latency_llmop_gpt_gpt-7b_001_layer00_norm1_baseline_metrics.csv,400latency_llmop_bert_bert-7b-proxy_009_layer00_norm1_baseline_metrics.csv
bert_bert-7b-proxy_001_layer00_attn_q_pasta,gpt_gpt-7b_009_layer00_attn_out_pasta,400latency_llmop_bert_bert-7b-proxy_001_layer00_attn_q_pasta_metrics.csv,400latency_llmop_gpt_gpt-7b_009_layer00_attn_out_pasta_metrics.csv
gpt_gpt-7b_001_layer00_norm1_pasta,bert_bert-7b-proxy_009_layer00_norm1_pasta,400latency_llmop_gpt_gpt-7b_001_layer00_norm1_pasta_metrics.csv,400latency_llmop_bert_bert-7b-proxy_009_layer00_norm1_pasta_metrics.csv
bert_bert-7b-proxy_008_layer00_attn_residual_baseline,gpt_gpt-7b_010_layer00_attn_residual_baseline,400latency_llmop_bert_bert-7b-proxy_008_layer00_attn_residual_baseline_metrics.csv,400latency_llmop_gpt_gpt-7b_010_layer00_attn_residual_baseline_metrics.csv
bert_bert-7b-proxy_008_layer00_attn_residual_pasta,gpt_gpt-7b_010_layer00_attn_residual_pasta,400latency_llmop_bert_bert-7b-proxy_008_layer00_attn_residual_pasta_metrics.csv,400latency_llmop_gpt_gpt-7b_010_layer00_attn_residual_pasta_metrics.csv
gpt_gpt-7b_001_layer00_norm1_baseline,gpt_gpt-7b_011_layer00_norm2_baseline,400latency_llmop_gpt_gpt-7b_001_layer00_norm1_baseline_metrics.csv,400latency_llmop_gpt_gpt-7b_011_layer00_norm2_baseline_metrics.csv
gpt_gpt-7b_001_layer00_norm1_pasta,gpt_gpt-7b_011_layer00_norm2_pasta,400latency_llmop_gpt_gpt-7b_001_layer00_norm1_pasta_metrics.csv,400latency_llmop_gpt_gpt-7b_011_layer00_norm2_pasta_metrics.csv
bert_bert-7b-proxy_010_layer00_mlp_fc1_baseline,gpt_gpt-7b_012_layer00_mlp_fc1_baseline,400latency_llmop_bert_bert-7b-proxy_010_layer00_mlp_fc1_baseline_metrics.csv,400latency_llmop_gpt_gpt-7b_012_layer00_mlp_fc1_baseline_metrics.csv
bert_bert-7b-proxy_010_layer00_mlp_fc1_pasta,gpt_gpt-7b_012_layer00_mlp_fc1_pasta,400latency_llmop_bert_bert-7b-proxy_010_layer00_mlp_fc1_pasta_metrics.csv,400latency_llmop_gpt_gpt-7b_012_layer00_mlp_fc1_pasta_metrics.csv
bert_bert-7b-proxy_011_layer00_mlp_gelu_baseline,gpt_gpt-7b_013_layer00_mlp_gelu_baseline,400latency_llmop_bert_bert-7b-proxy_011_layer00_mlp_gelu_baseline_metrics.csv,400latency_llmop_gpt_gpt-7b_013_layer00_mlp_gelu_baseline_metrics.csv
bert_bert-7b-proxy_008_layer00_attn_residual_baseline,bert_bert-7b-proxy_013_layer00_mlp_residual_baseline,400latency_llmop_bert_bert-7b-proxy_008_layer00_attn_residual_baseline_metrics.csv,400latency_llmop_bert_bert-7b-proxy_013_layer00_mlp_residual_baseline_metrics.csv
bert_bert-7b-proxy_011_layer00_mlp_gelu_pasta,gpt_gpt-7b_013_layer00_mlp_gelu_pasta,400latency_llmop_bert_bert-7b-proxy_011_layer00_mlp_gelu_pasta_metrics.csv,400latency_llmop_gpt_gpt-7b_013_layer00_mlp_gelu_pasta_metrics.csv
bert_bert-7b-proxy_008_layer00_attn_residual_pasta,bert_bert-7b-proxy_013_layer00_mlp_residual_pasta,400latency_llmop_bert_bert-7b-proxy_008_layer00_attn_residual_pasta_metrics.csv,400latency_llmop_bert_bert-7b-proxy_013_layer00_mlp_residual_pasta_metrics.csv
bert_bert-7b-proxy_012_layer00_mlp_fc2_baseline,gpt_gpt-7b_014_layer00_mlp_fc2_baseline,400latency_llmop_bert_bert-7b-proxy_012_layer00_mlp_fc2_baseline_metrics.csv,400latency_llmop_gpt_gpt-7b_014_layer00_mlp_fc2_baseline_metrics.csv
gpt_gpt-7b_001_layer00_norm1_baseline,bert_bert-7b-proxy_014_layer00_norm2_baseline,400latency_llmop_gpt_gpt-7b_001_layer00_norm1_baseline_metrics.csv,400latency_llmop_bert_bert-7b-proxy_014_layer00_norm2_baseline_metrics.csv
bert_bert-7b-proxy_012_layer00_mlp_fc2_pasta,gpt_gpt-7b_014_layer00_mlp_fc2_pasta,400latency_llmop_bert_bert-7b-proxy_012_layer00_mlp_fc2_pasta_metrics.csv,400latency_llmop_gpt_gpt-7b_014_layer00_mlp_fc2_pasta_metrics.csv
gpt_gpt-7b_001_layer00_norm1_pasta,bert_bert-7b-proxy_014_layer00_norm2_pasta,400latency_llmop_gpt_gpt-7b_001_layer00_norm1_pasta_metrics.csv,400latency_llmop_bert_bert-7b-proxy_014_layer00_norm2_pasta_metrics.csv
bert_bert-7b-proxy_008_layer00_attn_residual_baseline,gpt_gpt-7b_015_layer00_mlp_residual_baseline,400latency_llmop_bert_bert-7b-proxy_008_layer00_attn_residual_baseline_metrics.csv,400latency_llmop_gpt_gpt-7b_015_layer00_mlp_residual_baseline_metrics.csv
bert_bert-7b-proxy_001_layer00_attn_q_baseline,bert_bert-7b-proxy_015_layer01_attn_q_baseline,400latency_llmop_bert_bert-7b-proxy_001_layer00_attn_q_baseline_metrics.csv,400latency_llmop_bert_bert-7b-proxy_015_layer01_attn_q_baseline_metrics.csv
bert_bert-7b-proxy_008_layer00_attn_residual_pasta,gpt_gpt-7b_015_layer00_mlp_residual_pasta,400latency_llmop_bert_bert-7b-proxy_008_layer00_attn_residual_pasta_metrics.csv,400latency_llmop_gpt_gpt-7b_015_layer00_mlp_residual_pasta_metrics.csv
bert_bert-7b-proxy_001_layer00_attn_q_pasta,bert_bert-7b-proxy_015_layer01_attn_q_pasta,400latency_llmop_bert_bert-7b-proxy_001_layer00_attn_q_pasta_metrics.csv,400latency_llmop_bert_bert-7b-proxy_015_layer01_attn_q_pasta_metrics.csv
gpt_gpt-7b_001_layer00_norm1_baseline,gpt_gpt-7b_016_layer01_norm1_baseline,400latency_llmop_gpt_gpt-7b_001_layer00_norm1_baseline_metrics.csv,400latency_llmop_gpt_gpt-7b_016_layer01_norm1_baseline_metrics.csv
bert_bert-7b-proxy_001_layer00_attn_q_baseline,bert_bert-7b-proxy_016_layer01_attn_k_baseline,400latency_llmop_bert_bert-7b-proxy_001_layer00_attn_q_baseline_metrics.csv,400latency_llmop_bert_bert-7b-proxy_016_layer01_attn_k_baseline_metrics.csv
gpt_gpt-7b_001_layer00_norm1_pasta,gpt_gpt-7b_016_layer01_norm1_pasta,400latency_llmop_gpt_gpt-7b_001_layer00_norm1_pasta_metrics.csv,400latency_llmop_gpt_gpt-7b_016_layer01_norm1_pasta_metrics.csv
bert_bert-7b-proxy_001_layer00_attn_q_pasta,bert_bert-7b-proxy_016_layer01_attn_k_pasta,400latency_llmop_bert_bert-7b-proxy_001_layer00_attn_q_pasta_metrics.csv,400latency_llmop_bert_bert-7b-proxy_016_layer01_attn_k_pasta_metrics.csv
bert_bert-7b-proxy_001_layer00_attn_q_baseline,gpt_gpt-7b_017_layer01_attn_q_baseline,400latency_llmop_bert_bert-7b-proxy_001_layer00_attn_q_baseline_metrics.csv,400latency_llmop_gpt_gpt-7b_017_layer01_attn_q_baseline_metrics.csv
bert_bert-7b-proxy_001_layer00_attn_q_baseline,bert_bert-7b-proxy_017_layer01_attn_v_baseline,400latency_llmop_bert_bert-7b-proxy_001_layer00_attn_q_baseline_metrics.csv,400latency_llmop_bert_bert-7b-proxy_017_layer01_attn_v_baseline_metrics.csv
bert_bert-7b-proxy_001_layer00_attn_q_pasta,gpt_gpt-7b_017_layer01_attn_q_pasta,400latency_llmop_bert_bert-7b-proxy_001_layer00_attn_q_pasta_metrics.csv,400latency_llmop_gpt_gpt-7b_017_layer01_attn_q_pasta_metrics.csv
bert_bert-7b-proxy_001_layer00_attn_q_pasta,bert_bert-7b-proxy_017_layer01_attn_v_pasta,400latency_llmop_bert_bert-7b-proxy_001_layer00_attn_q_pasta_metrics.csv,400latency_llmop_bert_bert-7b-proxy_017_layer01_attn_v_pasta_metrics.csv
bert_bert-7b-proxy_001_layer00_attn_q_baseline,gpt_gpt-7b_018_layer01_attn_k_baseline,400latency_llmop_bert_bert-7b-proxy_001_layer00_attn_q_baseline_metrics.csv,400latency_llmop_gpt_gpt-7b_018_layer01_attn_k_baseline_metrics.csv
bert_bert-7b-proxy_004_layer00_attn_score_baseline,bert_bert-7b-proxy_018_layer01_attn_score_baseline,400latency_llmop_bert_bert-7b-proxy_004_layer00_attn_score_baseline_metrics.csv,400latency_llmop_bert_bert-7b-proxy_018_layer01_attn_score_baseline_metrics.csv
bert_bert-7b-proxy_001_layer00_attn_q_pasta,gpt_gpt-7b_018_layer01_attn_k_pasta,400latency_llmop_bert_bert-7b-proxy_001_layer00_attn_q_pasta_metrics.csv,400latency_llmop_gpt_gpt-7b_018_layer01_attn_k_pasta_metrics.csv
bert_bert-7b-proxy_004_layer00_attn_score_pasta,bert_bert-7b-proxy_018_layer01_attn_score_pasta,400latency_llmop_bert_bert-7b-proxy_004_layer00_attn_score_pasta_metrics.csv,400latency_llmop_bert_bert-7b-proxy_018_layer01_attn_score_pasta_metrics.csv
bert_bert-7b-proxy_001_layer00_attn_q_baseline,gpt_gpt-7b_019_layer01_attn_v_baseline,400latency_llmop_bert_bert-7b-proxy_001_layer00_attn_q_baseline_metrics.csv,400latency_llmop_gpt_gpt-7b_019_layer01_attn_v_baseline_metrics.csv
bert_bert-7b-proxy_005_layer00_attn_softmax_baseline,bert_bert-7b-proxy_019_layer01_attn_softmax_baseline,400latency_llmop_bert_bert-7b-proxy_005_layer00_attn_softmax_baseline_metrics.csv,400latency_llmop_bert_bert-7b-proxy_019_layer01_attn_softmax_baseline_metrics.csv
bert_bert-7b-proxy_001_layer00_attn_q_pasta,gpt_gpt-7b_019_layer01_attn_v_pasta,400latency_llmop_bert_bert-7b-proxy_001_layer00_attn_q_pasta_metrics.csv,400latency_llmop_gpt_gpt-7b_019_layer01_attn_v_pasta_metrics.csv
bert_bert-7b-proxy_005_layer00_attn_softmax_pasta,bert_bert-7b-proxy_019_layer01_attn_softmax_pasta,400latency_llmop_bert_bert-7b-proxy_005_layer00_attn_softmax_pasta_metrics.csv,400latency_llmop_bert_bert-7b-proxy_019_layer01_attn_softmax_pasta_metrics.csv
bert_bert-7b-proxy_004_layer00_attn_score_baseline,gpt_gpt-7b_020_layer01_attn_score_baseline,400latency_llmop_bert_bert-7b-proxy_004_layer00_attn_score_baseline_metrics.csv,400latency_llmop_gpt_gpt-7b_020_layer01_attn_score_baseline_metrics.csv
bert_bert-7b-proxy_006_layer00_attn_value_baseline,bert_bert-7b-proxy_020_layer01_attn_value_baseline,400latency_llmop_bert_bert-7b-proxy_006_layer00_attn_value_baseline_metrics.csv,400latency_llmop_bert_bert-7b-proxy_020_layer01_attn_value_baseline_metrics.csv
bert_bert-7b-proxy_004_layer00_attn_score_pasta,gpt_gpt-7b_020_layer01_attn_score_pasta,400latency_llmop_bert_bert-7b-proxy_004_layer00_attn_score_pasta_metrics.csv,400latency_llmop_gpt_gpt-7b_020_layer01_attn_score_pasta_metrics.csv
bert_bert-7b-proxy_006_layer00_attn_value_pasta,bert_bert-7b-proxy_020_layer01_attn_value_pasta,400latency_llmop_bert_bert-7b-proxy_006_layer00_attn_value_pasta_metrics.csv,400latency_llmop_bert_bert-7b-proxy_020_layer01_attn_value_pasta_metrics.csv
gpt_gpt-7b_006_layer00_causal_mask_baseline,gpt_gpt-7b_021_layer01_causal_mask_baseline,400latency_llmop_gpt_gpt-7b_006_layer00_causal_mask_baseline_metrics.csv,400latency_llmop_gpt_gpt-7b_021_layer01_causal_mask_baseline_metrics.csv
bert_bert-7b-proxy_001_layer00_attn_q_baseline,bert_bert-7b-proxy_021_layer01_attn_out_baseline,400latency_llmop_bert_bert-7b-proxy_001_layer00_attn_q_baseline_metrics.csv,400latency_llmop_bert_bert-7b-proxy_021_layer01_attn_out_baseline_metrics.csv
gpt_gpt-7b_006_layer00_causal_mask_pasta,gpt_gpt-7b_021_layer01_causal_mask_pasta,400latency_llmop_gpt_gpt-7b_006_layer00_causal_mask_pasta_metrics.csv,400latency_llmop_gpt_gpt-7b_021_layer01_causal_mask_pasta_metrics.csv
bert_bert-7b-proxy_001_layer00_attn_q_pasta,bert_bert-7b-proxy_021_layer01_attn_out_pasta,400latency_llmop_bert_bert-7b-proxy_001_layer00_attn_q_pasta_metrics.csv,400latency_llmop_bert_bert-7b-proxy_021_layer01_attn_out_pasta_metrics.csv
bert_bert-7b-proxy_005_layer00_attn_softmax_baseline,gpt_gpt-7b_022_layer01_attn_softmax_baseline,400latency_llmop_bert_bert-7b-proxy_005_layer00_attn_softmax_baseline_metrics.csv,400latency_llmop_gpt_gpt-7b_022_layer01_attn_softmax_baseline_metrics.csv
bert_bert-7b-proxy_008_layer00_attn_residual_baseline,bert_bert-7b-proxy_022_layer01_attn_residual_baseline,400latency_llmop_bert_bert-7b-proxy_008_layer00_attn_residual_baseline_metrics.csv,400latency_llmop_bert_bert-7b-proxy_022_layer01_attn_residual_baseline_metrics.csv
bert_bert-7b-proxy_005_layer00_attn_softmax_pasta,gpt_gpt-7b_022_layer01_attn_softmax_pasta,400latency_llmop_bert_bert-7b-proxy_005_layer00_attn_softmax_pasta_metrics.csv,400latency_llmop_gpt_gpt-7b_022_layer01_attn_softmax_pasta_metrics.csv
bert_bert-7b-proxy_008_layer00_attn_residual_pasta,bert_bert-7b-proxy_022_layer01_attn_residual_pasta,400latency_llmop_bert_bert-7b-proxy_008_layer00_attn_residual_pasta_metrics.csv,400latency_llmop_bert_bert-7b-proxy_022_layer01_attn_residual_pasta_metrics.csv
bert_bert-7b-proxy_006_layer00_attn_value_baseline,gpt_gpt-7b_023_layer01_attn_value_baseline,400latency_llmop_bert_bert-7b-proxy_006_layer00_attn_value_baseline_metrics.csv,400latency_llmop_gpt_gpt-7b_023_layer01_attn_value_baseline_metrics.csv
gpt_gpt-7b_001_layer00_norm1_baseline,bert_bert-7b-proxy_023_layer01_norm1_baseline,400latency_llmop_gpt_gpt-7b_001_layer00_norm1_baseline_metrics.csv,400latency_llmop_bert_bert-7b-proxy_023_layer01_norm1_baseline_metrics.csv
bert_bert-7b-proxy_006_layer00_attn_value_pasta,gpt_gpt-7b_023_layer01_attn_value_pasta,400latency_llmop_bert_bert-7b-proxy_006_layer00_attn_value_pasta_metrics.csv,400latency_llmop_gpt_gpt-7b_023_layer01_attn_value_pasta_metrics.csv
gpt_gpt-7b_001_layer00_norm1_pasta,bert_bert-7b-proxy_023_layer01_norm1_pasta,400latency_llmop_gpt_gpt-7b_001_layer00_norm1_pasta_metrics.csv,400latency_llmop_bert_bert-7b-proxy_023_layer01_norm1_pasta_metrics.csv
bert_bert-7b-proxy_001_layer00_attn_q_baseline,gpt_gpt-7b_024_layer01_attn_out_baseline,400latency_llmop_bert_bert-7b-proxy_001_layer00_attn_q_baseline_metrics.csv,400latency_llmop_gpt_gpt-7b_024_layer01_attn_out_baseline_metrics.csv
bert_bert-7b-proxy_010_layer00_mlp_fc1_baseline,bert_bert-7b-proxy_024_layer01_mlp_fc1_baseline,400latency_llmop_bert_bert-7b-proxy_010_layer00_mlp_fc1_baseline_metrics.csv,400latency_llmop_bert_bert-7b-proxy_024_layer01_mlp_fc1_baseline_metrics.csv
bert_bert-7b-proxy_001_layer00_attn_q_pasta,gpt_gpt-7b_024_layer01_attn_out_pasta,400latency_llmop_bert_bert-7b-proxy_001_layer00_attn_q_pasta_metrics.csv,400latency_llmop_gpt_gpt-7b_024_layer01_attn_out_pasta_metrics.csv
bert_bert-7b-proxy_010_layer00_mlp_fc1_pasta,bert_bert-7b-proxy_024_layer01_mlp_fc1_pasta,400latency_llmop_bert_bert-7b-proxy_010_layer00_mlp_fc1_pasta_metrics.csv,400latency_llmop_bert_bert-7b-proxy_024_layer01_mlp_fc1_pasta_metrics.csv
bert_bert-7b-proxy_008_layer00_attn_residual_baseline,gpt_gpt-7b_025_layer01_attn_residual_baseline,400latency_llmop_bert_bert-7b-proxy_008_layer00_attn_residual_baseline_metrics.csv,400latency_llmop_gpt_gpt-7b_025_layer01_attn_residual_baseline_metrics.csv
bert_bert-7b-proxy_011_layer00_mlp_gelu_baseline,bert_bert-7b-proxy_025_layer01_mlp_gelu_baseline,400latency_llmop_bert_bert-7b-proxy_011_layer00_mlp_gelu_baseline_metrics.csv,400latency_llmop_bert_bert-7b-proxy_025_layer01_mlp_gelu_baseline_metrics.csv
bert_bert-7b-proxy_008_layer00_attn_residual_pasta,gpt_gpt-7b_025_layer01_attn_residual_pasta,400latency_llmop_bert_bert-7b-proxy_008_layer00_attn_residual_pasta_metrics.csv,400latency_llmop_gpt_gpt-7b_025_layer01_attn_residual_pasta_metrics.csv
bert_bert-7b-proxy_011_layer00_mlp_gelu_pasta,bert_bert-7b-proxy_025_layer01_mlp_gelu_pasta,400latency_llmop_bert_bert-7b-proxy_011_layer00_mlp_gelu_pasta_metrics.csv,400latency_llmop_bert_bert-7b-proxy_025_layer01_mlp_gelu_pasta_metrics.csv
gpt_gpt-7b_001_layer00_norm1_baseline,gpt_gpt-7b_026_layer01_norm2_baseline,400latency_llmop_gpt_gpt-7b_001_layer00_norm1_baseline_metrics.csv,400latency_llmop_gpt_gpt-7b_026_layer01_norm2_baseline_metrics.csv
bert_bert-7b-proxy_012_layer00_mlp_fc2_baseline,bert_bert-7b-proxy_026_layer01_mlp_fc2_baseline,400latency_llmop_bert_bert-7b-proxy_012_layer00_mlp_fc2_baseline_metrics.csv,400latency_llmop_bert_bert-7b-proxy_026_layer01_mlp_fc2_baseline_metrics.csv
gpt_gpt-7b_001_layer00_norm1_pasta,gpt_gpt-7b_026_layer01_norm2_pasta,400latency_llmop_gpt_gpt-7b_001_layer00_norm1_pasta_metrics.csv,400latency_llmop_gpt_gpt-7b_026_layer01_norm2_pasta_metrics.csv
bert_bert-7b-proxy_012_layer00_mlp_fc2_pasta,bert_bert-7b-proxy_026_layer01_mlp_fc2_pasta,400latency_llmop_bert_bert-7b-proxy_012_layer00_mlp_fc2_pasta_metrics.csv,400latency_llmop_bert_bert-7b-proxy_026_layer01_mlp_fc2_pasta_metrics.csv
bert_bert-7b-proxy_010_layer00_mlp_fc1_baseline,gpt_gpt-7b_027_layer01_mlp_fc1_baseline,400latency_llmop_bert_bert-7b-proxy_010_layer00_mlp_fc1_baseline_metrics.csv,400latency_llmop_gpt_gpt-7b_027_layer01_mlp_fc1_baseline_metrics.csv
bert_bert-7b-proxy_008_layer00_attn_residual_baseline,bert_bert-7b-proxy_027_layer01_mlp_residual_baseline,400latency_llmop_bert_bert-7b-proxy_008_layer00_attn_residual_baseline_metrics.csv,400latency_llmop_bert_bert-7b-proxy_027_layer01_mlp_residual_baseline_metrics.csv
bert_bert-7b-proxy_010_layer00_mlp_fc1_pasta,gpt_gpt-7b_027_layer01_mlp_fc1_pasta,400latency_llmop_bert_bert-7b-proxy_010_layer00_mlp_fc1_pasta_metrics.csv,400latency_llmop_gpt_gpt-7b_027_layer01_mlp_fc1_pasta_metrics.csv
bert_bert-7b-proxy_008_layer00_attn_residual_pasta,bert_bert-7b-proxy_027_layer01_mlp_residual_pasta,400latency_llmop_bert_bert-7b-proxy_008_layer00_attn_residual_pasta_metrics.csv,400latency_llmop_bert_bert-7b-proxy_027_layer01_mlp_residual_pasta_metrics.csv
bert_bert-7b-proxy_011_layer00_mlp_gelu_baseline,gpt_gpt-7b_028_layer01_mlp_gelu_baseline,400latency_llmop_bert_bert-7b-proxy_011_layer00_mlp_gelu_baseline_metrics.csv,400latency_llmop_gpt_gpt-7b_028_layer01_mlp_gelu_baseline_metrics.csv
gpt_gpt-7b_001_layer00_norm1_baseline,bert_bert-7b-proxy_028_layer01_norm2_baseline,400latency_llmop_gpt_gpt-7b_001_layer00_norm1_baseline_metrics.csv,400latency_llmop_bert_bert-7b-proxy_028_layer01_norm2_baseline_metrics.csv
bert_bert-7b-proxy_011_layer00_mlp_gelu_pasta,gpt_gpt-7b_028_layer01_mlp_gelu_pasta,400latency_llmop_bert_bert-7b-proxy_011_layer00_mlp_gelu_pasta_metrics.csv,400latency_llmop_gpt_gpt-7b_028_layer01_mlp_gelu_pasta_metrics.csv
gpt_gpt-7b_001_layer00_norm1_pasta,bert_bert-7b-proxy_028_layer01_norm2_pasta,400latency_llmop_gpt_gpt-7b_001_layer00_norm1_pasta_metrics.csv,400latency_llmop_bert_bert-7b-proxy_028_layer01_norm2_pasta_metrics.csv
bert_bert-7b-proxy_012_layer00_mlp_fc2_baseline,gpt_gpt-7b_029_layer01_mlp_fc2_baseline,400latency_llmop_bert_bert-7b-proxy_012_layer00_mlp_fc2_baseline_metrics.csv,400latency_llmop_gpt_gpt-7b_029_layer01_mlp_fc2_baseline_metrics.csv
bert_bert-7b-proxy_001_layer00_attn_q_baseline,bert_bert-7b-proxy_029_layer02_attn_q_baseline,400latency_llmop_bert_bert-7b-proxy_001_layer00_attn_q_baseline_metrics.csv,400latency_llmop_bert_bert-7b-proxy_029_layer02_attn_q_baseline_metrics.csv
bert_bert-7b-proxy_012_layer00_mlp_fc2_pasta,gpt_gpt-7b_029_layer01_mlp_fc2_pasta,400latency_llmop_bert_bert-7b-proxy_012_layer00_mlp_fc2_pasta_metrics.csv,400latency_llmop_gpt_gpt-7b_029_layer01_mlp_fc2_pasta_metrics.csv
bert_bert-7b-proxy_001_layer00_attn_q_pasta,bert_bert-7b-proxy_029_layer02_attn_q_pasta,400latency_llmop_bert_bert-7b-proxy_001_layer00_attn_q_pasta_metrics.csv,400latency_llmop_bert_bert-7b-proxy_029_layer02_attn_q_pasta_metrics.csv
bert_bert-7b-proxy_008_layer00_attn_residual_baseline,gpt_gpt-7b_030_layer01_mlp_residual_baseline,400latency_llmop_bert_bert-7b-proxy_008_layer00_attn_residual_baseline_metrics.csv,400latency_llmop_gpt_gpt-7b_030_layer01_mlp_residual_baseline_metrics.csv
bert_bert-7b-proxy_001_layer00_attn_q_baseline,bert_bert-7b-proxy_030_layer02_attn_k_baseline,400latency_llmop_bert_bert-7b-proxy_001_layer00_attn_q_baseline_metrics.csv,400latency_llmop_bert_bert-7b-proxy_030_layer02_attn_k_baseline_metrics.csv
bert_bert-7b-proxy_008_layer00_attn_residual_pasta,gpt_gpt-7b_030_layer01_mlp_residual_pasta,400latency_llmop_bert_bert-7b-proxy_008_layer00_attn_residual_pasta_metrics.csv,400latency_llmop_gpt_gpt-7b_030_layer01_mlp_residual_pasta_metrics.csv
bert_bert-7b-proxy_001_layer00_attn_q_pasta,bert_bert-7b-proxy_030_layer02_attn_k_pasta,400latency_llmop_bert_bert-7b-proxy_001_layer00_attn_q_pasta_metrics.csv,400latency_llmop_bert_bert-7b-proxy_030_layer02_attn_k_pasta_metrics.csv
gpt_gpt-7b_001_layer00_norm1_baseline,gpt_gpt-7b_031_layer02_norm1_baseline,400latency_llmop_gpt_gpt-7b_001_layer00_norm1_baseline_metrics.csv,400latency_llmop_gpt_gpt-7b_031_layer02_norm1_baseline_metrics.csv
bert_bert-7b-proxy_001_layer00_attn_q_baseline,bert_bert-7b-proxy_031_layer02_attn_v_baseline,400latency_llmop_bert_bert-7b-proxy_001_layer00_attn_q_baseline_metrics.csv,400latency_llmop_bert_bert-7b-proxy_031_layer02_attn_v_baseline_metrics.csv
gpt_gpt-7b_001_layer00_norm1_pasta,gpt_gpt-7b_031_layer02_norm1_pasta,400latency_llmop_gpt_gpt-7b_001_layer00_norm1_pasta_metrics.csv,400latency_llmop_gpt_gpt-7b_031_layer02_norm1_pasta_metrics.csv
bert_bert-7b-proxy_001_layer00_attn_q_pasta,bert_bert-7b-proxy_031_layer02_attn_v_pasta,400latency_llmop_bert_bert-7b-proxy_001_layer00_attn_q_pasta_metrics.csv,400latency_llmop_bert_bert-7b-proxy_031_layer02_attn_v_pasta_metrics.csv
bert_bert-7b-proxy_001_layer00_attn_q_baseline,gpt_gpt-7b_032_layer02_attn_q_baseline,400latency_llmop_bert_bert-7b-proxy_001_layer00_attn_q_baseline_metrics.csv,400latency_llmop_gpt_gpt-7b_032_layer02_attn_q_baseline_metrics.csv
bert_bert-7b-proxy_004_layer00_attn_score_baseline,bert_bert-7b-proxy_032_layer02_attn_score_baseline,400latency_llmop_bert_bert-7b-proxy_004_layer00_attn_score_baseline_metrics.csv,400latency_llmop_bert_bert-7b-proxy_032_layer02_attn_score_baseline_metrics.csv
bert_bert-7b-proxy_001_layer00_attn_q_pasta,gpt_gpt-7b_032_layer02_attn_q_pasta,400latency_llmop_bert_bert-7b-proxy_001_layer00_attn_q_pasta_metrics.csv,400latency_llmop_gpt_gpt-7b_032_layer02_attn_q_pasta_metrics.csv
bert_bert-7b-proxy_004_layer00_attn_score_pasta,bert_bert-7b-proxy_032_layer02_attn_score_pasta,400latency_llmop_bert_bert-7b-proxy_004_layer00_attn_score_pasta_metrics.csv,400latency_llmop_bert_bert-7b-proxy_032_layer02_attn_score_pasta_metrics.csv
bert_bert-7b-proxy_001_layer00_attn_q_baseline,gpt_gpt-7b_033_layer02_attn_k_baseline,400latency_llmop_bert_bert-7b-proxy_001_layer00_attn_q_baseline_metrics.csv,400latency_llmop_gpt_gpt-7b_033_layer02_attn_k_baseline_metrics.csv
bert_bert-7b-proxy_005_layer00_attn_softmax_baseline,bert_bert-7b-proxy_033_layer02_attn_softmax_baseline,400latency_llmop_bert_bert-7b-proxy_005_layer00_attn_softmax_baseline_metrics.csv,400latency_llmop_bert_bert-7b-proxy_033_layer02_attn_softmax_baseline_metrics.csv
bert_bert-7b-proxy_001_layer00_attn_q_pasta,gpt_gpt-7b_033_layer02_attn_k_pasta,400latency_llmop_bert_bert-7b-proxy_001_layer00_attn_q_pasta_metrics.csv,400latency_llmop_gpt_gpt-7b_033_layer02_attn_k_pasta_metrics.csv
bert_bert-7b-proxy_005_layer00_attn_softmax_pasta,bert_bert-7b-proxy_033_layer02_attn_softmax_pasta,400latency_llmop_bert_bert-7b-proxy_005_layer00_attn_softmax_pasta_metrics.csv,400latency_llmop_bert_bert-7b-proxy_033_layer02_attn_softmax_pasta_metrics.csv
bert_bert-7b-proxy_001_layer00_attn_q_baseline,gpt_gpt-7b_034_layer02_attn_v_baseline,400latency_llmop_bert_bert-7b-proxy_001_layer00_attn_q_baseline_metrics.csv,400latency_llmop_gpt_gpt-7b_034_layer02_attn_v_baseline_metrics.csv
bert_bert-7b-proxy_006_layer00_attn_value_baseline,bert_bert-7b-proxy_034_layer02_attn_value_baseline,400latency_llmop_bert_bert-7b-proxy_006_layer00_attn_value_baseline_metrics.csv,400latency_llmop_bert_bert-7b-proxy_034_layer02_attn_value_baseline_metrics.csv
bert_bert-7b-proxy_001_layer00_attn_q_pasta,gpt_gpt-7b_034_layer02_attn_v_pasta,400latency_llmop_bert_bert-7b-proxy_001_layer00_attn_q_pasta_metrics.csv,400latency_llmop_gpt_gpt-7b_034_layer02_attn_v_pasta_metrics.csv
bert_bert-7b-proxy_006_layer00_attn_value_pasta,bert_bert-7b-proxy_034_layer02_attn_value_pasta,400latency_llmop_bert_bert-7b-proxy_006_layer00_attn_value_pasta_metrics.csv,400latency_llmop_bert_bert-7b-proxy_034_layer02_attn_value_pasta_metrics.csv
bert_bert-7b-proxy_004_layer00_attn_score_baseline,gpt_gpt-7b_035_layer02_attn_score_baseline,400latency_llmop_bert_bert-7b-proxy_004_layer00_attn_score_baseline_metrics.csv,400latency_llmop_gpt_gpt-7b_035_layer02_attn_score_baseline_metrics.csv
bert_bert-7b-proxy_001_layer00_attn_q_baseline,bert_bert-7b-proxy_035_layer02_attn_out_baseline,400latency_llmop_bert_bert-7b-proxy_001_layer00_attn_q_baseline_metrics.csv,400latency_llmop_bert_bert-7b-proxy_035_layer02_attn_out_baseline_metrics.csv
bert_bert-7b-proxy_004_layer00_attn_score_pasta,gpt_gpt-7b_035_layer02_attn_score_pasta,400latency_llmop_bert_bert-7b-proxy_004_layer00_attn_score_pasta_metrics.csv,400latency_llmop_gpt_gpt-7b_035_layer02_attn_score_pasta_metrics.csv
bert_bert-7b-proxy_001_layer00_attn_q_pasta,bert_bert-7b-proxy_035_layer02_attn_out_pasta,400latency_llmop_bert_bert-7b-proxy_001_layer00_attn_q_pasta_metrics.csv,400latency_llmop_bert_bert-7b-proxy_035_layer02_attn_out_pasta_metrics.csv
gpt_gpt-7b_006_layer00_causal_mask_baseline,gpt_gpt-7b_036_layer02_causal_mask_baseline,400latency_llmop_gpt_gpt-7b_006_layer00_causal_mask_baseline_metrics.csv,400latency_llmop_gpt_gpt-7b_036_layer02_causal_mask_baseline_metrics.csv
bert_bert-7b-proxy_008_layer00_attn_residual_baseline,bert_bert-7b-proxy_036_layer02_attn_residual_baseline,400latency_llmop_bert_bert-7b-proxy_008_layer00_attn_residual_baseline_metrics.csv,400latency_llmop_bert_bert-7b-proxy_036_layer02_attn_residual_baseline_metrics.csv
gpt_gpt-7b_006_layer00_causal_mask_pasta,gpt_gpt-7b_036_layer02_causal_mask_pasta,400latency_llmop_gpt_gpt-7b_006_layer00_causal_mask_pasta_metrics.csv,400latency_llmop_gpt_gpt-7b_036_layer02_causal_mask_pasta_metrics.csv
bert_bert-7b-proxy_008_layer00_attn_residual_pasta,bert_bert-7b-proxy_036_layer02_attn_residual_pasta,400latency_llmop_bert_bert-7b-proxy_008_layer00_attn_residual_pasta_metrics.csv,400latency_llmop_bert_bert-7b-proxy_036_layer02_attn_residual_pasta_metrics.csv
bert_bert-7b-proxy_005_layer00_attn_softmax_baseline,gpt_gpt-7b_037_layer02_attn_softmax_baseline,400latency_llmop_bert_bert-7b-proxy_005_layer00_attn_softmax_baseline_metrics.csv,400latency_llmop_gpt_gpt-7b_037_layer02_attn_softmax_baseline_metrics.csv
gpt_gpt-7b_001_layer00_norm1_baseline,bert_bert-7b-proxy_037_layer02_norm1_baseline,400latency_llmop_gpt_gpt-7b_001_layer00_norm1_baseline_metrics.csv,400latency_llmop_bert_bert-7b-proxy_037_layer02_norm1_baseline_metrics.csv
bert_bert-7b-proxy_005_layer00_attn_softmax_pasta,gpt_gpt-7b_037_layer02_attn_softmax_pasta,400latency_llmop_bert_bert-7b-proxy_005_layer00_attn_softmax_pasta_metrics.csv,400latency_llmop_gpt_gpt-7b_037_layer02_attn_softmax_pasta_metrics.csv
gpt_gpt-7b_001_layer00_norm1_pasta,bert_bert-7b-proxy_037_layer02_norm1_pasta,400latency_llmop_gpt_gpt-7b_001_layer00_norm1_pasta_metrics.csv,400latency_llmop_bert_bert-7b-proxy_037_layer02_norm1_pasta_metrics.csv
bert_bert-7b-proxy_006_layer00_attn_value_baseline,gpt_gpt-7b_038_layer02_attn_value_baseline,400latency_llmop_bert_bert-7b-proxy_006_layer00_attn_value_baseline_metrics.csv,400latency_llmop_gpt_gpt-7b_038_layer02_attn_value_baseline_metrics.csv
bert_bert-7b-proxy_010_layer00_mlp_fc1_baseline,bert_bert-7b-proxy_038_layer02_mlp_fc1_baseline,400latency_llmop_bert_bert-7b-proxy_010_layer00_mlp_fc1_baseline_metrics.csv,400latency_llmop_bert_bert-7b-proxy_038_layer02_mlp_fc1_baseline_metrics.csv
bert_bert-7b-proxy_006_layer00_attn_value_pasta,gpt_gpt-7b_038_layer02_attn_value_pasta,400latency_llmop_bert_bert-7b-proxy_006_layer00_attn_value_pasta_metrics.csv,400latency_llmop_gpt_gpt-7b_038_layer02_attn_value_pasta_metrics.csv
bert_bert-7b-proxy_010_layer00_mlp_fc1_pasta,bert_bert-7b-proxy_038_layer02_mlp_fc1_pasta,400latency_llmop_bert_bert-7b-proxy_010_layer00_mlp_fc1_pasta_metrics.csv,400latency_llmop_bert_bert-7b-proxy_038_layer02_mlp_fc1_pasta_metrics.csv
bert_bert-7b-proxy_001_layer00_attn_q_baseline,gpt_gpt-7b_039_layer02_attn_out_baseline,400latency_llmop_bert_bert-7b-proxy_001_layer00_attn_q_baseline_metrics.csv,400latency_llmop_gpt_gpt-7b_039_layer02_attn_out_baseline_metrics.csv
bert_bert-7b-proxy_011_layer00_mlp_gelu_baseline,bert_bert-7b-proxy_039_layer02_mlp_gelu_baseline,400latency_llmop_bert_bert-7b-proxy_011_layer00_mlp_gelu_baseline_metrics.csv,400latency_llmop_bert_bert-7b-proxy_039_layer02_mlp_gelu_baseline_metrics.csv
bert_bert-7b-proxy_001_layer00_attn_q_pasta,gpt_gpt-7b_039_layer02_attn_out_pasta,400latency_llmop_bert_bert-7b-proxy_001_layer00_attn_q_pasta_metrics.csv,400latency_llmop_gpt_gpt-7b_039_layer02_attn_out_pasta_metrics.csv
bert_bert-7b-proxy_011_layer00_mlp_gelu_pasta,bert_bert-7b-proxy_039_layer02_mlp_gelu_pasta,400latency_llmop_bert_bert-7b-proxy_011_layer00_mlp_gelu_pasta_metrics.csv,400latency_llmop_bert_bert-7b-proxy_039_layer02_mlp_gelu_pasta_metrics.csv
bert_bert-7b-proxy_008_layer00_attn_residual_baseline,gpt_gpt-7b_040_layer02_attn_residual_baseline,400latency_llmop_bert_bert-7b-proxy_008_layer00_attn_residual_baseline_metrics.csv,400latency_llmop_gpt_gpt-7b_040_layer02_attn_residual_baseline_metrics.csv
bert_bert-7b-proxy_012_layer00_mlp_fc2_baseline,bert_bert-7b-proxy_040_layer02_mlp_fc2_baseline,400latency_llmop_bert_bert-7b-proxy_012_layer00_mlp_fc2_baseline_metrics.csv,400latency_llmop_bert_bert-7b-proxy_040_layer02_mlp_fc2_baseline_metrics.csv
bert_bert-7b-proxy_008_layer00_attn_residual_pasta,gpt_gpt-7b_040_layer02_attn_residual_pasta,400latency_llmop_bert_bert-7b-proxy_008_layer00_attn_residual_pasta_metrics.csv,400latency_llmop_gpt_gpt-7b_040_layer02_attn_residual_pasta_metrics.csv
bert_bert-7b-proxy_012_layer00_mlp_fc2_pasta,bert_bert-7b-proxy_040_layer02_mlp_fc2_pasta,400latency_llmop_bert_bert-7b-proxy_012_layer00_mlp_fc2_pasta_metrics.csv,400latency_llmop_bert_bert-7b-proxy_040_layer02_mlp_fc2_pasta_metrics.csv
gpt_gpt-7b_001_layer00_norm1_baseline,gpt_gpt-7b_041_layer02_norm2_baseline,400latency_llmop_gpt_gpt-7b_001_layer00_norm1_baseline_metrics.csv,400latency_llmop_gpt_gpt-7b_041_layer02_norm2_baseline_metrics.csv
bert_bert-7b-proxy_008_layer00_attn_residual_baseline,bert_bert-7b-proxy_041_layer02_mlp_residual_baseline,400latency_llmop_bert_bert-7b-proxy_008_layer00_attn_residual_baseline_metrics.csv,400latency_llmop_bert_bert-7b-proxy_041_layer02_mlp_residual_baseline_metrics.csv
gpt_gpt-7b_001_layer00_norm1_pasta,gpt_gpt-7b_041_layer02_norm2_pasta,400latency_llmop_gpt_gpt-7b_001_layer00_norm1_pasta_metrics.csv,400latency_llmop_gpt_gpt-7b_041_layer02_norm2_pasta_metrics.csv
bert_bert-7b-proxy_008_layer00_attn_residual_pasta,bert_bert-7b-proxy_041_layer02_mlp_residual_pasta,400latency_llmop_bert_bert-7b-proxy_008_layer00_attn_residual_pasta_metrics.csv,400latency_llmop_bert_bert-7b-proxy_041_layer02_mlp_residual_pasta_metrics.csv
bert_bert-7b-proxy_010_layer00_mlp_fc1_baseline,gpt_gpt-7b_042_layer02_mlp_fc1_baseline,400latency_llmop_bert_bert-7b-proxy_010_layer00_mlp_fc1_baseline_metrics.csv,400latency_llmop_gpt_gpt-7b_042_layer02_mlp_fc1_baseline_metrics.csv
gpt_gpt-7b_001_layer00_norm1_baseline,bert_bert-7b-proxy_042_layer02_norm2_baseline,400latency_llmop_gpt_gpt-7b_001_layer00_norm1_baseline_metrics.csv,400latency_llmop_bert_bert-7b-proxy_042_layer02_norm2_baseline_metrics.csv
bert_bert-7b-proxy_010_layer00_mlp_fc1_pasta,gpt_gpt-7b_042_layer02_mlp_fc1_pasta,400latency_llmop_bert_bert-7b-proxy_010_layer00_mlp_fc1_pasta_metrics.csv,400latency_llmop_gpt_gpt-7b_042_layer02_mlp_fc1_pasta_metrics.csv
gpt_gpt-7b_001_layer00_norm1_pasta,bert_bert-7b-proxy_042_layer02_norm2_pasta,400latency_llmop_gpt_gpt-7b_001_layer00_norm1_pasta_metrics.csv,400latency_llmop_bert_bert-7b-proxy_042_layer02_norm2_pasta_metrics.csv
bert_bert-7b-proxy_011_layer00_mlp_gelu_baseline,gpt_gpt-7b_043_layer02_mlp_gelu_baseline,400latency_llmop_bert_bert-7b-proxy_011_layer00_mlp_gelu_baseline_metrics.csv,400latency_llmop_gpt_gpt-7b_043_layer02_mlp_gelu_baseline_metrics.csv
bert_bert-7b-proxy_001_layer00_attn_q_baseline,bert_bert-7b-proxy_043_layer03_attn_q_baseline,400latency_llmop_bert_bert-7b-proxy_001_layer00_attn_q_baseline_metrics.csv,400latency_llmop_bert_bert-7b-proxy_043_layer03_attn_q_baseline_metrics.csv
bert_bert-7b-proxy_011_layer00_mlp_gelu_pasta,gpt_gpt-7b_043_layer02_mlp_gelu_pasta,400latency_llmop_bert_bert-7b-proxy_011_layer00_mlp_gelu_pasta_metrics.csv,400latency_llmop_gpt_gpt-7b_043_layer02_mlp_gelu_pasta_metrics.csv
bert_bert-7b-proxy_001_layer00_attn_q_pasta,bert_bert-7b-proxy_043_layer03_attn_q_pasta,400latency_llmop_bert_bert-7b-proxy_001_layer00_attn_q_pasta_metrics.csv,400latency_llmop_bert_bert-7b-proxy_043_layer03_attn_q_pasta_metrics.csv
bert_bert-7b-proxy_012_layer00_mlp_fc2_baseline,gpt_gpt-7b_044_layer02_mlp_fc2_baseline,400latency_llmop_bert_bert-7b-proxy_012_layer00_mlp_fc2_baseline_metrics.csv,400latency_llmop_gpt_gpt-7b_044_layer02_mlp_fc2_baseline_metrics.csv
bert_bert-7b-proxy_001_layer00_attn_q_baseline,bert_bert-7b-proxy_044_layer03_attn_k_baseline,400latency_llmop_bert_bert-7b-proxy_001_layer00_attn_q_baseline_metrics.csv,400latency_llmop_bert_bert-7b-proxy_044_layer03_attn_k_baseline_metrics.csv
bert_bert-7b-proxy_012_layer00_mlp_fc2_pasta,gpt_gpt-7b_044_layer02_mlp_fc2_pasta,400latency_llmop_bert_bert-7b-proxy_012_layer00_mlp_fc2_pasta_metrics.csv,400latency_llmop_gpt_gpt-7b_044_layer02_mlp_fc2_pasta_metrics.csv
bert_bert-7b-proxy_001_layer00_attn_q_pasta,bert_bert-7b-proxy_044_layer03_attn_k_pasta,400latency_llmop_bert_bert-7b-proxy_001_layer00_attn_q_pasta_metrics.csv,400latency_llmop_bert_bert-7b-proxy_044_layer03_attn_k_pasta_metrics.csv
bert_bert-7b-proxy_008_layer00_attn_residual_baseline,gpt_gpt-7b_045_layer02_mlp_residual_baseline,400latency_llmop_bert_bert-7b-proxy_008_layer00_attn_residual_baseline_metrics.csv,400latency_llmop_gpt_gpt-7b_045_layer02_mlp_residual_baseline_metrics.csv
bert_bert-7b-proxy_001_layer00_attn_q_baseline,bert_bert-7b-proxy_045_layer03_attn_v_baseline,400latency_llmop_bert_bert-7b-proxy_001_layer00_attn_q_baseline_metrics.csv,400latency_llmop_bert_bert-7b-proxy_045_layer03_attn_v_baseline_metrics.csv
bert_bert-7b-proxy_008_layer00_attn_residual_pasta,gpt_gpt-7b_045_layer02_mlp_residual_pasta,400latency_llmop_bert_bert-7b-proxy_008_layer00_attn_residual_pasta_metrics.csv,400latency_llmop_gpt_gpt-7b_045_layer02_mlp_residual_pasta_metrics.csv
bert_bert-7b-proxy_001_layer00_attn_q_pasta,bert_bert-7b-proxy_045_layer03_attn_v_pasta,400latency_llmop_bert_bert-7b-proxy_001_layer00_attn_q_pasta_metrics.csv,400latency_llmop_bert_bert-7b-proxy_045_layer03_attn_v_pasta_metrics.csv
gpt_gpt-7b_001_layer00_norm1_baseline,gpt_gpt-7b_046_layer03_norm1_baseline,400latency_llmop_gpt_gpt-7b_001_layer00_norm1_baseline_metrics.csv,400latency_llmop_gpt_gpt-7b_046_layer03_norm1_baseline_metrics.csv
bert_bert-7b-proxy_004_layer00_attn_score_baseline,bert_bert-7b-proxy_046_layer03_attn_score_baseline,400latency_llmop_bert_bert-7b-proxy_004_layer00_attn_score_baseline_metrics.csv,400latency_llmop_bert_bert-7b-proxy_046_layer03_attn_score_baseline_metrics.csv
gpt_gpt-7b_001_layer00_norm1_pasta,gpt_gpt-7b_046_layer03_norm1_pasta,400latency_llmop_gpt_gpt-7b_001_layer00_norm1_pasta_metrics.csv,400latency_llmop_gpt_gpt-7b_046_layer03_norm1_pasta_metrics.csv
bert_bert-7b-proxy_004_layer00_attn_score_pasta,bert_bert-7b-proxy_046_layer03_attn_score_pasta,400latency_llmop_bert_bert-7b-proxy_004_layer00_attn_score_pasta_metrics.csv,400latency_llmop_bert_bert-7b-proxy_046_layer03_attn_score_pasta_metrics.csv
bert_bert-7b-proxy_001_layer00_attn_q_baseline,gpt_gpt-7b_047_layer03_attn_q_baseline,400latency_llmop_bert_bert-7b-proxy_001_layer00_attn_q_baseline_metrics.csv,400latency_llmop_gpt_gpt-7b_047_layer03_attn_q_baseline_metrics.csv
bert_bert-7b-proxy_005_layer00_attn_softmax_baseline,bert_bert-7b-proxy_047_layer03_attn_softmax_baseline,400latency_llmop_bert_bert-7b-proxy_005_layer00_attn_softmax_baseline_metrics.csv,400latency_llmop_bert_bert-7b-proxy_047_layer03_attn_softmax_baseline_metrics.csv
bert_bert-7b-proxy_001_layer00_attn_q_pasta,gpt_gpt-7b_047_layer03_attn_q_pasta,400latency_llmop_bert_bert-7b-proxy_001_layer00_attn_q_pasta_metrics.csv,400latency_llmop_gpt_gpt-7b_047_layer03_attn_q_pasta_metrics.csv
bert_bert-7b-proxy_005_layer00_attn_softmax_pasta,bert_bert-7b-proxy_047_layer03_attn_softmax_pasta,400latency_llmop_bert_bert-7b-proxy_005_layer00_attn_softmax_pasta_metrics.csv,400latency_llmop_bert_bert-7b-proxy_047_layer03_attn_softmax_pasta_metrics.csv
bert_bert-7b-proxy_001_layer00_attn_q_baseline,gpt_gpt-7b_048_layer03_attn_k_baseline,400latency_llmop_bert_bert-7b-proxy_001_layer00_attn_q_baseline_metrics.csv,400latency_llmop_gpt_gpt-7b_048_layer03_attn_k_baseline_metrics.csv
bert_bert-7b-proxy_006_layer00_attn_value_baseline,bert_bert-7b-proxy_048_layer03_attn_value_baseline,400latency_llmop_bert_bert-7b-proxy_006_layer00_attn_value_baseline_metrics.csv,400latency_llmop_bert_bert-7b-proxy_048_layer03_attn_value_baseline_metrics.csv
bert_bert-7b-proxy_001_layer00_attn_q_pasta,gpt_gpt-7b_048_layer03_attn_k_pasta,400latency_llmop_bert_bert-7b-proxy_001_layer00_attn_q_pasta_metrics.csv,400latency_llmop_gpt_gpt-7b_048_layer03_attn_k_pasta_metrics.csv
bert_bert-7b-proxy_006_layer00_attn_value_pasta,bert_bert-7b-proxy_048_layer03_attn_value_pasta,400latency_llmop_bert_bert-7b-proxy_006_layer00_attn_value_pasta_metrics.csv,400latency_llmop_bert_bert-7b-proxy_048_layer03_attn_value_pasta_metrics.csv
bert_bert-7b-proxy_001_layer00_attn_q_baseline,gpt_gpt-7b_049_layer03_attn_v_baseline,400latency_llmop_bert_bert-7b-proxy_001_layer00_attn_q_baseline_metrics.csv,400latency_llmop_gpt_gpt-7b_049_layer03_attn_v_baseline_metrics.csv
bert_bert-7b-proxy_001_layer00_attn_q_baseline,bert_bert-7b-proxy_049_layer03_attn_out_baseline,400latency_llmop_bert_bert-7b-proxy_001_layer00_attn_q_baseline_metrics.csv,400latency_llmop_bert_bert-7b-proxy_049_layer03_attn_out_baseline_metrics.csv
bert_bert-7b-proxy_001_layer00_attn_q_pasta,gpt_gpt-7b_049_layer03_attn_v_pasta,400latency_llmop_bert_bert-7b-proxy_001_layer00_attn_q_pasta_metrics.csv,400latency_llmop_gpt_gpt-7b_049_layer03_attn_v_pasta_metrics.csv
bert_bert-7b-proxy_001_layer00_attn_q_pasta,bert_bert-7b-proxy_049_layer03_attn_out_pasta,400latency_llmop_bert_bert-7b-proxy_001_layer00_attn_q_pasta_metrics.csv,400latency_llmop_bert_bert-7b-proxy_049_layer03_attn_out_pasta_metrics.csv
bert_bert-7b-proxy_004_layer00_attn_score_baseline,gpt_gpt-7b_050_layer03_attn_score_baseline,400latency_llmop_bert_bert-7b-proxy_004_layer00_attn_score_baseline_metrics.csv,400latency_llmop_gpt_gpt-7b_050_layer03_attn_score_baseline_metrics.csv
bert_bert-7b-proxy_008_layer00_attn_residual_baseline,bert_bert-7b-proxy_050_layer03_attn_residual_baseline,400latency_llmop_bert_bert-7b-proxy_008_layer00_attn_residual_baseline_metrics.csv,400latency_llmop_bert_bert-7b-proxy_050_layer03_attn_residual_baseline_metrics.csv
bert_bert-7b-proxy_004_layer00_attn_score_pasta,gpt_gpt-7b_050_layer03_attn_score_pasta,400latency_llmop_bert_bert-7b-proxy_004_layer00_attn_score_pasta_metrics.csv,400latency_llmop_gpt_gpt-7b_050_layer03_attn_score_pasta_metrics.csv
bert_bert-7b-proxy_008_layer00_attn_residual_pasta,bert_bert-7b-proxy_050_layer03_attn_residual_pasta,400latency_llmop_bert_bert-7b-proxy_008_layer00_attn_residual_pasta_metrics.csv,400latency_llmop_bert_bert-7b-proxy_050_layer03_attn_residual_pasta_metrics.csv
gpt_gpt-7b_006_layer00_causal_mask_baseline,gpt_gpt-7b_051_layer03_causal_mask_baseline,400latency_llmop_gpt_gpt-7b_006_layer00_causal_mask_baseline_metrics.csv,400latency_llmop_gpt_gpt-7b_051_layer03_causal_mask_baseline_metrics.csv
gpt_gpt-7b_001_layer00_norm1_baseline,bert_bert-7b-proxy_051_layer03_norm1_baseline,400latency_llmop_gpt_gpt-7b_001_layer00_norm1_baseline_metrics.csv,400latency_llmop_bert_bert-7b-proxy_051_layer03_norm1_baseline_metrics.csv
gpt_gpt-7b_006_layer00_causal_mask_pasta,gpt_gpt-7b_051_layer03_causal_mask_pasta,400latency_llmop_gpt_gpt-7b_006_layer00_causal_mask_pasta_metrics.csv,400latency_llmop_gpt_gpt-7b_051_layer03_causal_mask_pasta_metrics.csv
gpt_gpt-7b_001_layer00_norm1_pasta,bert_bert-7b-proxy_051_layer03_norm1_pasta,400latency_llmop_gpt_gpt-7b_001_layer00_norm1_pasta_metrics.csv,400latency_llmop_bert_bert-7b-proxy_051_layer03_norm1_pasta_metrics.csv
bert_bert-7b-proxy_005_layer00_attn_softmax_baseline,gpt_gpt-7b_052_layer03_attn_softmax_baseline,400latency_llmop_bert_bert-7b-proxy_005_layer00_attn_softmax_baseline_metrics.csv,400latency_llmop_gpt_gpt-7b_052_layer03_attn_softmax_baseline_metrics.csv
bert_bert-7b-proxy_010_layer00_mlp_fc1_baseline,bert_bert-7b-proxy_052_layer03_mlp_fc1_baseline,400latency_llmop_bert_bert-7b-proxy_010_layer00_mlp_fc1_baseline_metrics.csv,400latency_llmop_bert_bert-7b-proxy_052_layer03_mlp_fc1_baseline_metrics.csv
bert_bert-7b-proxy_005_layer00_attn_softmax_pasta,gpt_gpt-7b_052_layer03_attn_softmax_pasta,400latency_llmop_bert_bert-7b-proxy_005_layer00_attn_softmax_pasta_metrics.csv,400latency_llmop_gpt_gpt-7b_052_layer03_attn_softmax_pasta_metrics.csv
bert_bert-7b-proxy_010_layer00_mlp_fc1_pasta,bert_bert-7b-proxy_052_layer03_mlp_fc1_pasta,400latency_llmop_bert_bert-7b-proxy_010_layer00_mlp_fc1_pasta_metrics.csv,400latency_llmop_bert_bert-7b-proxy_052_layer03_mlp_fc1_pasta_metrics.csv
bert_bert-7b-proxy_006_layer00_attn_value_baseline,gpt_gpt-7b_053_layer03_attn_value_baseline,400latency_llmop_bert_bert-7b-proxy_006_layer00_attn_value_baseline_metrics.csv,400latency_llmop_gpt_gpt-7b_053_layer03_attn_value_baseline_metrics.csv
bert_bert-7b-proxy_011_layer00_mlp_gelu_baseline,bert_bert-7b-proxy_053_layer03_mlp_gelu_baseline,400latency_llmop_bert_bert-7b-proxy_011_layer00_mlp_gelu_baseline_metrics.csv,400latency_llmop_bert_bert-7b-proxy_053_layer03_mlp_gelu_baseline_metrics.csv
bert_bert-7b-proxy_006_layer00_attn_value_pasta,gpt_gpt-7b_053_layer03_attn_value_pasta,400latency_llmop_bert_bert-7b-proxy_006_layer00_attn_value_pasta_metrics.csv,400latency_llmop_gpt_gpt-7b_053_layer03_attn_value_pasta_metrics.csv
bert_bert-7b-proxy_011_layer00_mlp_gelu_pasta,bert_bert-7b-proxy_053_layer03_mlp_gelu_pasta,400latency_llmop_bert_bert-7b-proxy_011_layer00_mlp_gelu_pasta_metrics.csv,400latency_llmop_bert_bert-7b-proxy_053_layer03_mlp_gelu_pasta_metrics.csv
bert_bert-7b-proxy_001_layer00_attn_q_baseline,gpt_gpt-7b_054_layer03_attn_out_baseline,400latency_llmop_bert_bert-7b-proxy_001_layer00_attn_q_baseline_metrics.csv,400latency_llmop_gpt_gpt-7b_054_layer03_attn_out_baseline_metrics.csv
bert_bert-7b-proxy_012_layer00_mlp_fc2_baseline,bert_bert-7b-proxy_054_layer03_mlp_fc2_baseline,400latency_llmop_bert_bert-7b-proxy_012_layer00_mlp_fc2_baseline_metrics.csv,400latency_llmop_bert_bert-7b-proxy_054_layer03_mlp_fc2_baseline_metrics.csv
bert_bert-7b-proxy_001_layer00_attn_q_pasta,gpt_gpt-7b_054_layer03_attn_out_pasta,400latency_llmop_bert_bert-7b-proxy_001_layer00_attn_q_pasta_metrics.csv,400latency_llmop_gpt_gpt-7b_054_layer03_attn_out_pasta_metrics.csv
bert_bert-7b-proxy_012_layer00_mlp_fc2_pasta,bert_bert-7b-proxy_054_layer03_mlp_fc2_pasta,400latency_llmop_bert_bert-7b-proxy_012_layer00_mlp_fc2_pasta_metrics.csv,400latency_llmop_bert_bert-7b-proxy_054_layer03_mlp_fc2_pasta_metrics.csv
bert_bert-7b-proxy_008_layer00_attn_residual_baseline,gpt_gpt-7b_055_layer03_attn_residual_baseline,400latency_llmop_bert_bert-7b-proxy_008_layer00_attn_residual_baseline_metrics.csv,400latency_llmop_gpt_gpt-7b_055_layer03_attn_residual_baseline_metrics.csv
bert_bert-7b-proxy_008_layer00_attn_residual_baseline,bert_bert-7b-proxy_055_layer03_mlp_residual_baseline,400latency_llmop_bert_bert-7b-proxy_008_layer00_attn_residual_baseline_metrics.csv,400latency_llmop_bert_bert-7b-proxy_055_layer03_mlp_residual_baseline_metrics.csv
bert_bert-7b-proxy_008_layer00_attn_residual_pasta,gpt_gpt-7b_055_layer03_attn_residual_pasta,400latency_llmop_bert_bert-7b-proxy_008_layer00_attn_residual_pasta_metrics.csv,400latency_llmop_gpt_gpt-7b_055_layer03_attn_residual_pasta_metrics.csv
bert_bert-7b-proxy_008_layer00_attn_residual_pasta,bert_bert-7b-proxy_055_layer03_mlp_residual_pasta,400latency_llmop_bert_bert-7b-proxy_008_layer00_attn_residual_pasta_metrics.csv,400latency_llmop_bert_bert-7b-proxy_055_layer03_mlp_residual_pasta_metrics.csv
gpt_gpt-7b_001_layer00_norm1_baseline,gpt_gpt-7b_056_layer03_norm2_baseline,400latency_llmop_gpt_gpt-7b_001_layer00_norm1_baseline_metrics.csv,400latency_llmop_gpt_gpt-7b_056_layer03_norm2_baseline_metrics.csv
gpt_gpt-7b_001_layer00_norm1_baseline,bert_bert-7b-proxy_056_layer03_norm2_baseline,400latency_llmop_gpt_gpt-7b_001_layer00_norm1_baseline_metrics.csv,400latency_llmop_bert_bert-7b-proxy_056_layer03_norm2_baseline_metrics.csv
gpt_gpt-7b_001_layer00_norm1_pasta,gpt_gpt-7b_056_layer03_norm2_pasta,400latency_llmop_gpt_gpt-7b_001_layer00_norm1_pasta_metrics.csv,400latency_llmop_gpt_gpt-7b_056_layer03_norm2_pasta_metrics.csv
gpt_gpt-7b_001_layer00_norm1_pasta,bert_bert-7b-proxy_056_layer03_norm2_pasta,400latency_llmop_gpt_gpt-7b_001_layer00_norm1_pasta_metrics.csv,400latency_llmop_bert_bert-7b-proxy_056_layer03_norm2_pasta_metrics.csv
bert_bert-7b-proxy_010_layer00_mlp_fc1_baseline,gpt_gpt-7b_057_layer03_mlp_fc1_baseline,400latency_llmop_bert_bert-7b-proxy_010_layer00_mlp_fc1_baseline_metrics.csv,400latency_llmop_gpt_gpt-7b_057_layer03_mlp_fc1_baseline_metrics.csv
bert_bert-7b-proxy_001_layer00_attn_q_baseline,bert_bert-7b-proxy_057_layer04_attn_q_baseline,400latency_llmop_bert_bert-7b-proxy_001_layer00_attn_q_baseline_metrics.csv,400latency_llmop_bert_bert-7b-proxy_057_layer04_attn_q_baseline_metrics.csv
bert_bert-7b-proxy_010_layer00_mlp_fc1_pasta,gpt_gpt-7b_057_layer03_mlp_fc1_pasta,400latency_llmop_bert_bert-7b-proxy_010_layer00_mlp_fc1_pasta_metrics.csv,400latency_llmop_gpt_gpt-7b_057_layer03_mlp_fc1_pasta_metrics.csv
bert_bert-7b-proxy_001_layer00_attn_q_pasta,bert_bert-7b-proxy_057_layer04_attn_q_pasta,400latency_llmop_bert_bert-7b-proxy_001_layer00_attn_q_pasta_metrics.csv,400latency_llmop_bert_bert-7b-proxy_057_layer04_attn_q_pasta_metrics.csv
bert_bert-7b-proxy_011_layer00_mlp_gelu_baseline,gpt_gpt-7b_058_layer03_mlp_gelu_baseline,400latency_llmop_bert_bert-7b-proxy_011_layer00_mlp_gelu_baseline_metrics.csv,400latency_llmop_gpt_gpt-7b_058_layer03_mlp_gelu_baseline_metrics.csv
bert_bert-7b-proxy_001_layer00_attn_q_baseline,bert_bert-7b-proxy_058_layer04_attn_k_baseline,400latency_llmop_bert_bert-7b-proxy_001_layer00_attn_q_baseline_metrics.csv,400latency_llmop_bert_bert-7b-proxy_058_layer04_attn_k_baseline_metrics.csv
bert_bert-7b-proxy_011_layer00_mlp_gelu_pasta,gpt_gpt-7b_058_layer03_mlp_gelu_pasta,400latency_llmop_bert_bert-7b-proxy_011_layer00_mlp_gelu_pasta_metrics.csv,400latency_llmop_gpt_gpt-7b_058_layer03_mlp_gelu_pasta_metrics.csv
bert_bert-7b-proxy_001_layer00_attn_q_pasta,bert_bert-7b-proxy_058_layer04_attn_k_pasta,400latency_llmop_bert_bert-7b-proxy_001_layer00_attn_q_pasta_metrics.csv,400latency_llmop_bert_bert-7b-proxy_058_layer04_attn_k_pasta_metrics.csv
bert_bert-7b-proxy_012_layer00_mlp_fc2_baseline,gpt_gpt-7b_059_layer03_mlp_fc2_baseline,400latency_llmop_bert_bert-7b-proxy_012_layer00_mlp_fc2_baseline_metrics.csv,400latency_llmop_gpt_gpt-7b_059_layer03_mlp_fc2_baseline_metrics.csv
bert_bert-7b-proxy_001_layer00_attn_q_baseline,bert_bert-7b-proxy_059_layer04_attn_v_baseline,400latency_llmop_bert_bert-7b-proxy_001_layer00_attn_q_baseline_metrics.csv,400latency_llmop_bert_bert-7b-proxy_059_layer04_attn_v_baseline_metrics.csv
bert_bert-7b-proxy_012_layer00_mlp_fc2_pasta,gpt_gpt-7b_059_layer03_mlp_fc2_pasta,400latency_llmop_bert_bert-7b-proxy_012_layer00_mlp_fc2_pasta_metrics.csv,400latency_llmop_gpt_gpt-7b_059_layer03_mlp_fc2_pasta_metrics.csv
bert_bert-7b-proxy_001_layer00_attn_q_pasta,bert_bert-7b-proxy_059_layer04_attn_v_pasta,400latency_llmop_bert_bert-7b-proxy_001_layer00_attn_q_pasta_metrics.csv,400latency_llmop_bert_bert-7b-proxy_059_layer04_attn_v_pasta_metrics.csv
bert_bert-7b-proxy_008_layer00_attn_residual_baseline,gpt_gpt-7b_060_layer03_mlp_residual_baseline,400latency_llmop_bert_bert-7b-proxy_008_layer00_attn_residual_baseline_metrics.csv,400latency_llmop_gpt_gpt-7b_060_layer03_mlp_residual_baseline_metrics.csv
bert_bert-7b-proxy_004_layer00_attn_score_baseline,bert_bert-7b-proxy_060_layer04_attn_score_baseline,400latency_llmop_bert_bert-7b-proxy_004_layer00_attn_score_baseline_metrics.csv,400latency_llmop_bert_bert-7b-proxy_060_layer04_attn_score_baseline_metrics.csv
bert_bert-7b-proxy_008_layer00_attn_residual_pasta,gpt_gpt-7b_060_layer03_mlp_residual_pasta,400latency_llmop_bert_bert-7b-proxy_008_layer00_attn_residual_pasta_metrics.csv,400latency_llmop_gpt_gpt-7b_060_layer03_mlp_residual_pasta_metrics.csv
bert_bert-7b-proxy_004_layer00_attn_score_pasta,bert_bert-7b-proxy_060_layer04_attn_score_pasta,400latency_llmop_bert_bert-7b-proxy_004_layer00_attn_score_pasta_metrics.csv,400latency_llmop_bert_bert-7b-proxy_060_layer04_attn_score_pasta_metrics.csv
gpt_gpt-7b_001_layer00_norm1_baseline,gpt_gpt-7b_061_layer04_norm1_baseline,400latency_llmop_gpt_gpt-7b_001_layer00_norm1_baseline_metrics.csv,400latency_llmop_gpt_gpt-7b_061_layer04_norm1_baseline_metrics.csv
bert_bert-7b-proxy_005_layer00_attn_softmax_baseline,bert_bert-7b-proxy_061_layer04_attn_softmax_baseline,400latency_llmop_bert_bert-7b-proxy_005_layer00_attn_softmax_baseline_metrics.csv,400latency_llmop_bert_bert-7b-proxy_061_layer04_attn_softmax_baseline_metrics.csv
gpt_gpt-7b_001_layer00_norm1_pasta,gpt_gpt-7b_061_layer04_norm1_pasta,400latency_llmop_gpt_gpt-7b_001_layer00_norm1_pasta_metrics.csv,400latency_llmop_gpt_gpt-7b_061_layer04_norm1_pasta_metrics.csv
bert_bert-7b-proxy_005_layer00_attn_softmax_pasta,bert_bert-7b-proxy_061_layer04_attn_softmax_pasta,400latency_llmop_bert_bert-7b-proxy_005_layer00_attn_softmax_pasta_metrics.csv,400latency_llmop_bert_bert-7b-proxy_061_layer04_attn_softmax_pasta_metrics.csv
bert_bert-7b-proxy_001_layer00_attn_q_baseline,gpt_gpt-7b_062_layer04_attn_q_baseline,400latency_llmop_bert_bert-7b-proxy_001_layer00_attn_q_baseline_metrics.csv,400latency_llmop_gpt_gpt-7b_062_layer04_attn_q_baseline_metrics.csv
bert_bert-7b-proxy_006_layer00_attn_value_baseline,bert_bert-7b-proxy_062_layer04_attn_value_baseline,400latency_llmop_bert_bert-7b-proxy_006_layer00_attn_value_baseline_metrics.csv,400latency_llmop_bert_bert-7b-proxy_062_layer04_attn_value_baseline_metrics.csv
bert_bert-7b-proxy_001_layer00_attn_q_pasta,gpt_gpt-7b_062_layer04_attn_q_pasta,400latency_llmop_bert_bert-7b-proxy_001_layer00_attn_q_pasta_metrics.csv,400latency_llmop_gpt_gpt-7b_062_layer04_attn_q_pasta_metrics.csv
bert_bert-7b-proxy_006_layer00_attn_value_pasta,bert_bert-7b-proxy_062_layer04_attn_value_pasta,400latency_llmop_bert_bert-7b-proxy_006_layer00_attn_value_pasta_metrics.csv,400latency_llmop_bert_bert-7b-proxy_062_layer04_attn_value_pasta_metrics.csv
bert_bert-7b-proxy_001_layer00_attn_q_baseline,gpt_gpt-7b_063_layer04_attn_k_baseline,400latency_llmop_bert_bert-7b-proxy_001_layer00_attn_q_baseline_metrics.csv,400latency_llmop_gpt_gpt-7b_063_layer04_attn_k_baseline_metrics.csv
bert_bert-7b-proxy_001_layer00_attn_q_baseline,bert_bert-7b-proxy_063_layer04_attn_out_baseline,400latency_llmop_bert_bert-7b-proxy_001_layer00_attn_q_baseline_metrics.csv,400latency_llmop_bert_bert-7b-proxy_063_layer04_attn_out_baseline_metrics.csv
bert_bert-7b-proxy_001_layer00_attn_q_pasta,gpt_gpt-7b_063_layer04_attn_k_pasta,400latency_llmop_bert_bert-7b-proxy_001_layer00_attn_q_pasta_metrics.csv,400latency_llmop_gpt_gpt-7b_063_layer04_attn_k_pasta_metrics.csv
bert_bert-7b-proxy_001_layer00_attn_q_pasta,bert_bert-7b-proxy_063_layer04_attn_out_pasta,400latency_llmop_bert_bert-7b-proxy_001_layer00_attn_q_pasta_metrics.csv,400latency_llmop_bert_bert-7b-proxy_063_layer04_attn_out_pasta_metrics.csv
bert_bert-7b-proxy_001_layer00_attn_q_baseline,gpt_gpt-7b_064_layer04_attn_v_baseline,400latency_llmop_bert_bert-7b-proxy_001_layer00_attn_q_baseline_metrics.csv,400latency_llmop_gpt_gpt-7b_064_layer04_attn_v_baseline_metrics.csv
bert_bert-7b-proxy_008_layer00_attn_residual_baseline,bert_bert-7b-proxy_064_layer04_attn_residual_baseline,400latency_llmop_bert_bert-7b-proxy_008_layer00_attn_residual_baseline_metrics.csv,400latency_llmop_bert_bert-7b-proxy_064_layer04_attn_residual_baseline_metrics.csv
bert_bert-7b-proxy_001_layer00_attn_q_pasta,gpt_gpt-7b_064_layer04_attn_v_pasta,400latency_llmop_bert_bert-7b-proxy_001_layer00_attn_q_pasta_metrics.csv,400latency_llmop_gpt_gpt-7b_064_layer04_attn_v_pasta_metrics.csv
bert_bert-7b-proxy_008_layer00_attn_residual_pasta,bert_bert-7b-proxy_064_layer04_attn_residual_pasta,400latency_llmop_bert_bert-7b-proxy_008_layer00_attn_residual_pasta_metrics.csv,400latency_llmop_bert_bert-7b-proxy_064_layer04_attn_residual_pasta_metrics.csv
bert_bert-7b-proxy_004_layer00_attn_score_baseline,gpt_gpt-7b_065_layer04_attn_score_baseline,400latency_llmop_bert_bert-7b-proxy_004_layer00_attn_score_baseline_metrics.csv,400latency_llmop_gpt_gpt-7b_065_layer04_attn_score_baseline_metrics.csv
gpt_gpt-7b_001_layer00_norm1_baseline,bert_bert-7b-proxy_065_layer04_norm1_baseline,400latency_llmop_gpt_gpt-7b_001_layer00_norm1_baseline_metrics.csv,400latency_llmop_bert_bert-7b-proxy_065_layer04_norm1_baseline_metrics.csv
bert_bert-7b-proxy_004_layer00_attn_score_pasta,gpt_gpt-7b_065_layer04_attn_score_pasta,400latency_llmop_bert_bert-7b-proxy_004_layer00_attn_score_pasta_metrics.csv,400latency_llmop_gpt_gpt-7b_065_layer04_attn_score_pasta_metrics.csv
gpt_gpt-7b_001_layer00_norm1_pasta,bert_bert-7b-proxy_065_layer04_norm1_pasta,400latency_llmop_gpt_gpt-7b_001_layer00_norm1_pasta_metrics.csv,400latency_llmop_bert_bert-7b-proxy_065_layer04_norm1_pasta_metrics.csv
gpt_gpt-7b_006_layer00_causal_mask_baseline,gpt_gpt-7b_066_layer04_causal_mask_baseline,400latency_llmop_gpt_gpt-7b_006_layer00_causal_mask_baseline_metrics.csv,400latency_llmop_gpt_gpt-7b_066_layer04_causal_mask_baseline_metrics.csv
bert_bert-7b-proxy_010_layer00_mlp_fc1_baseline,bert_bert-7b-proxy_066_layer04_mlp_fc1_baseline,400latency_llmop_bert_bert-7b-proxy_010_layer00_mlp_fc1_baseline_metrics.csv,400latency_llmop_bert_bert-7b-proxy_066_layer04_mlp_fc1_baseline_metrics.csv
gpt_gpt-7b_006_layer00_causal_mask_pasta,gpt_gpt-7b_066_layer04_causal_mask_pasta,400latency_llmop_gpt_gpt-7b_006_layer00_causal_mask_pasta_metrics.csv,400latency_llmop_gpt_gpt-7b_066_layer04_causal_mask_pasta_metrics.csv
bert_bert-7b-proxy_010_layer00_mlp_fc1_pasta,bert_bert-7b-proxy_066_layer04_mlp_fc1_pasta,400latency_llmop_bert_bert-7b-proxy_010_layer00_mlp_fc1_pasta_metrics.csv,400latency_llmop_bert_bert-7b-proxy_066_layer04_mlp_fc1_pasta_metrics.csv
bert_bert-7b-proxy_005_layer00_attn_softmax_baseline,gpt_gpt-7b_067_layer04_attn_softmax_baseline,400latency_llmop_bert_bert-7b-proxy_005_layer00_attn_softmax_baseline_metrics.csv,400latency_llmop_gpt_gpt-7b_067_layer04_attn_softmax_baseline_metrics.csv
bert_bert-7b-proxy_011_layer00_mlp_gelu_baseline,bert_bert-7b-proxy_067_layer04_mlp_gelu_baseline,400latency_llmop_bert_bert-7b-proxy_011_layer00_mlp_gelu_baseline_metrics.csv,400latency_llmop_bert_bert-7b-proxy_067_layer04_mlp_gelu_baseline_metrics.csv
bert_bert-7b-proxy_005_layer00_attn_softmax_pasta,gpt_gpt-7b_067_layer04_attn_softmax_pasta,400latency_llmop_bert_bert-7b-proxy_005_layer00_attn_softmax_pasta_metrics.csv,400latency_llmop_gpt_gpt-7b_067_layer04_attn_softmax_pasta_metrics.csv
bert_bert-7b-proxy_011_layer00_mlp_gelu_pasta,bert_bert-7b-proxy_067_layer04_mlp_gelu_pasta,400latency_llmop_bert_bert-7b-proxy_011_layer00_mlp_gelu_pasta_metrics.csv,400latency_llmop_bert_bert-7b-proxy_067_layer04_mlp_gelu_pasta_metrics.csv
bert_bert-7b-proxy_006_layer00_attn_value_baseline,gpt_gpt-7b_068_layer04_attn_value_baseline,400latency_llmop_bert_bert-7b-proxy_006_layer00_attn_value_baseline_metrics.csv,400latency_llmop_gpt_gpt-7b_068_layer04_attn_value_baseline_metrics.csv
bert_bert-7b-proxy_012_layer00_mlp_fc2_baseline,bert_bert-7b-proxy_068_layer04_mlp_fc2_baseline,400latency_llmop_bert_bert-7b-proxy_012_layer00_mlp_fc2_baseline_metrics.csv,400latency_llmop_bert_bert-7b-proxy_068_layer04_mlp_fc2_baseline_metrics.csv
bert_bert-7b-proxy_006_layer00_attn_value_pasta,gpt_gpt-7b_068_layer04_attn_value_pasta,400latency_llmop_bert_bert-7b-proxy_006_layer00_attn_value_pasta_metrics.csv,400latency_llmop_gpt_gpt-7b_068_layer04_attn_value_pasta_metrics.csv
bert_bert-7b-proxy_012_layer00_mlp_fc2_pasta,bert_bert-7b-proxy_068_layer04_mlp_fc2_pasta,400latency_llmop_bert_bert-7b-proxy_012_layer00_mlp_fc2_pasta_metrics.csv,400latency_llmop_bert_bert-7b-proxy_068_layer04_mlp_fc2_pasta_metrics.csv
bert_bert-7b-proxy_001_layer00_attn_q_baseline,gpt_gpt-7b_069_layer04_attn_out_baseline,400latency_llmop_bert_bert-7b-proxy_001_layer00_attn_q_baseline_metrics.csv,400latency_llmop_gpt_gpt-7b_069_layer04_attn_out_baseline_metrics.csv
bert_bert-7b-proxy_008_layer00_attn_residual_baseline,bert_bert-7b-proxy_069_layer04_mlp_residual_baseline,400latency_llmop_bert_bert-7b-proxy_008_layer00_attn_residual_baseline_metrics.csv,400latency_llmop_bert_bert-7b-proxy_069_layer04_mlp_residual_baseline_metrics.csv
bert_bert-7b-proxy_001_layer00_attn_q_pasta,gpt_gpt-7b_069_layer04_attn_out_pasta,400latency_llmop_bert_bert-7b-proxy_001_layer00_attn_q_pasta_metrics.csv,400latency_llmop_gpt_gpt-7b_069_layer04_attn_out_pasta_metrics.csv
bert_bert-7b-proxy_008_layer00_attn_residual_pasta,bert_bert-7b-proxy_069_layer04_mlp_residual_pasta,400latency_llmop_bert_bert-7b-proxy_008_layer00_attn_residual_pasta_metrics.csv,400latency_llmop_bert_bert-7b-proxy_069_layer04_mlp_residual_pasta_metrics.csv
bert_bert-7b-proxy_008_layer00_attn_residual_baseline,gpt_gpt-7b_070_layer04_attn_residual_baseline,400latency_llmop_bert_bert-7b-proxy_008_layer00_attn_residual_baseline_metrics.csv,400latency_llmop_gpt_gpt-7b_070_layer04_attn_residual_baseline_metrics.csv
gpt_gpt-7b_001_layer00_norm1_baseline,bert_bert-7b-proxy_070_layer04_norm2_baseline,400latency_llmop_gpt_gpt-7b_001_layer00_norm1_baseline_metrics.csv,400latency_llmop_bert_bert-7b-proxy_070_layer04_norm2_baseline_metrics.csv
bert_bert-7b-proxy_008_layer00_attn_residual_pasta,gpt_gpt-7b_070_layer04_attn_residual_pasta,400latency_llmop_bert_bert-7b-proxy_008_layer00_attn_residual_pasta_metrics.csv,400latency_llmop_gpt_gpt-7b_070_layer04_attn_residual_pasta_metrics.csv
gpt_gpt-7b_001_layer00_norm1_pasta,bert_bert-7b-proxy_070_layer04_norm2_pasta,400latency_llmop_gpt_gpt-7b_001_layer00_norm1_pasta_metrics.csv,400latency_llmop_bert_bert-7b-proxy_070_layer04_norm2_pasta_metrics.csv
gpt_gpt-7b_001_layer00_norm1_baseline,gpt_gpt-7b_071_layer04_norm2_baseline,400latency_llmop_gpt_gpt-7b_001_layer00_norm1_baseline_metrics.csv,400latency_llmop_gpt_gpt-7b_071_layer04_norm2_baseline_metrics.csv
bert_bert-7b-proxy_001_layer00_attn_q_baseline,bert_bert-7b-proxy_071_layer05_attn_q_baseline,400latency_llmop_bert_bert-7b-proxy_001_layer00_attn_q_baseline_metrics.csv,400latency_llmop_bert_bert-7b-proxy_071_layer05_attn_q_baseline_metrics.csv
gpt_gpt-7b_001_layer00_norm1_pasta,gpt_gpt-7b_071_layer04_norm2_pasta,400latency_llmop_gpt_gpt-7b_001_layer00_norm1_pasta_metrics.csv,400latency_llmop_gpt_gpt-7b_071_layer04_norm2_pasta_metrics.csv
bert_bert-7b-proxy_001_layer00_attn_q_pasta,bert_bert-7b-proxy_071_layer05_attn_q_pasta,400latency_llmop_bert_bert-7b-proxy_001_layer00_attn_q_pasta_metrics.csv,400latency_llmop_bert_bert-7b-proxy_071_layer05_attn_q_pasta_metrics.csv
bert_bert-7b-proxy_010_layer00_mlp_fc1_baseline,gpt_gpt-7b_072_layer04_mlp_fc1_baseline,400latency_llmop_bert_bert-7b-proxy_010_layer00_mlp_fc1_baseline_metrics.csv,400latency_llmop_gpt_gpt-7b_072_layer04_mlp_fc1_baseline_metrics.csv
bert_bert-7b-proxy_001_layer00_attn_q_baseline,bert_bert-7b-proxy_072_layer05_attn_k_baseline,400latency_llmop_bert_bert-7b-proxy_001_layer00_attn_q_baseline_metrics.csv,400latency_llmop_bert_bert-7b-proxy_072_layer05_attn_k_baseline_metrics.csv
bert_bert-7b-proxy_010_layer00_mlp_fc1_pasta,gpt_gpt-7b_072_layer04_mlp_fc1_pasta,400latency_llmop_bert_bert-7b-proxy_010_layer00_mlp_fc1_pasta_metrics.csv,400latency_llmop_gpt_gpt-7b_072_layer04_mlp_fc1_pasta_metrics.csv
bert_bert-7b-proxy_001_layer00_attn_q_pasta,bert_bert-7b-proxy_072_layer05_attn_k_pasta,400latency_llmop_bert_bert-7b-proxy_001_layer00_attn_q_pasta_metrics.csv,400latency_llmop_bert_bert-7b-proxy_072_layer05_attn_k_pasta_metrics.csv
bert_bert-7b-proxy_011_layer00_mlp_gelu_baseline,gpt_gpt-7b_073_layer04_mlp_gelu_baseline,400latency_llmop_bert_bert-7b-proxy_011_layer00_mlp_gelu_baseline_metrics.csv,400latency_llmop_gpt_gpt-7b_073_layer04_mlp_gelu_baseline_metrics.csv
bert_bert-7b-proxy_001_layer00_attn_q_baseline,bert_bert-7b-proxy_073_layer05_attn_v_baseline,400latency_llmop_bert_bert-7b-proxy_001_layer00_attn_q_baseline_metrics.csv,400latency_llmop_bert_bert-7b-proxy_073_layer05_attn_v_baseline_metrics.csv
bert_bert-7b-proxy_011_layer00_mlp_gelu_pasta,gpt_gpt-7b_073_layer04_mlp_gelu_pasta,400latency_llmop_bert_bert-7b-proxy_011_layer00_mlp_gelu_pasta_metrics.csv,400latency_llmop_gpt_gpt-7b_073_layer04_mlp_gelu_pasta_metrics.csv
bert_bert-7b-proxy_001_layer00_attn_q_pasta,bert_bert-7b-proxy_073_layer05_attn_v_pasta,400latency_llmop_bert_bert-7b-proxy_001_layer00_attn_q_pasta_metrics.csv,400latency_llmop_bert_bert-7b-proxy_073_layer05_attn_v_pasta_metrics.csv
bert_bert-7b-proxy_012_layer00_mlp_fc2_baseline,gpt_gpt-7b_074_layer04_mlp_fc2_baseline,400latency_llmop_bert_bert-7b-proxy_012_layer00_mlp_fc2_baseline_metrics.csv,400latency_llmop_gpt_gpt-7b_074_layer04_mlp_fc2_baseline_metrics.csv
bert_bert-7b-proxy_004_layer00_attn_score_baseline,bert_bert-7b-proxy_074_layer05_attn_score_baseline,400latency_llmop_bert_bert-7b-proxy_004_layer00_attn_score_baseline_metrics.csv,400latency_llmop_bert_bert-7b-proxy_074_layer05_attn_score_baseline_metrics.csv
bert_bert-7b-proxy_012_layer00_mlp_fc2_pasta,gpt_gpt-7b_074_layer04_mlp_fc2_pasta,400latency_llmop_bert_bert-7b-proxy_012_layer00_mlp_fc2_pasta_metrics.csv,400latency_llmop_gpt_gpt-7b_074_layer04_mlp_fc2_pasta_metrics.csv
bert_bert-7b-proxy_004_layer00_attn_score_pasta,bert_bert-7b-proxy_074_layer05_attn_score_pasta,400latency_llmop_bert_bert-7b-proxy_004_layer00_attn_score_pasta_metrics.csv,400latency_llmop_bert_bert-7b-proxy_074_layer05_attn_score_pasta_metrics.csv
bert_bert-7b-proxy_008_layer00_attn_residual_baseline,gpt_gpt-7b_075_layer04_mlp_residual_baseline,400latency_llmop_bert_bert-7b-proxy_008_layer00_attn_residual_baseline_metrics.csv,400latency_llmop_gpt_gpt-7b_075_layer04_mlp_residual_baseline_metrics.csv
bert_bert-7b-proxy_005_layer00_attn_softmax_baseline,bert_bert-7b-proxy_075_layer05_attn_softmax_baseline,400latency_llmop_bert_bert-7b-proxy_005_layer00_attn_softmax_baseline_metrics.csv,400latency_llmop_bert_bert-7b-proxy_075_layer05_attn_softmax_baseline_metrics.csv
bert_bert-7b-proxy_008_layer00_attn_residual_pasta,gpt_gpt-7b_075_layer04_mlp_residual_pasta,400latency_llmop_bert_bert-7b-proxy_008_layer00_attn_residual_pasta_metrics.csv,400latency_llmop_gpt_gpt-7b_075_layer04_mlp_residual_pasta_metrics.csv
bert_bert-7b-proxy_005_layer00_attn_softmax_pasta,bert_bert-7b-proxy_075_layer05_attn_softmax_pasta,400latency_llmop_bert_bert-7b-proxy_005_layer00_attn_softmax_pasta_metrics.csv,400latency_llmop_bert_bert-7b-proxy_075_layer05_attn_softmax_pasta_metrics.csv
gpt_gpt-7b_001_layer00_norm1_baseline,gpt_gpt-7b_076_layer05_norm1_baseline,400latency_llmop_gpt_gpt-7b_001_layer00_norm1_baseline_metrics.csv,400latency_llmop_gpt_gpt-7b_076_layer05_norm1_baseline_metrics.csv
bert_bert-7b-proxy_006_layer00_attn_value_baseline,bert_bert-7b-proxy_076_layer05_attn_value_baseline,400latency_llmop_bert_bert-7b-proxy_006_layer00_attn_value_baseline_metrics.csv,400latency_llmop_bert_bert-7b-proxy_076_layer05_attn_value_baseline_metrics.csv
gpt_gpt-7b_001_layer00_norm1_pasta,gpt_gpt-7b_076_layer05_norm1_pasta,400latency_llmop_gpt_gpt-7b_001_layer00_norm1_pasta_metrics.csv,400latency_llmop_gpt_gpt-7b_076_layer05_norm1_pasta_metrics.csv
bert_bert-7b-proxy_006_layer00_attn_value_pasta,bert_bert-7b-proxy_076_layer05_attn_value_pasta,400latency_llmop_bert_bert-7b-proxy_006_layer00_attn_value_pasta_metrics.csv,400latency_llmop_bert_bert-7b-proxy_076_layer05_attn_value_pasta_metrics.csv
bert_bert-7b-proxy_001_layer00_attn_q_baseline,gpt_gpt-7b_077_layer05_attn_q_baseline,400latency_llmop_bert_bert-7b-proxy_001_layer00_attn_q_baseline_metrics.csv,400latency_llmop_gpt_gpt-7b_077_layer05_attn_q_baseline_metrics.csv
bert_bert-7b-proxy_001_layer00_attn_q_baseline,bert_bert-7b-proxy_077_layer05_attn_out_baseline,400latency_llmop_bert_bert-7b-proxy_001_layer00_attn_q_baseline_metrics.csv,400latency_llmop_bert_bert-7b-proxy_077_layer05_attn_out_baseline_metrics.csv
bert_bert-7b-proxy_001_layer00_attn_q_pasta,gpt_gpt-7b_077_layer05_attn_q_pasta,400latency_llmop_bert_bert-7b-proxy_001_layer00_attn_q_pasta_metrics.csv,400latency_llmop_gpt_gpt-7b_077_layer05_attn_q_pasta_metrics.csv
bert_bert-7b-proxy_001_layer00_attn_q_pasta,bert_bert-7b-proxy_077_layer05_attn_out_pasta,400latency_llmop_bert_bert-7b-proxy_001_layer00_attn_q_pasta_metrics.csv,400latency_llmop_bert_bert-7b-proxy_077_layer05_attn_out_pasta_metrics.csv
bert_bert-7b-proxy_001_layer00_attn_q_baseline,gpt_gpt-7b_078_layer05_attn_k_baseline,400latency_llmop_bert_bert-7b-proxy_001_layer00_attn_q_baseline_metrics.csv,400latency_llmop_gpt_gpt-7b_078_layer05_attn_k_baseline_metrics.csv
bert_bert-7b-proxy_008_layer00_attn_residual_baseline,bert_bert-7b-proxy_078_layer05_attn_residual_baseline,400latency_llmop_bert_bert-7b-proxy_008_layer00_attn_residual_baseline_metrics.csv,400latency_llmop_bert_bert-7b-proxy_078_layer05_attn_residual_baseline_metrics.csv
bert_bert-7b-proxy_001_layer00_attn_q_pasta,gpt_gpt-7b_078_layer05_attn_k_pasta,400latency_llmop_bert_bert-7b-proxy_001_layer00_attn_q_pasta_metrics.csv,400latency_llmop_gpt_gpt-7b_078_layer05_attn_k_pasta_metrics.csv
bert_bert-7b-proxy_008_layer00_attn_residual_pasta,bert_bert-7b-proxy_078_layer05_attn_residual_pasta,400latency_llmop_bert_bert-7b-proxy_008_layer00_attn_residual_pasta_metrics.csv,400latency_llmop_bert_bert-7b-proxy_078_layer05_attn_residual_pasta_metrics.csv
bert_bert-7b-proxy_001_layer00_attn_q_baseline,gpt_gpt-7b_079_layer05_attn_v_baseline,400latency_llmop_bert_bert-7b-proxy_001_layer00_attn_q_baseline_metrics.csv,400latency_llmop_gpt_gpt-7b_079_layer05_attn_v_baseline_metrics.csv
gpt_gpt-7b_001_layer00_norm1_baseline,bert_bert-7b-proxy_079_layer05_norm1_baseline,400latency_llmop_gpt_gpt-7b_001_layer00_norm1_baseline_metrics.csv,400latency_llmop_bert_bert-7b-proxy_079_layer05_norm1_baseline_metrics.csv
bert_bert-7b-proxy_001_layer00_attn_q_pasta,gpt_gpt-7b_079_layer05_attn_v_pasta,400latency_llmop_bert_bert-7b-proxy_001_layer00_attn_q_pasta_metrics.csv,400latency_llmop_gpt_gpt-7b_079_layer05_attn_v_pasta_metrics.csv
gpt_gpt-7b_001_layer00_norm1_pasta,bert_bert-7b-proxy_079_layer05_norm1_pasta,400latency_llmop_gpt_gpt-7b_001_layer00_norm1_pasta_metrics.csv,400latency_llmop_bert_bert-7b-proxy_079_layer05_norm1_pasta_metrics.csv
bert_bert-7b-proxy_004_layer00_attn_score_baseline,gpt_gpt-7b_080_layer05_attn_score_baseline,400latency_llmop_bert_bert-7b-proxy_004_layer00_attn_score_baseline_metrics.csv,400latency_llmop_gpt_gpt-7b_080_layer05_attn_score_baseline_metrics.csv
bert_bert-7b-proxy_010_layer00_mlp_fc1_baseline,bert_bert-7b-proxy_080_layer05_mlp_fc1_baseline,400latency_llmop_bert_bert-7b-proxy_010_layer00_mlp_fc1_baseline_metrics.csv,400latency_llmop_bert_bert-7b-proxy_080_layer05_mlp_fc1_baseline_metrics.csv
bert_bert-7b-proxy_004_layer00_attn_score_pasta,gpt_gpt-7b_080_layer05_attn_score_pasta,400latency_llmop_bert_bert-7b-proxy_004_layer00_attn_score_pasta_metrics.csv,400latency_llmop_gpt_gpt-7b_080_layer05_attn_score_pasta_metrics.csv
bert_bert-7b-proxy_010_layer00_mlp_fc1_pasta,bert_bert-7b-proxy_080_layer05_mlp_fc1_pasta,400latency_llmop_bert_bert-7b-proxy_010_layer00_mlp_fc1_pasta_metrics.csv,400latency_llmop_bert_bert-7b-proxy_080_layer05_mlp_fc1_pasta_metrics.csv
gpt_gpt-7b_006_layer00_causal_mask_baseline,gpt_gpt-7b_081_layer05_causal_mask_baseline,400latency_llmop_gpt_gpt-7b_006_layer00_causal_mask_baseline_metrics.csv,400latency_llmop_gpt_gpt-7b_081_layer05_causal_mask_baseline_metrics.csv
bert_bert-7b-proxy_011_layer00_mlp_gelu_baseline,bert_bert-7b-proxy_081_layer05_mlp_gelu_baseline,400latency_llmop_bert_bert-7b-proxy_011_layer00_mlp_gelu_baseline_metrics.csv,400latency_llmop_bert_bert-7b-proxy_081_layer05_mlp_gelu_baseline_metrics.csv
gpt_gpt-7b_006_layer00_causal_mask_pasta,gpt_gpt-7b_081_layer05_causal_mask_pasta,400latency_llmop_gpt_gpt-7b_006_layer00_causal_mask_pasta_metrics.csv,400latency_llmop_gpt_gpt-7b_081_layer05_causal_mask_pasta_metrics.csv
bert_bert-7b-proxy_011_layer00_mlp_gelu_pasta,bert_bert-7b-proxy_081_layer05_mlp_gelu_pasta,400latency_llmop_bert_bert-7b-proxy_011_layer00_mlp_gelu_pasta_metrics.csv,400latency_llmop_bert_bert-7b-proxy_081_layer05_mlp_gelu_pasta_metrics.csv
bert_bert-7b-proxy_005_layer00_attn_softmax_baseline,gpt_gpt-7b_082_layer05_attn_softmax_baseline,400latency_llmop_bert_bert-7b-proxy_005_layer00_attn_softmax_baseline_metrics.csv,400latency_llmop_gpt_gpt-7b_082_layer05_attn_softmax_baseline_metrics.csv
bert_bert-7b-proxy_012_layer00_mlp_fc2_baseline,bert_bert-7b-proxy_082_layer05_mlp_fc2_baseline,400latency_llmop_bert_bert-7b-proxy_012_layer00_mlp_fc2_baseline_metrics.csv,400latency_llmop_bert_bert-7b-proxy_082_layer05_mlp_fc2_baseline_metrics.csv
bert_bert-7b-proxy_005_layer00_attn_softmax_pasta,gpt_gpt-7b_082_layer05_attn_softmax_pasta,400latency_llmop_bert_bert-7b-proxy_005_layer00_attn_softmax_pasta_metrics.csv,400latency_llmop_gpt_gpt-7b_082_layer05_attn_softmax_pasta_metrics.csv
bert_bert-7b-proxy_012_layer00_mlp_fc2_pasta,bert_bert-7b-proxy_082_layer05_mlp_fc2_pasta,400latency_llmop_bert_bert-7b-proxy_012_layer00_mlp_fc2_pasta_metrics.csv,400latency_llmop_bert_bert-7b-proxy_082_layer05_mlp_fc2_pasta_metrics.csv
bert_bert-7b-proxy_006_layer00_attn_value_baseline,gpt_gpt-7b_083_layer05_attn_value_baseline,400latency_llmop_bert_bert-7b-proxy_006_layer00_attn_value_baseline_metrics.csv,400latency_llmop_gpt_gpt-7b_083_layer05_attn_value_baseline_metrics.csv
bert_bert-7b-proxy_008_layer00_attn_residual_baseline,bert_bert-7b-proxy_083_layer05_mlp_residual_baseline,400latency_llmop_bert_bert-7b-proxy_008_layer00_attn_residual_baseline_metrics.csv,400latency_llmop_bert_bert-7b-proxy_083_layer05_mlp_residual_baseline_metrics.csv
bert_bert-7b-proxy_006_layer00_attn_value_pasta,gpt_gpt-7b_083_layer05_attn_value_pasta,400latency_llmop_bert_bert-7b-proxy_006_layer00_attn_value_pasta_metrics.csv,400latency_llmop_gpt_gpt-7b_083_layer05_attn_value_pasta_metrics.csv
bert_bert-7b-proxy_008_layer00_attn_residual_pasta,bert_bert-7b-proxy_083_layer05_mlp_residual_pasta,400latency_llmop_bert_bert-7b-proxy_008_layer00_attn_residual_pasta_metrics.csv,400latency_llmop_bert_bert-7b-proxy_083_layer05_mlp_residual_pasta_metrics.csv
bert_bert-7b-proxy_001_layer00_attn_q_baseline,gpt_gpt-7b_084_layer05_attn_out_baseline,400latency_llmop_bert_bert-7b-proxy_001_layer00_attn_q_baseline_metrics.csv,400latency_llmop_gpt_gpt-7b_084_layer05_attn_out_baseline_metrics.csv
gpt_gpt-7b_001_layer00_norm1_baseline,bert_bert-7b-proxy_084_layer05_norm2_baseline,400latency_llmop_gpt_gpt-7b_001_layer00_norm1_baseline_metrics.csv,400latency_llmop_bert_bert-7b-proxy_084_layer05_norm2_baseline_metrics.csv
bert_bert-7b-proxy_001_layer00_attn_q_pasta,gpt_gpt-7b_084_layer05_attn_out_pasta,400latency_llmop_bert_bert-7b-proxy_001_layer00_attn_q_pasta_metrics.csv,400latency_llmop_gpt_gpt-7b_084_layer05_attn_out_pasta_metrics.csv
gpt_gpt-7b_001_layer00_norm1_pasta,bert_bert-7b-proxy_084_layer05_norm2_pasta,400latency_llmop_gpt_gpt-7b_001_layer00_norm1_pasta_metrics.csv,400latency_llmop_bert_bert-7b-proxy_084_layer05_norm2_pasta_metrics.csv
bert_bert-7b-proxy_008_layer00_attn_residual_baseline,gpt_gpt-7b_085_layer05_attn_residual_baseline,400latency_llmop_bert_bert-7b-proxy_008_layer00_attn_residual_baseline_metrics.csv,400latency_llmop_gpt_gpt-7b_085_layer05_attn_residual_baseline_metrics.csv
bert_bert-7b-proxy_001_layer00_attn_q_baseline,bert_bert-7b-proxy_085_layer06_attn_q_baseline,400latency_llmop_bert_bert-7b-proxy_001_layer00_attn_q_baseline_metrics.csv,400latency_llmop_bert_bert-7b-proxy_085_layer06_attn_q_baseline_metrics.csv
bert_bert-7b-proxy_008_layer00_attn_residual_pasta,gpt_gpt-7b_085_layer05_attn_residual_pasta,400latency_llmop_bert_bert-7b-proxy_008_layer00_attn_residual_pasta_metrics.csv,400latency_llmop_gpt_gpt-7b_085_layer05_attn_residual_pasta_metrics.csv
bert_bert-7b-proxy_001_layer00_attn_q_pasta,bert_bert-7b-proxy_085_layer06_attn_q_pasta,400latency_llmop_bert_bert-7b-proxy_001_layer00_attn_q_pasta_metrics.csv,400latency_llmop_bert_bert-7b-proxy_085_layer06_attn_q_pasta_metrics.csv
gpt_gpt-7b_001_layer00_norm1_baseline,gpt_gpt-7b_086_layer05_norm2_baseline,400latency_llmop_gpt_gpt-7b_001_layer00_norm1_baseline_metrics.csv,400latency_llmop_gpt_gpt-7b_086_layer05_norm2_baseline_metrics.csv
bert_bert-7b-proxy_001_layer00_attn_q_baseline,bert_bert-7b-proxy_086_layer06_attn_k_baseline,400latency_llmop_bert_bert-7b-proxy_001_layer00_attn_q_baseline_metrics.csv,400latency_llmop_bert_bert-7b-proxy_086_layer06_attn_k_baseline_metrics.csv
gpt_gpt-7b_001_layer00_norm1_pasta,gpt_gpt-7b_086_layer05_norm2_pasta,400latency_llmop_gpt_gpt-7b_001_layer00_norm1_pasta_metrics.csv,400latency_llmop_gpt_gpt-7b_086_layer05_norm2_pasta_metrics.csv
bert_bert-7b-proxy_001_layer00_attn_q_pasta,bert_bert-7b-proxy_086_layer06_attn_k_pasta,400latency_llmop_bert_bert-7b-proxy_001_layer00_attn_q_pasta_metrics.csv,400latency_llmop_bert_bert-7b-proxy_086_layer06_attn_k_pasta_metrics.csv
bert_bert-7b-proxy_010_layer00_mlp_fc1_baseline,gpt_gpt-7b_087_layer05_mlp_fc1_baseline,400latency_llmop_bert_bert-7b-proxy_010_layer00_mlp_fc1_baseline_metrics.csv,400latency_llmop_gpt_gpt-7b_087_layer05_mlp_fc1_baseline_metrics.csv
bert_bert-7b-proxy_001_layer00_attn_q_baseline,bert_bert-7b-proxy_087_layer06_attn_v_baseline,400latency_llmop_bert_bert-7b-proxy_001_layer00_attn_q_baseline_metrics.csv,400latency_llmop_bert_bert-7b-proxy_087_layer06_attn_v_baseline_metrics.csv
bert_bert-7b-proxy_010_layer00_mlp_fc1_pasta,gpt_gpt-7b_087_layer05_mlp_fc1_pasta,400latency_llmop_bert_bert-7b-proxy_010_layer00_mlp_fc1_pasta_metrics.csv,400latency_llmop_gpt_gpt-7b_087_layer05_mlp_fc1_pasta_metrics.csv
bert_bert-7b-proxy_001_layer00_attn_q_pasta,bert_bert-7b-proxy_087_layer06_attn_v_pasta,400latency_llmop_bert_bert-7b-proxy_001_layer00_attn_q_pasta_metrics.csv,400latency_llmop_bert_bert-7b-proxy_087_layer06_attn_v_pasta_metrics.csv
bert_bert-7b-proxy_011_layer00_mlp_gelu_baseline,gpt_gpt-7b_088_layer05_mlp_gelu_baseline,400latency_llmop_bert_bert-7b-proxy_011_layer00_mlp_gelu_baseline_metrics.csv,400latency_llmop_gpt_gpt-7b_088_layer05_mlp_gelu_baseline_metrics.csv
bert_bert-7b-proxy_004_layer00_attn_score_baseline,bert_bert-7b-proxy_088_layer06_attn_score_baseline,400latency_llmop_bert_bert-7b-proxy_004_layer00_attn_score_baseline_metrics.csv,400latency_llmop_bert_bert-7b-proxy_088_layer06_attn_score_baseline_metrics.csv
bert_bert-7b-proxy_011_layer00_mlp_gelu_pasta,gpt_gpt-7b_088_layer05_mlp_gelu_pasta,400latency_llmop_bert_bert-7b-proxy_011_layer00_mlp_gelu_pasta_metrics.csv,400latency_llmop_gpt_gpt-7b_088_layer05_mlp_gelu_pasta_metrics.csv
bert_bert-7b-proxy_004_layer00_attn_score_pasta,bert_bert-7b-proxy_088_layer06_attn_score_pasta,400latency_llmop_bert_bert-7b-proxy_004_layer00_attn_score_pasta_metrics.csv,400latency_llmop_bert_bert-7b-proxy_088_layer06_attn_score_pasta_metrics.csv
bert_bert-7b-proxy_012_layer00_mlp_fc2_baseline,gpt_gpt-7b_089_layer05_mlp_fc2_baseline,400latency_llmop_bert_bert-7b-proxy_012_layer00_mlp_fc2_baseline_metrics.csv,400latency_llmop_gpt_gpt-7b_089_layer05_mlp_fc2_baseline_metrics.csv
bert_bert-7b-proxy_005_layer00_attn_softmax_baseline,bert_bert-7b-proxy_089_layer06_attn_softmax_baseline,400latency_llmop_bert_bert-7b-proxy_005_layer00_attn_softmax_baseline_metrics.csv,400latency_llmop_bert_bert-7b-proxy_089_layer06_attn_softmax_baseline_metrics.csv
bert_bert-7b-proxy_012_layer00_mlp_fc2_pasta,gpt_gpt-7b_089_layer05_mlp_fc2_pasta,400latency_llmop_bert_bert-7b-proxy_012_layer00_mlp_fc2_pasta_metrics.csv,400latency_llmop_gpt_gpt-7b_089_layer05_mlp_fc2_pasta_metrics.csv
bert_bert-7b-proxy_005_layer00_attn_softmax_pasta,bert_bert-7b-proxy_089_layer06_attn_softmax_pasta,400latency_llmop_bert_bert-7b-proxy_005_layer00_attn_softmax_pasta_metrics.csv,400latency_llmop_bert_bert-7b-proxy_089_layer06_attn_softmax_pasta_metrics.csv
bert_bert-7b-proxy_008_layer00_attn_residual_baseline,gpt_gpt-7b_090_layer05_mlp_residual_baseline,400latency_llmop_bert_bert-7b-proxy_008_layer00_attn_residual_baseline_metrics.csv,400latency_llmop_gpt_gpt-7b_090_layer05_mlp_residual_baseline_metrics.csv
bert_bert-7b-proxy_006_layer00_attn_value_baseline,bert_bert-7b-proxy_090_layer06_attn_value_baseline,400latency_llmop_bert_bert-7b-proxy_006_layer00_attn_value_baseline_metrics.csv,400latency_llmop_bert_bert-7b-proxy_090_layer06_attn_value_baseline_metrics.csv
bert_bert-7b-proxy_008_layer00_attn_residual_pasta,gpt_gpt-7b_090_layer05_mlp_residual_pasta,400latency_llmop_bert_bert-7b-proxy_008_layer00_attn_residual_pasta_metrics.csv,400latency_llmop_gpt_gpt-7b_090_layer05_mlp_residual_pasta_metrics.csv
bert_bert-7b-proxy_006_layer00_attn_value_pasta,bert_bert-7b-proxy_090_layer06_attn_value_pasta,400latency_llmop_bert_bert-7b-proxy_006_layer00_attn_value_pasta_metrics.csv,400latency_llmop_bert_bert-7b-proxy_090_layer06_attn_value_pasta_metrics.csv
gpt_gpt-7b_001_layer00_norm1_baseline,gpt_gpt-7b_091_layer06_norm1_baseline,400latency_llmop_gpt_gpt-7b_001_layer00_norm1_baseline_metrics.csv,400latency_llmop_gpt_gpt-7b_091_layer06_norm1_baseline_metrics.csv
bert_bert-7b-proxy_001_layer00_attn_q_baseline,bert_bert-7b-proxy_091_layer06_attn_out_baseline,400latency_llmop_bert_bert-7b-proxy_001_layer00_attn_q_baseline_metrics.csv,400latency_llmop_bert_bert-7b-proxy_091_layer06_attn_out_baseline_metrics.csv
gpt_gpt-7b_001_layer00_norm1_pasta,gpt_gpt-7b_091_layer06_norm1_pasta,400latency_llmop_gpt_gpt-7b_001_layer00_norm1_pasta_metrics.csv,400latency_llmop_gpt_gpt-7b_091_layer06_norm1_pasta_metrics.csv
bert_bert-7b-proxy_001_layer00_attn_q_pasta,bert_bert-7b-proxy_091_layer06_attn_out_pasta,400latency_llmop_bert_bert-7b-proxy_001_layer00_attn_q_pasta_metrics.csv,400latency_llmop_bert_bert-7b-proxy_091_layer06_attn_out_pasta_metrics.csv
bert_bert-7b-proxy_001_layer00_attn_q_baseline,gpt_gpt-7b_092_layer06_attn_q_baseline,400latency_llmop_bert_bert-7b-proxy_001_layer00_attn_q_baseline_metrics.csv,400latency_llmop_gpt_gpt-7b_092_layer06_attn_q_baseline_metrics.csv
bert_bert-7b-proxy_008_layer00_attn_residual_baseline,bert_bert-7b-proxy_092_layer06_attn_residual_baseline,400latency_llmop_bert_bert-7b-proxy_008_layer00_attn_residual_baseline_metrics.csv,400latency_llmop_bert_bert-7b-proxy_092_layer06_attn_residual_baseline_metrics.csv
bert_bert-7b-proxy_001_layer00_attn_q_pasta,gpt_gpt-7b_092_layer06_attn_q_pasta,400latency_llmop_bert_bert-7b-proxy_001_layer00_attn_q_pasta_metrics.csv,400latency_llmop_gpt_gpt-7b_092_layer06_attn_q_pasta_metrics.csv
bert_bert-7b-proxy_008_layer00_attn_residual_pasta,bert_bert-7b-proxy_092_layer06_attn_residual_pasta,400latency_llmop_bert_bert-7b-proxy_008_layer00_attn_residual_pasta_metrics.csv,400latency_llmop_bert_bert-7b-proxy_092_layer06_attn_residual_pasta_metrics.csv
bert_bert-7b-proxy_001_layer00_attn_q_baseline,gpt_gpt-7b_093_layer06_attn_k_baseline,400latency_llmop_bert_bert-7b-proxy_001_layer00_attn_q_baseline_metrics.csv,400latency_llmop_gpt_gpt-7b_093_layer06_attn_k_baseline_metrics.csv
gpt_gpt-7b_001_layer00_norm1_baseline,bert_bert-7b-proxy_093_layer06_norm1_baseline,400latency_llmop_gpt_gpt-7b_001_layer00_norm1_baseline_metrics.csv,400latency_llmop_bert_bert-7b-proxy_093_layer06_norm1_baseline_metrics.csv
bert_bert-7b-proxy_001_layer00_attn_q_pasta,gpt_gpt-7b_093_layer06_attn_k_pasta,400latency_llmop_bert_bert-7b-proxy_001_layer00_attn_q_pasta_metrics.csv,400latency_llmop_gpt_gpt-7b_093_layer06_attn_k_pasta_metrics.csv
gpt_gpt-7b_001_layer00_norm1_pasta,bert_bert-7b-proxy_093_layer06_norm1_pasta,400latency_llmop_gpt_gpt-7b_001_layer00_norm1_pasta_metrics.csv,400latency_llmop_bert_bert-7b-proxy_093_layer06_norm1_pasta_metrics.csv
bert_bert-7b-proxy_001_layer00_attn_q_baseline,gpt_gpt-7b_094_layer06_attn_v_baseline,400latency_llmop_bert_bert-7b-proxy_001_layer00_attn_q_baseline_metrics.csv,400latency_llmop_gpt_gpt-7b_094_layer06_attn_v_baseline_metrics.csv
bert_bert-7b-proxy_010_layer00_mlp_fc1_baseline,bert_bert-7b-proxy_094_layer06_mlp_fc1_baseline,400latency_llmop_bert_bert-7b-proxy_010_layer00_mlp_fc1_baseline_metrics.csv,400latency_llmop_bert_bert-7b-proxy_094_layer06_mlp_fc1_baseline_metrics.csv
bert_bert-7b-proxy_001_layer00_attn_q_pasta,gpt_gpt-7b_094_layer06_attn_v_pasta,400latency_llmop_bert_bert-7b-proxy_001_layer00_attn_q_pasta_metrics.csv,400latency_llmop_gpt_gpt-7b_094_layer06_attn_v_pasta_metrics.csv
bert_bert-7b-proxy_010_layer00_mlp_fc1_pasta,bert_bert-7b-proxy_094_layer06_mlp_fc1_pasta,400latency_llmop_bert_bert-7b-proxy_010_layer00_mlp_fc1_pasta_metrics.csv,400latency_llmop_bert_bert-7b-proxy_094_layer06_mlp_fc1_pasta_metrics.csv
bert_bert-7b-proxy_004_layer00_attn_score_baseline,gpt_gpt-7b_095_layer06_attn_score_baseline,400latency_llmop_bert_bert-7b-proxy_004_layer00_attn_score_baseline_metrics.csv,400latency_llmop_gpt_gpt-7b_095_layer06_attn_score_baseline_metrics.csv
bert_bert-7b-proxy_011_layer00_mlp_gelu_baseline,bert_bert-7b-proxy_095_layer06_mlp_gelu_baseline,400latency_llmop_bert_bert-7b-proxy_011_layer00_mlp_gelu_baseline_metrics.csv,400latency_llmop_bert_bert-7b-proxy_095_layer06_mlp_gelu_baseline_metrics.csv
bert_bert-7b-proxy_004_layer00_attn_score_pasta,gpt_gpt-7b_095_layer06_attn_score_pasta,400latency_llmop_bert_bert-7b-proxy_004_layer00_attn_score_pasta_metrics.csv,400latency_llmop_gpt_gpt-7b_095_layer06_attn_score_pasta_metrics.csv
bert_bert-7b-proxy_011_layer00_mlp_gelu_pasta,bert_bert-7b-proxy_095_layer06_mlp_gelu_pasta,400latency_llmop_bert_bert-7b-proxy_011_layer00_mlp_gelu_pasta_metrics.csv,400latency_llmop_bert_bert-7b-proxy_095_layer06_mlp_gelu_pasta_metrics.csv
gpt_gpt-7b_006_layer00_causal_mask_baseline,gpt_gpt-7b_096_layer06_causal_mask_baseline,400latency_llmop_gpt_gpt-7b_006_layer00_causal_mask_baseline_metrics.csv,400latency_llmop_gpt_gpt-7b_096_layer06_causal_mask_baseline_metrics.csv
bert_bert-7b-proxy_012_layer00_mlp_fc2_baseline,bert_bert-7b-proxy_096_layer06_mlp_fc2_baseline,400latency_llmop_bert_bert-7b-proxy_012_layer00_mlp_fc2_baseline_metrics.csv,400latency_llmop_bert_bert-7b-proxy_096_layer06_mlp_fc2_baseline_metrics.csv
gpt_gpt-7b_006_layer00_causal_mask_pasta,gpt_gpt-7b_096_layer06_causal_mask_pasta,400latency_llmop_gpt_gpt-7b_006_layer00_causal_mask_pasta_metrics.csv,400latency_llmop_gpt_gpt-7b_096_layer06_causal_mask_pasta_metrics.csv
bert_bert-7b-proxy_012_layer00_mlp_fc2_pasta,bert_bert-7b-proxy_096_layer06_mlp_fc2_pasta,400latency_llmop_bert_bert-7b-proxy_012_layer00_mlp_fc2_pasta_metrics.csv,400latency_llmop_bert_bert-7b-proxy_096_layer06_mlp_fc2_pasta_metrics.csv
bert_bert-7b-proxy_005_layer00_attn_softmax_baseline,gpt_gpt-7b_097_layer06_attn_softmax_baseline,400latency_llmop_bert_bert-7b-proxy_005_layer00_attn_softmax_baseline_metrics.csv,400latency_llmop_gpt_gpt-7b_097_layer06_attn_softmax_baseline_metrics.csv
bert_bert-7b-proxy_008_layer00_attn_residual_baseline,bert_bert-7b-proxy_097_layer06_mlp_residual_baseline,400latency_llmop_bert_bert-7b-proxy_008_layer00_attn_residual_baseline_metrics.csv,400latency_llmop_bert_bert-7b-proxy_097_layer06_mlp_residual_baseline_metrics.csv
bert_bert-7b-proxy_005_layer00_attn_softmax_pasta,gpt_gpt-7b_097_layer06_attn_softmax_pasta,400latency_llmop_bert_bert-7b-proxy_005_layer00_attn_softmax_pasta_metrics.csv,400latency_llmop_gpt_gpt-7b_097_layer06_attn_softmax_pasta_metrics.csv
bert_bert-7b-proxy_008_layer00_attn_residual_pasta,bert_bert-7b-proxy_097_layer06_mlp_residual_pasta,400latency_llmop_bert_bert-7b-proxy_008_layer00_attn_residual_pasta_metrics.csv,400latency_llmop_bert_bert-7b-proxy_097_layer06_mlp_residual_pasta_metrics.csv
bert_bert-7b-proxy_006_layer00_attn_value_baseline,gpt_gpt-7b_098_layer06_attn_value_baseline,400latency_llmop_bert_bert-7b-proxy_006_layer00_attn_value_baseline_metrics.csv,400latency_llmop_gpt_gpt-7b_098_layer06_attn_value_baseline_metrics.csv
gpt_gpt-7b_001_layer00_norm1_baseline,bert_bert-7b-proxy_098_layer06_norm2_baseline,400latency_llmop_gpt_gpt-7b_001_layer00_norm1_baseline_metrics.csv,400latency_llmop_bert_bert-7b-proxy_098_layer06_norm2_baseline_metrics.csv
bert_bert-7b-proxy_006_layer00_attn_value_pasta,gpt_gpt-7b_098_layer06_attn_value_pasta,400latency_llmop_bert_bert-7b-proxy_006_layer00_attn_value_pasta_metrics.csv,400latency_llmop_gpt_gpt-7b_098_layer06_attn_value_pasta_metrics.csv
gpt_gpt-7b_001_layer00_norm1_pasta,bert_bert-7b-proxy_098_layer06_norm2_pasta,400latency_llmop_gpt_gpt-7b_001_layer00_norm1_pasta_metrics.csv,400latency_llmop_bert_bert-7b-proxy_098_layer06_norm2_pasta_metrics.csv
bert_bert-7b-proxy_001_layer00_attn_q_baseline,gpt_gpt-7b_099_layer06_attn_out_baseline,400latency_llmop_bert_bert-7b-proxy_001_layer00_attn_q_baseline_metrics.csv,400latency_llmop_gpt_gpt-7b_099_layer06_attn_out_baseline_metrics.csv
bert_bert-7b-proxy_001_layer00_attn_q_baseline,bert_bert-7b-proxy_099_layer07_attn_q_baseline,400latency_llmop_bert_bert-7b-proxy_001_layer00_attn_q_baseline_metrics.csv,400latency_llmop_bert_bert-7b-proxy_099_layer07_attn_q_baseline_metrics.csv
bert_bert-7b-proxy_001_layer00_attn_q_pasta,gpt_gpt-7b_099_layer06_attn_out_pasta,400latency_llmop_bert_bert-7b-proxy_001_layer00_attn_q_pasta_metrics.csv,400latency_llmop_gpt_gpt-7b_099_layer06_attn_out_pasta_metrics.csv
bert_bert-7b-proxy_001_layer00_attn_q_pasta,bert_bert-7b-proxy_099_layer07_attn_q_pasta,400latency_llmop_bert_bert-7b-proxy_001_layer00_attn_q_pasta_metrics.csv,400latency_llmop_bert_bert-7b-proxy_099_layer07_attn_q_pasta_metrics.csv
bert_bert-7b-proxy_008_layer00_attn_residual_baseline,gpt_gpt-7b_100_layer06_attn_residual_baseline,400latency_llmop_bert_bert-7b-proxy_008_layer00_attn_residual_baseline_metrics.csv,400latency_llmop_gpt_gpt-7b_100_layer06_attn_residual_baseline_metrics.csv
bert_bert-7b-proxy_001_layer00_attn_q_baseline,bert_bert-7b-proxy_100_layer07_attn_k_baseline,400latency_llmop_bert_bert-7b-proxy_001_layer00_attn_q_baseline_metrics.csv,400latency_llmop_bert_bert-7b-proxy_100_layer07_attn_k_baseline_metrics.csv
bert_bert-7b-proxy_008_layer00_attn_residual_pasta,gpt_gpt-7b_100_layer06_attn_residual_pasta,400latency_llmop_bert_bert-7b-proxy_008_layer00_attn_residual_pasta_metrics.csv,400latency_llmop_gpt_gpt-7b_100_layer06_attn_residual_pasta_metrics.csv
bert_bert-7b-proxy_001_layer00_attn_q_pasta,bert_bert-7b-proxy_100_layer07_attn_k_pasta,400latency_llmop_bert_bert-7b-proxy_001_layer00_attn_q_pasta_metrics.csv,400latency_llmop_bert_bert-7b-proxy_100_layer07_attn_k_pasta_metrics.csv
gpt_gpt-7b_001_layer00_norm1_baseline,gpt_gpt-7b_101_layer06_norm2_baseline,400latency_llmop_gpt_gpt-7b_001_layer00_norm1_baseline_metrics.csv,400latency_llmop_gpt_gpt-7b_101_layer06_norm2_baseline_metrics.csv
bert_bert-7b-proxy_001_layer00_attn_q_baseline,bert_bert-7b-proxy_101_layer07_attn_v_baseline,400latency_llmop_bert_bert-7b-proxy_001_layer00_attn_q_baseline_metrics.csv,400latency_llmop_bert_bert-7b-proxy_101_layer07_attn_v_baseline_metrics.csv
gpt_gpt-7b_001_layer00_norm1_pasta,gpt_gpt-7b_101_layer06_norm2_pasta,400latency_llmop_gpt_gpt-7b_001_layer00_norm1_pasta_metrics.csv,400latency_llmop_gpt_gpt-7b_101_layer06_norm2_pasta_metrics.csv
bert_bert-7b-proxy_001_layer00_attn_q_pasta,bert_bert-7b-proxy_101_layer07_attn_v_pasta,400latency_llmop_bert_bert-7b-proxy_001_layer00_attn_q_pasta_metrics.csv,400latency_llmop_bert_bert-7b-proxy_101_layer07_attn_v_pasta_metrics.csv
bert_bert-7b-proxy_010_layer00_mlp_fc1_baseline,gpt_gpt-7b_102_layer06_mlp_fc1_baseline,400latency_llmop_bert_bert-7b-proxy_010_layer00_mlp_fc1_baseline_metrics.csv,400latency_llmop_gpt_gpt-7b_102_layer06_mlp_fc1_baseline_metrics.csv
bert_bert-7b-proxy_004_layer00_attn_score_baseline,bert_bert-7b-proxy_102_layer07_attn_score_baseline,400latency_llmop_bert_bert-7b-proxy_004_layer00_attn_score_baseline_metrics.csv,400latency_llmop_bert_bert-7b-proxy_102_layer07_attn_score_baseline_metrics.csv
bert_bert-7b-proxy_010_layer00_mlp_fc1_pasta,gpt_gpt-7b_102_layer06_mlp_fc1_pasta,400latency_llmop_bert_bert-7b-proxy_010_layer00_mlp_fc1_pasta_metrics.csv,400latency_llmop_gpt_gpt-7b_102_layer06_mlp_fc1_pasta_metrics.csv
bert_bert-7b-proxy_004_layer00_attn_score_pasta,bert_bert-7b-proxy_102_layer07_attn_score_pasta,400latency_llmop_bert_bert-7b-proxy_004_layer00_attn_score_pasta_metrics.csv,400latency_llmop_bert_bert-7b-proxy_102_layer07_attn_score_pasta_metrics.csv
bert_bert-7b-proxy_011_layer00_mlp_gelu_baseline,gpt_gpt-7b_103_layer06_mlp_gelu_baseline,400latency_llmop_bert_bert-7b-proxy_011_layer00_mlp_gelu_baseline_metrics.csv,400latency_llmop_gpt_gpt-7b_103_layer06_mlp_gelu_baseline_metrics.csv
bert_bert-7b-proxy_005_layer00_attn_softmax_baseline,bert_bert-7b-proxy_103_layer07_attn_softmax_baseline,400latency_llmop_bert_bert-7b-proxy_005_layer00_attn_softmax_baseline_metrics.csv,400latency_llmop_bert_bert-7b-proxy_103_layer07_attn_softmax_baseline_metrics.csv
bert_bert-7b-proxy_011_layer00_mlp_gelu_pasta,gpt_gpt-7b_103_layer06_mlp_gelu_pasta,400latency_llmop_bert_bert-7b-proxy_011_layer00_mlp_gelu_pasta_metrics.csv,400latency_llmop_gpt_gpt-7b_103_layer06_mlp_gelu_pasta_metrics.csv
bert_bert-7b-proxy_005_layer00_attn_softmax_pasta,bert_bert-7b-proxy_103_layer07_attn_softmax_pasta,400latency_llmop_bert_bert-7b-proxy_005_layer00_attn_softmax_pasta_metrics.csv,400latency_llmop_bert_bert-7b-proxy_103_layer07_attn_softmax_pasta_metrics.csv
bert_bert-7b-proxy_012_layer00_mlp_fc2_baseline,gpt_gpt-7b_104_layer06_mlp_fc2_baseline,400latency_llmop_bert_bert-7b-proxy_012_layer00_mlp_fc2_baseline_metrics.csv,400latency_llmop_gpt_gpt-7b_104_layer06_mlp_fc2_baseline_metrics.csv
bert_bert-7b-proxy_006_layer00_attn_value_baseline,bert_bert-7b-proxy_104_layer07_attn_value_baseline,400latency_llmop_bert_bert-7b-proxy_006_layer00_attn_value_baseline_metrics.csv,400latency_llmop_bert_bert-7b-proxy_104_layer07_attn_value_baseline_metrics.csv
bert_bert-7b-proxy_012_layer00_mlp_fc2_pasta,gpt_gpt-7b_104_layer06_mlp_fc2_pasta,400latency_llmop_bert_bert-7b-proxy_012_layer00_mlp_fc2_pasta_metrics.csv,400latency_llmop_gpt_gpt-7b_104_layer06_mlp_fc2_pasta_metrics.csv
bert_bert-7b-proxy_006_layer00_attn_value_pasta,bert_bert-7b-proxy_104_layer07_attn_value_pasta,400latency_llmop_bert_bert-7b-proxy_006_layer00_attn_value_pasta_metrics.csv,400latency_llmop_bert_bert-7b-proxy_104_layer07_attn_value_pasta_metrics.csv
bert_bert-7b-proxy_008_layer00_attn_residual_baseline,gpt_gpt-7b_105_layer06_mlp_residual_baseline,400latency_llmop_bert_bert-7b-proxy_008_layer00_attn_residual_baseline_metrics.csv,400latency_llmop_gpt_gpt-7b_105_layer06_mlp_residual_baseline_metrics.csv
bert_bert-7b-proxy_001_layer00_attn_q_baseline,bert_bert-7b-proxy_105_layer07_attn_out_baseline,400latency_llmop_bert_bert-7b-proxy_001_layer00_attn_q_baseline_metrics.csv,400latency_llmop_bert_bert-7b-proxy_105_layer07_attn_out_baseline_metrics.csv
bert_bert-7b-proxy_008_layer00_attn_residual_pasta,gpt_gpt-7b_105_layer06_mlp_residual_pasta,400latency_llmop_bert_bert-7b-proxy_008_layer00_attn_residual_pasta_metrics.csv,400latency_llmop_gpt_gpt-7b_105_layer06_mlp_residual_pasta_metrics.csv
bert_bert-7b-proxy_001_layer00_attn_q_pasta,bert_bert-7b-proxy_105_layer07_attn_out_pasta,400latency_llmop_bert_bert-7b-proxy_001_layer00_attn_q_pasta_metrics.csv,400latency_llmop_bert_bert-7b-proxy_105_layer07_attn_out_pasta_metrics.csv
gpt_gpt-7b_001_layer00_norm1_baseline,gpt_gpt-7b_106_layer07_norm1_baseline,400latency_llmop_gpt_gpt-7b_001_layer00_norm1_baseline_metrics.csv,400latency_llmop_gpt_gpt-7b_106_layer07_norm1_baseline_metrics.csv
bert_bert-7b-proxy_008_layer00_attn_residual_baseline,bert_bert-7b-proxy_106_layer07_attn_residual_baseline,400latency_llmop_bert_bert-7b-proxy_008_layer00_attn_residual_baseline_metrics.csv,400latency_llmop_bert_bert-7b-proxy_106_layer07_attn_residual_baseline_metrics.csv
gpt_gpt-7b_001_layer00_norm1_pasta,gpt_gpt-7b_106_layer07_norm1_pasta,400latency_llmop_gpt_gpt-7b_001_layer00_norm1_pasta_metrics.csv,400latency_llmop_gpt_gpt-7b_106_layer07_norm1_pasta_metrics.csv
bert_bert-7b-proxy_008_layer00_attn_residual_pasta,bert_bert-7b-proxy_106_layer07_attn_residual_pasta,400latency_llmop_bert_bert-7b-proxy_008_layer00_attn_residual_pasta_metrics.csv,400latency_llmop_bert_bert-7b-proxy_106_layer07_attn_residual_pasta_metrics.csv
bert_bert-7b-proxy_001_layer00_attn_q_baseline,gpt_gpt-7b_107_layer07_attn_q_baseline,400latency_llmop_bert_bert-7b-proxy_001_layer00_attn_q_baseline_metrics.csv,400latency_llmop_gpt_gpt-7b_107_layer07_attn_q_baseline_metrics.csv
gpt_gpt-7b_001_layer00_norm1_baseline,bert_bert-7b-proxy_107_layer07_norm1_baseline,400latency_llmop_gpt_gpt-7b_001_layer00_norm1_baseline_metrics.csv,400latency_llmop_bert_bert-7b-proxy_107_layer07_norm1_baseline_metrics.csv
bert_bert-7b-proxy_001_layer00_attn_q_pasta,gpt_gpt-7b_107_layer07_attn_q_pasta,400latency_llmop_bert_bert-7b-proxy_001_layer00_attn_q_pasta_metrics.csv,400latency_llmop_gpt_gpt-7b_107_layer07_attn_q_pasta_metrics.csv
gpt_gpt-7b_001_layer00_norm1_pasta,bert_bert-7b-proxy_107_layer07_norm1_pasta,400latency_llmop_gpt_gpt-7b_001_layer00_norm1_pasta_metrics.csv,400latency_llmop_bert_bert-7b-proxy_107_layer07_norm1_pasta_metrics.csv
bert_bert-7b-proxy_001_layer00_attn_q_baseline,gpt_gpt-7b_108_layer07_attn_k_baseline,400latency_llmop_bert_bert-7b-proxy_001_layer00_attn_q_baseline_metrics.csv,400latency_llmop_gpt_gpt-7b_108_layer07_attn_k_baseline_metrics.csv
bert_bert-7b-proxy_010_layer00_mlp_fc1_baseline,bert_bert-7b-proxy_108_layer07_mlp_fc1_baseline,400latency_llmop_bert_bert-7b-proxy_010_layer00_mlp_fc1_baseline_metrics.csv,400latency_llmop_bert_bert-7b-proxy_108_layer07_mlp_fc1_baseline_metrics.csv
bert_bert-7b-proxy_001_layer00_attn_q_pasta,gpt_gpt-7b_108_layer07_attn_k_pasta,400latency_llmop_bert_bert-7b-proxy_001_layer00_attn_q_pasta_metrics.csv,400latency_llmop_gpt_gpt-7b_108_layer07_attn_k_pasta_metrics.csv
bert_bert-7b-proxy_010_layer00_mlp_fc1_pasta,bert_bert-7b-proxy_108_layer07_mlp_fc1_pasta,400latency_llmop_bert_bert-7b-proxy_010_layer00_mlp_fc1_pasta_metrics.csv,400latency_llmop_bert_bert-7b-proxy_108_layer07_mlp_fc1_pasta_metrics.csv
bert_bert-7b-proxy_001_layer00_attn_q_baseline,gpt_gpt-7b_109_layer07_attn_v_baseline,400latency_llmop_bert_bert-7b-proxy_001_layer00_attn_q_baseline_metrics.csv,400latency_llmop_gpt_gpt-7b_109_layer07_attn_v_baseline_metrics.csv
bert_bert-7b-proxy_011_layer00_mlp_gelu_baseline,bert_bert-7b-proxy_109_layer07_mlp_gelu_baseline,400latency_llmop_bert_bert-7b-proxy_011_layer00_mlp_gelu_baseline_metrics.csv,400latency_llmop_bert_bert-7b-proxy_109_layer07_mlp_gelu_baseline_metrics.csv
bert_bert-7b-proxy_001_layer00_attn_q_pasta,gpt_gpt-7b_109_layer07_attn_v_pasta,400latency_llmop_bert_bert-7b-proxy_001_layer00_attn_q_pasta_metrics.csv,400latency_llmop_gpt_gpt-7b_109_layer07_attn_v_pasta_metrics.csv
bert_bert-7b-proxy_011_layer00_mlp_gelu_pasta,bert_bert-7b-proxy_109_layer07_mlp_gelu_pasta,400latency_llmop_bert_bert-7b-proxy_011_layer00_mlp_gelu_pasta_metrics.csv,400latency_llmop_bert_bert-7b-proxy_109_layer07_mlp_gelu_pasta_metrics.csv
bert_bert-7b-proxy_004_layer00_attn_score_baseline,gpt_gpt-7b_110_layer07_attn_score_baseline,400latency_llmop_bert_bert-7b-proxy_004_layer00_attn_score_baseline_metrics.csv,400latency_llmop_gpt_gpt-7b_110_layer07_attn_score_baseline_metrics.csv
bert_bert-7b-proxy_012_layer00_mlp_fc2_baseline,bert_bert-7b-proxy_110_layer07_mlp_fc2_baseline,400latency_llmop_bert_bert-7b-proxy_012_layer00_mlp_fc2_baseline_metrics.csv,400latency_llmop_bert_bert-7b-proxy_110_layer07_mlp_fc2_baseline_metrics.csv
bert_bert-7b-proxy_004_layer00_attn_score_pasta,gpt_gpt-7b_110_layer07_attn_score_pasta,400latency_llmop_bert_bert-7b-proxy_004_layer00_attn_score_pasta_metrics.csv,400latency_llmop_gpt_gpt-7b_110_layer07_attn_score_pasta_metrics.csv
bert_bert-7b-proxy_012_layer00_mlp_fc2_pasta,bert_bert-7b-proxy_110_layer07_mlp_fc2_pasta,400latency_llmop_bert_bert-7b-proxy_012_layer00_mlp_fc2_pasta_metrics.csv,400latency_llmop_bert_bert-7b-proxy_110_layer07_mlp_fc2_pasta_metrics.csv
gpt_gpt-7b_006_layer00_causal_mask_baseline,gpt_gpt-7b_111_layer07_causal_mask_baseline,400latency_llmop_gpt_gpt-7b_006_layer00_causal_mask_baseline_metrics.csv,400latency_llmop_gpt_gpt-7b_111_layer07_causal_mask_baseline_metrics.csv
bert_bert-7b-proxy_008_layer00_attn_residual_baseline,bert_bert-7b-proxy_111_layer07_mlp_residual_baseline,400latency_llmop_bert_bert-7b-proxy_008_layer00_attn_residual_baseline_metrics.csv,400latency_llmop_bert_bert-7b-proxy_111_layer07_mlp_residual_baseline_metrics.csv
gpt_gpt-7b_006_layer00_causal_mask_pasta,gpt_gpt-7b_111_layer07_causal_mask_pasta,400latency_llmop_gpt_gpt-7b_006_layer00_causal_mask_pasta_metrics.csv,400latency_llmop_gpt_gpt-7b_111_layer07_causal_mask_pasta_metrics.csv
bert_bert-7b-proxy_008_layer00_attn_residual_pasta,bert_bert-7b-proxy_111_layer07_mlp_residual_pasta,400latency_llmop_bert_bert-7b-proxy_008_layer00_attn_residual_pasta_metrics.csv,400latency_llmop_bert_bert-7b-proxy_111_layer07_mlp_residual_pasta_metrics.csv
bert_bert-7b-proxy_005_layer00_attn_softmax_baseline,gpt_gpt-7b_112_layer07_attn_softmax_baseline,400latency_llmop_bert_bert-7b-proxy_005_layer00_attn_softmax_baseline_metrics.csv,400latency_llmop_gpt_gpt-7b_112_layer07_attn_softmax_baseline_metrics.csv
gpt_gpt-7b_001_layer00_norm1_baseline,bert_bert-7b-proxy_112_layer07_norm2_baseline,400latency_llmop_gpt_gpt-7b_001_layer00_norm1_baseline_metrics.csv,400latency_llmop_bert_bert-7b-proxy_112_layer07_norm2_baseline_metrics.csv
bert_bert-7b-proxy_005_layer00_attn_softmax_pasta,gpt_gpt-7b_112_layer07_attn_softmax_pasta,400latency_llmop_bert_bert-7b-proxy_005_layer00_attn_softmax_pasta_metrics.csv,400latency_llmop_gpt_gpt-7b_112_layer07_attn_softmax_pasta_metrics.csv
gpt_gpt-7b_001_layer00_norm1_pasta,bert_bert-7b-proxy_112_layer07_norm2_pasta,400latency_llmop_gpt_gpt-7b_001_layer00_norm1_pasta_metrics.csv,400latency_llmop_bert_bert-7b-proxy_112_layer07_norm2_pasta_metrics.csv
bert_bert-7b-proxy_006_layer00_attn_value_baseline,gpt_gpt-7b_113_layer07_attn_value_baseline,400latency_llmop_bert_bert-7b-proxy_006_layer00_attn_value_baseline_metrics.csv,400latency_llmop_gpt_gpt-7b_113_layer07_attn_value_baseline_metrics.csv
bert_bert-7b-proxy_001_layer00_attn_q_baseline,bert_bert-7b-proxy_113_layer08_attn_q_baseline,400latency_llmop_bert_bert-7b-proxy_001_layer00_attn_q_baseline_metrics.csv,400latency_llmop_bert_bert-7b-proxy_113_layer08_attn_q_baseline_metrics.csv
bert_bert-7b-proxy_006_layer00_attn_value_pasta,gpt_gpt-7b_113_layer07_attn_value_pasta,400latency_llmop_bert_bert-7b-proxy_006_layer00_attn_value_pasta_metrics.csv,400latency_llmop_gpt_gpt-7b_113_layer07_attn_value_pasta_metrics.csv
bert_bert-7b-proxy_001_layer00_attn_q_pasta,bert_bert-7b-proxy_113_layer08_attn_q_pasta,400latency_llmop_bert_bert-7b-proxy_001_layer00_attn_q_pasta_metrics.csv,400latency_llmop_bert_bert-7b-proxy_113_layer08_attn_q_pasta_metrics.csv
bert_bert-7b-proxy_001_layer00_attn_q_baseline,gpt_gpt-7b_114_layer07_attn_out_baseline,400latency_llmop_bert_bert-7b-proxy_001_layer00_attn_q_baseline_metrics.csv,400latency_llmop_gpt_gpt-7b_114_layer07_attn_out_baseline_metrics.csv
bert_bert-7b-proxy_001_layer00_attn_q_baseline,bert_bert-7b-proxy_114_layer08_attn_k_baseline,400latency_llmop_bert_bert-7b-proxy_001_layer00_attn_q_baseline_metrics.csv,400latency_llmop_bert_bert-7b-proxy_114_layer08_attn_k_baseline_metrics.csv
bert_bert-7b-proxy_001_layer00_attn_q_pasta,gpt_gpt-7b_114_layer07_attn_out_pasta,400latency_llmop_bert_bert-7b-proxy_001_layer00_attn_q_pasta_metrics.csv,400latency_llmop_gpt_gpt-7b_114_layer07_attn_out_pasta_metrics.csv
bert_bert-7b-proxy_001_layer00_attn_q_pasta,bert_bert-7b-proxy_114_layer08_attn_k_pasta,400latency_llmop_bert_bert-7b-proxy_001_layer00_attn_q_pasta_metrics.csv,400latency_llmop_bert_bert-7b-proxy_114_layer08_attn_k_pasta_metrics.csv
bert_bert-7b-proxy_008_layer00_attn_residual_baseline,gpt_gpt-7b_115_layer07_attn_residual_baseline,400latency_llmop_bert_bert-7b-proxy_008_layer00_attn_residual_baseline_metrics.csv,400latency_llmop_gpt_gpt-7b_115_layer07_attn_residual_baseline_metrics.csv
bert_bert-7b-proxy_001_layer00_attn_q_baseline,bert_bert-7b-proxy_115_layer08_attn_v_baseline,400latency_llmop_bert_bert-7b-proxy_001_layer00_attn_q_baseline_metrics.csv,400latency_llmop_bert_bert-7b-proxy_115_layer08_attn_v_baseline_metrics.csv
bert_bert-7b-proxy_008_layer00_attn_residual_pasta,gpt_gpt-7b_115_layer07_attn_residual_pasta,400latency_llmop_bert_bert-7b-proxy_008_layer00_attn_residual_pasta_metrics.csv,400latency_llmop_gpt_gpt-7b_115_layer07_attn_residual_pasta_metrics.csv
bert_bert-7b-proxy_001_layer00_attn_q_pasta,bert_bert-7b-proxy_115_layer08_attn_v_pasta,400latency_llmop_bert_bert-7b-proxy_001_layer00_attn_q_pasta_metrics.csv,400latency_llmop_bert_bert-7b-proxy_115_layer08_attn_v_pasta_metrics.csv
gpt_gpt-7b_001_layer00_norm1_baseline,gpt_gpt-7b_116_layer07_norm2_baseline,400latency_llmop_gpt_gpt-7b_001_layer00_norm1_baseline_metrics.csv,400latency_llmop_gpt_gpt-7b_116_layer07_norm2_baseline_metrics.csv
bert_bert-7b-proxy_004_layer00_attn_score_baseline,bert_bert-7b-proxy_116_layer08_attn_score_baseline,400latency_llmop_bert_bert-7b-proxy_004_layer00_attn_score_baseline_metrics.csv,400latency_llmop_bert_bert-7b-proxy_116_layer08_attn_score_baseline_metrics.csv
gpt_gpt-7b_001_layer00_norm1_pasta,gpt_gpt-7b_116_layer07_norm2_pasta,400latency_llmop_gpt_gpt-7b_001_layer00_norm1_pasta_metrics.csv,400latency_llmop_gpt_gpt-7b_116_layer07_norm2_pasta_metrics.csv
bert_bert-7b-proxy_004_layer00_attn_score_pasta,bert_bert-7b-proxy_116_layer08_attn_score_pasta,400latency_llmop_bert_bert-7b-proxy_004_layer00_attn_score_pasta_metrics.csv,400latency_llmop_bert_bert-7b-proxy_116_layer08_attn_score_pasta_metrics.csv
bert_bert-7b-proxy_010_layer00_mlp_fc1_baseline,gpt_gpt-7b_117_layer07_mlp_fc1_baseline,400latency_llmop_bert_bert-7b-proxy_010_layer00_mlp_fc1_baseline_metrics.csv,400latency_llmop_gpt_gpt-7b_117_layer07_mlp_fc1_baseline_metrics.csv
bert_bert-7b-proxy_005_layer00_attn_softmax_baseline,bert_bert-7b-proxy_117_layer08_attn_softmax_baseline,400latency_llmop_bert_bert-7b-proxy_005_layer00_attn_softmax_baseline_metrics.csv,400latency_llmop_bert_bert-7b-proxy_117_layer08_attn_softmax_baseline_metrics.csv
bert_bert-7b-proxy_010_layer00_mlp_fc1_pasta,gpt_gpt-7b_117_layer07_mlp_fc1_pasta,400latency_llmop_bert_bert-7b-proxy_010_layer00_mlp_fc1_pasta_metrics.csv,400latency_llmop_gpt_gpt-7b_117_layer07_mlp_fc1_pasta_metrics.csv
bert_bert-7b-proxy_005_layer00_attn_softmax_pasta,bert_bert-7b-proxy_117_layer08_attn_softmax_pasta,400latency_llmop_bert_bert-7b-proxy_005_layer00_attn_softmax_pasta_metrics.csv,400latency_llmop_bert_bert-7b-proxy_117_layer08_attn_softmax_pasta_metrics.csv
bert_bert-7b-proxy_011_layer00_mlp_gelu_baseline,gpt_gpt-7b_118_layer07_mlp_gelu_baseline,400latency_llmop_bert_bert-7b-proxy_011_layer00_mlp_gelu_baseline_metrics.csv,400latency_llmop_gpt_gpt-7b_118_layer07_mlp_gelu_baseline_metrics.csv
bert_bert-7b-proxy_006_layer00_attn_value_baseline,bert_bert-7b-proxy_118_layer08_attn_value_baseline,400latency_llmop_bert_bert-7b-proxy_006_layer00_attn_value_baseline_metrics.csv,400latency_llmop_bert_bert-7b-proxy_118_layer08_attn_value_baseline_metrics.csv
bert_bert-7b-proxy_011_layer00_mlp_gelu_pasta,gpt_gpt-7b_118_layer07_mlp_gelu_pasta,400latency_llmop_bert_bert-7b-proxy_011_layer00_mlp_gelu_pasta_metrics.csv,400latency_llmop_gpt_gpt-7b_118_layer07_mlp_gelu_pasta_metrics.csv
bert_bert-7b-proxy_006_layer00_attn_value_pasta,bert_bert-7b-proxy_118_layer08_attn_value_pasta,400latency_llmop_bert_bert-7b-proxy_006_layer00_attn_value_pasta_metrics.csv,400latency_llmop_bert_bert-7b-proxy_118_layer08_attn_value_pasta_metrics.csv
bert_bert-7b-proxy_012_layer00_mlp_fc2_baseline,gpt_gpt-7b_119_layer07_mlp_fc2_baseline,400latency_llmop_bert_bert-7b-proxy_012_layer00_mlp_fc2_baseline_metrics.csv,400latency_llmop_gpt_gpt-7b_119_layer07_mlp_fc2_baseline_metrics.csv
bert_bert-7b-proxy_001_layer00_attn_q_baseline,bert_bert-7b-proxy_119_layer08_attn_out_baseline,400latency_llmop_bert_bert-7b-proxy_001_layer00_attn_q_baseline_metrics.csv,400latency_llmop_bert_bert-7b-proxy_119_layer08_attn_out_baseline_metrics.csv
bert_bert-7b-proxy_012_layer00_mlp_fc2_pasta,gpt_gpt-7b_119_layer07_mlp_fc2_pasta,400latency_llmop_bert_bert-7b-proxy_012_layer00_mlp_fc2_pasta_metrics.csv,400latency_llmop_gpt_gpt-7b_119_layer07_mlp_fc2_pasta_metrics.csv
bert_bert-7b-proxy_001_layer00_attn_q_pasta,bert_bert-7b-proxy_119_layer08_attn_out_pasta,400latency_llmop_bert_bert-7b-proxy_001_layer00_attn_q_pasta_metrics.csv,400latency_llmop_bert_bert-7b-proxy_119_layer08_attn_out_pasta_metrics.csv
bert_bert-7b-proxy_008_layer00_attn_residual_baseline,gpt_gpt-7b_120_layer07_mlp_residual_baseline,400latency_llmop_bert_bert-7b-proxy_008_layer00_attn_residual_baseline_metrics.csv,400latency_llmop_gpt_gpt-7b_120_layer07_mlp_residual_baseline_metrics.csv
bert_bert-7b-proxy_008_layer00_attn_residual_baseline,bert_bert-7b-proxy_120_layer08_attn_residual_baseline,400latency_llmop_bert_bert-7b-proxy_008_layer00_attn_residual_baseline_metrics.csv,400latency_llmop_bert_bert-7b-proxy_120_layer08_attn_residual_baseline_metrics.csv
bert_bert-7b-proxy_008_layer00_attn_residual_pasta,gpt_gpt-7b_120_layer07_mlp_residual_pasta,400latency_llmop_bert_bert-7b-proxy_008_layer00_attn_residual_pasta_metrics.csv,400latency_llmop_gpt_gpt-7b_120_layer07_mlp_residual_pasta_metrics.csv
bert_bert-7b-proxy_008_layer00_attn_residual_pasta,bert_bert-7b-proxy_120_layer08_attn_residual_pasta,400latency_llmop_bert_bert-7b-proxy_008_layer00_attn_residual_pasta_metrics.csv,400latency_llmop_bert_bert-7b-proxy_120_layer08_attn_residual_pasta_metrics.csv
gpt_gpt-7b_001_layer00_norm1_baseline,gpt_gpt-7b_121_layer08_norm1_baseline,400latency_llmop_gpt_gpt-7b_001_layer00_norm1_baseline_metrics.csv,400latency_llmop_gpt_gpt-7b_121_layer08_norm1_baseline_metrics.csv
gpt_gpt-7b_001_layer00_norm1_baseline,bert_bert-7b-proxy_121_layer08_norm1_baseline,400latency_llmop_gpt_gpt-7b_001_layer00_norm1_baseline_metrics.csv,400latency_llmop_bert_bert-7b-proxy_121_layer08_norm1_baseline_metrics.csv
gpt_gpt-7b_001_layer00_norm1_pasta,gpt_gpt-7b_121_layer08_norm1_pasta,400latency_llmop_gpt_gpt-7b_001_layer00_norm1_pasta_metrics.csv,400latency_llmop_gpt_gpt-7b_121_layer08_norm1_pasta_metrics.csv
gpt_gpt-7b_001_layer00_norm1_pasta,bert_bert-7b-proxy_121_layer08_norm1_pasta,400latency_llmop_gpt_gpt-7b_001_layer00_norm1_pasta_metrics.csv,400latency_llmop_bert_bert-7b-proxy_121_layer08_norm1_pasta_metrics.csv
bert_bert-7b-proxy_001_layer00_attn_q_baseline,gpt_gpt-7b_122_layer08_attn_q_baseline,400latency_llmop_bert_bert-7b-proxy_001_layer00_attn_q_baseline_metrics.csv,400latency_llmop_gpt_gpt-7b_122_layer08_attn_q_baseline_metrics.csv
bert_bert-7b-proxy_010_layer00_mlp_fc1_baseline,bert_bert-7b-proxy_122_layer08_mlp_fc1_baseline,400latency_llmop_bert_bert-7b-proxy_010_layer00_mlp_fc1_baseline_metrics.csv,400latency_llmop_bert_bert-7b-proxy_122_layer08_mlp_fc1_baseline_metrics.csv
bert_bert-7b-proxy_001_layer00_attn_q_pasta,gpt_gpt-7b_122_layer08_attn_q_pasta,400latency_llmop_bert_bert-7b-proxy_001_layer00_attn_q_pasta_metrics.csv,400latency_llmop_gpt_gpt-7b_122_layer08_attn_q_pasta_metrics.csv
bert_bert-7b-proxy_010_layer00_mlp_fc1_pasta,bert_bert-7b-proxy_122_layer08_mlp_fc1_pasta,400latency_llmop_bert_bert-7b-proxy_010_layer00_mlp_fc1_pasta_metrics.csv,400latency_llmop_bert_bert-7b-proxy_122_layer08_mlp_fc1_pasta_metrics.csv
bert_bert-7b-proxy_001_layer00_attn_q_baseline,gpt_gpt-7b_123_layer08_attn_k_baseline,400latency_llmop_bert_bert-7b-proxy_001_layer00_attn_q_baseline_metrics.csv,400latency_llmop_gpt_gpt-7b_123_layer08_attn_k_baseline_metrics.csv
bert_bert-7b-proxy_011_layer00_mlp_gelu_baseline,bert_bert-7b-proxy_123_layer08_mlp_gelu_baseline,400latency_llmop_bert_bert-7b-proxy_011_layer00_mlp_gelu_baseline_metrics.csv,400latency_llmop_bert_bert-7b-proxy_123_layer08_mlp_gelu_baseline_metrics.csv
bert_bert-7b-proxy_001_layer00_attn_q_pasta,gpt_gpt-7b_123_layer08_attn_k_pasta,400latency_llmop_bert_bert-7b-proxy_001_layer00_attn_q_pasta_metrics.csv,400latency_llmop_gpt_gpt-7b_123_layer08_attn_k_pasta_metrics.csv
bert_bert-7b-proxy_011_layer00_mlp_gelu_pasta,bert_bert-7b-proxy_123_layer08_mlp_gelu_pasta,400latency_llmop_bert_bert-7b-proxy_011_layer00_mlp_gelu_pasta_metrics.csv,400latency_llmop_bert_bert-7b-proxy_123_layer08_mlp_gelu_pasta_metrics.csv
bert_bert-7b-proxy_001_layer00_attn_q_baseline,gpt_gpt-7b_124_layer08_attn_v_baseline,400latency_llmop_bert_bert-7b-proxy_001_layer00_attn_q_baseline_metrics.csv,400latency_llmop_gpt_gpt-7b_124_layer08_attn_v_baseline_metrics.csv
bert_bert-7b-proxy_012_layer00_mlp_fc2_baseline,bert_bert-7b-proxy_124_layer08_mlp_fc2_baseline,400latency_llmop_bert_bert-7b-proxy_012_layer00_mlp_fc2_baseline_metrics.csv,400latency_llmop_bert_bert-7b-proxy_124_layer08_mlp_fc2_baseline_metrics.csv
bert_bert-7b-proxy_001_layer00_attn_q_pasta,gpt_gpt-7b_124_layer08_attn_v_pasta,400latency_llmop_bert_bert-7b-proxy_001_layer00_attn_q_pasta_metrics.csv,400latency_llmop_gpt_gpt-7b_124_layer08_attn_v_pasta_metrics.csv
bert_bert-7b-proxy_012_layer00_mlp_fc2_pasta,bert_bert-7b-proxy_124_layer08_mlp_fc2_pasta,400latency_llmop_bert_bert-7b-proxy_012_layer00_mlp_fc2_pasta_metrics.csv,400latency_llmop_bert_bert-7b-proxy_124_layer08_mlp_fc2_pasta_metrics.csv
bert_bert-7b-proxy_004_layer00_attn_score_baseline,gpt_gpt-7b_125_layer08_attn_score_baseline,400latency_llmop_bert_bert-7b-proxy_004_layer00_attn_score_baseline_metrics.csv,400latency_llmop_gpt_gpt-7b_125_layer08_attn_score_baseline_metrics.csv
bert_bert-7b-proxy_008_layer00_attn_residual_baseline,bert_bert-7b-proxy_125_layer08_mlp_residual_baseline,400latency_llmop_bert_bert-7b-proxy_008_layer00_attn_residual_baseline_metrics.csv,400latency_llmop_bert_bert-7b-proxy_125_layer08_mlp_residual_baseline_metrics.csv
bert_bert-7b-proxy_004_layer00_attn_score_pasta,gpt_gpt-7b_125_layer08_attn_score_pasta,400latency_llmop_bert_bert-7b-proxy_004_layer00_attn_score_pasta_metrics.csv,400latency_llmop_gpt_gpt-7b_125_layer08_attn_score_pasta_metrics.csv
bert_bert-7b-proxy_008_layer00_attn_residual_pasta,bert_bert-7b-proxy_125_layer08_mlp_residual_pasta,400latency_llmop_bert_bert-7b-proxy_008_layer00_attn_residual_pasta_metrics.csv,400latency_llmop_bert_bert-7b-proxy_125_layer08_mlp_residual_pasta_metrics.csv
gpt_gpt-7b_006_layer00_causal_mask_baseline,gpt_gpt-7b_126_layer08_causal_mask_baseline,400latency_llmop_gpt_gpt-7b_006_layer00_causal_mask_baseline_metrics.csv,400latency_llmop_gpt_gpt-7b_126_layer08_causal_mask_baseline_metrics.csv
gpt_gpt-7b_001_layer00_norm1_baseline,bert_bert-7b-proxy_126_layer08_norm2_baseline,400latency_llmop_gpt_gpt-7b_001_layer00_norm1_baseline_metrics.csv,400latency_llmop_bert_bert-7b-proxy_126_layer08_norm2_baseline_metrics.csv
gpt_gpt-7b_006_layer00_causal_mask_pasta,gpt_gpt-7b_126_layer08_causal_mask_pasta,400latency_llmop_gpt_gpt-7b_006_layer00_causal_mask_pasta_metrics.csv,400latency_llmop_gpt_gpt-7b_126_layer08_causal_mask_pasta_metrics.csv
gpt_gpt-7b_001_layer00_norm1_pasta,bert_bert-7b-proxy_126_layer08_norm2_pasta,400latency_llmop_gpt_gpt-7b_001_layer00_norm1_pasta_metrics.csv,400latency_llmop_bert_bert-7b-proxy_126_layer08_norm2_pasta_metrics.csv
bert_bert-7b-proxy_005_layer00_attn_softmax_baseline,gpt_gpt-7b_127_layer08_attn_softmax_baseline,400latency_llmop_bert_bert-7b-proxy_005_layer00_attn_softmax_baseline_metrics.csv,400latency_llmop_gpt_gpt-7b_127_layer08_attn_softmax_baseline_metrics.csv
bert_bert-7b-proxy_001_layer00_attn_q_baseline,bert_bert-7b-proxy_127_layer09_attn_q_baseline,400latency_llmop_bert_bert-7b-proxy_001_layer00_attn_q_baseline_metrics.csv,400latency_llmop_bert_bert-7b-proxy_127_layer09_attn_q_baseline_metrics.csv
bert_bert-7b-proxy_005_layer00_attn_softmax_pasta,gpt_gpt-7b_127_layer08_attn_softmax_pasta,400latency_llmop_bert_bert-7b-proxy_005_layer00_attn_softmax_pasta_metrics.csv,400latency_llmop_gpt_gpt-7b_127_layer08_attn_softmax_pasta_metrics.csv
bert_bert-7b-proxy_001_layer00_attn_q_pasta,bert_bert-7b-proxy_127_layer09_attn_q_pasta,400latency_llmop_bert_bert-7b-proxy_001_layer00_attn_q_pasta_metrics.csv,400latency_llmop_bert_bert-7b-proxy_127_layer09_attn_q_pasta_metrics.csv
bert_bert-7b-proxy_006_layer00_attn_value_baseline,gpt_gpt-7b_128_layer08_attn_value_baseline,400latency_llmop_bert_bert-7b-proxy_006_layer00_attn_value_baseline_metrics.csv,400latency_llmop_gpt_gpt-7b_128_layer08_attn_value_baseline_metrics.csv
bert_bert-7b-proxy_001_layer00_attn_q_baseline,bert_bert-7b-proxy_128_layer09_attn_k_baseline,400latency_llmop_bert_bert-7b-proxy_001_layer00_attn_q_baseline_metrics.csv,400latency_llmop_bert_bert-7b-proxy_128_layer09_attn_k_baseline_metrics.csv
bert_bert-7b-proxy_006_layer00_attn_value_pasta,gpt_gpt-7b_128_layer08_attn_value_pasta,400latency_llmop_bert_bert-7b-proxy_006_layer00_attn_value_pasta_metrics.csv,400latency_llmop_gpt_gpt-7b_128_layer08_attn_value_pasta_metrics.csv
bert_bert-7b-proxy_001_layer00_attn_q_pasta,bert_bert-7b-proxy_128_layer09_attn_k_pasta,400latency_llmop_bert_bert-7b-proxy_001_layer00_attn_q_pasta_metrics.csv,400latency_llmop_bert_bert-7b-proxy_128_layer09_attn_k_pasta_metrics.csv
bert_bert-7b-proxy_001_layer00_attn_q_baseline,gpt_gpt-7b_129_layer08_attn_out_baseline,400latency_llmop_bert_bert-7b-proxy_001_layer00_attn_q_baseline_metrics.csv,400latency_llmop_gpt_gpt-7b_129_layer08_attn_out_baseline_metrics.csv
bert_bert-7b-proxy_001_layer00_attn_q_baseline,bert_bert-7b-proxy_129_layer09_attn_v_baseline,400latency_llmop_bert_bert-7b-proxy_001_layer00_attn_q_baseline_metrics.csv,400latency_llmop_bert_bert-7b-proxy_129_layer09_attn_v_baseline_metrics.csv
bert_bert-7b-proxy_001_layer00_attn_q_pasta,gpt_gpt-7b_129_layer08_attn_out_pasta,400latency_llmop_bert_bert-7b-proxy_001_layer00_attn_q_pasta_metrics.csv,400latency_llmop_gpt_gpt-7b_129_layer08_attn_out_pasta_metrics.csv
bert_bert-7b-proxy_001_layer00_attn_q_pasta,bert_bert-7b-proxy_129_layer09_attn_v_pasta,400latency_llmop_bert_bert-7b-proxy_001_layer00_attn_q_pasta_metrics.csv,400latency_llmop_bert_bert-7b-proxy_129_layer09_attn_v_pasta_metrics.csv
bert_bert-7b-proxy_008_layer00_attn_residual_baseline,gpt_gpt-7b_130_layer08_attn_residual_baseline,400latency_llmop_bert_bert-7b-proxy_008_layer00_attn_residual_baseline_metrics.csv,400latency_llmop_gpt_gpt-7b_130_layer08_attn_residual_baseline_metrics.csv
bert_bert-7b-proxy_004_layer00_attn_score_baseline,bert_bert-7b-proxy_130_layer09_attn_score_baseline,400latency_llmop_bert_bert-7b-proxy_004_layer00_attn_score_baseline_metrics.csv,400latency_llmop_bert_bert-7b-proxy_130_layer09_attn_score_baseline_metrics.csv
bert_bert-7b-proxy_008_layer00_attn_residual_pasta,gpt_gpt-7b_130_layer08_attn_residual_pasta,400latency_llmop_bert_bert-7b-proxy_008_layer00_attn_residual_pasta_metrics.csv,400latency_llmop_gpt_gpt-7b_130_layer08_attn_residual_pasta_metrics.csv
bert_bert-7b-proxy_004_layer00_attn_score_pasta,bert_bert-7b-proxy_130_layer09_attn_score_pasta,400latency_llmop_bert_bert-7b-proxy_004_layer00_attn_score_pasta_metrics.csv,400latency_llmop_bert_bert-7b-proxy_130_layer09_attn_score_pasta_metrics.csv
gpt_gpt-7b_001_layer00_norm1_baseline,gpt_gpt-7b_131_layer08_norm2_baseline,400latency_llmop_gpt_gpt-7b_001_layer00_norm1_baseline_metrics.csv,400latency_llmop_gpt_gpt-7b_131_layer08_norm2_baseline_metrics.csv
bert_bert-7b-proxy_005_layer00_attn_softmax_baseline,bert_bert-7b-proxy_131_layer09_attn_softmax_baseline,400latency_llmop_bert_bert-7b-proxy_005_layer00_attn_softmax_baseline_metrics.csv,400latency_llmop_bert_bert-7b-proxy_131_layer09_attn_softmax_baseline_metrics.csv
gpt_gpt-7b_001_layer00_norm1_pasta,gpt_gpt-7b_131_layer08_norm2_pasta,400latency_llmop_gpt_gpt-7b_001_layer00_norm1_pasta_metrics.csv,400latency_llmop_gpt_gpt-7b_131_layer08_norm2_pasta_metrics.csv
bert_bert-7b-proxy_005_layer00_attn_softmax_pasta,bert_bert-7b-proxy_131_layer09_attn_softmax_pasta,400latency_llmop_bert_bert-7b-proxy_005_layer00_attn_softmax_pasta_metrics.csv,400latency_llmop_bert_bert-7b-proxy_131_layer09_attn_softmax_pasta_metrics.csv
bert_bert-7b-proxy_010_layer00_mlp_fc1_baseline,gpt_gpt-7b_132_layer08_mlp_fc1_baseline,400latency_llmop_bert_bert-7b-proxy_010_layer00_mlp_fc1_baseline_metrics.csv,400latency_llmop_gpt_gpt-7b_132_layer08_mlp_fc1_baseline_metrics.csv
bert_bert-7b-proxy_006_layer00_attn_value_baseline,bert_bert-7b-proxy_132_layer09_attn_value_baseline,400latency_llmop_bert_bert-7b-proxy_006_layer00_attn_value_baseline_metrics.csv,400latency_llmop_bert_bert-7b-proxy_132_layer09_attn_value_baseline_metrics.csv
bert_bert-7b-proxy_010_layer00_mlp_fc1_pasta,gpt_gpt-7b_132_layer08_mlp_fc1_pasta,400latency_llmop_bert_bert-7b-proxy_010_layer00_mlp_fc1_pasta_metrics.csv,400latency_llmop_gpt_gpt-7b_132_layer08_mlp_fc1_pasta_metrics.csv
bert_bert-7b-proxy_006_layer00_attn_value_pasta,bert_bert-7b-proxy_132_layer09_attn_value_pasta,400latency_llmop_bert_bert-7b-proxy_006_layer00_attn_value_pasta_metrics.csv,400latency_llmop_bert_bert-7b-proxy_132_layer09_attn_value_pasta_metrics.csv
bert_bert-7b-proxy_011_layer00_mlp_gelu_baseline,gpt_gpt-7b_133_layer08_mlp_gelu_baseline,400latency_llmop_bert_bert-7b-proxy_011_layer00_mlp_gelu_baseline_metrics.csv,400latency_llmop_gpt_gpt-7b_133_layer08_mlp_gelu_baseline_metrics.csv
bert_bert-7b-proxy_001_layer00_attn_q_baseline,bert_bert-7b-proxy_133_layer09_attn_out_baseline,400latency_llmop_bert_bert-7b-proxy_001_layer00_attn_q_baseline_metrics.csv,400latency_llmop_bert_bert-7b-proxy_133_layer09_attn_out_baseline_metrics.csv
bert_bert-7b-proxy_011_layer00_mlp_gelu_pasta,gpt_gpt-7b_133_layer08_mlp_gelu_pasta,400latency_llmop_bert_bert-7b-proxy_011_layer00_mlp_gelu_pasta_metrics.csv,400latency_llmop_gpt_gpt-7b_133_layer08_mlp_gelu_pasta_metrics.csv
bert_bert-7b-proxy_001_layer00_attn_q_pasta,bert_bert-7b-proxy_133_layer09_attn_out_pasta,400latency_llmop_bert_bert-7b-proxy_001_layer00_attn_q_pasta_metrics.csv,400latency_llmop_bert_bert-7b-proxy_133_layer09_attn_out_pasta_metrics.csv
bert_bert-7b-proxy_012_layer00_mlp_fc2_baseline,gpt_gpt-7b_134_layer08_mlp_fc2_baseline,400latency_llmop_bert_bert-7b-proxy_012_layer00_mlp_fc2_baseline_metrics.csv,400latency_llmop_gpt_gpt-7b_134_layer08_mlp_fc2_baseline_metrics.csv
bert_bert-7b-proxy_008_layer00_attn_residual_baseline,bert_bert-7b-proxy_134_layer09_attn_residual_baseline,400latency_llmop_bert_bert-7b-proxy_008_layer00_attn_residual_baseline_metrics.csv,400latency_llmop_bert_bert-7b-proxy_134_layer09_attn_residual_baseline_metrics.csv
bert_bert-7b-proxy_012_layer00_mlp_fc2_pasta,gpt_gpt-7b_134_layer08_mlp_fc2_pasta,400latency_llmop_bert_bert-7b-proxy_012_layer00_mlp_fc2_pasta_metrics.csv,400latency_llmop_gpt_gpt-7b_134_layer08_mlp_fc2_pasta_metrics.csv
bert_bert-7b-proxy_008_layer00_attn_residual_pasta,bert_bert-7b-proxy_134_layer09_attn_residual_pasta,400latency_llmop_bert_bert-7b-proxy_008_layer00_attn_residual_pasta_metrics.csv,400latency_llmop_bert_bert-7b-proxy_134_layer09_attn_residual_pasta_metrics.csv
bert_bert-7b-proxy_008_layer00_attn_residual_baseline,gpt_gpt-7b_135_layer08_mlp_residual_baseline,400latency_llmop_bert_bert-7b-proxy_008_layer00_attn_residual_baseline_metrics.csv,400latency_llmop_gpt_gpt-7b_135_layer08_mlp_residual_baseline_metrics.csv
gpt_gpt-7b_001_layer00_norm1_baseline,bert_bert-7b-proxy_135_layer09_norm1_baseline,400latency_llmop_gpt_gpt-7b_001_layer00_norm1_baseline_metrics.csv,400latency_llmop_bert_bert-7b-proxy_135_layer09_norm1_baseline_metrics.csv
bert_bert-7b-proxy_008_layer00_attn_residual_pasta,gpt_gpt-7b_135_layer08_mlp_residual_pasta,400latency_llmop_bert_bert-7b-proxy_008_layer00_attn_residual_pasta_metrics.csv,400latency_llmop_gpt_gpt-7b_135_layer08_mlp_residual_pasta_metrics.csv
gpt_gpt-7b_001_layer00_norm1_pasta,bert_bert-7b-proxy_135_layer09_norm1_pasta,400latency_llmop_gpt_gpt-7b_001_layer00_norm1_pasta_metrics.csv,400latency_llmop_bert_bert-7b-proxy_135_layer09_norm1_pasta_metrics.csv
gpt_gpt-7b_001_layer00_norm1_baseline,gpt_gpt-7b_136_layer09_norm1_baseline,400latency_llmop_gpt_gpt-7b_001_layer00_norm1_baseline_metrics.csv,400latency_llmop_gpt_gpt-7b_136_layer09_norm1_baseline_metrics.csv
bert_bert-7b-proxy_010_layer00_mlp_fc1_baseline,bert_bert-7b-proxy_136_layer09_mlp_fc1_baseline,400latency_llmop_bert_bert-7b-proxy_010_layer00_mlp_fc1_baseline_metrics.csv,400latency_llmop_bert_bert-7b-proxy_136_layer09_mlp_fc1_baseline_metrics.csv
gpt_gpt-7b_001_layer00_norm1_pasta,gpt_gpt-7b_136_layer09_norm1_pasta,400latency_llmop_gpt_gpt-7b_001_layer00_norm1_pasta_metrics.csv,400latency_llmop_gpt_gpt-7b_136_layer09_norm1_pasta_metrics.csv
bert_bert-7b-proxy_010_layer00_mlp_fc1_pasta,bert_bert-7b-proxy_136_layer09_mlp_fc1_pasta,400latency_llmop_bert_bert-7b-proxy_010_layer00_mlp_fc1_pasta_metrics.csv,400latency_llmop_bert_bert-7b-proxy_136_layer09_mlp_fc1_pasta_metrics.csv
bert_bert-7b-proxy_001_layer00_attn_q_baseline,gpt_gpt-7b_137_layer09_attn_q_baseline,400latency_llmop_bert_bert-7b-proxy_001_layer00_attn_q_baseline_metrics.csv,400latency_llmop_gpt_gpt-7b_137_layer09_attn_q_baseline_metrics.csv
bert_bert-7b-proxy_011_layer00_mlp_gelu_baseline,bert_bert-7b-proxy_137_layer09_mlp_gelu_baseline,400latency_llmop_bert_bert-7b-proxy_011_layer00_mlp_gelu_baseline_metrics.csv,400latency_llmop_bert_bert-7b-proxy_137_layer09_mlp_gelu_baseline_metrics.csv
bert_bert-7b-proxy_001_layer00_attn_q_pasta,gpt_gpt-7b_137_layer09_attn_q_pasta,400latency_llmop_bert_bert-7b-proxy_001_layer00_attn_q_pasta_metrics.csv,400latency_llmop_gpt_gpt-7b_137_layer09_attn_q_pasta_metrics.csv
bert_bert-7b-proxy_011_layer00_mlp_gelu_pasta,bert_bert-7b-proxy_137_layer09_mlp_gelu_pasta,400latency_llmop_bert_bert-7b-proxy_011_layer00_mlp_gelu_pasta_metrics.csv,400latency_llmop_bert_bert-7b-proxy_137_layer09_mlp_gelu_pasta_metrics.csv
bert_bert-7b-proxy_001_layer00_attn_q_baseline,gpt_gpt-7b_138_layer09_attn_k_baseline,400latency_llmop_bert_bert-7b-proxy_001_layer00_attn_q_baseline_metrics.csv,400latency_llmop_gpt_gpt-7b_138_layer09_attn_k_baseline_metrics.csv
bert_bert-7b-proxy_012_layer00_mlp_fc2_baseline,bert_bert-7b-proxy_138_layer09_mlp_fc2_baseline,400latency_llmop_bert_bert-7b-proxy_012_layer00_mlp_fc2_baseline_metrics.csv,400latency_llmop_bert_bert-7b-proxy_138_layer09_mlp_fc2_baseline_metrics.csv
bert_bert-7b-proxy_001_layer00_attn_q_pasta,gpt_gpt-7b_138_layer09_attn_k_pasta,400latency_llmop_bert_bert-7b-proxy_001_layer00_attn_q_pasta_metrics.csv,400latency_llmop_gpt_gpt-7b_138_layer09_attn_k_pasta_metrics.csv
bert_bert-7b-proxy_012_layer00_mlp_fc2_pasta,bert_bert-7b-proxy_138_layer09_mlp_fc2_pasta,400latency_llmop_bert_bert-7b-proxy_012_layer00_mlp_fc2_pasta_metrics.csv,400latency_llmop_bert_bert-7b-proxy_138_layer09_mlp_fc2_pasta_metrics.csv
bert_bert-7b-proxy_001_layer00_attn_q_baseline,gpt_gpt-7b_139_layer09_attn_v_baseline,400latency_llmop_bert_bert-7b-proxy_001_layer00_attn_q_baseline_metrics.csv,400latency_llmop_gpt_gpt-7b_139_layer09_attn_v_baseline_metrics.csv
bert_bert-7b-proxy_008_layer00_attn_residual_baseline,bert_bert-7b-proxy_139_layer09_mlp_residual_baseline,400latency_llmop_bert_bert-7b-proxy_008_layer00_attn_residual_baseline_metrics.csv,400latency_llmop_bert_bert-7b-proxy_139_layer09_mlp_residual_baseline_metrics.csv
bert_bert-7b-proxy_001_layer00_attn_q_pasta,gpt_gpt-7b_139_layer09_attn_v_pasta,400latency_llmop_bert_bert-7b-proxy_001_layer00_attn_q_pasta_metrics.csv,400latency_llmop_gpt_gpt-7b_139_layer09_attn_v_pasta_metrics.csv
bert_bert-7b-proxy_008_layer00_attn_residual_pasta,bert_bert-7b-proxy_139_layer09_mlp_residual_pasta,400latency_llmop_bert_bert-7b-proxy_008_layer00_attn_residual_pasta_metrics.csv,400latency_llmop_bert_bert-7b-proxy_139_layer09_mlp_residual_pasta_metrics.csv
bert_bert-7b-proxy_004_layer00_attn_score_baseline,gpt_gpt-7b_140_layer09_attn_score_baseline,400latency_llmop_bert_bert-7b-proxy_004_layer00_attn_score_baseline_metrics.csv,400latency_llmop_gpt_gpt-7b_140_layer09_attn_score_baseline_metrics.csv
gpt_gpt-7b_001_layer00_norm1_baseline,bert_bert-7b-proxy_140_layer09_norm2_baseline,400latency_llmop_gpt_gpt-7b_001_layer00_norm1_baseline_metrics.csv,400latency_llmop_bert_bert-7b-proxy_140_layer09_norm2_baseline_metrics.csv
bert_bert-7b-proxy_004_layer00_attn_score_pasta,gpt_gpt-7b_140_layer09_attn_score_pasta,400latency_llmop_bert_bert-7b-proxy_004_layer00_attn_score_pasta_metrics.csv,400latency_llmop_gpt_gpt-7b_140_layer09_attn_score_pasta_metrics.csv
gpt_gpt-7b_001_layer00_norm1_pasta,bert_bert-7b-proxy_140_layer09_norm2_pasta,400latency_llmop_gpt_gpt-7b_001_layer00_norm1_pasta_metrics.csv,400latency_llmop_bert_bert-7b-proxy_140_layer09_norm2_pasta_metrics.csv
gpt_gpt-7b_006_layer00_causal_mask_baseline,gpt_gpt-7b_141_layer09_causal_mask_baseline,400latency_llmop_gpt_gpt-7b_006_layer00_causal_mask_baseline_metrics.csv,400latency_llmop_gpt_gpt-7b_141_layer09_causal_mask_baseline_metrics.csv
bert_bert-7b-proxy_001_layer00_attn_q_baseline,bert_bert-7b-proxy_141_layer10_attn_q_baseline,400latency_llmop_bert_bert-7b-proxy_001_layer00_attn_q_baseline_metrics.csv,400latency_llmop_bert_bert-7b-proxy_141_layer10_attn_q_baseline_metrics.csv
gpt_gpt-7b_006_layer00_causal_mask_pasta,gpt_gpt-7b_141_layer09_causal_mask_pasta,400latency_llmop_gpt_gpt-7b_006_layer00_causal_mask_pasta_metrics.csv,400latency_llmop_gpt_gpt-7b_141_layer09_causal_mask_pasta_metrics.csv
bert_bert-7b-proxy_001_layer00_attn_q_pasta,bert_bert-7b-proxy_141_layer10_attn_q_pasta,400latency_llmop_bert_bert-7b-proxy_001_layer00_attn_q_pasta_metrics.csv,400latency_llmop_bert_bert-7b-proxy_141_layer10_attn_q_pasta_metrics.csv
bert_bert-7b-proxy_005_layer00_attn_softmax_baseline,gpt_gpt-7b_142_layer09_attn_softmax_baseline,400latency_llmop_bert_bert-7b-proxy_005_layer00_attn_softmax_baseline_metrics.csv,400latency_llmop_gpt_gpt-7b_142_layer09_attn_softmax_baseline_metrics.csv
bert_bert-7b-proxy_001_layer00_attn_q_baseline,bert_bert-7b-proxy_142_layer10_attn_k_baseline,400latency_llmop_bert_bert-7b-proxy_001_layer00_attn_q_baseline_metrics.csv,400latency_llmop_bert_bert-7b-proxy_142_layer10_attn_k_baseline_metrics.csv
bert_bert-7b-proxy_005_layer00_attn_softmax_pasta,gpt_gpt-7b_142_layer09_attn_softmax_pasta,400latency_llmop_bert_bert-7b-proxy_005_layer00_attn_softmax_pasta_metrics.csv,400latency_llmop_gpt_gpt-7b_142_layer09_attn_softmax_pasta_metrics.csv
bert_bert-7b-proxy_001_layer00_attn_q_pasta,bert_bert-7b-proxy_142_layer10_attn_k_pasta,400latency_llmop_bert_bert-7b-proxy_001_layer00_attn_q_pasta_metrics.csv,400latency_llmop_bert_bert-7b-proxy_142_layer10_attn_k_pasta_metrics.csv
bert_bert-7b-proxy_006_layer00_attn_value_baseline,gpt_gpt-7b_143_layer09_attn_value_baseline,400latency_llmop_bert_bert-7b-proxy_006_layer00_attn_value_baseline_metrics.csv,400latency_llmop_gpt_gpt-7b_143_layer09_attn_value_baseline_metrics.csv
bert_bert-7b-proxy_001_layer00_attn_q_baseline,bert_bert-7b-proxy_143_layer10_attn_v_baseline,400latency_llmop_bert_bert-7b-proxy_001_layer00_attn_q_baseline_metrics.csv,400latency_llmop_bert_bert-7b-proxy_143_layer10_attn_v_baseline_metrics.csv
bert_bert-7b-proxy_006_layer00_attn_value_pasta,gpt_gpt-7b_143_layer09_attn_value_pasta,400latency_llmop_bert_bert-7b-proxy_006_layer00_attn_value_pasta_metrics.csv,400latency_llmop_gpt_gpt-7b_143_layer09_attn_value_pasta_metrics.csv
bert_bert-7b-proxy_001_layer00_attn_q_pasta,bert_bert-7b-proxy_143_layer10_attn_v_pasta,400latency_llmop_bert_bert-7b-proxy_001_layer00_attn_q_pasta_metrics.csv,400latency_llmop_bert_bert-7b-proxy_143_layer10_attn_v_pasta_metrics.csv
bert_bert-7b-proxy_001_layer00_attn_q_baseline,gpt_gpt-7b_144_layer09_attn_out_baseline,400latency_llmop_bert_bert-7b-proxy_001_layer00_attn_q_baseline_metrics.csv,400latency_llmop_gpt_gpt-7b_144_layer09_attn_out_baseline_metrics.csv
bert_bert-7b-proxy_004_layer00_attn_score_baseline,bert_bert-7b-proxy_144_layer10_attn_score_baseline,400latency_llmop_bert_bert-7b-proxy_004_layer00_attn_score_baseline_metrics.csv,400latency_llmop_bert_bert-7b-proxy_144_layer10_attn_score_baseline_metrics.csv
bert_bert-7b-proxy_001_layer00_attn_q_pasta,gpt_gpt-7b_144_layer09_attn_out_pasta,400latency_llmop_bert_bert-7b-proxy_001_layer00_attn_q_pasta_metrics.csv,400latency_llmop_gpt_gpt-7b_144_layer09_attn_out_pasta_metrics.csv
bert_bert-7b-proxy_004_layer00_attn_score_pasta,bert_bert-7b-proxy_144_layer10_attn_score_pasta,400latency_llmop_bert_bert-7b-proxy_004_layer00_attn_score_pasta_metrics.csv,400latency_llmop_bert_bert-7b-proxy_144_layer10_attn_score_pasta_metrics.csv
bert_bert-7b-proxy_008_layer00_attn_residual_baseline,gpt_gpt-7b_145_layer09_attn_residual_baseline,400latency_llmop_bert_bert-7b-proxy_008_layer00_attn_residual_baseline_metrics.csv,400latency_llmop_gpt_gpt-7b_145_layer09_attn_residual_baseline_metrics.csv
bert_bert-7b-proxy_005_layer00_attn_softmax_baseline,bert_bert-7b-proxy_145_layer10_attn_softmax_baseline,400latency_llmop_bert_bert-7b-proxy_005_layer00_attn_softmax_baseline_metrics.csv,400latency_llmop_bert_bert-7b-proxy_145_layer10_attn_softmax_baseline_metrics.csv
bert_bert-7b-proxy_008_layer00_attn_residual_pasta,gpt_gpt-7b_145_layer09_attn_residual_pasta,400latency_llmop_bert_bert-7b-proxy_008_layer00_attn_residual_pasta_metrics.csv,400latency_llmop_gpt_gpt-7b_145_layer09_attn_residual_pasta_metrics.csv
bert_bert-7b-proxy_005_layer00_attn_softmax_pasta,bert_bert-7b-proxy_145_layer10_attn_softmax_pasta,400latency_llmop_bert_bert-7b-proxy_005_layer00_attn_softmax_pasta_metrics.csv,400latency_llmop_bert_bert-7b-proxy_145_layer10_attn_softmax_pasta_metrics.csv
gpt_gpt-7b_001_layer00_norm1_baseline,gpt_gpt-7b_146_layer09_norm2_baseline,400latency_llmop_gpt_gpt-7b_001_layer00_norm1_baseline_metrics.csv,400latency_llmop_gpt_gpt-7b_146_layer09_norm2_baseline_metrics.csv
bert_bert-7b-proxy_006_layer00_attn_value_baseline,bert_bert-7b-proxy_146_layer10_attn_value_baseline,400latency_llmop_bert_bert-7b-proxy_006_layer00_attn_value_baseline_metrics.csv,400latency_llmop_bert_bert-7b-proxy_146_layer10_attn_value_baseline_metrics.csv
gpt_gpt-7b_001_layer00_norm1_pasta,gpt_gpt-7b_146_layer09_norm2_pasta,400latency_llmop_gpt_gpt-7b_001_layer00_norm1_pasta_metrics.csv,400latency_llmop_gpt_gpt-7b_146_layer09_norm2_pasta_metrics.csv
bert_bert-7b-proxy_006_layer00_attn_value_pasta,bert_bert-7b-proxy_146_layer10_attn_value_pasta,400latency_llmop_bert_bert-7b-proxy_006_layer00_attn_value_pasta_metrics.csv,400latency_llmop_bert_bert-7b-proxy_146_layer10_attn_value_pasta_metrics.csv
bert_bert-7b-proxy_010_layer00_mlp_fc1_baseline,gpt_gpt-7b_147_layer09_mlp_fc1_baseline,400latency_llmop_bert_bert-7b-proxy_010_layer00_mlp_fc1_baseline_metrics.csv,400latency_llmop_gpt_gpt-7b_147_layer09_mlp_fc1_baseline_metrics.csv
bert_bert-7b-proxy_001_layer00_attn_q_baseline,bert_bert-7b-proxy_147_layer10_attn_out_baseline,400latency_llmop_bert_bert-7b-proxy_001_layer00_attn_q_baseline_metrics.csv,400latency_llmop_bert_bert-7b-proxy_147_layer10_attn_out_baseline_metrics.csv
bert_bert-7b-proxy_010_layer00_mlp_fc1_pasta,gpt_gpt-7b_147_layer09_mlp_fc1_pasta,400latency_llmop_bert_bert-7b-proxy_010_layer00_mlp_fc1_pasta_metrics.csv,400latency_llmop_gpt_gpt-7b_147_layer09_mlp_fc1_pasta_metrics.csv
bert_bert-7b-proxy_001_layer00_attn_q_pasta,bert_bert-7b-proxy_147_layer10_attn_out_pasta,400latency_llmop_bert_bert-7b-proxy_001_layer00_attn_q_pasta_metrics.csv,400latency_llmop_bert_bert-7b-proxy_147_layer10_attn_out_pasta_metrics.csv
bert_bert-7b-proxy_011_layer00_mlp_gelu_baseline,gpt_gpt-7b_148_layer09_mlp_gelu_baseline,400latency_llmop_bert_bert-7b-proxy_011_layer00_mlp_gelu_baseline_metrics.csv,400latency_llmop_gpt_gpt-7b_148_layer09_mlp_gelu_baseline_metrics.csv
bert_bert-7b-proxy_008_layer00_attn_residual_baseline,bert_bert-7b-proxy_148_layer10_attn_residual_baseline,400latency_llmop_bert_bert-7b-proxy_008_layer00_attn_residual_baseline_metrics.csv,400latency_llmop_bert_bert-7b-proxy_148_layer10_attn_residual_baseline_metrics.csv
bert_bert-7b-proxy_011_layer00_mlp_gelu_pasta,gpt_gpt-7b_148_layer09_mlp_gelu_pasta,400latency_llmop_bert_bert-7b-proxy_011_layer00_mlp_gelu_pasta_metrics.csv,400latency_llmop_gpt_gpt-7b_148_layer09_mlp_gelu_pasta_metrics.csv
bert_bert-7b-proxy_008_layer00_attn_residual_pasta,bert_bert-7b-proxy_148_layer10_attn_residual_pasta,400latency_llmop_bert_bert-7b-proxy_008_layer00_attn_residual_pasta_metrics.csv,400latency_llmop_bert_bert-7b-proxy_148_layer10_attn_residual_pasta_metrics.csv
bert_bert-7b-proxy_012_layer00_mlp_fc2_baseline,gpt_gpt-7b_149_layer09_mlp_fc2_baseline,400latency_llmop_bert_bert-7b-proxy_012_layer00_mlp_fc2_baseline_metrics.csv,400latency_llmop_gpt_gpt-7b_149_layer09_mlp_fc2_baseline_metrics.csv
gpt_gpt-7b_001_layer00_norm1_baseline,bert_bert-7b-proxy_149_layer10_norm1_baseline,400latency_llmop_gpt_gpt-7b_001_layer00_norm1_baseline_metrics.csv,400latency_llmop_bert_bert-7b-proxy_149_layer10_norm1_baseline_metrics.csv
bert_bert-7b-proxy_012_layer00_mlp_fc2_pasta,gpt_gpt-7b_149_layer09_mlp_fc2_pasta,400latency_llmop_bert_bert-7b-proxy_012_layer00_mlp_fc2_pasta_metrics.csv,400latency_llmop_gpt_gpt-7b_149_layer09_mlp_fc2_pasta_metrics.csv
gpt_gpt-7b_001_layer00_norm1_pasta,bert_bert-7b-proxy_149_layer10_norm1_pasta,400latency_llmop_gpt_gpt-7b_001_layer00_norm1_pasta_metrics.csv,400latency_llmop_bert_bert-7b-proxy_149_layer10_norm1_pasta_metrics.csv
bert_bert-7b-proxy_008_layer00_attn_residual_baseline,gpt_gpt-7b_150_layer09_mlp_residual_baseline,400latency_llmop_bert_bert-7b-proxy_008_layer00_attn_residual_baseline_metrics.csv,400latency_llmop_gpt_gpt-7b_150_layer09_mlp_residual_baseline_metrics.csv
bert_bert-7b-proxy_010_layer00_mlp_fc1_baseline,bert_bert-7b-proxy_150_layer10_mlp_fc1_baseline,400latency_llmop_bert_bert-7b-proxy_010_layer00_mlp_fc1_baseline_metrics.csv,400latency_llmop_bert_bert-7b-proxy_150_layer10_mlp_fc1_baseline_metrics.csv
bert_bert-7b-proxy_008_layer00_attn_residual_pasta,gpt_gpt-7b_150_layer09_mlp_residual_pasta,400latency_llmop_bert_bert-7b-proxy_008_layer00_attn_residual_pasta_metrics.csv,400latency_llmop_gpt_gpt-7b_150_layer09_mlp_residual_pasta_metrics.csv
bert_bert-7b-proxy_010_layer00_mlp_fc1_pasta,bert_bert-7b-proxy_150_layer10_mlp_fc1_pasta,400latency_llmop_bert_bert-7b-proxy_010_layer00_mlp_fc1_pasta_metrics.csv,400latency_llmop_bert_bert-7b-proxy_150_layer10_mlp_fc1_pasta_metrics.csv
gpt_gpt-7b_001_layer00_norm1_baseline,gpt_gpt-7b_151_layer10_norm1_baseline,400latency_llmop_gpt_gpt-7b_001_layer00_norm1_baseline_metrics.csv,400latency_llmop_gpt_gpt-7b_151_layer10_norm1_baseline_metrics.csv
bert_bert-7b-proxy_011_layer00_mlp_gelu_baseline,bert_bert-7b-proxy_151_layer10_mlp_gelu_baseline,400latency_llmop_bert_bert-7b-proxy_011_layer00_mlp_gelu_baseline_metrics.csv,400latency_llmop_bert_bert-7b-proxy_151_layer10_mlp_gelu_baseline_metrics.csv
gpt_gpt-7b_001_layer00_norm1_pasta,gpt_gpt-7b_151_layer10_norm1_pasta,400latency_llmop_gpt_gpt-7b_001_layer00_norm1_pasta_metrics.csv,400latency_llmop_gpt_gpt-7b_151_layer10_norm1_pasta_metrics.csv
bert_bert-7b-proxy_011_layer00_mlp_gelu_pasta,bert_bert-7b-proxy_151_layer10_mlp_gelu_pasta,400latency_llmop_bert_bert-7b-proxy_011_layer00_mlp_gelu_pasta_metrics.csv,400latency_llmop_bert_bert-7b-proxy_151_layer10_mlp_gelu_pasta_metrics.csv
bert_bert-7b-proxy_001_layer00_attn_q_baseline,gpt_gpt-7b_152_layer10_attn_q_baseline,400latency_llmop_bert_bert-7b-proxy_001_layer00_attn_q_baseline_metrics.csv,400latency_llmop_gpt_gpt-7b_152_layer10_attn_q_baseline_metrics.csv
bert_bert-7b-proxy_012_layer00_mlp_fc2_baseline,bert_bert-7b-proxy_152_layer10_mlp_fc2_baseline,400latency_llmop_bert_bert-7b-proxy_012_layer00_mlp_fc2_baseline_metrics.csv,400latency_llmop_bert_bert-7b-proxy_152_layer10_mlp_fc2_baseline_metrics.csv
bert_bert-7b-proxy_001_layer00_attn_q_pasta,gpt_gpt-7b_152_layer10_attn_q_pasta,400latency_llmop_bert_bert-7b-proxy_001_layer00_attn_q_pasta_metrics.csv,400latency_llmop_gpt_gpt-7b_152_layer10_attn_q_pasta_metrics.csv
bert_bert-7b-proxy_012_layer00_mlp_fc2_pasta,bert_bert-7b-proxy_152_layer10_mlp_fc2_pasta,400latency_llmop_bert_bert-7b-proxy_012_layer00_mlp_fc2_pasta_metrics.csv,400latency_llmop_bert_bert-7b-proxy_152_layer10_mlp_fc2_pasta_metrics.csv
bert_bert-7b-proxy_001_layer00_attn_q_baseline,gpt_gpt-7b_153_layer10_attn_k_baseline,400latency_llmop_bert_bert-7b-proxy_001_layer00_attn_q_baseline_metrics.csv,400latency_llmop_gpt_gpt-7b_153_layer10_attn_k_baseline_metrics.csv
bert_bert-7b-proxy_008_layer00_attn_residual_baseline,bert_bert-7b-proxy_153_layer10_mlp_residual_baseline,400latency_llmop_bert_bert-7b-proxy_008_layer00_attn_residual_baseline_metrics.csv,400latency_llmop_bert_bert-7b-proxy_153_layer10_mlp_residual_baseline_metrics.csv
bert_bert-7b-proxy_001_layer00_attn_q_pasta,gpt_gpt-7b_153_layer10_attn_k_pasta,400latency_llmop_bert_bert-7b-proxy_001_layer00_attn_q_pasta_metrics.csv,400latency_llmop_gpt_gpt-7b_153_layer10_attn_k_pasta_metrics.csv
bert_bert-7b-proxy_008_layer00_attn_residual_pasta,bert_bert-7b-proxy_153_layer10_mlp_residual_pasta,400latency_llmop_bert_bert-7b-proxy_008_layer00_attn_residual_pasta_metrics.csv,400latency_llmop_bert_bert-7b-proxy_153_layer10_mlp_residual_pasta_metrics.csv
bert_bert-7b-proxy_001_layer00_attn_q_baseline,gpt_gpt-7b_154_layer10_attn_v_baseline,400latency_llmop_bert_bert-7b-proxy_001_layer00_attn_q_baseline_metrics.csv,400latency_llmop_gpt_gpt-7b_154_layer10_attn_v_baseline_metrics.csv
gpt_gpt-7b_001_layer00_norm1_baseline,bert_bert-7b-proxy_154_layer10_norm2_baseline,400latency_llmop_gpt_gpt-7b_001_layer00_norm1_baseline_metrics.csv,400latency_llmop_bert_bert-7b-proxy_154_layer10_norm2_baseline_metrics.csv
bert_bert-7b-proxy_001_layer00_attn_q_pasta,gpt_gpt-7b_154_layer10_attn_v_pasta,400latency_llmop_bert_bert-7b-proxy_001_layer00_attn_q_pasta_metrics.csv,400latency_llmop_gpt_gpt-7b_154_layer10_attn_v_pasta_metrics.csv
gpt_gpt-7b_001_layer00_norm1_pasta,bert_bert-7b-proxy_154_layer10_norm2_pasta,400latency_llmop_gpt_gpt-7b_001_layer00_norm1_pasta_metrics.csv,400latency_llmop_bert_bert-7b-proxy_154_layer10_norm2_pasta_metrics.csv
bert_bert-7b-proxy_004_layer00_attn_score_baseline,gpt_gpt-7b_155_layer10_attn_score_baseline,400latency_llmop_bert_bert-7b-proxy_004_layer00_attn_score_baseline_metrics.csv,400latency_llmop_gpt_gpt-7b_155_layer10_attn_score_baseline_metrics.csv
bert_bert-7b-proxy_001_layer00_attn_q_baseline,bert_bert-7b-proxy_155_layer11_attn_q_baseline,400latency_llmop_bert_bert-7b-proxy_001_layer00_attn_q_baseline_metrics.csv,400latency_llmop_bert_bert-7b-proxy_155_layer11_attn_q_baseline_metrics.csv
bert_bert-7b-proxy_004_layer00_attn_score_pasta,gpt_gpt-7b_155_layer10_attn_score_pasta,400latency_llmop_bert_bert-7b-proxy_004_layer00_attn_score_pasta_metrics.csv,400latency_llmop_gpt_gpt-7b_155_layer10_attn_score_pasta_metrics.csv
bert_bert-7b-proxy_001_layer00_attn_q_pasta,bert_bert-7b-proxy_155_layer11_attn_q_pasta,400latency_llmop_bert_bert-7b-proxy_001_layer00_attn_q_pasta_metrics.csv,400latency_llmop_bert_bert-7b-proxy_155_layer11_attn_q_pasta_metrics.csv
gpt_gpt-7b_006_layer00_causal_mask_baseline,gpt_gpt-7b_156_layer10_causal_mask_baseline,400latency_llmop_gpt_gpt-7b_006_layer00_causal_mask_baseline_metrics.csv,400latency_llmop_gpt_gpt-7b_156_layer10_causal_mask_baseline_metrics.csv
bert_bert-7b-proxy_001_layer00_attn_q_baseline,bert_bert-7b-proxy_156_layer11_attn_k_baseline,400latency_llmop_bert_bert-7b-proxy_001_layer00_attn_q_baseline_metrics.csv,400latency_llmop_bert_bert-7b-proxy_156_layer11_attn_k_baseline_metrics.csv
gpt_gpt-7b_006_layer00_causal_mask_pasta,gpt_gpt-7b_156_layer10_causal_mask_pasta,400latency_llmop_gpt_gpt-7b_006_layer00_causal_mask_pasta_metrics.csv,400latency_llmop_gpt_gpt-7b_156_layer10_causal_mask_pasta_metrics.csv
bert_bert-7b-proxy_001_layer00_attn_q_pasta,bert_bert-7b-proxy_156_layer11_attn_k_pasta,400latency_llmop_bert_bert-7b-proxy_001_layer00_attn_q_pasta_metrics.csv,400latency_llmop_bert_bert-7b-proxy_156_layer11_attn_k_pasta_metrics.csv
bert_bert-7b-proxy_005_layer00_attn_softmax_baseline,gpt_gpt-7b_157_layer10_attn_softmax_baseline,400latency_llmop_bert_bert-7b-proxy_005_layer00_attn_softmax_baseline_metrics.csv,400latency_llmop_gpt_gpt-7b_157_layer10_attn_softmax_baseline_metrics.csv
bert_bert-7b-proxy_001_layer00_attn_q_baseline,bert_bert-7b-proxy_157_layer11_attn_v_baseline,400latency_llmop_bert_bert-7b-proxy_001_layer00_attn_q_baseline_metrics.csv,400latency_llmop_bert_bert-7b-proxy_157_layer11_attn_v_baseline_metrics.csv
bert_bert-7b-proxy_005_layer00_attn_softmax_pasta,gpt_gpt-7b_157_layer10_attn_softmax_pasta,400latency_llmop_bert_bert-7b-proxy_005_layer00_attn_softmax_pasta_metrics.csv,400latency_llmop_gpt_gpt-7b_157_layer10_attn_softmax_pasta_metrics.csv
bert_bert-7b-proxy_001_layer00_attn_q_pasta,bert_bert-7b-proxy_157_layer11_attn_v_pasta,400latency_llmop_bert_bert-7b-proxy_001_layer00_attn_q_pasta_metrics.csv,400latency_llmop_bert_bert-7b-proxy_157_layer11_attn_v_pasta_metrics.csv
bert_bert-7b-proxy_006_layer00_attn_value_baseline,gpt_gpt-7b_158_layer10_attn_value_baseline,400latency_llmop_bert_bert-7b-proxy_006_layer00_attn_value_baseline_metrics.csv,400latency_llmop_gpt_gpt-7b_158_layer10_attn_value_baseline_metrics.csv
bert_bert-7b-proxy_004_layer00_attn_score_baseline,bert_bert-7b-proxy_158_layer11_attn_score_baseline,400latency_llmop_bert_bert-7b-proxy_004_layer00_attn_score_baseline_metrics.csv,400latency_llmop_bert_bert-7b-proxy_158_layer11_attn_score_baseline_metrics.csv
bert_bert-7b-proxy_006_layer00_attn_value_pasta,gpt_gpt-7b_158_layer10_attn_value_pasta,400latency_llmop_bert_bert-7b-proxy_006_layer00_attn_value_pasta_metrics.csv,400latency_llmop_gpt_gpt-7b_158_layer10_attn_value_pasta_metrics.csv
bert_bert-7b-proxy_004_layer00_attn_score_pasta,bert_bert-7b-proxy_158_layer11_attn_score_pasta,400latency_llmop_bert_bert-7b-proxy_004_layer00_attn_score_pasta_metrics.csv,400latency_llmop_bert_bert-7b-proxy_158_layer11_attn_score_pasta_metrics.csv
bert_bert-7b-proxy_001_layer00_attn_q_baseline,gpt_gpt-7b_159_layer10_attn_out_baseline,400latency_llmop_bert_bert-7b-proxy_001_layer00_attn_q_baseline_metrics.csv,400latency_llmop_gpt_gpt-7b_159_layer10_attn_out_baseline_metrics.csv
bert_bert-7b-proxy_005_layer00_attn_softmax_baseline,bert_bert-7b-proxy_159_layer11_attn_softmax_baseline,400latency_llmop_bert_bert-7b-proxy_005_layer00_attn_softmax_baseline_metrics.csv,400latency_llmop_bert_bert-7b-proxy_159_layer11_attn_softmax_baseline_metrics.csv
bert_bert-7b-proxy_001_layer00_attn_q_pasta,gpt_gpt-7b_159_layer10_attn_out_pasta,400latency_llmop_bert_bert-7b-proxy_001_layer00_attn_q_pasta_metrics.csv,400latency_llmop_gpt_gpt-7b_159_layer10_attn_out_pasta_metrics.csv
bert_bert-7b-proxy_005_layer00_attn_softmax_pasta,bert_bert-7b-proxy_159_layer11_attn_softmax_pasta,400latency_llmop_bert_bert-7b-proxy_005_layer00_attn_softmax_pasta_metrics.csv,400latency_llmop_bert_bert-7b-proxy_159_layer11_attn_softmax_pasta_metrics.csv
bert_bert-7b-proxy_008_layer00_attn_residual_baseline,gpt_gpt-7b_160_layer10_attn_residual_baseline,400latency_llmop_bert_bert-7b-proxy_008_layer00_attn_residual_baseline_metrics.csv,400latency_llmop_gpt_gpt-7b_160_layer10_attn_residual_baseline_metrics.csv
bert_bert-7b-proxy_006_layer00_attn_value_baseline,bert_bert-7b-proxy_160_layer11_attn_value_baseline,400latency_llmop_bert_bert-7b-proxy_006_layer00_attn_value_baseline_metrics.csv,400latency_llmop_bert_bert-7b-proxy_160_layer11_attn_value_baseline_metrics.csv
bert_bert-7b-proxy_008_layer00_attn_residual_pasta,gpt_gpt-7b_160_layer10_attn_residual_pasta,400latency_llmop_bert_bert-7b-proxy_008_layer00_attn_residual_pasta_metrics.csv,400latency_llmop_gpt_gpt-7b_160_layer10_attn_residual_pasta_metrics.csv
bert_bert-7b-proxy_006_layer00_attn_value_pasta,bert_bert-7b-proxy_160_layer11_attn_value_pasta,400latency_llmop_bert_bert-7b-proxy_006_layer00_attn_value_pasta_metrics.csv,400latency_llmop_bert_bert-7b-proxy_160_layer11_attn_value_pasta_metrics.csv
gpt_gpt-7b_001_layer00_norm1_baseline,gpt_gpt-7b_161_layer10_norm2_baseline,400latency_llmop_gpt_gpt-7b_001_layer00_norm1_baseline_metrics.csv,400latency_llmop_gpt_gpt-7b_161_layer10_norm2_baseline_metrics.csv
bert_bert-7b-proxy_001_layer00_attn_q_baseline,bert_bert-7b-proxy_161_layer11_attn_out_baseline,400latency_llmop_bert_bert-7b-proxy_001_layer00_attn_q_baseline_metrics.csv,400latency_llmop_bert_bert-7b-proxy_161_layer11_attn_out_baseline_metrics.csv
gpt_gpt-7b_001_layer00_norm1_pasta,gpt_gpt-7b_161_layer10_norm2_pasta,400latency_llmop_gpt_gpt-7b_001_layer00_norm1_pasta_metrics.csv,400latency_llmop_gpt_gpt-7b_161_layer10_norm2_pasta_metrics.csv
bert_bert-7b-proxy_001_layer00_attn_q_pasta,bert_bert-7b-proxy_161_layer11_attn_out_pasta,400latency_llmop_bert_bert-7b-proxy_001_layer00_attn_q_pasta_metrics.csv,400latency_llmop_bert_bert-7b-proxy_161_layer11_attn_out_pasta_metrics.csv
bert_bert-7b-proxy_010_layer00_mlp_fc1_baseline,gpt_gpt-7b_162_layer10_mlp_fc1_baseline,400latency_llmop_bert_bert-7b-proxy_010_layer00_mlp_fc1_baseline_metrics.csv,400latency_llmop_gpt_gpt-7b_162_layer10_mlp_fc1_baseline_metrics.csv
bert_bert-7b-proxy_008_layer00_attn_residual_baseline,bert_bert-7b-proxy_162_layer11_attn_residual_baseline,400latency_llmop_bert_bert-7b-proxy_008_layer00_attn_residual_baseline_metrics.csv,400latency_llmop_bert_bert-7b-proxy_162_layer11_attn_residual_baseline_metrics.csv
bert_bert-7b-proxy_010_layer00_mlp_fc1_pasta,gpt_gpt-7b_162_layer10_mlp_fc1_pasta,400latency_llmop_bert_bert-7b-proxy_010_layer00_mlp_fc1_pasta_metrics.csv,400latency_llmop_gpt_gpt-7b_162_layer10_mlp_fc1_pasta_metrics.csv
bert_bert-7b-proxy_008_layer00_attn_residual_pasta,bert_bert-7b-proxy_162_layer11_attn_residual_pasta,400latency_llmop_bert_bert-7b-proxy_008_layer00_attn_residual_pasta_metrics.csv,400latency_llmop_bert_bert-7b-proxy_162_layer11_attn_residual_pasta_metrics.csv
bert_bert-7b-proxy_011_layer00_mlp_gelu_baseline,gpt_gpt-7b_163_layer10_mlp_gelu_baseline,400latency_llmop_bert_bert-7b-proxy_011_layer00_mlp_gelu_baseline_metrics.csv,400latency_llmop_gpt_gpt-7b_163_layer10_mlp_gelu_baseline_metrics.csv
gpt_gpt-7b_001_layer00_norm1_baseline,bert_bert-7b-proxy_163_layer11_norm1_baseline,400latency_llmop_gpt_gpt-7b_001_layer00_norm1_baseline_metrics.csv,400latency_llmop_bert_bert-7b-proxy_163_layer11_norm1_baseline_metrics.csv
bert_bert-7b-proxy_011_layer00_mlp_gelu_pasta,gpt_gpt-7b_163_layer10_mlp_gelu_pasta,400latency_llmop_bert_bert-7b-proxy_011_layer00_mlp_gelu_pasta_metrics.csv,400latency_llmop_gpt_gpt-7b_163_layer10_mlp_gelu_pasta_metrics.csv
gpt_gpt-7b_001_layer00_norm1_pasta,bert_bert-7b-proxy_163_layer11_norm1_pasta,400latency_llmop_gpt_gpt-7b_001_layer00_norm1_pasta_metrics.csv,400latency_llmop_bert_bert-7b-proxy_163_layer11_norm1_pasta_metrics.csv
bert_bert-7b-proxy_012_layer00_mlp_fc2_baseline,gpt_gpt-7b_164_layer10_mlp_fc2_baseline,400latency_llmop_bert_bert-7b-proxy_012_layer00_mlp_fc2_baseline_metrics.csv,400latency_llmop_gpt_gpt-7b_164_layer10_mlp_fc2_baseline_metrics.csv
bert_bert-7b-proxy_010_layer00_mlp_fc1_baseline,bert_bert-7b-proxy_164_layer11_mlp_fc1_baseline,400latency_llmop_bert_bert-7b-proxy_010_layer00_mlp_fc1_baseline_metrics.csv,400latency_llmop_bert_bert-7b-proxy_164_layer11_mlp_fc1_baseline_metrics.csv
bert_bert-7b-proxy_012_layer00_mlp_fc2_pasta,gpt_gpt-7b_164_layer10_mlp_fc2_pasta,400latency_llmop_bert_bert-7b-proxy_012_layer00_mlp_fc2_pasta_metrics.csv,400latency_llmop_gpt_gpt-7b_164_layer10_mlp_fc2_pasta_metrics.csv
bert_bert-7b-proxy_010_layer00_mlp_fc1_pasta,bert_bert-7b-proxy_164_layer11_mlp_fc1_pasta,400latency_llmop_bert_bert-7b-proxy_010_layer00_mlp_fc1_pasta_metrics.csv,400latency_llmop_bert_bert-7b-proxy_164_layer11_mlp_fc1_pasta_metrics.csv
bert_bert-7b-proxy_008_layer00_attn_residual_baseline,gpt_gpt-7b_165_layer10_mlp_residual_baseline,400latency_llmop_bert_bert-7b-proxy_008_layer00_attn_residual_baseline_metrics.csv,400latency_llmop_gpt_gpt-7b_165_layer10_mlp_residual_baseline_metrics.csv
bert_bert-7b-proxy_011_layer00_mlp_gelu_baseline,bert_bert-7b-proxy_165_layer11_mlp_gelu_baseline,400latency_llmop_bert_bert-7b-proxy_011_layer00_mlp_gelu_baseline_metrics.csv,400latency_llmop_bert_bert-7b-proxy_165_layer11_mlp_gelu_baseline_metrics.csv
bert_bert-7b-proxy_008_layer00_attn_residual_pasta,gpt_gpt-7b_165_layer10_mlp_residual_pasta,400latency_llmop_bert_bert-7b-proxy_008_layer00_attn_residual_pasta_metrics.csv,400latency_llmop_gpt_gpt-7b_165_layer10_mlp_residual_pasta_metrics.csv
bert_bert-7b-proxy_011_layer00_mlp_gelu_pasta,bert_bert-7b-proxy_165_layer11_mlp_gelu_pasta,400latency_llmop_bert_bert-7b-proxy_011_layer00_mlp_gelu_pasta_metrics.csv,400latency_llmop_bert_bert-7b-proxy_165_layer11_mlp_gelu_pasta_metrics.csv
gpt_gpt-7b_001_layer00_norm1_baseline,gpt_gpt-7b_166_layer11_norm1_baseline,400latency_llmop_gpt_gpt-7b_001_layer00_norm1_baseline_metrics.csv,400latency_llmop_gpt_gpt-7b_166_layer11_norm1_baseline_metrics.csv
bert_bert-7b-proxy_012_layer00_mlp_fc2_baseline,bert_bert-7b-proxy_166_layer11_mlp_fc2_baseline,400latency_llmop_bert_bert-7b-proxy_012_layer00_mlp_fc2_baseline_metrics.csv,400latency_llmop_bert_bert-7b-proxy_166_layer11_mlp_fc2_baseline_metrics.csv
gpt_gpt-7b_001_layer00_norm1_pasta,gpt_gpt-7b_166_layer11_norm1_pasta,400latency_llmop_gpt_gpt-7b_001_layer00_norm1_pasta_metrics.csv,400latency_llmop_gpt_gpt-7b_166_layer11_norm1_pasta_metrics.csv
bert_bert-7b-proxy_012_layer00_mlp_fc2_pasta,bert_bert-7b-proxy_166_layer11_mlp_fc2_pasta,400latency_llmop_bert_bert-7b-proxy_012_layer00_mlp_fc2_pasta_metrics.csv,400latency_llmop_bert_bert-7b-proxy_166_layer11_mlp_fc2_pasta_metrics.csv
bert_bert-7b-proxy_001_layer00_attn_q_baseline,gpt_gpt-7b_167_layer11_attn_q_baseline,400latency_llmop_bert_bert-7b-proxy_001_layer00_attn_q_baseline_metrics.csv,400latency_llmop_gpt_gpt-7b_167_layer11_attn_q_baseline_metrics.csv
bert_bert-7b-proxy_008_layer00_attn_residual_baseline,bert_bert-7b-proxy_167_layer11_mlp_residual_baseline,400latency_llmop_bert_bert-7b-proxy_008_layer00_attn_residual_baseline_metrics.csv,400latency_llmop_bert_bert-7b-proxy_167_layer11_mlp_residual_baseline_metrics.csv
bert_bert-7b-proxy_001_layer00_attn_q_pasta,gpt_gpt-7b_167_layer11_attn_q_pasta,400latency_llmop_bert_bert-7b-proxy_001_layer00_attn_q_pasta_metrics.csv,400latency_llmop_gpt_gpt-7b_167_layer11_attn_q_pasta_metrics.csv
bert_bert-7b-proxy_008_layer00_attn_residual_pasta,bert_bert-7b-proxy_167_layer11_mlp_residual_pasta,400latency_llmop_bert_bert-7b-proxy_008_layer00_attn_residual_pasta_metrics.csv,400latency_llmop_bert_bert-7b-proxy_167_layer11_mlp_residual_pasta_metrics.csv
bert_bert-7b-proxy_001_layer00_attn_q_baseline,gpt_gpt-7b_168_layer11_attn_k_baseline,400latency_llmop_bert_bert-7b-proxy_001_layer00_attn_q_baseline_metrics.csv,400latency_llmop_gpt_gpt-7b_168_layer11_attn_k_baseline_metrics.csv
gpt_gpt-7b_001_layer00_norm1_baseline,bert_bert-7b-proxy_168_layer11_norm2_baseline,400latency_llmop_gpt_gpt-7b_001_layer00_norm1_baseline_metrics.csv,400latency_llmop_bert_bert-7b-proxy_168_layer11_norm2_baseline_metrics.csv
bert_bert-7b-proxy_001_layer00_attn_q_pasta,gpt_gpt-7b_168_layer11_attn_k_pasta,400latency_llmop_bert_bert-7b-proxy_001_layer00_attn_q_pasta_metrics.csv,400latency_llmop_gpt_gpt-7b_168_layer11_attn_k_pasta_metrics.csv
gpt_gpt-7b_001_layer00_norm1_pasta,bert_bert-7b-proxy_168_layer11_norm2_pasta,400latency_llmop_gpt_gpt-7b_001_layer00_norm1_pasta_metrics.csv,400latency_llmop_bert_bert-7b-proxy_168_layer11_norm2_pasta_metrics.csv
bert_bert-7b-proxy_001_layer00_attn_q_baseline,gpt_gpt-7b_169_layer11_attn_v_baseline,400latency_llmop_bert_bert-7b-proxy_001_layer00_attn_q_baseline_metrics.csv,400latency_llmop_gpt_gpt-7b_169_layer11_attn_v_baseline_metrics.csv
bert_bert-7b-proxy_001_layer00_attn_q_baseline,bert_bert-7b-proxy_169_layer12_attn_q_baseline,400latency_llmop_bert_bert-7b-proxy_001_layer00_attn_q_baseline_metrics.csv,400latency_llmop_bert_bert-7b-proxy_169_layer12_attn_q_baseline_metrics.csv
bert_bert-7b-proxy_001_layer00_attn_q_pasta,gpt_gpt-7b_169_layer11_attn_v_pasta,400latency_llmop_bert_bert-7b-proxy_001_layer00_attn_q_pasta_metrics.csv,400latency_llmop_gpt_gpt-7b_169_layer11_attn_v_pasta_metrics.csv
bert_bert-7b-proxy_001_layer00_attn_q_pasta,bert_bert-7b-proxy_169_layer12_attn_q_pasta,400latency_llmop_bert_bert-7b-proxy_001_layer00_attn_q_pasta_metrics.csv,400latency_llmop_bert_bert-7b-proxy_169_layer12_attn_q_pasta_metrics.csv
bert_bert-7b-proxy_004_layer00_attn_score_baseline,gpt_gpt-7b_170_layer11_attn_score_baseline,400latency_llmop_bert_bert-7b-proxy_004_layer00_attn_score_baseline_metrics.csv,400latency_llmop_gpt_gpt-7b_170_layer11_attn_score_baseline_metrics.csv
bert_bert-7b-proxy_001_layer00_attn_q_baseline,bert_bert-7b-proxy_170_layer12_attn_k_baseline,400latency_llmop_bert_bert-7b-proxy_001_layer00_attn_q_baseline_metrics.csv,400latency_llmop_bert_bert-7b-proxy_170_layer12_attn_k_baseline_metrics.csv
bert_bert-7b-proxy_004_layer00_attn_score_pasta,gpt_gpt-7b_170_layer11_attn_score_pasta,400latency_llmop_bert_bert-7b-proxy_004_layer00_attn_score_pasta_metrics.csv,400latency_llmop_gpt_gpt-7b_170_layer11_attn_score_pasta_metrics.csv
bert_bert-7b-proxy_001_layer00_attn_q_pasta,bert_bert-7b-proxy_170_layer12_attn_k_pasta,400latency_llmop_bert_bert-7b-proxy_001_layer00_attn_q_pasta_metrics.csv,400latency_llmop_bert_bert-7b-proxy_170_layer12_attn_k_pasta_metrics.csv
gpt_gpt-7b_006_layer00_causal_mask_baseline,gpt_gpt-7b_171_layer11_causal_mask_baseline,400latency_llmop_gpt_gpt-7b_006_layer00_causal_mask_baseline_metrics.csv,400latency_llmop_gpt_gpt-7b_171_layer11_causal_mask_baseline_metrics.csv
bert_bert-7b-proxy_001_layer00_attn_q_baseline,bert_bert-7b-proxy_171_layer12_attn_v_baseline,400latency_llmop_bert_bert-7b-proxy_001_layer00_attn_q_baseline_metrics.csv,400latency_llmop_bert_bert-7b-proxy_171_layer12_attn_v_baseline_metrics.csv
gpt_gpt-7b_006_layer00_causal_mask_pasta,gpt_gpt-7b_171_layer11_causal_mask_pasta,400latency_llmop_gpt_gpt-7b_006_layer00_causal_mask_pasta_metrics.csv,400latency_llmop_gpt_gpt-7b_171_layer11_causal_mask_pasta_metrics.csv
bert_bert-7b-proxy_001_layer00_attn_q_pasta,bert_bert-7b-proxy_171_layer12_attn_v_pasta,400latency_llmop_bert_bert-7b-proxy_001_layer00_attn_q_pasta_metrics.csv,400latency_llmop_bert_bert-7b-proxy_171_layer12_attn_v_pasta_metrics.csv
bert_bert-7b-proxy_005_layer00_attn_softmax_baseline,gpt_gpt-7b_172_layer11_attn_softmax_baseline,400latency_llmop_bert_bert-7b-proxy_005_layer00_attn_softmax_baseline_metrics.csv,400latency_llmop_gpt_gpt-7b_172_layer11_attn_softmax_baseline_metrics.csv
bert_bert-7b-proxy_004_layer00_attn_score_baseline,bert_bert-7b-proxy_172_layer12_attn_score_baseline,400latency_llmop_bert_bert-7b-proxy_004_layer00_attn_score_baseline_metrics.csv,400latency_llmop_bert_bert-7b-proxy_172_layer12_attn_score_baseline_metrics.csv
bert_bert-7b-proxy_005_layer00_attn_softmax_pasta,gpt_gpt-7b_172_layer11_attn_softmax_pasta,400latency_llmop_bert_bert-7b-proxy_005_layer00_attn_softmax_pasta_metrics.csv,400latency_llmop_gpt_gpt-7b_172_layer11_attn_softmax_pasta_metrics.csv
bert_bert-7b-proxy_004_layer00_attn_score_pasta,bert_bert-7b-proxy_172_layer12_attn_score_pasta,400latency_llmop_bert_bert-7b-proxy_004_layer00_attn_score_pasta_metrics.csv,400latency_llmop_bert_bert-7b-proxy_172_layer12_attn_score_pasta_metrics.csv
bert_bert-7b-proxy_006_layer00_attn_value_baseline,gpt_gpt-7b_173_layer11_attn_value_baseline,400latency_llmop_bert_bert-7b-proxy_006_layer00_attn_value_baseline_metrics.csv,400latency_llmop_gpt_gpt-7b_173_layer11_attn_value_baseline_metrics.csv
bert_bert-7b-proxy_005_layer00_attn_softmax_baseline,bert_bert-7b-proxy_173_layer12_attn_softmax_baseline,400latency_llmop_bert_bert-7b-proxy_005_layer00_attn_softmax_baseline_metrics.csv,400latency_llmop_bert_bert-7b-proxy_173_layer12_attn_softmax_baseline_metrics.csv
bert_bert-7b-proxy_006_layer00_attn_value_pasta,gpt_gpt-7b_173_layer11_attn_value_pasta,400latency_llmop_bert_bert-7b-proxy_006_layer00_attn_value_pasta_metrics.csv,400latency_llmop_gpt_gpt-7b_173_layer11_attn_value_pasta_metrics.csv
bert_bert-7b-proxy_005_layer00_attn_softmax_pasta,bert_bert-7b-proxy_173_layer12_attn_softmax_pasta,400latency_llmop_bert_bert-7b-proxy_005_layer00_attn_softmax_pasta_metrics.csv,400latency_llmop_bert_bert-7b-proxy_173_layer12_attn_softmax_pasta_metrics.csv
bert_bert-7b-proxy_001_layer00_attn_q_baseline,gpt_gpt-7b_174_layer11_attn_out_baseline,400latency_llmop_bert_bert-7b-proxy_001_layer00_attn_q_baseline_metrics.csv,400latency_llmop_gpt_gpt-7b_174_layer11_attn_out_baseline_metrics.csv
bert_bert-7b-proxy_006_layer00_attn_value_baseline,bert_bert-7b-proxy_174_layer12_attn_value_baseline,400latency_llmop_bert_bert-7b-proxy_006_layer00_attn_value_baseline_metrics.csv,400latency_llmop_bert_bert-7b-proxy_174_layer12_attn_value_baseline_metrics.csv
bert_bert-7b-proxy_001_layer00_attn_q_pasta,gpt_gpt-7b_174_layer11_attn_out_pasta,400latency_llmop_bert_bert-7b-proxy_001_layer00_attn_q_pasta_metrics.csv,400latency_llmop_gpt_gpt-7b_174_layer11_attn_out_pasta_metrics.csv
bert_bert-7b-proxy_006_layer00_attn_value_pasta,bert_bert-7b-proxy_174_layer12_attn_value_pasta,400latency_llmop_bert_bert-7b-proxy_006_layer00_attn_value_pasta_metrics.csv,400latency_llmop_bert_bert-7b-proxy_174_layer12_attn_value_pasta_metrics.csv
bert_bert-7b-proxy_008_layer00_attn_residual_baseline,gpt_gpt-7b_175_layer11_attn_residual_baseline,400latency_llmop_bert_bert-7b-proxy_008_layer00_attn_residual_baseline_metrics.csv,400latency_llmop_gpt_gpt-7b_175_layer11_attn_residual_baseline_metrics.csv
bert_bert-7b-proxy_001_layer00_attn_q_baseline,bert_bert-7b-proxy_175_layer12_attn_out_baseline,400latency_llmop_bert_bert-7b-proxy_001_layer00_attn_q_baseline_metrics.csv,400latency_llmop_bert_bert-7b-proxy_175_layer12_attn_out_baseline_metrics.csv
bert_bert-7b-proxy_008_layer00_attn_residual_pasta,gpt_gpt-7b_175_layer11_attn_residual_pasta,400latency_llmop_bert_bert-7b-proxy_008_layer00_attn_residual_pasta_metrics.csv,400latency_llmop_gpt_gpt-7b_175_layer11_attn_residual_pasta_metrics.csv
bert_bert-7b-proxy_001_layer00_attn_q_pasta,bert_bert-7b-proxy_175_layer12_attn_out_pasta,400latency_llmop_bert_bert-7b-proxy_001_layer00_attn_q_pasta_metrics.csv,400latency_llmop_bert_bert-7b-proxy_175_layer12_attn_out_pasta_metrics.csv
gpt_gpt-7b_001_layer00_norm1_baseline,gpt_gpt-7b_176_layer11_norm2_baseline,400latency_llmop_gpt_gpt-7b_001_layer00_norm1_baseline_metrics.csv,400latency_llmop_gpt_gpt-7b_176_layer11_norm2_baseline_metrics.csv
bert_bert-7b-proxy_008_layer00_attn_residual_baseline,bert_bert-7b-proxy_176_layer12_attn_residual_baseline,400latency_llmop_bert_bert-7b-proxy_008_layer00_attn_residual_baseline_metrics.csv,400latency_llmop_bert_bert-7b-proxy_176_layer12_attn_residual_baseline_metrics.csv
gpt_gpt-7b_001_layer00_norm1_pasta,gpt_gpt-7b_176_layer11_norm2_pasta,400latency_llmop_gpt_gpt-7b_001_layer00_norm1_pasta_metrics.csv,400latency_llmop_gpt_gpt-7b_176_layer11_norm2_pasta_metrics.csv
bert_bert-7b-proxy_008_layer00_attn_residual_pasta,bert_bert-7b-proxy_176_layer12_attn_residual_pasta,400latency_llmop_bert_bert-7b-proxy_008_layer00_attn_residual_pasta_metrics.csv,400latency_llmop_bert_bert-7b-proxy_176_layer12_attn_residual_pasta_metrics.csv
bert_bert-7b-proxy_010_layer00_mlp_fc1_baseline,gpt_gpt-7b_177_layer11_mlp_fc1_baseline,400latency_llmop_bert_bert-7b-proxy_010_layer00_mlp_fc1_baseline_metrics.csv,400latency_llmop_gpt_gpt-7b_177_layer11_mlp_fc1_baseline_metrics.csv
gpt_gpt-7b_001_layer00_norm1_baseline,bert_bert-7b-proxy_177_layer12_norm1_baseline,400latency_llmop_gpt_gpt-7b_001_layer00_norm1_baseline_metrics.csv,400latency_llmop_bert_bert-7b-proxy_177_layer12_norm1_baseline_metrics.csv
bert_bert-7b-proxy_010_layer00_mlp_fc1_pasta,gpt_gpt-7b_177_layer11_mlp_fc1_pasta,400latency_llmop_bert_bert-7b-proxy_010_layer00_mlp_fc1_pasta_metrics.csv,400latency_llmop_gpt_gpt-7b_177_layer11_mlp_fc1_pasta_metrics.csv
gpt_gpt-7b_001_layer00_norm1_pasta,bert_bert-7b-proxy_177_layer12_norm1_pasta,400latency_llmop_gpt_gpt-7b_001_layer00_norm1_pasta_metrics.csv,400latency_llmop_bert_bert-7b-proxy_177_layer12_norm1_pasta_metrics.csv
bert_bert-7b-proxy_011_layer00_mlp_gelu_baseline,gpt_gpt-7b_178_layer11_mlp_gelu_baseline,400latency_llmop_bert_bert-7b-proxy_011_layer00_mlp_gelu_baseline_metrics.csv,400latency_llmop_gpt_gpt-7b_178_layer11_mlp_gelu_baseline_metrics.csv
bert_bert-7b-proxy_010_layer00_mlp_fc1_baseline,bert_bert-7b-proxy_178_layer12_mlp_fc1_baseline,400latency_llmop_bert_bert-7b-proxy_010_layer00_mlp_fc1_baseline_metrics.csv,400latency_llmop_bert_bert-7b-proxy_178_layer12_mlp_fc1_baseline_metrics.csv
bert_bert-7b-proxy_011_layer00_mlp_gelu_pasta,gpt_gpt-7b_178_layer11_mlp_gelu_pasta,400latency_llmop_bert_bert-7b-proxy_011_layer00_mlp_gelu_pasta_metrics.csv,400latency_llmop_gpt_gpt-7b_178_layer11_mlp_gelu_pasta_metrics.csv
bert_bert-7b-proxy_010_layer00_mlp_fc1_pasta,bert_bert-7b-proxy_178_layer12_mlp_fc1_pasta,400latency_llmop_bert_bert-7b-proxy_010_layer00_mlp_fc1_pasta_metrics.csv,400latency_llmop_bert_bert-7b-proxy_178_layer12_mlp_fc1_pasta_metrics.csv
bert_bert-7b-proxy_012_layer00_mlp_fc2_baseline,gpt_gpt-7b_179_layer11_mlp_fc2_baseline,400latency_llmop_bert_bert-7b-proxy_012_layer00_mlp_fc2_baseline_metrics.csv,400latency_llmop_gpt_gpt-7b_179_layer11_mlp_fc2_baseline_metrics.csv
bert_bert-7b-proxy_011_layer00_mlp_gelu_baseline,bert_bert-7b-proxy_179_layer12_mlp_gelu_baseline,400latency_llmop_bert_bert-7b-proxy_011_layer00_mlp_gelu_baseline_metrics.csv,400latency_llmop_bert_bert-7b-proxy_179_layer12_mlp_gelu_baseline_metrics.csv
bert_bert-7b-proxy_012_layer00_mlp_fc2_pasta,gpt_gpt-7b_179_layer11_mlp_fc2_pasta,400latency_llmop_bert_bert-7b-proxy_012_layer00_mlp_fc2_pasta_metrics.csv,400latency_llmop_gpt_gpt-7b_179_layer11_mlp_fc2_pasta_metrics.csv
bert_bert-7b-proxy_011_layer00_mlp_gelu_pasta,bert_bert-7b-proxy_179_layer12_mlp_gelu_pasta,400latency_llmop_bert_bert-7b-proxy_011_layer00_mlp_gelu_pasta_metrics.csv,400latency_llmop_bert_bert-7b-proxy_179_layer12_mlp_gelu_pasta_metrics.csv
bert_bert-7b-proxy_008_layer00_attn_residual_baseline,gpt_gpt-7b_180_layer11_mlp_residual_baseline,400latency_llmop_bert_bert-7b-proxy_008_layer00_attn_residual_baseline_metrics.csv,400latency_llmop_gpt_gpt-7b_180_layer11_mlp_residual_baseline_metrics.csv
bert_bert-7b-proxy_012_layer00_mlp_fc2_baseline,bert_bert-7b-proxy_180_layer12_mlp_fc2_baseline,400latency_llmop_bert_bert-7b-proxy_012_layer00_mlp_fc2_baseline_metrics.csv,400latency_llmop_bert_bert-7b-proxy_180_layer12_mlp_fc2_baseline_metrics.csv
bert_bert-7b-proxy_008_layer00_attn_residual_pasta,gpt_gpt-7b_180_layer11_mlp_residual_pasta,400latency_llmop_bert_bert-7b-proxy_008_layer00_attn_residual_pasta_metrics.csv,400latency_llmop_gpt_gpt-7b_180_layer11_mlp_residual_pasta_metrics.csv
bert_bert-7b-proxy_012_layer00_mlp_fc2_pasta,bert_bert-7b-proxy_180_layer12_mlp_fc2_pasta,400latency_llmop_bert_bert-7b-proxy_012_layer00_mlp_fc2_pasta_metrics.csv,400latency_llmop_bert_bert-7b-proxy_180_layer12_mlp_fc2_pasta_metrics.csv
gpt_gpt-7b_001_layer00_norm1_baseline,gpt_gpt-7b_181_layer12_norm1_baseline,400latency_llmop_gpt_gpt-7b_001_layer00_norm1_baseline_metrics.csv,400latency_llmop_gpt_gpt-7b_181_layer12_norm1_baseline_metrics.csv
bert_bert-7b-proxy_008_layer00_attn_residual_baseline,bert_bert-7b-proxy_181_layer12_mlp_residual_baseline,400latency_llmop_bert_bert-7b-proxy_008_layer00_attn_residual_baseline_metrics.csv,400latency_llmop_bert_bert-7b-proxy_181_layer12_mlp_residual_baseline_metrics.csv
gpt_gpt-7b_001_layer00_norm1_pasta,gpt_gpt-7b_181_layer12_norm1_pasta,400latency_llmop_gpt_gpt-7b_001_layer00_norm1_pasta_metrics.csv,400latency_llmop_gpt_gpt-7b_181_layer12_norm1_pasta_metrics.csv
bert_bert-7b-proxy_008_layer00_attn_residual_pasta,bert_bert-7b-proxy_181_layer12_mlp_residual_pasta,400latency_llmop_bert_bert-7b-proxy_008_layer00_attn_residual_pasta_metrics.csv,400latency_llmop_bert_bert-7b-proxy_181_layer12_mlp_residual_pasta_metrics.csv
bert_bert-7b-proxy_001_layer00_attn_q_baseline,gpt_gpt-7b_182_layer12_attn_q_baseline,400latency_llmop_bert_bert-7b-proxy_001_layer00_attn_q_baseline_metrics.csv,400latency_llmop_gpt_gpt-7b_182_layer12_attn_q_baseline_metrics.csv
gpt_gpt-7b_001_layer00_norm1_baseline,bert_bert-7b-proxy_182_layer12_norm2_baseline,400latency_llmop_gpt_gpt-7b_001_layer00_norm1_baseline_metrics.csv,400latency_llmop_bert_bert-7b-proxy_182_layer12_norm2_baseline_metrics.csv
bert_bert-7b-proxy_001_layer00_attn_q_pasta,gpt_gpt-7b_182_layer12_attn_q_pasta,400latency_llmop_bert_bert-7b-proxy_001_layer00_attn_q_pasta_metrics.csv,400latency_llmop_gpt_gpt-7b_182_layer12_attn_q_pasta_metrics.csv
gpt_gpt-7b_001_layer00_norm1_pasta,bert_bert-7b-proxy_182_layer12_norm2_pasta,400latency_llmop_gpt_gpt-7b_001_layer00_norm1_pasta_metrics.csv,400latency_llmop_bert_bert-7b-proxy_182_layer12_norm2_pasta_metrics.csv
bert_bert-7b-proxy_001_layer00_attn_q_baseline,gpt_gpt-7b_183_layer12_attn_k_baseline,400latency_llmop_bert_bert-7b-proxy_001_layer00_attn_q_baseline_metrics.csv,400latency_llmop_gpt_gpt-7b_183_layer12_attn_k_baseline_metrics.csv
bert_bert-7b-proxy_001_layer00_attn_q_baseline,bert_bert-7b-proxy_183_layer13_attn_q_baseline,400latency_llmop_bert_bert-7b-proxy_001_layer00_attn_q_baseline_metrics.csv,400latency_llmop_bert_bert-7b-proxy_183_layer13_attn_q_baseline_metrics.csv
bert_bert-7b-proxy_001_layer00_attn_q_pasta,gpt_gpt-7b_183_layer12_attn_k_pasta,400latency_llmop_bert_bert-7b-proxy_001_layer00_attn_q_pasta_metrics.csv,400latency_llmop_gpt_gpt-7b_183_layer12_attn_k_pasta_metrics.csv
bert_bert-7b-proxy_001_layer00_attn_q_pasta,bert_bert-7b-proxy_183_layer13_attn_q_pasta,400latency_llmop_bert_bert-7b-proxy_001_layer00_attn_q_pasta_metrics.csv,400latency_llmop_bert_bert-7b-proxy_183_layer13_attn_q_pasta_metrics.csv
bert_bert-7b-proxy_001_layer00_attn_q_baseline,gpt_gpt-7b_184_layer12_attn_v_baseline,400latency_llmop_bert_bert-7b-proxy_001_layer00_attn_q_baseline_metrics.csv,400latency_llmop_gpt_gpt-7b_184_layer12_attn_v_baseline_metrics.csv
bert_bert-7b-proxy_001_layer00_attn_q_baseline,bert_bert-7b-proxy_184_layer13_attn_k_baseline,400latency_llmop_bert_bert-7b-proxy_001_layer00_attn_q_baseline_metrics.csv,400latency_llmop_bert_bert-7b-proxy_184_layer13_attn_k_baseline_metrics.csv
bert_bert-7b-proxy_001_layer00_attn_q_pasta,gpt_gpt-7b_184_layer12_attn_v_pasta,400latency_llmop_bert_bert-7b-proxy_001_layer00_attn_q_pasta_metrics.csv,400latency_llmop_gpt_gpt-7b_184_layer12_attn_v_pasta_metrics.csv
bert_bert-7b-proxy_001_layer00_attn_q_pasta,bert_bert-7b-proxy_184_layer13_attn_k_pasta,400latency_llmop_bert_bert-7b-proxy_001_layer00_attn_q_pasta_metrics.csv,400latency_llmop_bert_bert-7b-proxy_184_layer13_attn_k_pasta_metrics.csv
bert_bert-7b-proxy_004_layer00_attn_score_baseline,gpt_gpt-7b_185_layer12_attn_score_baseline,400latency_llmop_bert_bert-7b-proxy_004_layer00_attn_score_baseline_metrics.csv,400latency_llmop_gpt_gpt-7b_185_layer12_attn_score_baseline_metrics.csv
bert_bert-7b-proxy_001_layer00_attn_q_baseline,bert_bert-7b-proxy_185_layer13_attn_v_baseline,400latency_llmop_bert_bert-7b-proxy_001_layer00_attn_q_baseline_metrics.csv,400latency_llmop_bert_bert-7b-proxy_185_layer13_attn_v_baseline_metrics.csv
bert_bert-7b-proxy_004_layer00_attn_score_pasta,gpt_gpt-7b_185_layer12_attn_score_pasta,400latency_llmop_bert_bert-7b-proxy_004_layer00_attn_score_pasta_metrics.csv,400latency_llmop_gpt_gpt-7b_185_layer12_attn_score_pasta_metrics.csv
bert_bert-7b-proxy_001_layer00_attn_q_pasta,bert_bert-7b-proxy_185_layer13_attn_v_pasta,400latency_llmop_bert_bert-7b-proxy_001_layer00_attn_q_pasta_metrics.csv,400latency_llmop_bert_bert-7b-proxy_185_layer13_attn_v_pasta_metrics.csv
gpt_gpt-7b_006_layer00_causal_mask_baseline,gpt_gpt-7b_186_layer12_causal_mask_baseline,400latency_llmop_gpt_gpt-7b_006_layer00_causal_mask_baseline_metrics.csv,400latency_llmop_gpt_gpt-7b_186_layer12_causal_mask_baseline_metrics.csv
bert_bert-7b-proxy_004_layer00_attn_score_baseline,bert_bert-7b-proxy_186_layer13_attn_score_baseline,400latency_llmop_bert_bert-7b-proxy_004_layer00_attn_score_baseline_metrics.csv,400latency_llmop_bert_bert-7b-proxy_186_layer13_attn_score_baseline_metrics.csv
gpt_gpt-7b_006_layer00_causal_mask_pasta,gpt_gpt-7b_186_layer12_causal_mask_pasta,400latency_llmop_gpt_gpt-7b_006_layer00_causal_mask_pasta_metrics.csv,400latency_llmop_gpt_gpt-7b_186_layer12_causal_mask_pasta_metrics.csv
bert_bert-7b-proxy_004_layer00_attn_score_pasta,bert_bert-7b-proxy_186_layer13_attn_score_pasta,400latency_llmop_bert_bert-7b-proxy_004_layer00_attn_score_pasta_metrics.csv,400latency_llmop_bert_bert-7b-proxy_186_layer13_attn_score_pasta_metrics.csv
bert_bert-7b-proxy_005_layer00_attn_softmax_baseline,gpt_gpt-7b_187_layer12_attn_softmax_baseline,400latency_llmop_bert_bert-7b-proxy_005_layer00_attn_softmax_baseline_metrics.csv,400latency_llmop_gpt_gpt-7b_187_layer12_attn_softmax_baseline_metrics.csv
bert_bert-7b-proxy_005_layer00_attn_softmax_baseline,bert_bert-7b-proxy_187_layer13_attn_softmax_baseline,400latency_llmop_bert_bert-7b-proxy_005_layer00_attn_softmax_baseline_metrics.csv,400latency_llmop_bert_bert-7b-proxy_187_layer13_attn_softmax_baseline_metrics.csv
bert_bert-7b-proxy_005_layer00_attn_softmax_pasta,gpt_gpt-7b_187_layer12_attn_softmax_pasta,400latency_llmop_bert_bert-7b-proxy_005_layer00_attn_softmax_pasta_metrics.csv,400latency_llmop_gpt_gpt-7b_187_layer12_attn_softmax_pasta_metrics.csv
bert_bert-7b-proxy_005_layer00_attn_softmax_pasta,bert_bert-7b-proxy_187_layer13_attn_softmax_pasta,400latency_llmop_bert_bert-7b-proxy_005_layer00_attn_softmax_pasta_metrics.csv,400latency_llmop_bert_bert-7b-proxy_187_layer13_attn_softmax_pasta_metrics.csv
bert_bert-7b-proxy_006_layer00_attn_value_baseline,gpt_gpt-7b_188_layer12_attn_value_baseline,400latency_llmop_bert_bert-7b-proxy_006_layer00_attn_value_baseline_metrics.csv,400latency_llmop_gpt_gpt-7b_188_layer12_attn_value_baseline_metrics.csv
bert_bert-7b-proxy_006_layer00_attn_value_baseline,bert_bert-7b-proxy_188_layer13_attn_value_baseline,400latency_llmop_bert_bert-7b-proxy_006_layer00_attn_value_baseline_metrics.csv,400latency_llmop_bert_bert-7b-proxy_188_layer13_attn_value_baseline_metrics.csv
bert_bert-7b-proxy_006_layer00_attn_value_pasta,gpt_gpt-7b_188_layer12_attn_value_pasta,400latency_llmop_bert_bert-7b-proxy_006_layer00_attn_value_pasta_metrics.csv,400latency_llmop_gpt_gpt-7b_188_layer12_attn_value_pasta_metrics.csv
bert_bert-7b-proxy_006_layer00_attn_value_pasta,bert_bert-7b-proxy_188_layer13_attn_value_pasta,400latency_llmop_bert_bert-7b-proxy_006_layer00_attn_value_pasta_metrics.csv,400latency_llmop_bert_bert-7b-proxy_188_layer13_attn_value_pasta_metrics.csv
bert_bert-7b-proxy_001_layer00_attn_q_baseline,gpt_gpt-7b_189_layer12_attn_out_baseline,400latency_llmop_bert_bert-7b-proxy_001_layer00_attn_q_baseline_metrics.csv,400latency_llmop_gpt_gpt-7b_189_layer12_attn_out_baseline_metrics.csv
bert_bert-7b-proxy_001_layer00_attn_q_baseline,bert_bert-7b-proxy_189_layer13_attn_out_baseline,400latency_llmop_bert_bert-7b-proxy_001_layer00_attn_q_baseline_metrics.csv,400latency_llmop_bert_bert-7b-proxy_189_layer13_attn_out_baseline_metrics.csv
bert_bert-7b-proxy_001_layer00_attn_q_pasta,gpt_gpt-7b_189_layer12_attn_out_pasta,400latency_llmop_bert_bert-7b-proxy_001_layer00_attn_q_pasta_metrics.csv,400latency_llmop_gpt_gpt-7b_189_layer12_attn_out_pasta_metrics.csv
bert_bert-7b-proxy_001_layer00_attn_q_pasta,bert_bert-7b-proxy_189_layer13_attn_out_pasta,400latency_llmop_bert_bert-7b-proxy_001_layer00_attn_q_pasta_metrics.csv,400latency_llmop_bert_bert-7b-proxy_189_layer13_attn_out_pasta_metrics.csv
bert_bert-7b-proxy_008_layer00_attn_residual_baseline,gpt_gpt-7b_190_layer12_attn_residual_baseline,400latency_llmop_bert_bert-7b-proxy_008_layer00_attn_residual_baseline_metrics.csv,400latency_llmop_gpt_gpt-7b_190_layer12_attn_residual_baseline_metrics.csv
bert_bert-7b-proxy_008_layer00_attn_residual_baseline,bert_bert-7b-proxy_190_layer13_attn_residual_baseline,400latency_llmop_bert_bert-7b-proxy_008_layer00_attn_residual_baseline_metrics.csv,400latency_llmop_bert_bert-7b-proxy_190_layer13_attn_residual_baseline_metrics.csv
bert_bert-7b-proxy_008_layer00_attn_residual_pasta,gpt_gpt-7b_190_layer12_attn_residual_pasta,400latency_llmop_bert_bert-7b-proxy_008_layer00_attn_residual_pasta_metrics.csv,400latency_llmop_gpt_gpt-7b_190_layer12_attn_residual_pasta_metrics.csv
bert_bert-7b-proxy_008_layer00_attn_residual_pasta,bert_bert-7b-proxy_190_layer13_attn_residual_pasta,400latency_llmop_bert_bert-7b-proxy_008_layer00_attn_residual_pasta_metrics.csv,400latency_llmop_bert_bert-7b-proxy_190_layer13_attn_residual_pasta_metrics.csv
gpt_gpt-7b_001_layer00_norm1_baseline,gpt_gpt-7b_191_layer12_norm2_baseline,400latency_llmop_gpt_gpt-7b_001_layer00_norm1_baseline_metrics.csv,400latency_llmop_gpt_gpt-7b_191_layer12_norm2_baseline_metrics.csv
gpt_gpt-7b_001_layer00_norm1_baseline,bert_bert-7b-proxy_191_layer13_norm1_baseline,400latency_llmop_gpt_gpt-7b_001_layer00_norm1_baseline_metrics.csv,400latency_llmop_bert_bert-7b-proxy_191_layer13_norm1_baseline_metrics.csv
gpt_gpt-7b_001_layer00_norm1_pasta,gpt_gpt-7b_191_layer12_norm2_pasta,400latency_llmop_gpt_gpt-7b_001_layer00_norm1_pasta_metrics.csv,400latency_llmop_gpt_gpt-7b_191_layer12_norm2_pasta_metrics.csv
gpt_gpt-7b_001_layer00_norm1_pasta,bert_bert-7b-proxy_191_layer13_norm1_pasta,400latency_llmop_gpt_gpt-7b_001_layer00_norm1_pasta_metrics.csv,400latency_llmop_bert_bert-7b-proxy_191_layer13_norm1_pasta_metrics.csv
bert_bert-7b-proxy_010_layer00_mlp_fc1_baseline,gpt_gpt-7b_192_layer12_mlp_fc1_baseline,400latency_llmop_bert_bert-7b-proxy_010_layer00_mlp_fc1_baseline_metrics.csv,400latency_llmop_gpt_gpt-7b_192_layer12_mlp_fc1_baseline_metrics.csv
bert_bert-7b-proxy_010_layer00_mlp_fc1_baseline,bert_bert-7b-proxy_192_layer13_mlp_fc1_baseline,400latency_llmop_bert_bert-7b-proxy_010_layer00_mlp_fc1_baseline_metrics.csv,400latency_llmop_bert_bert-7b-proxy_192_layer13_mlp_fc1_baseline_metrics.csv
bert_bert-7b-proxy_010_layer00_mlp_fc1_pasta,gpt_gpt-7b_192_layer12_mlp_fc1_pasta,400latency_llmop_bert_bert-7b-proxy_010_layer00_mlp_fc1_pasta_metrics.csv,400latency_llmop_gpt_gpt-7b_192_layer12_mlp_fc1_pasta_metrics.csv
bert_bert-7b-proxy_010_layer00_mlp_fc1_pasta,bert_bert-7b-proxy_192_layer13_mlp_fc1_pasta,400latency_llmop_bert_bert-7b-proxy_010_layer00_mlp_fc1_pasta_metrics.csv,400latency_llmop_bert_bert-7b-proxy_192_layer13_mlp_fc1_pasta_metrics.csv
bert_bert-7b-proxy_011_layer00_mlp_gelu_baseline,gpt_gpt-7b_193_layer12_mlp_gelu_baseline,400latency_llmop_bert_bert-7b-proxy_011_layer00_mlp_gelu_baseline_metrics.csv,400latency_llmop_gpt_gpt-7b_193_layer12_mlp_gelu_baseline_metrics.csv
bert_bert-7b-proxy_011_layer00_mlp_gelu_baseline,bert_bert-7b-proxy_193_layer13_mlp_gelu_baseline,400latency_llmop_bert_bert-7b-proxy_011_layer00_mlp_gelu_baseline_metrics.csv,400latency_llmop_bert_bert-7b-proxy_193_layer13_mlp_gelu_baseline_metrics.csv
bert_bert-7b-proxy_011_layer00_mlp_gelu_pasta,gpt_gpt-7b_193_layer12_mlp_gelu_pasta,400latency_llmop_bert_bert-7b-proxy_011_layer00_mlp_gelu_pasta_metrics.csv,400latency_llmop_gpt_gpt-7b_193_layer12_mlp_gelu_pasta_metrics.csv
bert_bert-7b-proxy_011_layer00_mlp_gelu_pasta,bert_bert-7b-proxy_193_layer13_mlp_gelu_pasta,400latency_llmop_bert_bert-7b-proxy_011_layer00_mlp_gelu_pasta_metrics.csv,400latency_llmop_bert_bert-7b-proxy_193_layer13_mlp_gelu_pasta_metrics.csv
bert_bert-7b-proxy_012_layer00_mlp_fc2_baseline,gpt_gpt-7b_194_layer12_mlp_fc2_baseline,400latency_llmop_bert_bert-7b-proxy_012_layer00_mlp_fc2_baseline_metrics.csv,400latency_llmop_gpt_gpt-7b_194_layer12_mlp_fc2_baseline_metrics.csv
bert_bert-7b-proxy_012_layer00_mlp_fc2_baseline,bert_bert-7b-proxy_194_layer13_mlp_fc2_baseline,400latency_llmop_bert_bert-7b-proxy_012_layer00_mlp_fc2_baseline_metrics.csv,400latency_llmop_bert_bert-7b-proxy_194_layer13_mlp_fc2_baseline_metrics.csv
bert_bert-7b-proxy_012_layer00_mlp_fc2_pasta,gpt_gpt-7b_194_layer12_mlp_fc2_pasta,400latency_llmop_bert_bert-7b-proxy_012_layer00_mlp_fc2_pasta_metrics.csv,400latency_llmop_gpt_gpt-7b_194_layer12_mlp_fc2_pasta_metrics.csv
bert_bert-7b-proxy_012_layer00_mlp_fc2_pasta,bert_bert-7b-proxy_194_layer13_mlp_fc2_pasta,400latency_llmop_bert_bert-7b-proxy_012_layer00_mlp_fc2_pasta_metrics.csv,400latency_llmop_bert_bert-7b-proxy_194_layer13_mlp_fc2_pasta_metrics.csv
bert_bert-7b-proxy_008_layer00_attn_residual_baseline,gpt_gpt-7b_195_layer12_mlp_residual_baseline,400latency_llmop_bert_bert-7b-proxy_008_layer00_attn_residual_baseline_metrics.csv,400latency_llmop_gpt_gpt-7b_195_layer12_mlp_residual_baseline_metrics.csv
bert_bert-7b-proxy_008_layer00_attn_residual_baseline,bert_bert-7b-proxy_195_layer13_mlp_residual_baseline,400latency_llmop_bert_bert-7b-proxy_008_layer00_attn_residual_baseline_metrics.csv,400latency_llmop_bert_bert-7b-proxy_195_layer13_mlp_residual_baseline_metrics.csv
bert_bert-7b-proxy_008_layer00_attn_residual_pasta,gpt_gpt-7b_195_layer12_mlp_residual_pasta,400latency_llmop_bert_bert-7b-proxy_008_layer00_attn_residual_pasta_metrics.csv,400latency_llmop_gpt_gpt-7b_195_layer12_mlp_residual_pasta_metrics.csv
bert_bert-7b-proxy_008_layer00_attn_residual_pasta,bert_bert-7b-proxy_195_layer13_mlp_residual_pasta,400latency_llmop_bert_bert-7b-proxy_008_layer00_attn_residual_pasta_metrics.csv,400latency_llmop_bert_bert-7b-proxy_195_layer13_mlp_residual_pasta_metrics.csv
gpt_gpt-7b_001_layer00_norm1_baseline,gpt_gpt-7b_196_layer13_norm1_baseline,400latency_llmop_gpt_gpt-7b_001_layer00_norm1_baseline_metrics.csv,400latency_llmop_gpt_gpt-7b_196_layer13_norm1_baseline_metrics.csv
gpt_gpt-7b_001_layer00_norm1_baseline,bert_bert-7b-proxy_196_layer13_norm2_baseline,400latency_llmop_gpt_gpt-7b_001_layer00_norm1_baseline_metrics.csv,400latency_llmop_bert_bert-7b-proxy_196_layer13_norm2_baseline_metrics.csv
gpt_gpt-7b_001_layer00_norm1_pasta,gpt_gpt-7b_196_layer13_norm1_pasta,400latency_llmop_gpt_gpt-7b_001_layer00_norm1_pasta_metrics.csv,400latency_llmop_gpt_gpt-7b_196_layer13_norm1_pasta_metrics.csv
gpt_gpt-7b_001_layer00_norm1_pasta,bert_bert-7b-proxy_196_layer13_norm2_pasta,400latency_llmop_gpt_gpt-7b_001_layer00_norm1_pasta_metrics.csv,400latency_llmop_bert_bert-7b-proxy_196_layer13_norm2_pasta_metrics.csv
bert_bert-7b-proxy_001_layer00_attn_q_baseline,gpt_gpt-7b_197_layer13_attn_q_baseline,400latency_llmop_bert_bert-7b-proxy_001_layer00_attn_q_baseline_metrics.csv,400latency_llmop_gpt_gpt-7b_197_layer13_attn_q_baseline_metrics.csv
bert_bert-7b-proxy_001_layer00_attn_q_baseline,bert_bert-7b-proxy_197_layer14_attn_q_baseline,400latency_llmop_bert_bert-7b-proxy_001_layer00_attn_q_baseline_metrics.csv,400latency_llmop_bert_bert-7b-proxy_197_layer14_attn_q_baseline_metrics.csv
bert_bert-7b-proxy_001_layer00_attn_q_pasta,gpt_gpt-7b_197_layer13_attn_q_pasta,400latency_llmop_bert_bert-7b-proxy_001_layer00_attn_q_pasta_metrics.csv,400latency_llmop_gpt_gpt-7b_197_layer13_attn_q_pasta_metrics.csv
bert_bert-7b-proxy_001_layer00_attn_q_pasta,bert_bert-7b-proxy_197_layer14_attn_q_pasta,400latency_llmop_bert_bert-7b-proxy_001_layer00_attn_q_pasta_metrics.csv,400latency_llmop_bert_bert-7b-proxy_197_layer14_attn_q_pasta_metrics.csv
bert_bert-7b-proxy_001_layer00_attn_q_baseline,gpt_gpt-7b_198_layer13_attn_k_baseline,400latency_llmop_bert_bert-7b-proxy_001_layer00_attn_q_baseline_metrics.csv,400latency_llmop_gpt_gpt-7b_198_layer13_attn_k_baseline_metrics.csv
bert_bert-7b-proxy_001_layer00_attn_q_baseline,bert_bert-7b-proxy_198_layer14_attn_k_baseline,400latency_llmop_bert_bert-7b-proxy_001_layer00_attn_q_baseline_metrics.csv,400latency_llmop_bert_bert-7b-proxy_198_layer14_attn_k_baseline_metrics.csv
bert_bert-7b-proxy_001_layer00_attn_q_pasta,gpt_gpt-7b_198_layer13_attn_k_pasta,400latency_llmop_bert_bert-7b-proxy_001_layer00_attn_q_pasta_metrics.csv,400latency_llmop_gpt_gpt-7b_198_layer13_attn_k_pasta_metrics.csv
bert_bert-7b-proxy_001_layer00_attn_q_pasta,bert_bert-7b-proxy_198_layer14_attn_k_pasta,400latency_llmop_bert_bert-7b-proxy_001_layer00_attn_q_pasta_metrics.csv,400latency_llmop_bert_bert-7b-proxy_198_layer14_attn_k_pasta_metrics.csv
bert_bert-7b-proxy_001_layer00_attn_q_baseline,gpt_gpt-7b_199_layer13_attn_v_baseline,400latency_llmop_bert_bert-7b-proxy_001_layer00_attn_q_baseline_metrics.csv,400latency_llmop_gpt_gpt-7b_199_layer13_attn_v_baseline_metrics.csv
bert_bert-7b-proxy_001_layer00_attn_q_baseline,bert_bert-7b-proxy_199_layer14_attn_v_baseline,400latency_llmop_bert_bert-7b-proxy_001_layer00_attn_q_baseline_metrics.csv,400latency_llmop_bert_bert-7b-proxy_199_layer14_attn_v_baseline_metrics.csv
bert_bert-7b-proxy_001_layer00_attn_q_pasta,gpt_gpt-7b_199_layer13_attn_v_pasta,400latency_llmop_bert_bert-7b-proxy_001_layer00_attn_q_pasta_metrics.csv,400latency_llmop_gpt_gpt-7b_199_layer13_attn_v_pasta_metrics.csv
bert_bert-7b-proxy_001_layer00_attn_q_pasta,bert_bert-7b-proxy_199_layer14_attn_v_pasta,400latency_llmop_bert_bert-7b-proxy_001_layer00_attn_q_pasta_metrics.csv,400latency_llmop_bert_bert-7b-proxy_199_layer14_attn_v_pasta_metrics.csv
bert_bert-7b-proxy_004_layer00_attn_score_baseline,gpt_gpt-7b_200_layer13_attn_score_baseline,400latency_llmop_bert_bert-7b-proxy_004_layer00_attn_score_baseline_metrics.csv,400latency_llmop_gpt_gpt-7b_200_layer13_attn_score_baseline_metrics.csv
bert_bert-7b-proxy_004_layer00_attn_score_baseline,bert_bert-7b-proxy_200_layer14_attn_score_baseline,400latency_llmop_bert_bert-7b-proxy_004_layer00_attn_score_baseline_metrics.csv,400latency_llmop_bert_bert-7b-proxy_200_layer14_attn_score_baseline_metrics.csv
bert_bert-7b-proxy_004_layer00_attn_score_pasta,gpt_gpt-7b_200_layer13_attn_score_pasta,400latency_llmop_bert_bert-7b-proxy_004_layer00_attn_score_pasta_metrics.csv,400latency_llmop_gpt_gpt-7b_200_layer13_attn_score_pasta_metrics.csv
bert_bert-7b-proxy_004_layer00_attn_score_pasta,bert_bert-7b-proxy_200_layer14_attn_score_pasta,400latency_llmop_bert_bert-7b-proxy_004_layer00_attn_score_pasta_metrics.csv,400latency_llmop_bert_bert-7b-proxy_200_layer14_attn_score_pasta_metrics.csv
gpt_gpt-7b_006_layer00_causal_mask_baseline,gpt_gpt-7b_201_layer13_causal_mask_baseline,400latency_llmop_gpt_gpt-7b_006_layer00_causal_mask_baseline_metrics.csv,400latency_llmop_gpt_gpt-7b_201_layer13_causal_mask_baseline_metrics.csv
bert_bert-7b-proxy_005_layer00_attn_softmax_baseline,bert_bert-7b-proxy_201_layer14_attn_softmax_baseline,400latency_llmop_bert_bert-7b-proxy_005_layer00_attn_softmax_baseline_metrics.csv,400latency_llmop_bert_bert-7b-proxy_201_layer14_attn_softmax_baseline_metrics.csv
gpt_gpt-7b_006_layer00_causal_mask_pasta,gpt_gpt-7b_201_layer13_causal_mask_pasta,400latency_llmop_gpt_gpt-7b_006_layer00_causal_mask_pasta_metrics.csv,400latency_llmop_gpt_gpt-7b_201_layer13_causal_mask_pasta_metrics.csv
bert_bert-7b-proxy_005_layer00_attn_softmax_pasta,bert_bert-7b-proxy_201_layer14_attn_softmax_pasta,400latency_llmop_bert_bert-7b-proxy_005_layer00_attn_softmax_pasta_metrics.csv,400latency_llmop_bert_bert-7b-proxy_201_layer14_attn_softmax_pasta_metrics.csv
bert_bert-7b-proxy_005_layer00_attn_softmax_baseline,gpt_gpt-7b_202_layer13_attn_softmax_baseline,400latency_llmop_bert_bert-7b-proxy_005_layer00_attn_softmax_baseline_metrics.csv,400latency_llmop_gpt_gpt-7b_202_layer13_attn_softmax_baseline_metrics.csv
bert_bert-7b-proxy_006_layer00_attn_value_baseline,bert_bert-7b-proxy_202_layer14_attn_value_baseline,400latency_llmop_bert_bert-7b-proxy_006_layer00_attn_value_baseline_metrics.csv,400latency_llmop_bert_bert-7b-proxy_202_layer14_attn_value_baseline_metrics.csv
bert_bert-7b-proxy_005_layer00_attn_softmax_pasta,gpt_gpt-7b_202_layer13_attn_softmax_pasta,400latency_llmop_bert_bert-7b-proxy_005_layer00_attn_softmax_pasta_metrics.csv,400latency_llmop_gpt_gpt-7b_202_layer13_attn_softmax_pasta_metrics.csv
bert_bert-7b-proxy_006_layer00_attn_value_pasta,bert_bert-7b-proxy_202_layer14_attn_value_pasta,400latency_llmop_bert_bert-7b-proxy_006_layer00_attn_value_pasta_metrics.csv,400latency_llmop_bert_bert-7b-proxy_202_layer14_attn_value_pasta_metrics.csv
bert_bert-7b-proxy_006_layer00_attn_value_baseline,gpt_gpt-7b_203_layer13_attn_value_baseline,400latency_llmop_bert_bert-7b-proxy_006_layer00_attn_value_baseline_metrics.csv,400latency_llmop_gpt_gpt-7b_203_layer13_attn_value_baseline_metrics.csv
bert_bert-7b-proxy_001_layer00_attn_q_baseline,bert_bert-7b-proxy_203_layer14_attn_out_baseline,400latency_llmop_bert_bert-7b-proxy_001_layer00_attn_q_baseline_metrics.csv,400latency_llmop_bert_bert-7b-proxy_203_layer14_attn_out_baseline_metrics.csv
bert_bert-7b-proxy_006_layer00_attn_value_pasta,gpt_gpt-7b_203_layer13_attn_value_pasta,400latency_llmop_bert_bert-7b-proxy_006_layer00_attn_value_pasta_metrics.csv,400latency_llmop_gpt_gpt-7b_203_layer13_attn_value_pasta_metrics.csv
bert_bert-7b-proxy_001_layer00_attn_q_pasta,bert_bert-7b-proxy_203_layer14_attn_out_pasta,400latency_llmop_bert_bert-7b-proxy_001_layer00_attn_q_pasta_metrics.csv,400latency_llmop_bert_bert-7b-proxy_203_layer14_attn_out_pasta_metrics.csv
bert_bert-7b-proxy_001_layer00_attn_q_baseline,gpt_gpt-7b_204_layer13_attn_out_baseline,400latency_llmop_bert_bert-7b-proxy_001_layer00_attn_q_baseline_metrics.csv,400latency_llmop_gpt_gpt-7b_204_layer13_attn_out_baseline_metrics.csv
bert_bert-7b-proxy_008_layer00_attn_residual_baseline,bert_bert-7b-proxy_204_layer14_attn_residual_baseline,400latency_llmop_bert_bert-7b-proxy_008_layer00_attn_residual_baseline_metrics.csv,400latency_llmop_bert_bert-7b-proxy_204_layer14_attn_residual_baseline_metrics.csv
bert_bert-7b-proxy_001_layer00_attn_q_pasta,gpt_gpt-7b_204_layer13_attn_out_pasta,400latency_llmop_bert_bert-7b-proxy_001_layer00_attn_q_pasta_metrics.csv,400latency_llmop_gpt_gpt-7b_204_layer13_attn_out_pasta_metrics.csv
bert_bert-7b-proxy_008_layer00_attn_residual_pasta,bert_bert-7b-proxy_204_layer14_attn_residual_pasta,400latency_llmop_bert_bert-7b-proxy_008_layer00_attn_residual_pasta_metrics.csv,400latency_llmop_bert_bert-7b-proxy_204_layer14_attn_residual_pasta_metrics.csv
bert_bert-7b-proxy_008_layer00_attn_residual_baseline,gpt_gpt-7b_205_layer13_attn_residual_baseline,400latency_llmop_bert_bert-7b-proxy_008_layer00_attn_residual_baseline_metrics.csv,400latency_llmop_gpt_gpt-7b_205_layer13_attn_residual_baseline_metrics.csv
gpt_gpt-7b_001_layer00_norm1_baseline,bert_bert-7b-proxy_205_layer14_norm1_baseline,400latency_llmop_gpt_gpt-7b_001_layer00_norm1_baseline_metrics.csv,400latency_llmop_bert_bert-7b-proxy_205_layer14_norm1_baseline_metrics.csv
bert_bert-7b-proxy_008_layer00_attn_residual_pasta,gpt_gpt-7b_205_layer13_attn_residual_pasta,400latency_llmop_bert_bert-7b-proxy_008_layer00_attn_residual_pasta_metrics.csv,400latency_llmop_gpt_gpt-7b_205_layer13_attn_residual_pasta_metrics.csv
gpt_gpt-7b_001_layer00_norm1_pasta,bert_bert-7b-proxy_205_layer14_norm1_pasta,400latency_llmop_gpt_gpt-7b_001_layer00_norm1_pasta_metrics.csv,400latency_llmop_bert_bert-7b-proxy_205_layer14_norm1_pasta_metrics.csv
gpt_gpt-7b_001_layer00_norm1_baseline,gpt_gpt-7b_206_layer13_norm2_baseline,400latency_llmop_gpt_gpt-7b_001_layer00_norm1_baseline_metrics.csv,400latency_llmop_gpt_gpt-7b_206_layer13_norm2_baseline_metrics.csv
bert_bert-7b-proxy_010_layer00_mlp_fc1_baseline,bert_bert-7b-proxy_206_layer14_mlp_fc1_baseline,400latency_llmop_bert_bert-7b-proxy_010_layer00_mlp_fc1_baseline_metrics.csv,400latency_llmop_bert_bert-7b-proxy_206_layer14_mlp_fc1_baseline_metrics.csv
gpt_gpt-7b_001_layer00_norm1_pasta,gpt_gpt-7b_206_layer13_norm2_pasta,400latency_llmop_gpt_gpt-7b_001_layer00_norm1_pasta_metrics.csv,400latency_llmop_gpt_gpt-7b_206_layer13_norm2_pasta_metrics.csv
bert_bert-7b-proxy_010_layer00_mlp_fc1_pasta,bert_bert-7b-proxy_206_layer14_mlp_fc1_pasta,400latency_llmop_bert_bert-7b-proxy_010_layer00_mlp_fc1_pasta_metrics.csv,400latency_llmop_bert_bert-7b-proxy_206_layer14_mlp_fc1_pasta_metrics.csv
bert_bert-7b-proxy_010_layer00_mlp_fc1_baseline,gpt_gpt-7b_207_layer13_mlp_fc1_baseline,400latency_llmop_bert_bert-7b-proxy_010_layer00_mlp_fc1_baseline_metrics.csv,400latency_llmop_gpt_gpt-7b_207_layer13_mlp_fc1_baseline_metrics.csv
bert_bert-7b-proxy_011_layer00_mlp_gelu_baseline,bert_bert-7b-proxy_207_layer14_mlp_gelu_baseline,400latency_llmop_bert_bert-7b-proxy_011_layer00_mlp_gelu_baseline_metrics.csv,400latency_llmop_bert_bert-7b-proxy_207_layer14_mlp_gelu_baseline_metrics.csv
bert_bert-7b-proxy_010_layer00_mlp_fc1_pasta,gpt_gpt-7b_207_layer13_mlp_fc1_pasta,400latency_llmop_bert_bert-7b-proxy_010_layer00_mlp_fc1_pasta_metrics.csv,400latency_llmop_gpt_gpt-7b_207_layer13_mlp_fc1_pasta_metrics.csv
bert_bert-7b-proxy_011_layer00_mlp_gelu_pasta,bert_bert-7b-proxy_207_layer14_mlp_gelu_pasta,400latency_llmop_bert_bert-7b-proxy_011_layer00_mlp_gelu_pasta_metrics.csv,400latency_llmop_bert_bert-7b-proxy_207_layer14_mlp_gelu_pasta_metrics.csv
bert_bert-7b-proxy_011_layer00_mlp_gelu_baseline,gpt_gpt-7b_208_layer13_mlp_gelu_baseline,400latency_llmop_bert_bert-7b-proxy_011_layer00_mlp_gelu_baseline_metrics.csv,400latency_llmop_gpt_gpt-7b_208_layer13_mlp_gelu_baseline_metrics.csv
bert_bert-7b-proxy_012_layer00_mlp_fc2_baseline,bert_bert-7b-proxy_208_layer14_mlp_fc2_baseline,400latency_llmop_bert_bert-7b-proxy_012_layer00_mlp_fc2_baseline_metrics.csv,400latency_llmop_bert_bert-7b-proxy_208_layer14_mlp_fc2_baseline_metrics.csv
bert_bert-7b-proxy_011_layer00_mlp_gelu_pasta,gpt_gpt-7b_208_layer13_mlp_gelu_pasta,400latency_llmop_bert_bert-7b-proxy_011_layer00_mlp_gelu_pasta_metrics.csv,400latency_llmop_gpt_gpt-7b_208_layer13_mlp_gelu_pasta_metrics.csv
bert_bert-7b-proxy_012_layer00_mlp_fc2_pasta,bert_bert-7b-proxy_208_layer14_mlp_fc2_pasta,400latency_llmop_bert_bert-7b-proxy_012_layer00_mlp_fc2_pasta_metrics.csv,400latency_llmop_bert_bert-7b-proxy_208_layer14_mlp_fc2_pasta_metrics.csv
bert_bert-7b-proxy_012_layer00_mlp_fc2_baseline,gpt_gpt-7b_209_layer13_mlp_fc2_baseline,400latency_llmop_bert_bert-7b-proxy_012_layer00_mlp_fc2_baseline_metrics.csv,400latency_llmop_gpt_gpt-7b_209_layer13_mlp_fc2_baseline_metrics.csv
bert_bert-7b-proxy_008_layer00_attn_residual_baseline,bert_bert-7b-proxy_209_layer14_mlp_residual_baseline,400latency_llmop_bert_bert-7b-proxy_008_layer00_attn_residual_baseline_metrics.csv,400latency_llmop_bert_bert-7b-proxy_209_layer14_mlp_residual_baseline_metrics.csv
bert_bert-7b-proxy_012_layer00_mlp_fc2_pasta,gpt_gpt-7b_209_layer13_mlp_fc2_pasta,400latency_llmop_bert_bert-7b-proxy_012_layer00_mlp_fc2_pasta_metrics.csv,400latency_llmop_gpt_gpt-7b_209_layer13_mlp_fc2_pasta_metrics.csv
bert_bert-7b-proxy_008_layer00_attn_residual_pasta,bert_bert-7b-proxy_209_layer14_mlp_residual_pasta,400latency_llmop_bert_bert-7b-proxy_008_layer00_attn_residual_pasta_metrics.csv,400latency_llmop_bert_bert-7b-proxy_209_layer14_mlp_residual_pasta_metrics.csv
bert_bert-7b-proxy_008_layer00_attn_residual_baseline,gpt_gpt-7b_210_layer13_mlp_residual_baseline,400latency_llmop_bert_bert-7b-proxy_008_layer00_attn_residual_baseline_metrics.csv,400latency_llmop_gpt_gpt-7b_210_layer13_mlp_residual_baseline_metrics.csv
gpt_gpt-7b_001_layer00_norm1_baseline,bert_bert-7b-proxy_210_layer14_norm2_baseline,400latency_llmop_gpt_gpt-7b_001_layer00_norm1_baseline_metrics.csv,400latency_llmop_bert_bert-7b-proxy_210_layer14_norm2_baseline_metrics.csv
bert_bert-7b-proxy_008_layer00_attn_residual_pasta,gpt_gpt-7b_210_layer13_mlp_residual_pasta,400latency_llmop_bert_bert-7b-proxy_008_layer00_attn_residual_pasta_metrics.csv,400latency_llmop_gpt_gpt-7b_210_layer13_mlp_residual_pasta_metrics.csv
gpt_gpt-7b_001_layer00_norm1_pasta,bert_bert-7b-proxy_210_layer14_norm2_pasta,400latency_llmop_gpt_gpt-7b_001_layer00_norm1_pasta_metrics.csv,400latency_llmop_bert_bert-7b-proxy_210_layer14_norm2_pasta_metrics.csv
gpt_gpt-7b_001_layer00_norm1_baseline,gpt_gpt-7b_211_layer14_norm1_baseline,400latency_llmop_gpt_gpt-7b_001_layer00_norm1_baseline_metrics.csv,400latency_llmop_gpt_gpt-7b_211_layer14_norm1_baseline_metrics.csv
bert_bert-7b-proxy_001_layer00_attn_q_baseline,bert_bert-7b-proxy_211_layer15_attn_q_baseline,400latency_llmop_bert_bert-7b-proxy_001_layer00_attn_q_baseline_metrics.csv,400latency_llmop_bert_bert-7b-proxy_211_layer15_attn_q_baseline_metrics.csv
gpt_gpt-7b_001_layer00_norm1_pasta,gpt_gpt-7b_211_layer14_norm1_pasta,400latency_llmop_gpt_gpt-7b_001_layer00_norm1_pasta_metrics.csv,400latency_llmop_gpt_gpt-7b_211_layer14_norm1_pasta_metrics.csv
bert_bert-7b-proxy_001_layer00_attn_q_pasta,bert_bert-7b-proxy_211_layer15_attn_q_pasta,400latency_llmop_bert_bert-7b-proxy_001_layer00_attn_q_pasta_metrics.csv,400latency_llmop_bert_bert-7b-proxy_211_layer15_attn_q_pasta_metrics.csv
bert_bert-7b-proxy_001_layer00_attn_q_baseline,gpt_gpt-7b_212_layer14_attn_q_baseline,400latency_llmop_bert_bert-7b-proxy_001_layer00_attn_q_baseline_metrics.csv,400latency_llmop_gpt_gpt-7b_212_layer14_attn_q_baseline_metrics.csv
bert_bert-7b-proxy_001_layer00_attn_q_baseline,bert_bert-7b-proxy_212_layer15_attn_k_baseline,400latency_llmop_bert_bert-7b-proxy_001_layer00_attn_q_baseline_metrics.csv,400latency_llmop_bert_bert-7b-proxy_212_layer15_attn_k_baseline_metrics.csv
bert_bert-7b-proxy_001_layer00_attn_q_pasta,gpt_gpt-7b_212_layer14_attn_q_pasta,400latency_llmop_bert_bert-7b-proxy_001_layer00_attn_q_pasta_metrics.csv,400latency_llmop_gpt_gpt-7b_212_layer14_attn_q_pasta_metrics.csv
bert_bert-7b-proxy_001_layer00_attn_q_pasta,bert_bert-7b-proxy_212_layer15_attn_k_pasta,400latency_llmop_bert_bert-7b-proxy_001_layer00_attn_q_pasta_metrics.csv,400latency_llmop_bert_bert-7b-proxy_212_layer15_attn_k_pasta_metrics.csv
bert_bert-7b-proxy_001_layer00_attn_q_baseline,gpt_gpt-7b_213_layer14_attn_k_baseline,400latency_llmop_bert_bert-7b-proxy_001_layer00_attn_q_baseline_metrics.csv,400latency_llmop_gpt_gpt-7b_213_layer14_attn_k_baseline_metrics.csv
bert_bert-7b-proxy_001_layer00_attn_q_baseline,bert_bert-7b-proxy_213_layer15_attn_v_baseline,400latency_llmop_bert_bert-7b-proxy_001_layer00_attn_q_baseline_metrics.csv,400latency_llmop_bert_bert-7b-proxy_213_layer15_attn_v_baseline_metrics.csv
bert_bert-7b-proxy_001_layer00_attn_q_pasta,gpt_gpt-7b_213_layer14_attn_k_pasta,400latency_llmop_bert_bert-7b-proxy_001_layer00_attn_q_pasta_metrics.csv,400latency_llmop_gpt_gpt-7b_213_layer14_attn_k_pasta_metrics.csv
bert_bert-7b-proxy_001_layer00_attn_q_pasta,bert_bert-7b-proxy_213_layer15_attn_v_pasta,400latency_llmop_bert_bert-7b-proxy_001_layer00_attn_q_pasta_metrics.csv,400latency_llmop_bert_bert-7b-proxy_213_layer15_attn_v_pasta_metrics.csv
bert_bert-7b-proxy_001_layer00_attn_q_baseline,gpt_gpt-7b_214_layer14_attn_v_baseline,400latency_llmop_bert_bert-7b-proxy_001_layer00_attn_q_baseline_metrics.csv,400latency_llmop_gpt_gpt-7b_214_layer14_attn_v_baseline_metrics.csv
bert_bert-7b-proxy_004_layer00_attn_score_baseline,bert_bert-7b-proxy_214_layer15_attn_score_baseline,400latency_llmop_bert_bert-7b-proxy_004_layer00_attn_score_baseline_metrics.csv,400latency_llmop_bert_bert-7b-proxy_214_layer15_attn_score_baseline_metrics.csv
bert_bert-7b-proxy_001_layer00_attn_q_pasta,gpt_gpt-7b_214_layer14_attn_v_pasta,400latency_llmop_bert_bert-7b-proxy_001_layer00_attn_q_pasta_metrics.csv,400latency_llmop_gpt_gpt-7b_214_layer14_attn_v_pasta_metrics.csv
bert_bert-7b-proxy_004_layer00_attn_score_pasta,bert_bert-7b-proxy_214_layer15_attn_score_pasta,400latency_llmop_bert_bert-7b-proxy_004_layer00_attn_score_pasta_metrics.csv,400latency_llmop_bert_bert-7b-proxy_214_layer15_attn_score_pasta_metrics.csv
bert_bert-7b-proxy_004_layer00_attn_score_baseline,gpt_gpt-7b_215_layer14_attn_score_baseline,400latency_llmop_bert_bert-7b-proxy_004_layer00_attn_score_baseline_metrics.csv,400latency_llmop_gpt_gpt-7b_215_layer14_attn_score_baseline_metrics.csv
bert_bert-7b-proxy_005_layer00_attn_softmax_baseline,bert_bert-7b-proxy_215_layer15_attn_softmax_baseline,400latency_llmop_bert_bert-7b-proxy_005_layer00_attn_softmax_baseline_metrics.csv,400latency_llmop_bert_bert-7b-proxy_215_layer15_attn_softmax_baseline_metrics.csv
bert_bert-7b-proxy_004_layer00_attn_score_pasta,gpt_gpt-7b_215_layer14_attn_score_pasta,400latency_llmop_bert_bert-7b-proxy_004_layer00_attn_score_pasta_metrics.csv,400latency_llmop_gpt_gpt-7b_215_layer14_attn_score_pasta_metrics.csv
bert_bert-7b-proxy_005_layer00_attn_softmax_pasta,bert_bert-7b-proxy_215_layer15_attn_softmax_pasta,400latency_llmop_bert_bert-7b-proxy_005_layer00_attn_softmax_pasta_metrics.csv,400latency_llmop_bert_bert-7b-proxy_215_layer15_attn_softmax_pasta_metrics.csv
gpt_gpt-7b_006_layer00_causal_mask_baseline,gpt_gpt-7b_216_layer14_causal_mask_baseline,400latency_llmop_gpt_gpt-7b_006_layer00_causal_mask_baseline_metrics.csv,400latency_llmop_gpt_gpt-7b_216_layer14_causal_mask_baseline_metrics.csv
bert_bert-7b-proxy_006_layer00_attn_value_baseline,bert_bert-7b-proxy_216_layer15_attn_value_baseline,400latency_llmop_bert_bert-7b-proxy_006_layer00_attn_value_baseline_metrics.csv,400latency_llmop_bert_bert-7b-proxy_216_layer15_attn_value_baseline_metrics.csv
gpt_gpt-7b_006_layer00_causal_mask_pasta,gpt_gpt-7b_216_layer14_causal_mask_pasta,400latency_llmop_gpt_gpt-7b_006_layer00_causal_mask_pasta_metrics.csv,400latency_llmop_gpt_gpt-7b_216_layer14_causal_mask_pasta_metrics.csv
bert_bert-7b-proxy_006_layer00_attn_value_pasta,bert_bert-7b-proxy_216_layer15_attn_value_pasta,400latency_llmop_bert_bert-7b-proxy_006_layer00_attn_value_pasta_metrics.csv,400latency_llmop_bert_bert-7b-proxy_216_layer15_attn_value_pasta_metrics.csv
bert_bert-7b-proxy_005_layer00_attn_softmax_baseline,gpt_gpt-7b_217_layer14_attn_softmax_baseline,400latency_llmop_bert_bert-7b-proxy_005_layer00_attn_softmax_baseline_metrics.csv,400latency_llmop_gpt_gpt-7b_217_layer14_attn_softmax_baseline_metrics.csv
bert_bert-7b-proxy_001_layer00_attn_q_baseline,bert_bert-7b-proxy_217_layer15_attn_out_baseline,400latency_llmop_bert_bert-7b-proxy_001_layer00_attn_q_baseline_metrics.csv,400latency_llmop_bert_bert-7b-proxy_217_layer15_attn_out_baseline_metrics.csv
bert_bert-7b-proxy_005_layer00_attn_softmax_pasta,gpt_gpt-7b_217_layer14_attn_softmax_pasta,400latency_llmop_bert_bert-7b-proxy_005_layer00_attn_softmax_pasta_metrics.csv,400latency_llmop_gpt_gpt-7b_217_layer14_attn_softmax_pasta_metrics.csv
bert_bert-7b-proxy_001_layer00_attn_q_pasta,bert_bert-7b-proxy_217_layer15_attn_out_pasta,400latency_llmop_bert_bert-7b-proxy_001_layer00_attn_q_pasta_metrics.csv,400latency_llmop_bert_bert-7b-proxy_217_layer15_attn_out_pasta_metrics.csv
bert_bert-7b-proxy_006_layer00_attn_value_baseline,gpt_gpt-7b_218_layer14_attn_value_baseline,400latency_llmop_bert_bert-7b-proxy_006_layer00_attn_value_baseline_metrics.csv,400latency_llmop_gpt_gpt-7b_218_layer14_attn_value_baseline_metrics.csv
bert_bert-7b-proxy_008_layer00_attn_residual_baseline,bert_bert-7b-proxy_218_layer15_attn_residual_baseline,400latency_llmop_bert_bert-7b-proxy_008_layer00_attn_residual_baseline_metrics.csv,400latency_llmop_bert_bert-7b-proxy_218_layer15_attn_residual_baseline_metrics.csv
bert_bert-7b-proxy_006_layer00_attn_value_pasta,gpt_gpt-7b_218_layer14_attn_value_pasta,400latency_llmop_bert_bert-7b-proxy_006_layer00_attn_value_pasta_metrics.csv,400latency_llmop_gpt_gpt-7b_218_layer14_attn_value_pasta_metrics.csv
bert_bert-7b-proxy_008_layer00_attn_residual_pasta,bert_bert-7b-proxy_218_layer15_attn_residual_pasta,400latency_llmop_bert_bert-7b-proxy_008_layer00_attn_residual_pasta_metrics.csv,400latency_llmop_bert_bert-7b-proxy_218_layer15_attn_residual_pasta_metrics.csv
bert_bert-7b-proxy_001_layer00_attn_q_baseline,gpt_gpt-7b_219_layer14_attn_out_baseline,400latency_llmop_bert_bert-7b-proxy_001_layer00_attn_q_baseline_metrics.csv,400latency_llmop_gpt_gpt-7b_219_layer14_attn_out_baseline_metrics.csv
gpt_gpt-7b_001_layer00_norm1_baseline,bert_bert-7b-proxy_219_layer15_norm1_baseline,400latency_llmop_gpt_gpt-7b_001_layer00_norm1_baseline_metrics.csv,400latency_llmop_bert_bert-7b-proxy_219_layer15_norm1_baseline_metrics.csv
bert_bert-7b-proxy_001_layer00_attn_q_pasta,gpt_gpt-7b_219_layer14_attn_out_pasta,400latency_llmop_bert_bert-7b-proxy_001_layer00_attn_q_pasta_metrics.csv,400latency_llmop_gpt_gpt-7b_219_layer14_attn_out_pasta_metrics.csv
gpt_gpt-7b_001_layer00_norm1_pasta,bert_bert-7b-proxy_219_layer15_norm1_pasta,400latency_llmop_gpt_gpt-7b_001_layer00_norm1_pasta_metrics.csv,400latency_llmop_bert_bert-7b-proxy_219_layer15_norm1_pasta_metrics.csv
bert_bert-7b-proxy_008_layer00_attn_residual_baseline,gpt_gpt-7b_220_layer14_attn_residual_baseline,400latency_llmop_bert_bert-7b-proxy_008_layer00_attn_residual_baseline_metrics.csv,400latency_llmop_gpt_gpt-7b_220_layer14_attn_residual_baseline_metrics.csv
bert_bert-7b-proxy_010_layer00_mlp_fc1_baseline,bert_bert-7b-proxy_220_layer15_mlp_fc1_baseline,400latency_llmop_bert_bert-7b-proxy_010_layer00_mlp_fc1_baseline_metrics.csv,400latency_llmop_bert_bert-7b-proxy_220_layer15_mlp_fc1_baseline_metrics.csv
bert_bert-7b-proxy_008_layer00_attn_residual_pasta,gpt_gpt-7b_220_layer14_attn_residual_pasta,400latency_llmop_bert_bert-7b-proxy_008_layer00_attn_residual_pasta_metrics.csv,400latency_llmop_gpt_gpt-7b_220_layer14_attn_residual_pasta_metrics.csv
bert_bert-7b-proxy_010_layer00_mlp_fc1_pasta,bert_bert-7b-proxy_220_layer15_mlp_fc1_pasta,400latency_llmop_bert_bert-7b-proxy_010_layer00_mlp_fc1_pasta_metrics.csv,400latency_llmop_bert_bert-7b-proxy_220_layer15_mlp_fc1_pasta_metrics.csv
gpt_gpt-7b_001_layer00_norm1_baseline,gpt_gpt-7b_221_layer14_norm2_baseline,400latency_llmop_gpt_gpt-7b_001_layer00_norm1_baseline_metrics.csv,400latency_llmop_gpt_gpt-7b_221_layer14_norm2_baseline_metrics.csv
bert_bert-7b-proxy_011_layer00_mlp_gelu_baseline,bert_bert-7b-proxy_221_layer15_mlp_gelu_baseline,400latency_llmop_bert_bert-7b-proxy_011_layer00_mlp_gelu_baseline_metrics.csv,400latency_llmop_bert_bert-7b-proxy_221_layer15_mlp_gelu_baseline_metrics.csv
gpt_gpt-7b_001_layer00_norm1_pasta,gpt_gpt-7b_221_layer14_norm2_pasta,400latency_llmop_gpt_gpt-7b_001_layer00_norm1_pasta_metrics.csv,400latency_llmop_gpt_gpt-7b_221_layer14_norm2_pasta_metrics.csv
bert_bert-7b-proxy_011_layer00_mlp_gelu_pasta,bert_bert-7b-proxy_221_layer15_mlp_gelu_pasta,400latency_llmop_bert_bert-7b-proxy_011_layer00_mlp_gelu_pasta_metrics.csv,400latency_llmop_bert_bert-7b-proxy_221_layer15_mlp_gelu_pasta_metrics.csv
bert_bert-7b-proxy_010_layer00_mlp_fc1_baseline,gpt_gpt-7b_222_layer14_mlp_fc1_baseline,400latency_llmop_bert_bert-7b-proxy_010_layer00_mlp_fc1_baseline_metrics.csv,400latency_llmop_gpt_gpt-7b_222_layer14_mlp_fc1_baseline_metrics.csv
bert_bert-7b-proxy_012_layer00_mlp_fc2_baseline,bert_bert-7b-proxy_222_layer15_mlp_fc2_baseline,400latency_llmop_bert_bert-7b-proxy_012_layer00_mlp_fc2_baseline_metrics.csv,400latency_llmop_bert_bert-7b-proxy_222_layer15_mlp_fc2_baseline_metrics.csv
bert_bert-7b-proxy_010_layer00_mlp_fc1_pasta,gpt_gpt-7b_222_layer14_mlp_fc1_pasta,400latency_llmop_bert_bert-7b-proxy_010_layer00_mlp_fc1_pasta_metrics.csv,400latency_llmop_gpt_gpt-7b_222_layer14_mlp_fc1_pasta_metrics.csv
bert_bert-7b-proxy_012_layer00_mlp_fc2_pasta,bert_bert-7b-proxy_222_layer15_mlp_fc2_pasta,400latency_llmop_bert_bert-7b-proxy_012_layer00_mlp_fc2_pasta_metrics.csv,400latency_llmop_bert_bert-7b-proxy_222_layer15_mlp_fc2_pasta_metrics.csv
bert_bert-7b-proxy_011_layer00_mlp_gelu_baseline,gpt_gpt-7b_223_layer14_mlp_gelu_baseline,400latency_llmop_bert_bert-7b-proxy_011_layer00_mlp_gelu_baseline_metrics.csv,400latency_llmop_gpt_gpt-7b_223_layer14_mlp_gelu_baseline_metrics.csv
bert_bert-7b-proxy_008_layer00_attn_residual_baseline,bert_bert-7b-proxy_223_layer15_mlp_residual_baseline,400latency_llmop_bert_bert-7b-proxy_008_layer00_attn_residual_baseline_metrics.csv,400latency_llmop_bert_bert-7b-proxy_223_layer15_mlp_residual_baseline_metrics.csv
bert_bert-7b-proxy_011_layer00_mlp_gelu_pasta,gpt_gpt-7b_223_layer14_mlp_gelu_pasta,400latency_llmop_bert_bert-7b-proxy_011_layer00_mlp_gelu_pasta_metrics.csv,400latency_llmop_gpt_gpt-7b_223_layer14_mlp_gelu_pasta_metrics.csv
bert_bert-7b-proxy_008_layer00_attn_residual_pasta,bert_bert-7b-proxy_223_layer15_mlp_residual_pasta,400latency_llmop_bert_bert-7b-proxy_008_layer00_attn_residual_pasta_metrics.csv,400latency_llmop_bert_bert-7b-proxy_223_layer15_mlp_residual_pasta_metrics.csv
bert_bert-7b-proxy_012_layer00_mlp_fc2_baseline,gpt_gpt-7b_224_layer14_mlp_fc2_baseline,400latency_llmop_bert_bert-7b-proxy_012_layer00_mlp_fc2_baseline_metrics.csv,400latency_llmop_gpt_gpt-7b_224_layer14_mlp_fc2_baseline_metrics.csv
gpt_gpt-7b_001_layer00_norm1_baseline,bert_bert-7b-proxy_224_layer15_norm2_baseline,400latency_llmop_gpt_gpt-7b_001_layer00_norm1_baseline_metrics.csv,400latency_llmop_bert_bert-7b-proxy_224_layer15_norm2_baseline_metrics.csv
bert_bert-7b-proxy_012_layer00_mlp_fc2_pasta,gpt_gpt-7b_224_layer14_mlp_fc2_pasta,400latency_llmop_bert_bert-7b-proxy_012_layer00_mlp_fc2_pasta_metrics.csv,400latency_llmop_gpt_gpt-7b_224_layer14_mlp_fc2_pasta_metrics.csv
gpt_gpt-7b_001_layer00_norm1_pasta,bert_bert-7b-proxy_224_layer15_norm2_pasta,400latency_llmop_gpt_gpt-7b_001_layer00_norm1_pasta_metrics.csv,400latency_llmop_bert_bert-7b-proxy_224_layer15_norm2_pasta_metrics.csv
bert_bert-7b-proxy_008_layer00_attn_residual_baseline,gpt_gpt-7b_225_layer14_mlp_residual_baseline,400latency_llmop_bert_bert-7b-proxy_008_layer00_attn_residual_baseline_metrics.csv,400latency_llmop_gpt_gpt-7b_225_layer14_mlp_residual_baseline_metrics.csv
bert_bert-7b-proxy_001_layer00_attn_q_baseline,bert_bert-7b-proxy_225_layer16_attn_q_baseline,400latency_llmop_bert_bert-7b-proxy_001_layer00_attn_q_baseline_metrics.csv,400latency_llmop_bert_bert-7b-proxy_225_layer16_attn_q_baseline_metrics.csv
bert_bert-7b-proxy_008_layer00_attn_residual_pasta,gpt_gpt-7b_225_layer14_mlp_residual_pasta,400latency_llmop_bert_bert-7b-proxy_008_layer00_attn_residual_pasta_metrics.csv,400latency_llmop_gpt_gpt-7b_225_layer14_mlp_residual_pasta_metrics.csv
bert_bert-7b-proxy_001_layer00_attn_q_pasta,bert_bert-7b-proxy_225_layer16_attn_q_pasta,400latency_llmop_bert_bert-7b-proxy_001_layer00_attn_q_pasta_metrics.csv,400latency_llmop_bert_bert-7b-proxy_225_layer16_attn_q_pasta_metrics.csv
gpt_gpt-7b_001_layer00_norm1_baseline,gpt_gpt-7b_226_layer15_norm1_baseline,400latency_llmop_gpt_gpt-7b_001_layer00_norm1_baseline_metrics.csv,400latency_llmop_gpt_gpt-7b_226_layer15_norm1_baseline_metrics.csv
bert_bert-7b-proxy_001_layer00_attn_q_baseline,bert_bert-7b-proxy_226_layer16_attn_k_baseline,400latency_llmop_bert_bert-7b-proxy_001_layer00_attn_q_baseline_metrics.csv,400latency_llmop_bert_bert-7b-proxy_226_layer16_attn_k_baseline_metrics.csv
gpt_gpt-7b_001_layer00_norm1_pasta,gpt_gpt-7b_226_layer15_norm1_pasta,400latency_llmop_gpt_gpt-7b_001_layer00_norm1_pasta_metrics.csv,400latency_llmop_gpt_gpt-7b_226_layer15_norm1_pasta_metrics.csv
bert_bert-7b-proxy_001_layer00_attn_q_pasta,bert_bert-7b-proxy_226_layer16_attn_k_pasta,400latency_llmop_bert_bert-7b-proxy_001_layer00_attn_q_pasta_metrics.csv,400latency_llmop_bert_bert-7b-proxy_226_layer16_attn_k_pasta_metrics.csv
bert_bert-7b-proxy_001_layer00_attn_q_baseline,gpt_gpt-7b_227_layer15_attn_q_baseline,400latency_llmop_bert_bert-7b-proxy_001_layer00_attn_q_baseline_metrics.csv,400latency_llmop_gpt_gpt-7b_227_layer15_attn_q_baseline_metrics.csv
bert_bert-7b-proxy_001_layer00_attn_q_baseline,bert_bert-7b-proxy_227_layer16_attn_v_baseline,400latency_llmop_bert_bert-7b-proxy_001_layer00_attn_q_baseline_metrics.csv,400latency_llmop_bert_bert-7b-proxy_227_layer16_attn_v_baseline_metrics.csv
bert_bert-7b-proxy_001_layer00_attn_q_pasta,gpt_gpt-7b_227_layer15_attn_q_pasta,400latency_llmop_bert_bert-7b-proxy_001_layer00_attn_q_pasta_metrics.csv,400latency_llmop_gpt_gpt-7b_227_layer15_attn_q_pasta_metrics.csv
bert_bert-7b-proxy_001_layer00_attn_q_pasta,bert_bert-7b-proxy_227_layer16_attn_v_pasta,400latency_llmop_bert_bert-7b-proxy_001_layer00_attn_q_pasta_metrics.csv,400latency_llmop_bert_bert-7b-proxy_227_layer16_attn_v_pasta_metrics.csv
bert_bert-7b-proxy_001_layer00_attn_q_baseline,gpt_gpt-7b_228_layer15_attn_k_baseline,400latency_llmop_bert_bert-7b-proxy_001_layer00_attn_q_baseline_metrics.csv,400latency_llmop_gpt_gpt-7b_228_layer15_attn_k_baseline_metrics.csv
bert_bert-7b-proxy_004_layer00_attn_score_baseline,bert_bert-7b-proxy_228_layer16_attn_score_baseline,400latency_llmop_bert_bert-7b-proxy_004_layer00_attn_score_baseline_metrics.csv,400latency_llmop_bert_bert-7b-proxy_228_layer16_attn_score_baseline_metrics.csv
bert_bert-7b-proxy_001_layer00_attn_q_pasta,gpt_gpt-7b_228_layer15_attn_k_pasta,400latency_llmop_bert_bert-7b-proxy_001_layer00_attn_q_pasta_metrics.csv,400latency_llmop_gpt_gpt-7b_228_layer15_attn_k_pasta_metrics.csv
bert_bert-7b-proxy_004_layer00_attn_score_pasta,bert_bert-7b-proxy_228_layer16_attn_score_pasta,400latency_llmop_bert_bert-7b-proxy_004_layer00_attn_score_pasta_metrics.csv,400latency_llmop_bert_bert-7b-proxy_228_layer16_attn_score_pasta_metrics.csv
bert_bert-7b-proxy_001_layer00_attn_q_baseline,gpt_gpt-7b_229_layer15_attn_v_baseline,400latency_llmop_bert_bert-7b-proxy_001_layer00_attn_q_baseline_metrics.csv,400latency_llmop_gpt_gpt-7b_229_layer15_attn_v_baseline_metrics.csv
bert_bert-7b-proxy_005_layer00_attn_softmax_baseline,bert_bert-7b-proxy_229_layer16_attn_softmax_baseline,400latency_llmop_bert_bert-7b-proxy_005_layer00_attn_softmax_baseline_metrics.csv,400latency_llmop_bert_bert-7b-proxy_229_layer16_attn_softmax_baseline_metrics.csv
bert_bert-7b-proxy_001_layer00_attn_q_pasta,gpt_gpt-7b_229_layer15_attn_v_pasta,400latency_llmop_bert_bert-7b-proxy_001_layer00_attn_q_pasta_metrics.csv,400latency_llmop_gpt_gpt-7b_229_layer15_attn_v_pasta_metrics.csv
bert_bert-7b-proxy_005_layer00_attn_softmax_pasta,bert_bert-7b-proxy_229_layer16_attn_softmax_pasta,400latency_llmop_bert_bert-7b-proxy_005_layer00_attn_softmax_pasta_metrics.csv,400latency_llmop_bert_bert-7b-proxy_229_layer16_attn_softmax_pasta_metrics.csv
bert_bert-7b-proxy_004_layer00_attn_score_baseline,gpt_gpt-7b_230_layer15_attn_score_baseline,400latency_llmop_bert_bert-7b-proxy_004_layer00_attn_score_baseline_metrics.csv,400latency_llmop_gpt_gpt-7b_230_layer15_attn_score_baseline_metrics.csv
bert_bert-7b-proxy_006_layer00_attn_value_baseline,bert_bert-7b-proxy_230_layer16_attn_value_baseline,400latency_llmop_bert_bert-7b-proxy_006_layer00_attn_value_baseline_metrics.csv,400latency_llmop_bert_bert-7b-proxy_230_layer16_attn_value_baseline_metrics.csv
bert_bert-7b-proxy_004_layer00_attn_score_pasta,gpt_gpt-7b_230_layer15_attn_score_pasta,400latency_llmop_bert_bert-7b-proxy_004_layer00_attn_score_pasta_metrics.csv,400latency_llmop_gpt_gpt-7b_230_layer15_attn_score_pasta_metrics.csv
bert_bert-7b-proxy_006_layer00_attn_value_pasta,bert_bert-7b-proxy_230_layer16_attn_value_pasta,400latency_llmop_bert_bert-7b-proxy_006_layer00_attn_value_pasta_metrics.csv,400latency_llmop_bert_bert-7b-proxy_230_layer16_attn_value_pasta_metrics.csv
gpt_gpt-7b_006_layer00_causal_mask_baseline,gpt_gpt-7b_231_layer15_causal_mask_baseline,400latency_llmop_gpt_gpt-7b_006_layer00_causal_mask_baseline_metrics.csv,400latency_llmop_gpt_gpt-7b_231_layer15_causal_mask_baseline_metrics.csv
bert_bert-7b-proxy_001_layer00_attn_q_baseline,bert_bert-7b-proxy_231_layer16_attn_out_baseline,400latency_llmop_bert_bert-7b-proxy_001_layer00_attn_q_baseline_metrics.csv,400latency_llmop_bert_bert-7b-proxy_231_layer16_attn_out_baseline_metrics.csv
gpt_gpt-7b_006_layer00_causal_mask_pasta,gpt_gpt-7b_231_layer15_causal_mask_pasta,400latency_llmop_gpt_gpt-7b_006_layer00_causal_mask_pasta_metrics.csv,400latency_llmop_gpt_gpt-7b_231_layer15_causal_mask_pasta_metrics.csv
bert_bert-7b-proxy_001_layer00_attn_q_pasta,bert_bert-7b-proxy_231_layer16_attn_out_pasta,400latency_llmop_bert_bert-7b-proxy_001_layer00_attn_q_pasta_metrics.csv,400latency_llmop_bert_bert-7b-proxy_231_layer16_attn_out_pasta_metrics.csv
bert_bert-7b-proxy_005_layer00_attn_softmax_baseline,gpt_gpt-7b_232_layer15_attn_softmax_baseline,400latency_llmop_bert_bert-7b-proxy_005_layer00_attn_softmax_baseline_metrics.csv,400latency_llmop_gpt_gpt-7b_232_layer15_attn_softmax_baseline_metrics.csv
bert_bert-7b-proxy_008_layer00_attn_residual_baseline,bert_bert-7b-proxy_232_layer16_attn_residual_baseline,400latency_llmop_bert_bert-7b-proxy_008_layer00_attn_residual_baseline_metrics.csv,400latency_llmop_bert_bert-7b-proxy_232_layer16_attn_residual_baseline_metrics.csv
bert_bert-7b-proxy_005_layer00_attn_softmax_pasta,gpt_gpt-7b_232_layer15_attn_softmax_pasta,400latency_llmop_bert_bert-7b-proxy_005_layer00_attn_softmax_pasta_metrics.csv,400latency_llmop_gpt_gpt-7b_232_layer15_attn_softmax_pasta_metrics.csv
bert_bert-7b-proxy_008_layer00_attn_residual_pasta,bert_bert-7b-proxy_232_layer16_attn_residual_pasta,400latency_llmop_bert_bert-7b-proxy_008_layer00_attn_residual_pasta_metrics.csv,400latency_llmop_bert_bert-7b-proxy_232_layer16_attn_residual_pasta_metrics.csv
bert_bert-7b-proxy_006_layer00_attn_value_baseline,gpt_gpt-7b_233_layer15_attn_value_baseline,400latency_llmop_bert_bert-7b-proxy_006_layer00_attn_value_baseline_metrics.csv,400latency_llmop_gpt_gpt-7b_233_layer15_attn_value_baseline_metrics.csv
gpt_gpt-7b_001_layer00_norm1_baseline,bert_bert-7b-proxy_233_layer16_norm1_baseline,400latency_llmop_gpt_gpt-7b_001_layer00_norm1_baseline_metrics.csv,400latency_llmop_bert_bert-7b-proxy_233_layer16_norm1_baseline_metrics.csv
bert_bert-7b-proxy_006_layer00_attn_value_pasta,gpt_gpt-7b_233_layer15_attn_value_pasta,400latency_llmop_bert_bert-7b-proxy_006_layer00_attn_value_pasta_metrics.csv,400latency_llmop_gpt_gpt-7b_233_layer15_attn_value_pasta_metrics.csv
gpt_gpt-7b_001_layer00_norm1_pasta,bert_bert-7b-proxy_233_layer16_norm1_pasta,400latency_llmop_gpt_gpt-7b_001_layer00_norm1_pasta_metrics.csv,400latency_llmop_bert_bert-7b-proxy_233_layer16_norm1_pasta_metrics.csv
bert_bert-7b-proxy_001_layer00_attn_q_baseline,gpt_gpt-7b_234_layer15_attn_out_baseline,400latency_llmop_bert_bert-7b-proxy_001_layer00_attn_q_baseline_metrics.csv,400latency_llmop_gpt_gpt-7b_234_layer15_attn_out_baseline_metrics.csv
bert_bert-7b-proxy_010_layer00_mlp_fc1_baseline,bert_bert-7b-proxy_234_layer16_mlp_fc1_baseline,400latency_llmop_bert_bert-7b-proxy_010_layer00_mlp_fc1_baseline_metrics.csv,400latency_llmop_bert_bert-7b-proxy_234_layer16_mlp_fc1_baseline_metrics.csv
bert_bert-7b-proxy_001_layer00_attn_q_pasta,gpt_gpt-7b_234_layer15_attn_out_pasta,400latency_llmop_bert_bert-7b-proxy_001_layer00_attn_q_pasta_metrics.csv,400latency_llmop_gpt_gpt-7b_234_layer15_attn_out_pasta_metrics.csv
bert_bert-7b-proxy_010_layer00_mlp_fc1_pasta,bert_bert-7b-proxy_234_layer16_mlp_fc1_pasta,400latency_llmop_bert_bert-7b-proxy_010_layer00_mlp_fc1_pasta_metrics.csv,400latency_llmop_bert_bert-7b-proxy_234_layer16_mlp_fc1_pasta_metrics.csv
bert_bert-7b-proxy_008_layer00_attn_residual_baseline,gpt_gpt-7b_235_layer15_attn_residual_baseline,400latency_llmop_bert_bert-7b-proxy_008_layer00_attn_residual_baseline_metrics.csv,400latency_llmop_gpt_gpt-7b_235_layer15_attn_residual_baseline_metrics.csv
bert_bert-7b-proxy_011_layer00_mlp_gelu_baseline,bert_bert-7b-proxy_235_layer16_mlp_gelu_baseline,400latency_llmop_bert_bert-7b-proxy_011_layer00_mlp_gelu_baseline_metrics.csv,400latency_llmop_bert_bert-7b-proxy_235_layer16_mlp_gelu_baseline_metrics.csv
bert_bert-7b-proxy_008_layer00_attn_residual_pasta,gpt_gpt-7b_235_layer15_attn_residual_pasta,400latency_llmop_bert_bert-7b-proxy_008_layer00_attn_residual_pasta_metrics.csv,400latency_llmop_gpt_gpt-7b_235_layer15_attn_residual_pasta_metrics.csv
bert_bert-7b-proxy_011_layer00_mlp_gelu_pasta,bert_bert-7b-proxy_235_layer16_mlp_gelu_pasta,400latency_llmop_bert_bert-7b-proxy_011_layer00_mlp_gelu_pasta_metrics.csv,400latency_llmop_bert_bert-7b-proxy_235_layer16_mlp_gelu_pasta_metrics.csv
gpt_gpt-7b_001_layer00_norm1_baseline,gpt_gpt-7b_236_layer15_norm2_baseline,400latency_llmop_gpt_gpt-7b_001_layer00_norm1_baseline_metrics.csv,400latency_llmop_gpt_gpt-7b_236_layer15_norm2_baseline_metrics.csv
bert_bert-7b-proxy_012_layer00_mlp_fc2_baseline,bert_bert-7b-proxy_236_layer16_mlp_fc2_baseline,400latency_llmop_bert_bert-7b-proxy_012_layer00_mlp_fc2_baseline_metrics.csv,400latency_llmop_bert_bert-7b-proxy_236_layer16_mlp_fc2_baseline_metrics.csv
gpt_gpt-7b_001_layer00_norm1_pasta,gpt_gpt-7b_236_layer15_norm2_pasta,400latency_llmop_gpt_gpt-7b_001_layer00_norm1_pasta_metrics.csv,400latency_llmop_gpt_gpt-7b_236_layer15_norm2_pasta_metrics.csv
bert_bert-7b-proxy_012_layer00_mlp_fc2_pasta,bert_bert-7b-proxy_236_layer16_mlp_fc2_pasta,400latency_llmop_bert_bert-7b-proxy_012_layer00_mlp_fc2_pasta_metrics.csv,400latency_llmop_bert_bert-7b-proxy_236_layer16_mlp_fc2_pasta_metrics.csv
bert_bert-7b-proxy_010_layer00_mlp_fc1_baseline,gpt_gpt-7b_237_layer15_mlp_fc1_baseline,400latency_llmop_bert_bert-7b-proxy_010_layer00_mlp_fc1_baseline_metrics.csv,400latency_llmop_gpt_gpt-7b_237_layer15_mlp_fc1_baseline_metrics.csv
bert_bert-7b-proxy_008_layer00_attn_residual_baseline,bert_bert-7b-proxy_237_layer16_mlp_residual_baseline,400latency_llmop_bert_bert-7b-proxy_008_layer00_attn_residual_baseline_metrics.csv,400latency_llmop_bert_bert-7b-proxy_237_layer16_mlp_residual_baseline_metrics.csv
bert_bert-7b-proxy_010_layer00_mlp_fc1_pasta,gpt_gpt-7b_237_layer15_mlp_fc1_pasta,400latency_llmop_bert_bert-7b-proxy_010_layer00_mlp_fc1_pasta_metrics.csv,400latency_llmop_gpt_gpt-7b_237_layer15_mlp_fc1_pasta_metrics.csv
bert_bert-7b-proxy_008_layer00_attn_residual_pasta,bert_bert-7b-proxy_237_layer16_mlp_residual_pasta,400latency_llmop_bert_bert-7b-proxy_008_layer00_attn_residual_pasta_metrics.csv,400latency_llmop_bert_bert-7b-proxy_237_layer16_mlp_residual_pasta_metrics.csv
bert_bert-7b-proxy_011_layer00_mlp_gelu_baseline,gpt_gpt-7b_238_layer15_mlp_gelu_baseline,400latency_llmop_bert_bert-7b-proxy_011_layer00_mlp_gelu_baseline_metrics.csv,400latency_llmop_gpt_gpt-7b_238_layer15_mlp_gelu_baseline_metrics.csv
gpt_gpt-7b_001_layer00_norm1_baseline,bert_bert-7b-proxy_238_layer16_norm2_baseline,400latency_llmop_gpt_gpt-7b_001_layer00_norm1_baseline_metrics.csv,400latency_llmop_bert_bert-7b-proxy_238_layer16_norm2_baseline_metrics.csv
bert_bert-7b-proxy_011_layer00_mlp_gelu_pasta,gpt_gpt-7b_238_layer15_mlp_gelu_pasta,400latency_llmop_bert_bert-7b-proxy_011_layer00_mlp_gelu_pasta_metrics.csv,400latency_llmop_gpt_gpt-7b_238_layer15_mlp_gelu_pasta_metrics.csv
gpt_gpt-7b_001_layer00_norm1_pasta,bert_bert-7b-proxy_238_layer16_norm2_pasta,400latency_llmop_gpt_gpt-7b_001_layer00_norm1_pasta_metrics.csv,400latency_llmop_bert_bert-7b-proxy_238_layer16_norm2_pasta_metrics.csv
bert_bert-7b-proxy_012_layer00_mlp_fc2_baseline,gpt_gpt-7b_239_layer15_mlp_fc2_baseline,400latency_llmop_bert_bert-7b-proxy_012_layer00_mlp_fc2_baseline_metrics.csv,400latency_llmop_gpt_gpt-7b_239_layer15_mlp_fc2_baseline_metrics.csv
bert_bert-7b-proxy_001_layer00_attn_q_baseline,bert_bert-7b-proxy_239_layer17_attn_q_baseline,400latency_llmop_bert_bert-7b-proxy_001_layer00_attn_q_baseline_metrics.csv,400latency_llmop_bert_bert-7b-proxy_239_layer17_attn_q_baseline_metrics.csv
bert_bert-7b-proxy_012_layer00_mlp_fc2_pasta,gpt_gpt-7b_239_layer15_mlp_fc2_pasta,400latency_llmop_bert_bert-7b-proxy_012_layer00_mlp_fc2_pasta_metrics.csv,400latency_llmop_gpt_gpt-7b_239_layer15_mlp_fc2_pasta_metrics.csv
bert_bert-7b-proxy_001_layer00_attn_q_pasta,bert_bert-7b-proxy_239_layer17_attn_q_pasta,400latency_llmop_bert_bert-7b-proxy_001_layer00_attn_q_pasta_metrics.csv,400latency_llmop_bert_bert-7b-proxy_239_layer17_attn_q_pasta_metrics.csv
bert_bert-7b-proxy_008_layer00_attn_residual_baseline,gpt_gpt-7b_240_layer15_mlp_residual_baseline,400latency_llmop_bert_bert-7b-proxy_008_layer00_attn_residual_baseline_metrics.csv,400latency_llmop_gpt_gpt-7b_240_layer15_mlp_residual_baseline_metrics.csv
bert_bert-7b-proxy_001_layer00_attn_q_baseline,bert_bert-7b-proxy_240_layer17_attn_k_baseline,400latency_llmop_bert_bert-7b-proxy_001_layer00_attn_q_baseline_metrics.csv,400latency_llmop_bert_bert-7b-proxy_240_layer17_attn_k_baseline_metrics.csv
bert_bert-7b-proxy_008_layer00_attn_residual_pasta,gpt_gpt-7b_240_layer15_mlp_residual_pasta,400latency_llmop_bert_bert-7b-proxy_008_layer00_attn_residual_pasta_metrics.csv,400latency_llmop_gpt_gpt-7b_240_layer15_mlp_residual_pasta_metrics.csv
bert_bert-7b-proxy_001_layer00_attn_q_pasta,bert_bert-7b-proxy_240_layer17_attn_k_pasta,400latency_llmop_bert_bert-7b-proxy_001_layer00_attn_q_pasta_metrics.csv,400latency_llmop_bert_bert-7b-proxy_240_layer17_attn_k_pasta_metrics.csv
gpt_gpt-7b_001_layer00_norm1_baseline,gpt_gpt-7b_241_layer16_norm1_baseline,400latency_llmop_gpt_gpt-7b_001_layer00_norm1_baseline_metrics.csv,400latency_llmop_gpt_gpt-7b_241_layer16_norm1_baseline_metrics.csv
bert_bert-7b-proxy_001_layer00_attn_q_baseline,bert_bert-7b-proxy_241_layer17_attn_v_baseline,400latency_llmop_bert_bert-7b-proxy_001_layer00_attn_q_baseline_metrics.csv,400latency_llmop_bert_bert-7b-proxy_241_layer17_attn_v_baseline_metrics.csv
gpt_gpt-7b_001_layer00_norm1_pasta,gpt_gpt-7b_241_layer16_norm1_pasta,400latency_llmop_gpt_gpt-7b_001_layer00_norm1_pasta_metrics.csv,400latency_llmop_gpt_gpt-7b_241_layer16_norm1_pasta_metrics.csv
bert_bert-7b-proxy_001_layer00_attn_q_pasta,bert_bert-7b-proxy_241_layer17_attn_v_pasta,400latency_llmop_bert_bert-7b-proxy_001_layer00_attn_q_pasta_metrics.csv,400latency_llmop_bert_bert-7b-proxy_241_layer17_attn_v_pasta_metrics.csv
bert_bert-7b-proxy_001_layer00_attn_q_baseline,gpt_gpt-7b_242_layer16_attn_q_baseline,400latency_llmop_bert_bert-7b-proxy_001_layer00_attn_q_baseline_metrics.csv,400latency_llmop_gpt_gpt-7b_242_layer16_attn_q_baseline_metrics.csv
bert_bert-7b-proxy_004_layer00_attn_score_baseline,bert_bert-7b-proxy_242_layer17_attn_score_baseline,400latency_llmop_bert_bert-7b-proxy_004_layer00_attn_score_baseline_metrics.csv,400latency_llmop_bert_bert-7b-proxy_242_layer17_attn_score_baseline_metrics.csv
bert_bert-7b-proxy_001_layer00_attn_q_pasta,gpt_gpt-7b_242_layer16_attn_q_pasta,400latency_llmop_bert_bert-7b-proxy_001_layer00_attn_q_pasta_metrics.csv,400latency_llmop_gpt_gpt-7b_242_layer16_attn_q_pasta_metrics.csv
bert_bert-7b-proxy_004_layer00_attn_score_pasta,bert_bert-7b-proxy_242_layer17_attn_score_pasta,400latency_llmop_bert_bert-7b-proxy_004_layer00_attn_score_pasta_metrics.csv,400latency_llmop_bert_bert-7b-proxy_242_layer17_attn_score_pasta_metrics.csv
bert_bert-7b-proxy_001_layer00_attn_q_baseline,gpt_gpt-7b_243_layer16_attn_k_baseline,400latency_llmop_bert_bert-7b-proxy_001_layer00_attn_q_baseline_metrics.csv,400latency_llmop_gpt_gpt-7b_243_layer16_attn_k_baseline_metrics.csv
bert_bert-7b-proxy_005_layer00_attn_softmax_baseline,bert_bert-7b-proxy_243_layer17_attn_softmax_baseline,400latency_llmop_bert_bert-7b-proxy_005_layer00_attn_softmax_baseline_metrics.csv,400latency_llmop_bert_bert-7b-proxy_243_layer17_attn_softmax_baseline_metrics.csv
bert_bert-7b-proxy_001_layer00_attn_q_pasta,gpt_gpt-7b_243_layer16_attn_k_pasta,400latency_llmop_bert_bert-7b-proxy_001_layer00_attn_q_pasta_metrics.csv,400latency_llmop_gpt_gpt-7b_243_layer16_attn_k_pasta_metrics.csv
bert_bert-7b-proxy_005_layer00_attn_softmax_pasta,bert_bert-7b-proxy_243_layer17_attn_softmax_pasta,400latency_llmop_bert_bert-7b-proxy_005_layer00_attn_softmax_pasta_metrics.csv,400latency_llmop_bert_bert-7b-proxy_243_layer17_attn_softmax_pasta_metrics.csv
bert_bert-7b-proxy_001_layer00_attn_q_baseline,gpt_gpt-7b_244_layer16_attn_v_baseline,400latency_llmop_bert_bert-7b-proxy_001_layer00_attn_q_baseline_metrics.csv,400latency_llmop_gpt_gpt-7b_244_layer16_attn_v_baseline_metrics.csv
bert_bert-7b-proxy_006_layer00_attn_value_baseline,bert_bert-7b-proxy_244_layer17_attn_value_baseline,400latency_llmop_bert_bert-7b-proxy_006_layer00_attn_value_baseline_metrics.csv,400latency_llmop_bert_bert-7b-proxy_244_layer17_attn_value_baseline_metrics.csv
bert_bert-7b-proxy_001_layer00_attn_q_pasta,gpt_gpt-7b_244_layer16_attn_v_pasta,400latency_llmop_bert_bert-7b-proxy_001_layer00_attn_q_pasta_metrics.csv,400latency_llmop_gpt_gpt-7b_244_layer16_attn_v_pasta_metrics.csv
bert_bert-7b-proxy_006_layer00_attn_value_pasta,bert_bert-7b-proxy_244_layer17_attn_value_pasta,400latency_llmop_bert_bert-7b-proxy_006_layer00_attn_value_pasta_metrics.csv,400latency_llmop_bert_bert-7b-proxy_244_layer17_attn_value_pasta_metrics.csv
bert_bert-7b-proxy_004_layer00_attn_score_baseline,gpt_gpt-7b_245_layer16_attn_score_baseline,400latency_llmop_bert_bert-7b-proxy_004_layer00_attn_score_baseline_metrics.csv,400latency_llmop_gpt_gpt-7b_245_layer16_attn_score_baseline_metrics.csv
bert_bert-7b-proxy_001_layer00_attn_q_baseline,bert_bert-7b-proxy_245_layer17_attn_out_baseline,400latency_llmop_bert_bert-7b-proxy_001_layer00_attn_q_baseline_metrics.csv,400latency_llmop_bert_bert-7b-proxy_245_layer17_attn_out_baseline_metrics.csv
bert_bert-7b-proxy_004_layer00_attn_score_pasta,gpt_gpt-7b_245_layer16_attn_score_pasta,400latency_llmop_bert_bert-7b-proxy_004_layer00_attn_score_pasta_metrics.csv,400latency_llmop_gpt_gpt-7b_245_layer16_attn_score_pasta_metrics.csv
bert_bert-7b-proxy_001_layer00_attn_q_pasta,bert_bert-7b-proxy_245_layer17_attn_out_pasta,400latency_llmop_bert_bert-7b-proxy_001_layer00_attn_q_pasta_metrics.csv,400latency_llmop_bert_bert-7b-proxy_245_layer17_attn_out_pasta_metrics.csv
gpt_gpt-7b_006_layer00_causal_mask_baseline,gpt_gpt-7b_246_layer16_causal_mask_baseline,400latency_llmop_gpt_gpt-7b_006_layer00_causal_mask_baseline_metrics.csv,400latency_llmop_gpt_gpt-7b_246_layer16_causal_mask_baseline_metrics.csv
bert_bert-7b-proxy_008_layer00_attn_residual_baseline,bert_bert-7b-proxy_246_layer17_attn_residual_baseline,400latency_llmop_bert_bert-7b-proxy_008_layer00_attn_residual_baseline_metrics.csv,400latency_llmop_bert_bert-7b-proxy_246_layer17_attn_residual_baseline_metrics.csv
gpt_gpt-7b_006_layer00_causal_mask_pasta,gpt_gpt-7b_246_layer16_causal_mask_pasta,400latency_llmop_gpt_gpt-7b_006_layer00_causal_mask_pasta_metrics.csv,400latency_llmop_gpt_gpt-7b_246_layer16_causal_mask_pasta_metrics.csv
bert_bert-7b-proxy_008_layer00_attn_residual_pasta,bert_bert-7b-proxy_246_layer17_attn_residual_pasta,400latency_llmop_bert_bert-7b-proxy_008_layer00_attn_residual_pasta_metrics.csv,400latency_llmop_bert_bert-7b-proxy_246_layer17_attn_residual_pasta_metrics.csv
bert_bert-7b-proxy_005_layer00_attn_softmax_baseline,gpt_gpt-7b_247_layer16_attn_softmax_baseline,400latency_llmop_bert_bert-7b-proxy_005_layer00_attn_softmax_baseline_metrics.csv,400latency_llmop_gpt_gpt-7b_247_layer16_attn_softmax_baseline_metrics.csv
gpt_gpt-7b_001_layer00_norm1_baseline,bert_bert-7b-proxy_247_layer17_norm1_baseline,400latency_llmop_gpt_gpt-7b_001_layer00_norm1_baseline_metrics.csv,400latency_llmop_bert_bert-7b-proxy_247_layer17_norm1_baseline_metrics.csv
bert_bert-7b-proxy_005_layer00_attn_softmax_pasta,gpt_gpt-7b_247_layer16_attn_softmax_pasta,400latency_llmop_bert_bert-7b-proxy_005_layer00_attn_softmax_pasta_metrics.csv,400latency_llmop_gpt_gpt-7b_247_layer16_attn_softmax_pasta_metrics.csv
gpt_gpt-7b_001_layer00_norm1_pasta,bert_bert-7b-proxy_247_layer17_norm1_pasta,400latency_llmop_gpt_gpt-7b_001_layer00_norm1_pasta_metrics.csv,400latency_llmop_bert_bert-7b-proxy_247_layer17_norm1_pasta_metrics.csv
bert_bert-7b-proxy_006_layer00_attn_value_baseline,gpt_gpt-7b_248_layer16_attn_value_baseline,400latency_llmop_bert_bert-7b-proxy_006_layer00_attn_value_baseline_metrics.csv,400latency_llmop_gpt_gpt-7b_248_layer16_attn_value_baseline_metrics.csv
bert_bert-7b-proxy_010_layer00_mlp_fc1_baseline,bert_bert-7b-proxy_248_layer17_mlp_fc1_baseline,400latency_llmop_bert_bert-7b-proxy_010_layer00_mlp_fc1_baseline_metrics.csv,400latency_llmop_bert_bert-7b-proxy_248_layer17_mlp_fc1_baseline_metrics.csv
bert_bert-7b-proxy_006_layer00_attn_value_pasta,gpt_gpt-7b_248_layer16_attn_value_pasta,400latency_llmop_bert_bert-7b-proxy_006_layer00_attn_value_pasta_metrics.csv,400latency_llmop_gpt_gpt-7b_248_layer16_attn_value_pasta_metrics.csv
bert_bert-7b-proxy_010_layer00_mlp_fc1_pasta,bert_bert-7b-proxy_248_layer17_mlp_fc1_pasta,400latency_llmop_bert_bert-7b-proxy_010_layer00_mlp_fc1_pasta_metrics.csv,400latency_llmop_bert_bert-7b-proxy_248_layer17_mlp_fc1_pasta_metrics.csv
bert_bert-7b-proxy_001_layer00_attn_q_baseline,gpt_gpt-7b_249_layer16_attn_out_baseline,400latency_llmop_bert_bert-7b-proxy_001_layer00_attn_q_baseline_metrics.csv,400latency_llmop_gpt_gpt-7b_249_layer16_attn_out_baseline_metrics.csv
bert_bert-7b-proxy_011_layer00_mlp_gelu_baseline,bert_bert-7b-proxy_249_layer17_mlp_gelu_baseline,400latency_llmop_bert_bert-7b-proxy_011_layer00_mlp_gelu_baseline_metrics.csv,400latency_llmop_bert_bert-7b-proxy_249_layer17_mlp_gelu_baseline_metrics.csv
bert_bert-7b-proxy_001_layer00_attn_q_pasta,gpt_gpt-7b_249_layer16_attn_out_pasta,400latency_llmop_bert_bert-7b-proxy_001_layer00_attn_q_pasta_metrics.csv,400latency_llmop_gpt_gpt-7b_249_layer16_attn_out_pasta_metrics.csv
bert_bert-7b-proxy_011_layer00_mlp_gelu_pasta,bert_bert-7b-proxy_249_layer17_mlp_gelu_pasta,400latency_llmop_bert_bert-7b-proxy_011_layer00_mlp_gelu_pasta_metrics.csv,400latency_llmop_bert_bert-7b-proxy_249_layer17_mlp_gelu_pasta_metrics.csv
bert_bert-7b-proxy_008_layer00_attn_residual_baseline,gpt_gpt-7b_250_layer16_attn_residual_baseline,400latency_llmop_bert_bert-7b-proxy_008_layer00_attn_residual_baseline_metrics.csv,400latency_llmop_gpt_gpt-7b_250_layer16_attn_residual_baseline_metrics.csv
bert_bert-7b-proxy_012_layer00_mlp_fc2_baseline,bert_bert-7b-proxy_250_layer17_mlp_fc2_baseline,400latency_llmop_bert_bert-7b-proxy_012_layer00_mlp_fc2_baseline_metrics.csv,400latency_llmop_bert_bert-7b-proxy_250_layer17_mlp_fc2_baseline_metrics.csv
bert_bert-7b-proxy_008_layer00_attn_residual_pasta,gpt_gpt-7b_250_layer16_attn_residual_pasta,400latency_llmop_bert_bert-7b-proxy_008_layer00_attn_residual_pasta_metrics.csv,400latency_llmop_gpt_gpt-7b_250_layer16_attn_residual_pasta_metrics.csv
bert_bert-7b-proxy_012_layer00_mlp_fc2_pasta,bert_bert-7b-proxy_250_layer17_mlp_fc2_pasta,400latency_llmop_bert_bert-7b-proxy_012_layer00_mlp_fc2_pasta_metrics.csv,400latency_llmop_bert_bert-7b-proxy_250_layer17_mlp_fc2_pasta_metrics.csv
gpt_gpt-7b_001_layer00_norm1_baseline,gpt_gpt-7b_251_layer16_norm2_baseline,400latency_llmop_gpt_gpt-7b_001_layer00_norm1_baseline_metrics.csv,400latency_llmop_gpt_gpt-7b_251_layer16_norm2_baseline_metrics.csv
bert_bert-7b-proxy_008_layer00_attn_residual_baseline,bert_bert-7b-proxy_251_layer17_mlp_residual_baseline,400latency_llmop_bert_bert-7b-proxy_008_layer00_attn_residual_baseline_metrics.csv,400latency_llmop_bert_bert-7b-proxy_251_layer17_mlp_residual_baseline_metrics.csv
gpt_gpt-7b_001_layer00_norm1_pasta,gpt_gpt-7b_251_layer16_norm2_pasta,400latency_llmop_gpt_gpt-7b_001_layer00_norm1_pasta_metrics.csv,400latency_llmop_gpt_gpt-7b_251_layer16_norm2_pasta_metrics.csv
bert_bert-7b-proxy_008_layer00_attn_residual_pasta,bert_bert-7b-proxy_251_layer17_mlp_residual_pasta,400latency_llmop_bert_bert-7b-proxy_008_layer00_attn_residual_pasta_metrics.csv,400latency_llmop_bert_bert-7b-proxy_251_layer17_mlp_residual_pasta_metrics.csv
bert_bert-7b-proxy_010_layer00_mlp_fc1_baseline,gpt_gpt-7b_252_layer16_mlp_fc1_baseline,400latency_llmop_bert_bert-7b-proxy_010_layer00_mlp_fc1_baseline_metrics.csv,400latency_llmop_gpt_gpt-7b_252_layer16_mlp_fc1_baseline_metrics.csv
gpt_gpt-7b_001_layer00_norm1_baseline,bert_bert-7b-proxy_252_layer17_norm2_baseline,400latency_llmop_gpt_gpt-7b_001_layer00_norm1_baseline_metrics.csv,400latency_llmop_bert_bert-7b-proxy_252_layer17_norm2_baseline_metrics.csv
bert_bert-7b-proxy_010_layer00_mlp_fc1_pasta,gpt_gpt-7b_252_layer16_mlp_fc1_pasta,400latency_llmop_bert_bert-7b-proxy_010_layer00_mlp_fc1_pasta_metrics.csv,400latency_llmop_gpt_gpt-7b_252_layer16_mlp_fc1_pasta_metrics.csv
gpt_gpt-7b_001_layer00_norm1_pasta,bert_bert-7b-proxy_252_layer17_norm2_pasta,400latency_llmop_gpt_gpt-7b_001_layer00_norm1_pasta_metrics.csv,400latency_llmop_bert_bert-7b-proxy_252_layer17_norm2_pasta_metrics.csv
bert_bert-7b-proxy_011_layer00_mlp_gelu_baseline,gpt_gpt-7b_253_layer16_mlp_gelu_baseline,400latency_llmop_bert_bert-7b-proxy_011_layer00_mlp_gelu_baseline_metrics.csv,400latency_llmop_gpt_gpt-7b_253_layer16_mlp_gelu_baseline_metrics.csv
bert_bert-7b-proxy_001_layer00_attn_q_baseline,bert_bert-7b-proxy_253_layer18_attn_q_baseline,400latency_llmop_bert_bert-7b-proxy_001_layer00_attn_q_baseline_metrics.csv,400latency_llmop_bert_bert-7b-proxy_253_layer18_attn_q_baseline_metrics.csv
bert_bert-7b-proxy_011_layer00_mlp_gelu_pasta,gpt_gpt-7b_253_layer16_mlp_gelu_pasta,400latency_llmop_bert_bert-7b-proxy_011_layer00_mlp_gelu_pasta_metrics.csv,400latency_llmop_gpt_gpt-7b_253_layer16_mlp_gelu_pasta_metrics.csv
bert_bert-7b-proxy_001_layer00_attn_q_pasta,bert_bert-7b-proxy_253_layer18_attn_q_pasta,400latency_llmop_bert_bert-7b-proxy_001_layer00_attn_q_pasta_metrics.csv,400latency_llmop_bert_bert-7b-proxy_253_layer18_attn_q_pasta_metrics.csv
bert_bert-7b-proxy_012_layer00_mlp_fc2_baseline,gpt_gpt-7b_254_layer16_mlp_fc2_baseline,400latency_llmop_bert_bert-7b-proxy_012_layer00_mlp_fc2_baseline_metrics.csv,400latency_llmop_gpt_gpt-7b_254_layer16_mlp_fc2_baseline_metrics.csv
bert_bert-7b-proxy_001_layer00_attn_q_baseline,bert_bert-7b-proxy_254_layer18_attn_k_baseline,400latency_llmop_bert_bert-7b-proxy_001_layer00_attn_q_baseline_metrics.csv,400latency_llmop_bert_bert-7b-proxy_254_layer18_attn_k_baseline_metrics.csv
bert_bert-7b-proxy_012_layer00_mlp_fc2_pasta,gpt_gpt-7b_254_layer16_mlp_fc2_pasta,400latency_llmop_bert_bert-7b-proxy_012_layer00_mlp_fc2_pasta_metrics.csv,400latency_llmop_gpt_gpt-7b_254_layer16_mlp_fc2_pasta_metrics.csv
bert_bert-7b-proxy_001_layer00_attn_q_pasta,bert_bert-7b-proxy_254_layer18_attn_k_pasta,400latency_llmop_bert_bert-7b-proxy_001_layer00_attn_q_pasta_metrics.csv,400latency_llmop_bert_bert-7b-proxy_254_layer18_attn_k_pasta_metrics.csv
bert_bert-7b-proxy_008_layer00_attn_residual_baseline,gpt_gpt-7b_255_layer16_mlp_residual_baseline,400latency_llmop_bert_bert-7b-proxy_008_layer00_attn_residual_baseline_metrics.csv,400latency_llmop_gpt_gpt-7b_255_layer16_mlp_residual_baseline_metrics.csv
bert_bert-7b-proxy_001_layer00_attn_q_baseline,bert_bert-7b-proxy_255_layer18_attn_v_baseline,400latency_llmop_bert_bert-7b-proxy_001_layer00_attn_q_baseline_metrics.csv,400latency_llmop_bert_bert-7b-proxy_255_layer18_attn_v_baseline_metrics.csv
bert_bert-7b-proxy_008_layer00_attn_residual_pasta,gpt_gpt-7b_255_layer16_mlp_residual_pasta,400latency_llmop_bert_bert-7b-proxy_008_layer00_attn_residual_pasta_metrics.csv,400latency_llmop_gpt_gpt-7b_255_layer16_mlp_residual_pasta_metrics.csv
bert_bert-7b-proxy_001_layer00_attn_q_pasta,bert_bert-7b-proxy_255_layer18_attn_v_pasta,400latency_llmop_bert_bert-7b-proxy_001_layer00_attn_q_pasta_metrics.csv,400latency_llmop_bert_bert-7b-proxy_255_layer18_attn_v_pasta_metrics.csv
gpt_gpt-7b_001_layer00_norm1_baseline,gpt_gpt-7b_256_layer17_norm1_baseline,400latency_llmop_gpt_gpt-7b_001_layer00_norm1_baseline_metrics.csv,400latency_llmop_gpt_gpt-7b_256_layer17_norm1_baseline_metrics.csv
bert_bert-7b-proxy_004_layer00_attn_score_baseline,bert_bert-7b-proxy_256_layer18_attn_score_baseline,400latency_llmop_bert_bert-7b-proxy_004_layer00_attn_score_baseline_metrics.csv,400latency_llmop_bert_bert-7b-proxy_256_layer18_attn_score_baseline_metrics.csv
gpt_gpt-7b_001_layer00_norm1_pasta,gpt_gpt-7b_256_layer17_norm1_pasta,400latency_llmop_gpt_gpt-7b_001_layer00_norm1_pasta_metrics.csv,400latency_llmop_gpt_gpt-7b_256_layer17_norm1_pasta_metrics.csv
bert_bert-7b-proxy_004_layer00_attn_score_pasta,bert_bert-7b-proxy_256_layer18_attn_score_pasta,400latency_llmop_bert_bert-7b-proxy_004_layer00_attn_score_pasta_metrics.csv,400latency_llmop_bert_bert-7b-proxy_256_layer18_attn_score_pasta_metrics.csv
bert_bert-7b-proxy_001_layer00_attn_q_baseline,gpt_gpt-7b_257_layer17_attn_q_baseline,400latency_llmop_bert_bert-7b-proxy_001_layer00_attn_q_baseline_metrics.csv,400latency_llmop_gpt_gpt-7b_257_layer17_attn_q_baseline_metrics.csv
bert_bert-7b-proxy_005_layer00_attn_softmax_baseline,bert_bert-7b-proxy_257_layer18_attn_softmax_baseline,400latency_llmop_bert_bert-7b-proxy_005_layer00_attn_softmax_baseline_metrics.csv,400latency_llmop_bert_bert-7b-proxy_257_layer18_attn_softmax_baseline_metrics.csv
bert_bert-7b-proxy_001_layer00_attn_q_pasta,gpt_gpt-7b_257_layer17_attn_q_pasta,400latency_llmop_bert_bert-7b-proxy_001_layer00_attn_q_pasta_metrics.csv,400latency_llmop_gpt_gpt-7b_257_layer17_attn_q_pasta_metrics.csv
bert_bert-7b-proxy_005_layer00_attn_softmax_pasta,bert_bert-7b-proxy_257_layer18_attn_softmax_pasta,400latency_llmop_bert_bert-7b-proxy_005_layer00_attn_softmax_pasta_metrics.csv,400latency_llmop_bert_bert-7b-proxy_257_layer18_attn_softmax_pasta_metrics.csv
bert_bert-7b-proxy_001_layer00_attn_q_baseline,gpt_gpt-7b_258_layer17_attn_k_baseline,400latency_llmop_bert_bert-7b-proxy_001_layer00_attn_q_baseline_metrics.csv,400latency_llmop_gpt_gpt-7b_258_layer17_attn_k_baseline_metrics.csv
bert_bert-7b-proxy_006_layer00_attn_value_baseline,bert_bert-7b-proxy_258_layer18_attn_value_baseline,400latency_llmop_bert_bert-7b-proxy_006_layer00_attn_value_baseline_metrics.csv,400latency_llmop_bert_bert-7b-proxy_258_layer18_attn_value_baseline_metrics.csv
bert_bert-7b-proxy_001_layer00_attn_q_pasta,gpt_gpt-7b_258_layer17_attn_k_pasta,400latency_llmop_bert_bert-7b-proxy_001_layer00_attn_q_pasta_metrics.csv,400latency_llmop_gpt_gpt-7b_258_layer17_attn_k_pasta_metrics.csv
bert_bert-7b-proxy_006_layer00_attn_value_pasta,bert_bert-7b-proxy_258_layer18_attn_value_pasta,400latency_llmop_bert_bert-7b-proxy_006_layer00_attn_value_pasta_metrics.csv,400latency_llmop_bert_bert-7b-proxy_258_layer18_attn_value_pasta_metrics.csv
bert_bert-7b-proxy_001_layer00_attn_q_baseline,gpt_gpt-7b_259_layer17_attn_v_baseline,400latency_llmop_bert_bert-7b-proxy_001_layer00_attn_q_baseline_metrics.csv,400latency_llmop_gpt_gpt-7b_259_layer17_attn_v_baseline_metrics.csv
bert_bert-7b-proxy_001_layer00_attn_q_baseline,bert_bert-7b-proxy_259_layer18_attn_out_baseline,400latency_llmop_bert_bert-7b-proxy_001_layer00_attn_q_baseline_metrics.csv,400latency_llmop_bert_bert-7b-proxy_259_layer18_attn_out_baseline_metrics.csv
bert_bert-7b-proxy_001_layer00_attn_q_pasta,gpt_gpt-7b_259_layer17_attn_v_pasta,400latency_llmop_bert_bert-7b-proxy_001_layer00_attn_q_pasta_metrics.csv,400latency_llmop_gpt_gpt-7b_259_layer17_attn_v_pasta_metrics.csv
bert_bert-7b-proxy_001_layer00_attn_q_pasta,bert_bert-7b-proxy_259_layer18_attn_out_pasta,400latency_llmop_bert_bert-7b-proxy_001_layer00_attn_q_pasta_metrics.csv,400latency_llmop_bert_bert-7b-proxy_259_layer18_attn_out_pasta_metrics.csv
bert_bert-7b-proxy_004_layer00_attn_score_baseline,gpt_gpt-7b_260_layer17_attn_score_baseline,400latency_llmop_bert_bert-7b-proxy_004_layer00_attn_score_baseline_metrics.csv,400latency_llmop_gpt_gpt-7b_260_layer17_attn_score_baseline_metrics.csv
bert_bert-7b-proxy_008_layer00_attn_residual_baseline,bert_bert-7b-proxy_260_layer18_attn_residual_baseline,400latency_llmop_bert_bert-7b-proxy_008_layer00_attn_residual_baseline_metrics.csv,400latency_llmop_bert_bert-7b-proxy_260_layer18_attn_residual_baseline_metrics.csv
bert_bert-7b-proxy_004_layer00_attn_score_pasta,gpt_gpt-7b_260_layer17_attn_score_pasta,400latency_llmop_bert_bert-7b-proxy_004_layer00_attn_score_pasta_metrics.csv,400latency_llmop_gpt_gpt-7b_260_layer17_attn_score_pasta_metrics.csv
bert_bert-7b-proxy_008_layer00_attn_residual_pasta,bert_bert-7b-proxy_260_layer18_attn_residual_pasta,400latency_llmop_bert_bert-7b-proxy_008_layer00_attn_residual_pasta_metrics.csv,400latency_llmop_bert_bert-7b-proxy_260_layer18_attn_residual_pasta_metrics.csv
gpt_gpt-7b_006_layer00_causal_mask_baseline,gpt_gpt-7b_261_layer17_causal_mask_baseline,400latency_llmop_gpt_gpt-7b_006_layer00_causal_mask_baseline_metrics.csv,400latency_llmop_gpt_gpt-7b_261_layer17_causal_mask_baseline_metrics.csv
gpt_gpt-7b_001_layer00_norm1_baseline,bert_bert-7b-proxy_261_layer18_norm1_baseline,400latency_llmop_gpt_gpt-7b_001_layer00_norm1_baseline_metrics.csv,400latency_llmop_bert_bert-7b-proxy_261_layer18_norm1_baseline_metrics.csv
gpt_gpt-7b_006_layer00_causal_mask_pasta,gpt_gpt-7b_261_layer17_causal_mask_pasta,400latency_llmop_gpt_gpt-7b_006_layer00_causal_mask_pasta_metrics.csv,400latency_llmop_gpt_gpt-7b_261_layer17_causal_mask_pasta_metrics.csv
gpt_gpt-7b_001_layer00_norm1_pasta,bert_bert-7b-proxy_261_layer18_norm1_pasta,400latency_llmop_gpt_gpt-7b_001_layer00_norm1_pasta_metrics.csv,400latency_llmop_bert_bert-7b-proxy_261_layer18_norm1_pasta_metrics.csv
bert_bert-7b-proxy_005_layer00_attn_softmax_baseline,gpt_gpt-7b_262_layer17_attn_softmax_baseline,400latency_llmop_bert_bert-7b-proxy_005_layer00_attn_softmax_baseline_metrics.csv,400latency_llmop_gpt_gpt-7b_262_layer17_attn_softmax_baseline_metrics.csv
bert_bert-7b-proxy_010_layer00_mlp_fc1_baseline,bert_bert-7b-proxy_262_layer18_mlp_fc1_baseline,400latency_llmop_bert_bert-7b-proxy_010_layer00_mlp_fc1_baseline_metrics.csv,400latency_llmop_bert_bert-7b-proxy_262_layer18_mlp_fc1_baseline_metrics.csv
bert_bert-7b-proxy_005_layer00_attn_softmax_pasta,gpt_gpt-7b_262_layer17_attn_softmax_pasta,400latency_llmop_bert_bert-7b-proxy_005_layer00_attn_softmax_pasta_metrics.csv,400latency_llmop_gpt_gpt-7b_262_layer17_attn_softmax_pasta_metrics.csv
bert_bert-7b-proxy_010_layer00_mlp_fc1_pasta,bert_bert-7b-proxy_262_layer18_mlp_fc1_pasta,400latency_llmop_bert_bert-7b-proxy_010_layer00_mlp_fc1_pasta_metrics.csv,400latency_llmop_bert_bert-7b-proxy_262_layer18_mlp_fc1_pasta_metrics.csv
bert_bert-7b-proxy_006_layer00_attn_value_baseline,gpt_gpt-7b_263_layer17_attn_value_baseline,400latency_llmop_bert_bert-7b-proxy_006_layer00_attn_value_baseline_metrics.csv,400latency_llmop_gpt_gpt-7b_263_layer17_attn_value_baseline_metrics.csv
bert_bert-7b-proxy_011_layer00_mlp_gelu_baseline,bert_bert-7b-proxy_263_layer18_mlp_gelu_baseline,400latency_llmop_bert_bert-7b-proxy_011_layer00_mlp_gelu_baseline_metrics.csv,400latency_llmop_bert_bert-7b-proxy_263_layer18_mlp_gelu_baseline_metrics.csv
bert_bert-7b-proxy_006_layer00_attn_value_pasta,gpt_gpt-7b_263_layer17_attn_value_pasta,400latency_llmop_bert_bert-7b-proxy_006_layer00_attn_value_pasta_metrics.csv,400latency_llmop_gpt_gpt-7b_263_layer17_attn_value_pasta_metrics.csv
bert_bert-7b-proxy_011_layer00_mlp_gelu_pasta,bert_bert-7b-proxy_263_layer18_mlp_gelu_pasta,400latency_llmop_bert_bert-7b-proxy_011_layer00_mlp_gelu_pasta_metrics.csv,400latency_llmop_bert_bert-7b-proxy_263_layer18_mlp_gelu_pasta_metrics.csv
bert_bert-7b-proxy_001_layer00_attn_q_baseline,gpt_gpt-7b_264_layer17_attn_out_baseline,400latency_llmop_bert_bert-7b-proxy_001_layer00_attn_q_baseline_metrics.csv,400latency_llmop_gpt_gpt-7b_264_layer17_attn_out_baseline_metrics.csv
bert_bert-7b-proxy_012_layer00_mlp_fc2_baseline,bert_bert-7b-proxy_264_layer18_mlp_fc2_baseline,400latency_llmop_bert_bert-7b-proxy_012_layer00_mlp_fc2_baseline_metrics.csv,400latency_llmop_bert_bert-7b-proxy_264_layer18_mlp_fc2_baseline_metrics.csv
bert_bert-7b-proxy_001_layer00_attn_q_pasta,gpt_gpt-7b_264_layer17_attn_out_pasta,400latency_llmop_bert_bert-7b-proxy_001_layer00_attn_q_pasta_metrics.csv,400latency_llmop_gpt_gpt-7b_264_layer17_attn_out_pasta_metrics.csv
bert_bert-7b-proxy_012_layer00_mlp_fc2_pasta,bert_bert-7b-proxy_264_layer18_mlp_fc2_pasta,400latency_llmop_bert_bert-7b-proxy_012_layer00_mlp_fc2_pasta_metrics.csv,400latency_llmop_bert_bert-7b-proxy_264_layer18_mlp_fc2_pasta_metrics.csv
bert_bert-7b-proxy_008_layer00_attn_residual_baseline,gpt_gpt-7b_265_layer17_attn_residual_baseline,400latency_llmop_bert_bert-7b-proxy_008_layer00_attn_residual_baseline_metrics.csv,400latency_llmop_gpt_gpt-7b_265_layer17_attn_residual_baseline_metrics.csv
bert_bert-7b-proxy_008_layer00_attn_residual_baseline,bert_bert-7b-proxy_265_layer18_mlp_residual_baseline,400latency_llmop_bert_bert-7b-proxy_008_layer00_attn_residual_baseline_metrics.csv,400latency_llmop_bert_bert-7b-proxy_265_layer18_mlp_residual_baseline_metrics.csv
bert_bert-7b-proxy_008_layer00_attn_residual_pasta,gpt_gpt-7b_265_layer17_attn_residual_pasta,400latency_llmop_bert_bert-7b-proxy_008_layer00_attn_residual_pasta_metrics.csv,400latency_llmop_gpt_gpt-7b_265_layer17_attn_residual_pasta_metrics.csv
bert_bert-7b-proxy_008_layer00_attn_residual_pasta,bert_bert-7b-proxy_265_layer18_mlp_residual_pasta,400latency_llmop_bert_bert-7b-proxy_008_layer00_attn_residual_pasta_metrics.csv,400latency_llmop_bert_bert-7b-proxy_265_layer18_mlp_residual_pasta_metrics.csv
gpt_gpt-7b_001_layer00_norm1_baseline,gpt_gpt-7b_266_layer17_norm2_baseline,400latency_llmop_gpt_gpt-7b_001_layer00_norm1_baseline_metrics.csv,400latency_llmop_gpt_gpt-7b_266_layer17_norm2_baseline_metrics.csv
gpt_gpt-7b_001_layer00_norm1_baseline,bert_bert-7b-proxy_266_layer18_norm2_baseline,400latency_llmop_gpt_gpt-7b_001_layer00_norm1_baseline_metrics.csv,400latency_llmop_bert_bert-7b-proxy_266_layer18_norm2_baseline_metrics.csv
gpt_gpt-7b_001_layer00_norm1_pasta,gpt_gpt-7b_266_layer17_norm2_pasta,400latency_llmop_gpt_gpt-7b_001_layer00_norm1_pasta_metrics.csv,400latency_llmop_gpt_gpt-7b_266_layer17_norm2_pasta_metrics.csv
gpt_gpt-7b_001_layer00_norm1_pasta,bert_bert-7b-proxy_266_layer18_norm2_pasta,400latency_llmop_gpt_gpt-7b_001_layer00_norm1_pasta_metrics.csv,400latency_llmop_bert_bert-7b-proxy_266_layer18_norm2_pasta_metrics.csv
bert_bert-7b-proxy_010_layer00_mlp_fc1_baseline,gpt_gpt-7b_267_layer17_mlp_fc1_baseline,400latency_llmop_bert_bert-7b-proxy_010_layer00_mlp_fc1_baseline_metrics.csv,400latency_llmop_gpt_gpt-7b_267_layer17_mlp_fc1_baseline_metrics.csv
bert_bert-7b-proxy_001_layer00_attn_q_baseline,bert_bert-7b-proxy_267_layer19_attn_q_baseline,400latency_llmop_bert_bert-7b-proxy_001_layer00_attn_q_baseline_metrics.csv,400latency_llmop_bert_bert-7b-proxy_267_layer19_attn_q_baseline_metrics.csv
bert_bert-7b-proxy_010_layer00_mlp_fc1_pasta,gpt_gpt-7b_267_layer17_mlp_fc1_pasta,400latency_llmop_bert_bert-7b-proxy_010_layer00_mlp_fc1_pasta_metrics.csv,400latency_llmop_gpt_gpt-7b_267_layer17_mlp_fc1_pasta_metrics.csv
bert_bert-7b-proxy_001_layer00_attn_q_pasta,bert_bert-7b-proxy_267_layer19_attn_q_pasta,400latency_llmop_bert_bert-7b-proxy_001_layer00_attn_q_pasta_metrics.csv,400latency_llmop_bert_bert-7b-proxy_267_layer19_attn_q_pasta_metrics.csv
bert_bert-7b-proxy_011_layer00_mlp_gelu_baseline,gpt_gpt-7b_268_layer17_mlp_gelu_baseline,400latency_llmop_bert_bert-7b-proxy_011_layer00_mlp_gelu_baseline_metrics.csv,400latency_llmop_gpt_gpt-7b_268_layer17_mlp_gelu_baseline_metrics.csv
bert_bert-7b-proxy_001_layer00_attn_q_baseline,bert_bert-7b-proxy_268_layer19_attn_k_baseline,400latency_llmop_bert_bert-7b-proxy_001_layer00_attn_q_baseline_metrics.csv,400latency_llmop_bert_bert-7b-proxy_268_layer19_attn_k_baseline_metrics.csv
bert_bert-7b-proxy_011_layer00_mlp_gelu_pasta,gpt_gpt-7b_268_layer17_mlp_gelu_pasta,400latency_llmop_bert_bert-7b-proxy_011_layer00_mlp_gelu_pasta_metrics.csv,400latency_llmop_gpt_gpt-7b_268_layer17_mlp_gelu_pasta_metrics.csv
bert_bert-7b-proxy_001_layer00_attn_q_pasta,bert_bert-7b-proxy_268_layer19_attn_k_pasta,400latency_llmop_bert_bert-7b-proxy_001_layer00_attn_q_pasta_metrics.csv,400latency_llmop_bert_bert-7b-proxy_268_layer19_attn_k_pasta_metrics.csv
bert_bert-7b-proxy_012_layer00_mlp_fc2_baseline,gpt_gpt-7b_269_layer17_mlp_fc2_baseline,400latency_llmop_bert_bert-7b-proxy_012_layer00_mlp_fc2_baseline_metrics.csv,400latency_llmop_gpt_gpt-7b_269_layer17_mlp_fc2_baseline_metrics.csv
bert_bert-7b-proxy_001_layer00_attn_q_baseline,bert_bert-7b-proxy_269_layer19_attn_v_baseline,400latency_llmop_bert_bert-7b-proxy_001_layer00_attn_q_baseline_metrics.csv,400latency_llmop_bert_bert-7b-proxy_269_layer19_attn_v_baseline_metrics.csv
bert_bert-7b-proxy_012_layer00_mlp_fc2_pasta,gpt_gpt-7b_269_layer17_mlp_fc2_pasta,400latency_llmop_bert_bert-7b-proxy_012_layer00_mlp_fc2_pasta_metrics.csv,400latency_llmop_gpt_gpt-7b_269_layer17_mlp_fc2_pasta_metrics.csv
bert_bert-7b-proxy_001_layer00_attn_q_pasta,bert_bert-7b-proxy_269_layer19_attn_v_pasta,400latency_llmop_bert_bert-7b-proxy_001_layer00_attn_q_pasta_metrics.csv,400latency_llmop_bert_bert-7b-proxy_269_layer19_attn_v_pasta_metrics.csv
bert_bert-7b-proxy_008_layer00_attn_residual_baseline,gpt_gpt-7b_270_layer17_mlp_residual_baseline,400latency_llmop_bert_bert-7b-proxy_008_layer00_attn_residual_baseline_metrics.csv,400latency_llmop_gpt_gpt-7b_270_layer17_mlp_residual_baseline_metrics.csv
bert_bert-7b-proxy_004_layer00_attn_score_baseline,bert_bert-7b-proxy_270_layer19_attn_score_baseline,400latency_llmop_bert_bert-7b-proxy_004_layer00_attn_score_baseline_metrics.csv,400latency_llmop_bert_bert-7b-proxy_270_layer19_attn_score_baseline_metrics.csv
bert_bert-7b-proxy_008_layer00_attn_residual_pasta,gpt_gpt-7b_270_layer17_mlp_residual_pasta,400latency_llmop_bert_bert-7b-proxy_008_layer00_attn_residual_pasta_metrics.csv,400latency_llmop_gpt_gpt-7b_270_layer17_mlp_residual_pasta_metrics.csv
bert_bert-7b-proxy_004_layer00_attn_score_pasta,bert_bert-7b-proxy_270_layer19_attn_score_pasta,400latency_llmop_bert_bert-7b-proxy_004_layer00_attn_score_pasta_metrics.csv,400latency_llmop_bert_bert-7b-proxy_270_layer19_attn_score_pasta_metrics.csv
gpt_gpt-7b_001_layer00_norm1_baseline,gpt_gpt-7b_271_layer18_norm1_baseline,400latency_llmop_gpt_gpt-7b_001_layer00_norm1_baseline_metrics.csv,400latency_llmop_gpt_gpt-7b_271_layer18_norm1_baseline_metrics.csv
bert_bert-7b-proxy_005_layer00_attn_softmax_baseline,bert_bert-7b-proxy_271_layer19_attn_softmax_baseline,400latency_llmop_bert_bert-7b-proxy_005_layer00_attn_softmax_baseline_metrics.csv,400latency_llmop_bert_bert-7b-proxy_271_layer19_attn_softmax_baseline_metrics.csv
gpt_gpt-7b_001_layer00_norm1_pasta,gpt_gpt-7b_271_layer18_norm1_pasta,400latency_llmop_gpt_gpt-7b_001_layer00_norm1_pasta_metrics.csv,400latency_llmop_gpt_gpt-7b_271_layer18_norm1_pasta_metrics.csv
bert_bert-7b-proxy_005_layer00_attn_softmax_pasta,bert_bert-7b-proxy_271_layer19_attn_softmax_pasta,400latency_llmop_bert_bert-7b-proxy_005_layer00_attn_softmax_pasta_metrics.csv,400latency_llmop_bert_bert-7b-proxy_271_layer19_attn_softmax_pasta_metrics.csv
bert_bert-7b-proxy_001_layer00_attn_q_baseline,gpt_gpt-7b_272_layer18_attn_q_baseline,400latency_llmop_bert_bert-7b-proxy_001_layer00_attn_q_baseline_metrics.csv,400latency_llmop_gpt_gpt-7b_272_layer18_attn_q_baseline_metrics.csv
bert_bert-7b-proxy_006_layer00_attn_value_baseline,bert_bert-7b-proxy_272_layer19_attn_value_baseline,400latency_llmop_bert_bert-7b-proxy_006_layer00_attn_value_baseline_metrics.csv,400latency_llmop_bert_bert-7b-proxy_272_layer19_attn_value_baseline_metrics.csv
bert_bert-7b-proxy_001_layer00_attn_q_pasta,gpt_gpt-7b_272_layer18_attn_q_pasta,400latency_llmop_bert_bert-7b-proxy_001_layer00_attn_q_pasta_metrics.csv,400latency_llmop_gpt_gpt-7b_272_layer18_attn_q_pasta_metrics.csv
bert_bert-7b-proxy_006_layer00_attn_value_pasta,bert_bert-7b-proxy_272_layer19_attn_value_pasta,400latency_llmop_bert_bert-7b-proxy_006_layer00_attn_value_pasta_metrics.csv,400latency_llmop_bert_bert-7b-proxy_272_layer19_attn_value_pasta_metrics.csv
bert_bert-7b-proxy_001_layer00_attn_q_baseline,gpt_gpt-7b_273_layer18_attn_k_baseline,400latency_llmop_bert_bert-7b-proxy_001_layer00_attn_q_baseline_metrics.csv,400latency_llmop_gpt_gpt-7b_273_layer18_attn_k_baseline_metrics.csv
bert_bert-7b-proxy_001_layer00_attn_q_baseline,bert_bert-7b-proxy_273_layer19_attn_out_baseline,400latency_llmop_bert_bert-7b-proxy_001_layer00_attn_q_baseline_metrics.csv,400latency_llmop_bert_bert-7b-proxy_273_layer19_attn_out_baseline_metrics.csv
bert_bert-7b-proxy_001_layer00_attn_q_pasta,gpt_gpt-7b_273_layer18_attn_k_pasta,400latency_llmop_bert_bert-7b-proxy_001_layer00_attn_q_pasta_metrics.csv,400latency_llmop_gpt_gpt-7b_273_layer18_attn_k_pasta_metrics.csv
bert_bert-7b-proxy_001_layer00_attn_q_pasta,bert_bert-7b-proxy_273_layer19_attn_out_pasta,400latency_llmop_bert_bert-7b-proxy_001_layer00_attn_q_pasta_metrics.csv,400latency_llmop_bert_bert-7b-proxy_273_layer19_attn_out_pasta_metrics.csv
bert_bert-7b-proxy_001_layer00_attn_q_baseline,gpt_gpt-7b_274_layer18_attn_v_baseline,400latency_llmop_bert_bert-7b-proxy_001_layer00_attn_q_baseline_metrics.csv,400latency_llmop_gpt_gpt-7b_274_layer18_attn_v_baseline_metrics.csv
bert_bert-7b-proxy_008_layer00_attn_residual_baseline,bert_bert-7b-proxy_274_layer19_attn_residual_baseline,400latency_llmop_bert_bert-7b-proxy_008_layer00_attn_residual_baseline_metrics.csv,400latency_llmop_bert_bert-7b-proxy_274_layer19_attn_residual_baseline_metrics.csv
bert_bert-7b-proxy_001_layer00_attn_q_pasta,gpt_gpt-7b_274_layer18_attn_v_pasta,400latency_llmop_bert_bert-7b-proxy_001_layer00_attn_q_pasta_metrics.csv,400latency_llmop_gpt_gpt-7b_274_layer18_attn_v_pasta_metrics.csv
bert_bert-7b-proxy_008_layer00_attn_residual_pasta,bert_bert-7b-proxy_274_layer19_attn_residual_pasta,400latency_llmop_bert_bert-7b-proxy_008_layer00_attn_residual_pasta_metrics.csv,400latency_llmop_bert_bert-7b-proxy_274_layer19_attn_residual_pasta_metrics.csv
bert_bert-7b-proxy_004_layer00_attn_score_baseline,gpt_gpt-7b_275_layer18_attn_score_baseline,400latency_llmop_bert_bert-7b-proxy_004_layer00_attn_score_baseline_metrics.csv,400latency_llmop_gpt_gpt-7b_275_layer18_attn_score_baseline_metrics.csv
gpt_gpt-7b_001_layer00_norm1_baseline,bert_bert-7b-proxy_275_layer19_norm1_baseline,400latency_llmop_gpt_gpt-7b_001_layer00_norm1_baseline_metrics.csv,400latency_llmop_bert_bert-7b-proxy_275_layer19_norm1_baseline_metrics.csv
bert_bert-7b-proxy_004_layer00_attn_score_pasta,gpt_gpt-7b_275_layer18_attn_score_pasta,400latency_llmop_bert_bert-7b-proxy_004_layer00_attn_score_pasta_metrics.csv,400latency_llmop_gpt_gpt-7b_275_layer18_attn_score_pasta_metrics.csv
gpt_gpt-7b_001_layer00_norm1_pasta,bert_bert-7b-proxy_275_layer19_norm1_pasta,400latency_llmop_gpt_gpt-7b_001_layer00_norm1_pasta_metrics.csv,400latency_llmop_bert_bert-7b-proxy_275_layer19_norm1_pasta_metrics.csv
gpt_gpt-7b_006_layer00_causal_mask_baseline,gpt_gpt-7b_276_layer18_causal_mask_baseline,400latency_llmop_gpt_gpt-7b_006_layer00_causal_mask_baseline_metrics.csv,400latency_llmop_gpt_gpt-7b_276_layer18_causal_mask_baseline_metrics.csv
bert_bert-7b-proxy_010_layer00_mlp_fc1_baseline,bert_bert-7b-proxy_276_layer19_mlp_fc1_baseline,400latency_llmop_bert_bert-7b-proxy_010_layer00_mlp_fc1_baseline_metrics.csv,400latency_llmop_bert_bert-7b-proxy_276_layer19_mlp_fc1_baseline_metrics.csv
gpt_gpt-7b_006_layer00_causal_mask_pasta,gpt_gpt-7b_276_layer18_causal_mask_pasta,400latency_llmop_gpt_gpt-7b_006_layer00_causal_mask_pasta_metrics.csv,400latency_llmop_gpt_gpt-7b_276_layer18_causal_mask_pasta_metrics.csv
bert_bert-7b-proxy_010_layer00_mlp_fc1_pasta,bert_bert-7b-proxy_276_layer19_mlp_fc1_pasta,400latency_llmop_bert_bert-7b-proxy_010_layer00_mlp_fc1_pasta_metrics.csv,400latency_llmop_bert_bert-7b-proxy_276_layer19_mlp_fc1_pasta_metrics.csv
bert_bert-7b-proxy_005_layer00_attn_softmax_baseline,gpt_gpt-7b_277_layer18_attn_softmax_baseline,400latency_llmop_bert_bert-7b-proxy_005_layer00_attn_softmax_baseline_metrics.csv,400latency_llmop_gpt_gpt-7b_277_layer18_attn_softmax_baseline_metrics.csv
bert_bert-7b-proxy_011_layer00_mlp_gelu_baseline,bert_bert-7b-proxy_277_layer19_mlp_gelu_baseline,400latency_llmop_bert_bert-7b-proxy_011_layer00_mlp_gelu_baseline_metrics.csv,400latency_llmop_bert_bert-7b-proxy_277_layer19_mlp_gelu_baseline_metrics.csv
bert_bert-7b-proxy_005_layer00_attn_softmax_pasta,gpt_gpt-7b_277_layer18_attn_softmax_pasta,400latency_llmop_bert_bert-7b-proxy_005_layer00_attn_softmax_pasta_metrics.csv,400latency_llmop_gpt_gpt-7b_277_layer18_attn_softmax_pasta_metrics.csv
bert_bert-7b-proxy_011_layer00_mlp_gelu_pasta,bert_bert-7b-proxy_277_layer19_mlp_gelu_pasta,400latency_llmop_bert_bert-7b-proxy_011_layer00_mlp_gelu_pasta_metrics.csv,400latency_llmop_bert_bert-7b-proxy_277_layer19_mlp_gelu_pasta_metrics.csv
bert_bert-7b-proxy_006_layer00_attn_value_baseline,gpt_gpt-7b_278_layer18_attn_value_baseline,400latency_llmop_bert_bert-7b-proxy_006_layer00_attn_value_baseline_metrics.csv,400latency_llmop_gpt_gpt-7b_278_layer18_attn_value_baseline_metrics.csv
bert_bert-7b-proxy_012_layer00_mlp_fc2_baseline,bert_bert-7b-proxy_278_layer19_mlp_fc2_baseline,400latency_llmop_bert_bert-7b-proxy_012_layer00_mlp_fc2_baseline_metrics.csv,400latency_llmop_bert_bert-7b-proxy_278_layer19_mlp_fc2_baseline_metrics.csv
bert_bert-7b-proxy_006_layer00_attn_value_pasta,gpt_gpt-7b_278_layer18_attn_value_pasta,400latency_llmop_bert_bert-7b-proxy_006_layer00_attn_value_pasta_metrics.csv,400latency_llmop_gpt_gpt-7b_278_layer18_attn_value_pasta_metrics.csv
bert_bert-7b-proxy_012_layer00_mlp_fc2_pasta,bert_bert-7b-proxy_278_layer19_mlp_fc2_pasta,400latency_llmop_bert_bert-7b-proxy_012_layer00_mlp_fc2_pasta_metrics.csv,400latency_llmop_bert_bert-7b-proxy_278_layer19_mlp_fc2_pasta_metrics.csv
bert_bert-7b-proxy_001_layer00_attn_q_baseline,gpt_gpt-7b_279_layer18_attn_out_baseline,400latency_llmop_bert_bert-7b-proxy_001_layer00_attn_q_baseline_metrics.csv,400latency_llmop_gpt_gpt-7b_279_layer18_attn_out_baseline_metrics.csv
bert_bert-7b-proxy_008_layer00_attn_residual_baseline,bert_bert-7b-proxy_279_layer19_mlp_residual_baseline,400latency_llmop_bert_bert-7b-proxy_008_layer00_attn_residual_baseline_metrics.csv,400latency_llmop_bert_bert-7b-proxy_279_layer19_mlp_residual_baseline_metrics.csv
bert_bert-7b-proxy_001_layer00_attn_q_pasta,gpt_gpt-7b_279_layer18_attn_out_pasta,400latency_llmop_bert_bert-7b-proxy_001_layer00_attn_q_pasta_metrics.csv,400latency_llmop_gpt_gpt-7b_279_layer18_attn_out_pasta_metrics.csv
bert_bert-7b-proxy_008_layer00_attn_residual_pasta,bert_bert-7b-proxy_279_layer19_mlp_residual_pasta,400latency_llmop_bert_bert-7b-proxy_008_layer00_attn_residual_pasta_metrics.csv,400latency_llmop_bert_bert-7b-proxy_279_layer19_mlp_residual_pasta_metrics.csv
bert_bert-7b-proxy_008_layer00_attn_residual_baseline,gpt_gpt-7b_280_layer18_attn_residual_baseline,400latency_llmop_bert_bert-7b-proxy_008_layer00_attn_residual_baseline_metrics.csv,400latency_llmop_gpt_gpt-7b_280_layer18_attn_residual_baseline_metrics.csv
gpt_gpt-7b_001_layer00_norm1_baseline,bert_bert-7b-proxy_280_layer19_norm2_baseline,400latency_llmop_gpt_gpt-7b_001_layer00_norm1_baseline_metrics.csv,400latency_llmop_bert_bert-7b-proxy_280_layer19_norm2_baseline_metrics.csv
bert_bert-7b-proxy_008_layer00_attn_residual_pasta,gpt_gpt-7b_280_layer18_attn_residual_pasta,400latency_llmop_bert_bert-7b-proxy_008_layer00_attn_residual_pasta_metrics.csv,400latency_llmop_gpt_gpt-7b_280_layer18_attn_residual_pasta_metrics.csv
gpt_gpt-7b_001_layer00_norm1_pasta,bert_bert-7b-proxy_280_layer19_norm2_pasta,400latency_llmop_gpt_gpt-7b_001_layer00_norm1_pasta_metrics.csv,400latency_llmop_bert_bert-7b-proxy_280_layer19_norm2_pasta_metrics.csv
gpt_gpt-7b_001_layer00_norm1_baseline,gpt_gpt-7b_281_layer18_norm2_baseline,400latency_llmop_gpt_gpt-7b_001_layer00_norm1_baseline_metrics.csv,400latency_llmop_gpt_gpt-7b_281_layer18_norm2_baseline_metrics.csv
bert_bert-7b-proxy_001_layer00_attn_q_baseline,bert_bert-7b-proxy_281_layer20_attn_q_baseline,400latency_llmop_bert_bert-7b-proxy_001_layer00_attn_q_baseline_metrics.csv,400latency_llmop_bert_bert-7b-proxy_281_layer20_attn_q_baseline_metrics.csv
gpt_gpt-7b_001_layer00_norm1_pasta,gpt_gpt-7b_281_layer18_norm2_pasta,400latency_llmop_gpt_gpt-7b_001_layer00_norm1_pasta_metrics.csv,400latency_llmop_gpt_gpt-7b_281_layer18_norm2_pasta_metrics.csv
bert_bert-7b-proxy_001_layer00_attn_q_pasta,bert_bert-7b-proxy_281_layer20_attn_q_pasta,400latency_llmop_bert_bert-7b-proxy_001_layer00_attn_q_pasta_metrics.csv,400latency_llmop_bert_bert-7b-proxy_281_layer20_attn_q_pasta_metrics.csv
bert_bert-7b-proxy_010_layer00_mlp_fc1_baseline,gpt_gpt-7b_282_layer18_mlp_fc1_baseline,400latency_llmop_bert_bert-7b-proxy_010_layer00_mlp_fc1_baseline_metrics.csv,400latency_llmop_gpt_gpt-7b_282_layer18_mlp_fc1_baseline_metrics.csv
bert_bert-7b-proxy_001_layer00_attn_q_baseline,bert_bert-7b-proxy_282_layer20_attn_k_baseline,400latency_llmop_bert_bert-7b-proxy_001_layer00_attn_q_baseline_metrics.csv,400latency_llmop_bert_bert-7b-proxy_282_layer20_attn_k_baseline_metrics.csv
bert_bert-7b-proxy_010_layer00_mlp_fc1_pasta,gpt_gpt-7b_282_layer18_mlp_fc1_pasta,400latency_llmop_bert_bert-7b-proxy_010_layer00_mlp_fc1_pasta_metrics.csv,400latency_llmop_gpt_gpt-7b_282_layer18_mlp_fc1_pasta_metrics.csv
bert_bert-7b-proxy_001_layer00_attn_q_pasta,bert_bert-7b-proxy_282_layer20_attn_k_pasta,400latency_llmop_bert_bert-7b-proxy_001_layer00_attn_q_pasta_metrics.csv,400latency_llmop_bert_bert-7b-proxy_282_layer20_attn_k_pasta_metrics.csv
bert_bert-7b-proxy_011_layer00_mlp_gelu_baseline,gpt_gpt-7b_283_layer18_mlp_gelu_baseline,400latency_llmop_bert_bert-7b-proxy_011_layer00_mlp_gelu_baseline_metrics.csv,400latency_llmop_gpt_gpt-7b_283_layer18_mlp_gelu_baseline_metrics.csv
bert_bert-7b-proxy_001_layer00_attn_q_baseline,bert_bert-7b-proxy_283_layer20_attn_v_baseline,400latency_llmop_bert_bert-7b-proxy_001_layer00_attn_q_baseline_metrics.csv,400latency_llmop_bert_bert-7b-proxy_283_layer20_attn_v_baseline_metrics.csv
bert_bert-7b-proxy_011_layer00_mlp_gelu_pasta,gpt_gpt-7b_283_layer18_mlp_gelu_pasta,400latency_llmop_bert_bert-7b-proxy_011_layer00_mlp_gelu_pasta_metrics.csv,400latency_llmop_gpt_gpt-7b_283_layer18_mlp_gelu_pasta_metrics.csv
bert_bert-7b-proxy_001_layer00_attn_q_pasta,bert_bert-7b-proxy_283_layer20_attn_v_pasta,400latency_llmop_bert_bert-7b-proxy_001_layer00_attn_q_pasta_metrics.csv,400latency_llmop_bert_bert-7b-proxy_283_layer20_attn_v_pasta_metrics.csv
bert_bert-7b-proxy_012_layer00_mlp_fc2_baseline,gpt_gpt-7b_284_layer18_mlp_fc2_baseline,400latency_llmop_bert_bert-7b-proxy_012_layer00_mlp_fc2_baseline_metrics.csv,400latency_llmop_gpt_gpt-7b_284_layer18_mlp_fc2_baseline_metrics.csv
bert_bert-7b-proxy_004_layer00_attn_score_baseline,bert_bert-7b-proxy_284_layer20_attn_score_baseline,400latency_llmop_bert_bert-7b-proxy_004_layer00_attn_score_baseline_metrics.csv,400latency_llmop_bert_bert-7b-proxy_284_layer20_attn_score_baseline_metrics.csv
bert_bert-7b-proxy_012_layer00_mlp_fc2_pasta,gpt_gpt-7b_284_layer18_mlp_fc2_pasta,400latency_llmop_bert_bert-7b-proxy_012_layer00_mlp_fc2_pasta_metrics.csv,400latency_llmop_gpt_gpt-7b_284_layer18_mlp_fc2_pasta_metrics.csv
bert_bert-7b-proxy_004_layer00_attn_score_pasta,bert_bert-7b-proxy_284_layer20_attn_score_pasta,400latency_llmop_bert_bert-7b-proxy_004_layer00_attn_score_pasta_metrics.csv,400latency_llmop_bert_bert-7b-proxy_284_layer20_attn_score_pasta_metrics.csv
bert_bert-7b-proxy_008_layer00_attn_residual_baseline,gpt_gpt-7b_285_layer18_mlp_residual_baseline,400latency_llmop_bert_bert-7b-proxy_008_layer00_attn_residual_baseline_metrics.csv,400latency_llmop_gpt_gpt-7b_285_layer18_mlp_residual_baseline_metrics.csv
bert_bert-7b-proxy_005_layer00_attn_softmax_baseline,bert_bert-7b-proxy_285_layer20_attn_softmax_baseline,400latency_llmop_bert_bert-7b-proxy_005_layer00_attn_softmax_baseline_metrics.csv,400latency_llmop_bert_bert-7b-proxy_285_layer20_attn_softmax_baseline_metrics.csv
bert_bert-7b-proxy_008_layer00_attn_residual_pasta,gpt_gpt-7b_285_layer18_mlp_residual_pasta,400latency_llmop_bert_bert-7b-proxy_008_layer00_attn_residual_pasta_metrics.csv,400latency_llmop_gpt_gpt-7b_285_layer18_mlp_residual_pasta_metrics.csv
bert_bert-7b-proxy_005_layer00_attn_softmax_pasta,bert_bert-7b-proxy_285_layer20_attn_softmax_pasta,400latency_llmop_bert_bert-7b-proxy_005_layer00_attn_softmax_pasta_metrics.csv,400latency_llmop_bert_bert-7b-proxy_285_layer20_attn_softmax_pasta_metrics.csv
gpt_gpt-7b_001_layer00_norm1_baseline,gpt_gpt-7b_286_layer19_norm1_baseline,400latency_llmop_gpt_gpt-7b_001_layer00_norm1_baseline_metrics.csv,400latency_llmop_gpt_gpt-7b_286_layer19_norm1_baseline_metrics.csv
bert_bert-7b-proxy_006_layer00_attn_value_baseline,bert_bert-7b-proxy_286_layer20_attn_value_baseline,400latency_llmop_bert_bert-7b-proxy_006_layer00_attn_value_baseline_metrics.csv,400latency_llmop_bert_bert-7b-proxy_286_layer20_attn_value_baseline_metrics.csv
gpt_gpt-7b_001_layer00_norm1_pasta,gpt_gpt-7b_286_layer19_norm1_pasta,400latency_llmop_gpt_gpt-7b_001_layer00_norm1_pasta_metrics.csv,400latency_llmop_gpt_gpt-7b_286_layer19_norm1_pasta_metrics.csv
bert_bert-7b-proxy_006_layer00_attn_value_pasta,bert_bert-7b-proxy_286_layer20_attn_value_pasta,400latency_llmop_bert_bert-7b-proxy_006_layer00_attn_value_pasta_metrics.csv,400latency_llmop_bert_bert-7b-proxy_286_layer20_attn_value_pasta_metrics.csv
bert_bert-7b-proxy_001_layer00_attn_q_baseline,gpt_gpt-7b_287_layer19_attn_q_baseline,400latency_llmop_bert_bert-7b-proxy_001_layer00_attn_q_baseline_metrics.csv,400latency_llmop_gpt_gpt-7b_287_layer19_attn_q_baseline_metrics.csv
bert_bert-7b-proxy_001_layer00_attn_q_baseline,bert_bert-7b-proxy_287_layer20_attn_out_baseline,400latency_llmop_bert_bert-7b-proxy_001_layer00_attn_q_baseline_metrics.csv,400latency_llmop_bert_bert-7b-proxy_287_layer20_attn_out_baseline_metrics.csv
bert_bert-7b-proxy_001_layer00_attn_q_pasta,gpt_gpt-7b_287_layer19_attn_q_pasta,400latency_llmop_bert_bert-7b-proxy_001_layer00_attn_q_pasta_metrics.csv,400latency_llmop_gpt_gpt-7b_287_layer19_attn_q_pasta_metrics.csv
bert_bert-7b-proxy_001_layer00_attn_q_pasta,bert_bert-7b-proxy_287_layer20_attn_out_pasta,400latency_llmop_bert_bert-7b-proxy_001_layer00_attn_q_pasta_metrics.csv,400latency_llmop_bert_bert-7b-proxy_287_layer20_attn_out_pasta_metrics.csv
bert_bert-7b-proxy_001_layer00_attn_q_baseline,gpt_gpt-7b_288_layer19_attn_k_baseline,400latency_llmop_bert_bert-7b-proxy_001_layer00_attn_q_baseline_metrics.csv,400latency_llmop_gpt_gpt-7b_288_layer19_attn_k_baseline_metrics.csv
bert_bert-7b-proxy_008_layer00_attn_residual_baseline,bert_bert-7b-proxy_288_layer20_attn_residual_baseline,400latency_llmop_bert_bert-7b-proxy_008_layer00_attn_residual_baseline_metrics.csv,400latency_llmop_bert_bert-7b-proxy_288_layer20_attn_residual_baseline_metrics.csv
bert_bert-7b-proxy_001_layer00_attn_q_pasta,gpt_gpt-7b_288_layer19_attn_k_pasta,400latency_llmop_bert_bert-7b-proxy_001_layer00_attn_q_pasta_metrics.csv,400latency_llmop_gpt_gpt-7b_288_layer19_attn_k_pasta_metrics.csv
bert_bert-7b-proxy_008_layer00_attn_residual_pasta,bert_bert-7b-proxy_288_layer20_attn_residual_pasta,400latency_llmop_bert_bert-7b-proxy_008_layer00_attn_residual_pasta_metrics.csv,400latency_llmop_bert_bert-7b-proxy_288_layer20_attn_residual_pasta_metrics.csv
bert_bert-7b-proxy_001_layer00_attn_q_baseline,gpt_gpt-7b_289_layer19_attn_v_baseline,400latency_llmop_bert_bert-7b-proxy_001_layer00_attn_q_baseline_metrics.csv,400latency_llmop_gpt_gpt-7b_289_layer19_attn_v_baseline_metrics.csv
gpt_gpt-7b_001_layer00_norm1_baseline,bert_bert-7b-proxy_289_layer20_norm1_baseline,400latency_llmop_gpt_gpt-7b_001_layer00_norm1_baseline_metrics.csv,400latency_llmop_bert_bert-7b-proxy_289_layer20_norm1_baseline_metrics.csv
bert_bert-7b-proxy_001_layer00_attn_q_pasta,gpt_gpt-7b_289_layer19_attn_v_pasta,400latency_llmop_bert_bert-7b-proxy_001_layer00_attn_q_pasta_metrics.csv,400latency_llmop_gpt_gpt-7b_289_layer19_attn_v_pasta_metrics.csv
gpt_gpt-7b_001_layer00_norm1_pasta,bert_bert-7b-proxy_289_layer20_norm1_pasta,400latency_llmop_gpt_gpt-7b_001_layer00_norm1_pasta_metrics.csv,400latency_llmop_bert_bert-7b-proxy_289_layer20_norm1_pasta_metrics.csv
bert_bert-7b-proxy_004_layer00_attn_score_baseline,gpt_gpt-7b_290_layer19_attn_score_baseline,400latency_llmop_bert_bert-7b-proxy_004_layer00_attn_score_baseline_metrics.csv,400latency_llmop_gpt_gpt-7b_290_layer19_attn_score_baseline_metrics.csv
bert_bert-7b-proxy_010_layer00_mlp_fc1_baseline,bert_bert-7b-proxy_290_layer20_mlp_fc1_baseline,400latency_llmop_bert_bert-7b-proxy_010_layer00_mlp_fc1_baseline_metrics.csv,400latency_llmop_bert_bert-7b-proxy_290_layer20_mlp_fc1_baseline_metrics.csv
bert_bert-7b-proxy_004_layer00_attn_score_pasta,gpt_gpt-7b_290_layer19_attn_score_pasta,400latency_llmop_bert_bert-7b-proxy_004_layer00_attn_score_pasta_metrics.csv,400latency_llmop_gpt_gpt-7b_290_layer19_attn_score_pasta_metrics.csv
bert_bert-7b-proxy_010_layer00_mlp_fc1_pasta,bert_bert-7b-proxy_290_layer20_mlp_fc1_pasta,400latency_llmop_bert_bert-7b-proxy_010_layer00_mlp_fc1_pasta_metrics.csv,400latency_llmop_bert_bert-7b-proxy_290_layer20_mlp_fc1_pasta_metrics.csv
gpt_gpt-7b_006_layer00_causal_mask_baseline,gpt_gpt-7b_291_layer19_causal_mask_baseline,400latency_llmop_gpt_gpt-7b_006_layer00_causal_mask_baseline_metrics.csv,400latency_llmop_gpt_gpt-7b_291_layer19_causal_mask_baseline_metrics.csv
bert_bert-7b-proxy_011_layer00_mlp_gelu_baseline,bert_bert-7b-proxy_291_layer20_mlp_gelu_baseline,400latency_llmop_bert_bert-7b-proxy_011_layer00_mlp_gelu_baseline_metrics.csv,400latency_llmop_bert_bert-7b-proxy_291_layer20_mlp_gelu_baseline_metrics.csv
gpt_gpt-7b_006_layer00_causal_mask_pasta,gpt_gpt-7b_291_layer19_causal_mask_pasta,400latency_llmop_gpt_gpt-7b_006_layer00_causal_mask_pasta_metrics.csv,400latency_llmop_gpt_gpt-7b_291_layer19_causal_mask_pasta_metrics.csv
bert_bert-7b-proxy_011_layer00_mlp_gelu_pasta,bert_bert-7b-proxy_291_layer20_mlp_gelu_pasta,400latency_llmop_bert_bert-7b-proxy_011_layer00_mlp_gelu_pasta_metrics.csv,400latency_llmop_bert_bert-7b-proxy_291_layer20_mlp_gelu_pasta_metrics.csv
bert_bert-7b-proxy_005_layer00_attn_softmax_baseline,gpt_gpt-7b_292_layer19_attn_softmax_baseline,400latency_llmop_bert_bert-7b-proxy_005_layer00_attn_softmax_baseline_metrics.csv,400latency_llmop_gpt_gpt-7b_292_layer19_attn_softmax_baseline_metrics.csv
bert_bert-7b-proxy_012_layer00_mlp_fc2_baseline,bert_bert-7b-proxy_292_layer20_mlp_fc2_baseline,400latency_llmop_bert_bert-7b-proxy_012_layer00_mlp_fc2_baseline_metrics.csv,400latency_llmop_bert_bert-7b-proxy_292_layer20_mlp_fc2_baseline_metrics.csv
bert_bert-7b-proxy_005_layer00_attn_softmax_pasta,gpt_gpt-7b_292_layer19_attn_softmax_pasta,400latency_llmop_bert_bert-7b-proxy_005_layer00_attn_softmax_pasta_metrics.csv,400latency_llmop_gpt_gpt-7b_292_layer19_attn_softmax_pasta_metrics.csv
bert_bert-7b-proxy_012_layer00_mlp_fc2_pasta,bert_bert-7b-proxy_292_layer20_mlp_fc2_pasta,400latency_llmop_bert_bert-7b-proxy_012_layer00_mlp_fc2_pasta_metrics.csv,400latency_llmop_bert_bert-7b-proxy_292_layer20_mlp_fc2_pasta_metrics.csv
bert_bert-7b-proxy_006_layer00_attn_value_baseline,gpt_gpt-7b_293_layer19_attn_value_baseline,400latency_llmop_bert_bert-7b-proxy_006_layer00_attn_value_baseline_metrics.csv,400latency_llmop_gpt_gpt-7b_293_layer19_attn_value_baseline_metrics.csv
bert_bert-7b-proxy_008_layer00_attn_residual_baseline,bert_bert-7b-proxy_293_layer20_mlp_residual_baseline,400latency_llmop_bert_bert-7b-proxy_008_layer00_attn_residual_baseline_metrics.csv,400latency_llmop_bert_bert-7b-proxy_293_layer20_mlp_residual_baseline_metrics.csv
bert_bert-7b-proxy_006_layer00_attn_value_pasta,gpt_gpt-7b_293_layer19_attn_value_pasta,400latency_llmop_bert_bert-7b-proxy_006_layer00_attn_value_pasta_metrics.csv,400latency_llmop_gpt_gpt-7b_293_layer19_attn_value_pasta_metrics.csv
bert_bert-7b-proxy_008_layer00_attn_residual_pasta,bert_bert-7b-proxy_293_layer20_mlp_residual_pasta,400latency_llmop_bert_bert-7b-proxy_008_layer00_attn_residual_pasta_metrics.csv,400latency_llmop_bert_bert-7b-proxy_293_layer20_mlp_residual_pasta_metrics.csv
bert_bert-7b-proxy_001_layer00_attn_q_baseline,gpt_gpt-7b_294_layer19_attn_out_baseline,400latency_llmop_bert_bert-7b-proxy_001_layer00_attn_q_baseline_metrics.csv,400latency_llmop_gpt_gpt-7b_294_layer19_attn_out_baseline_metrics.csv
gpt_gpt-7b_001_layer00_norm1_baseline,bert_bert-7b-proxy_294_layer20_norm2_baseline,400latency_llmop_gpt_gpt-7b_001_layer00_norm1_baseline_metrics.csv,400latency_llmop_bert_bert-7b-proxy_294_layer20_norm2_baseline_metrics.csv
bert_bert-7b-proxy_001_layer00_attn_q_pasta,gpt_gpt-7b_294_layer19_attn_out_pasta,400latency_llmop_bert_bert-7b-proxy_001_layer00_attn_q_pasta_metrics.csv,400latency_llmop_gpt_gpt-7b_294_layer19_attn_out_pasta_metrics.csv
gpt_gpt-7b_001_layer00_norm1_pasta,bert_bert-7b-proxy_294_layer20_norm2_pasta,400latency_llmop_gpt_gpt-7b_001_layer00_norm1_pasta_metrics.csv,400latency_llmop_bert_bert-7b-proxy_294_layer20_norm2_pasta_metrics.csv
bert_bert-7b-proxy_008_layer00_attn_residual_baseline,gpt_gpt-7b_295_layer19_attn_residual_baseline,400latency_llmop_bert_bert-7b-proxy_008_layer00_attn_residual_baseline_metrics.csv,400latency_llmop_gpt_gpt-7b_295_layer19_attn_residual_baseline_metrics.csv
bert_bert-7b-proxy_001_layer00_attn_q_baseline,bert_bert-7b-proxy_295_layer21_attn_q_baseline,400latency_llmop_bert_bert-7b-proxy_001_layer00_attn_q_baseline_metrics.csv,400latency_llmop_bert_bert-7b-proxy_295_layer21_attn_q_baseline_metrics.csv
bert_bert-7b-proxy_008_layer00_attn_residual_pasta,gpt_gpt-7b_295_layer19_attn_residual_pasta,400latency_llmop_bert_bert-7b-proxy_008_layer00_attn_residual_pasta_metrics.csv,400latency_llmop_gpt_gpt-7b_295_layer19_attn_residual_pasta_metrics.csv
bert_bert-7b-proxy_001_layer00_attn_q_pasta,bert_bert-7b-proxy_295_layer21_attn_q_pasta,400latency_llmop_bert_bert-7b-proxy_001_layer00_attn_q_pasta_metrics.csv,400latency_llmop_bert_bert-7b-proxy_295_layer21_attn_q_pasta_metrics.csv
gpt_gpt-7b_001_layer00_norm1_baseline,gpt_gpt-7b_296_layer19_norm2_baseline,400latency_llmop_gpt_gpt-7b_001_layer00_norm1_baseline_metrics.csv,400latency_llmop_gpt_gpt-7b_296_layer19_norm2_baseline_metrics.csv
bert_bert-7b-proxy_001_layer00_attn_q_baseline,bert_bert-7b-proxy_296_layer21_attn_k_baseline,400latency_llmop_bert_bert-7b-proxy_001_layer00_attn_q_baseline_metrics.csv,400latency_llmop_bert_bert-7b-proxy_296_layer21_attn_k_baseline_metrics.csv
gpt_gpt-7b_001_layer00_norm1_pasta,gpt_gpt-7b_296_layer19_norm2_pasta,400latency_llmop_gpt_gpt-7b_001_layer00_norm1_pasta_metrics.csv,400latency_llmop_gpt_gpt-7b_296_layer19_norm2_pasta_metrics.csv
bert_bert-7b-proxy_001_layer00_attn_q_pasta,bert_bert-7b-proxy_296_layer21_attn_k_pasta,400latency_llmop_bert_bert-7b-proxy_001_layer00_attn_q_pasta_metrics.csv,400latency_llmop_bert_bert-7b-proxy_296_layer21_attn_k_pasta_metrics.csv
bert_bert-7b-proxy_010_layer00_mlp_fc1_baseline,gpt_gpt-7b_297_layer19_mlp_fc1_baseline,400latency_llmop_bert_bert-7b-proxy_010_layer00_mlp_fc1_baseline_metrics.csv,400latency_llmop_gpt_gpt-7b_297_layer19_mlp_fc1_baseline_metrics.csv
bert_bert-7b-proxy_001_layer00_attn_q_baseline,bert_bert-7b-proxy_297_layer21_attn_v_baseline,400latency_llmop_bert_bert-7b-proxy_001_layer00_attn_q_baseline_metrics.csv,400latency_llmop_bert_bert-7b-proxy_297_layer21_attn_v_baseline_metrics.csv
bert_bert-7b-proxy_010_layer00_mlp_fc1_pasta,gpt_gpt-7b_297_layer19_mlp_fc1_pasta,400latency_llmop_bert_bert-7b-proxy_010_layer00_mlp_fc1_pasta_metrics.csv,400latency_llmop_gpt_gpt-7b_297_layer19_mlp_fc1_pasta_metrics.csv
bert_bert-7b-proxy_001_layer00_attn_q_pasta,bert_bert-7b-proxy_297_layer21_attn_v_pasta,400latency_llmop_bert_bert-7b-proxy_001_layer00_attn_q_pasta_metrics.csv,400latency_llmop_bert_bert-7b-proxy_297_layer21_attn_v_pasta_metrics.csv
bert_bert-7b-proxy_011_layer00_mlp_gelu_baseline,gpt_gpt-7b_298_layer19_mlp_gelu_baseline,400latency_llmop_bert_bert-7b-proxy_011_layer00_mlp_gelu_baseline_metrics.csv,400latency_llmop_gpt_gpt-7b_298_layer19_mlp_gelu_baseline_metrics.csv
bert_bert-7b-proxy_004_layer00_attn_score_baseline,bert_bert-7b-proxy_298_layer21_attn_score_baseline,400latency_llmop_bert_bert-7b-proxy_004_layer00_attn_score_baseline_metrics.csv,400latency_llmop_bert_bert-7b-proxy_298_layer21_attn_score_baseline_metrics.csv
bert_bert-7b-proxy_011_layer00_mlp_gelu_pasta,gpt_gpt-7b_298_layer19_mlp_gelu_pasta,400latency_llmop_bert_bert-7b-proxy_011_layer00_mlp_gelu_pasta_metrics.csv,400latency_llmop_gpt_gpt-7b_298_layer19_mlp_gelu_pasta_metrics.csv
bert_bert-7b-proxy_004_layer00_attn_score_pasta,bert_bert-7b-proxy_298_layer21_attn_score_pasta,400latency_llmop_bert_bert-7b-proxy_004_layer00_attn_score_pasta_metrics.csv,400latency_llmop_bert_bert-7b-proxy_298_layer21_attn_score_pasta_metrics.csv
bert_bert-7b-proxy_012_layer00_mlp_fc2_baseline,gpt_gpt-7b_299_layer19_mlp_fc2_baseline,400latency_llmop_bert_bert-7b-proxy_012_layer00_mlp_fc2_baseline_metrics.csv,400latency_llmop_gpt_gpt-7b_299_layer19_mlp_fc2_baseline_metrics.csv
bert_bert-7b-proxy_005_layer00_attn_softmax_baseline,bert_bert-7b-proxy_299_layer21_attn_softmax_baseline,400latency_llmop_bert_bert-7b-proxy_005_layer00_attn_softmax_baseline_metrics.csv,400latency_llmop_bert_bert-7b-proxy_299_layer21_attn_softmax_baseline_metrics.csv
bert_bert-7b-proxy_012_layer00_mlp_fc2_pasta,gpt_gpt-7b_299_layer19_mlp_fc2_pasta,400latency_llmop_bert_bert-7b-proxy_012_layer00_mlp_fc2_pasta_metrics.csv,400latency_llmop_gpt_gpt-7b_299_layer19_mlp_fc2_pasta_metrics.csv
bert_bert-7b-proxy_005_layer00_attn_softmax_pasta,bert_bert-7b-proxy_299_layer21_attn_softmax_pasta,400latency_llmop_bert_bert-7b-proxy_005_layer00_attn_softmax_pasta_metrics.csv,400latency_llmop_bert_bert-7b-proxy_299_layer21_attn_softmax_pasta_metrics.csv
bert_bert-7b-proxy_008_layer00_attn_residual_baseline,gpt_gpt-7b_300_layer19_mlp_residual_baseline,400latency_llmop_bert_bert-7b-proxy_008_layer00_attn_residual_baseline_metrics.csv,400latency_llmop_gpt_gpt-7b_300_layer19_mlp_residual_baseline_metrics.csv
bert_bert-7b-proxy_006_layer00_attn_value_baseline,bert_bert-7b-proxy_300_layer21_attn_value_baseline,400latency_llmop_bert_bert-7b-proxy_006_layer00_attn_value_baseline_metrics.csv,400latency_llmop_bert_bert-7b-proxy_300_layer21_attn_value_baseline_metrics.csv
bert_bert-7b-proxy_008_layer00_attn_residual_pasta,gpt_gpt-7b_300_layer19_mlp_residual_pasta,400latency_llmop_bert_bert-7b-proxy_008_layer00_attn_residual_pasta_metrics.csv,400latency_llmop_gpt_gpt-7b_300_layer19_mlp_residual_pasta_metrics.csv
bert_bert-7b-proxy_006_layer00_attn_value_pasta,bert_bert-7b-proxy_300_layer21_attn_value_pasta,400latency_llmop_bert_bert-7b-proxy_006_layer00_attn_value_pasta_metrics.csv,400latency_llmop_bert_bert-7b-proxy_300_layer21_attn_value_pasta_metrics.csv
gpt_gpt-7b_001_layer00_norm1_baseline,gpt_gpt-7b_301_layer20_norm1_baseline,400latency_llmop_gpt_gpt-7b_001_layer00_norm1_baseline_metrics.csv,400latency_llmop_gpt_gpt-7b_301_layer20_norm1_baseline_metrics.csv
bert_bert-7b-proxy_001_layer00_attn_q_baseline,bert_bert-7b-proxy_301_layer21_attn_out_baseline,400latency_llmop_bert_bert-7b-proxy_001_layer00_attn_q_baseline_metrics.csv,400latency_llmop_bert_bert-7b-proxy_301_layer21_attn_out_baseline_metrics.csv
gpt_gpt-7b_001_layer00_norm1_pasta,gpt_gpt-7b_301_layer20_norm1_pasta,400latency_llmop_gpt_gpt-7b_001_layer00_norm1_pasta_metrics.csv,400latency_llmop_gpt_gpt-7b_301_layer20_norm1_pasta_metrics.csv
bert_bert-7b-proxy_001_layer00_attn_q_pasta,bert_bert-7b-proxy_301_layer21_attn_out_pasta,400latency_llmop_bert_bert-7b-proxy_001_layer00_attn_q_pasta_metrics.csv,400latency_llmop_bert_bert-7b-proxy_301_layer21_attn_out_pasta_metrics.csv
bert_bert-7b-proxy_001_layer00_attn_q_baseline,gpt_gpt-7b_302_layer20_attn_q_baseline,400latency_llmop_bert_bert-7b-proxy_001_layer00_attn_q_baseline_metrics.csv,400latency_llmop_gpt_gpt-7b_302_layer20_attn_q_baseline_metrics.csv
bert_bert-7b-proxy_008_layer00_attn_residual_baseline,bert_bert-7b-proxy_302_layer21_attn_residual_baseline,400latency_llmop_bert_bert-7b-proxy_008_layer00_attn_residual_baseline_metrics.csv,400latency_llmop_bert_bert-7b-proxy_302_layer21_attn_residual_baseline_metrics.csv
bert_bert-7b-proxy_001_layer00_attn_q_pasta,gpt_gpt-7b_302_layer20_attn_q_pasta,400latency_llmop_bert_bert-7b-proxy_001_layer00_attn_q_pasta_metrics.csv,400latency_llmop_gpt_gpt-7b_302_layer20_attn_q_pasta_metrics.csv
bert_bert-7b-proxy_008_layer00_attn_residual_pasta,bert_bert-7b-proxy_302_layer21_attn_residual_pasta,400latency_llmop_bert_bert-7b-proxy_008_layer00_attn_residual_pasta_metrics.csv,400latency_llmop_bert_bert-7b-proxy_302_layer21_attn_residual_pasta_metrics.csv
bert_bert-7b-proxy_001_layer00_attn_q_baseline,gpt_gpt-7b_303_layer20_attn_k_baseline,400latency_llmop_bert_bert-7b-proxy_001_layer00_attn_q_baseline_metrics.csv,400latency_llmop_gpt_gpt-7b_303_layer20_attn_k_baseline_metrics.csv
gpt_gpt-7b_001_layer00_norm1_baseline,bert_bert-7b-proxy_303_layer21_norm1_baseline,400latency_llmop_gpt_gpt-7b_001_layer00_norm1_baseline_metrics.csv,400latency_llmop_bert_bert-7b-proxy_303_layer21_norm1_baseline_metrics.csv
bert_bert-7b-proxy_001_layer00_attn_q_pasta,gpt_gpt-7b_303_layer20_attn_k_pasta,400latency_llmop_bert_bert-7b-proxy_001_layer00_attn_q_pasta_metrics.csv,400latency_llmop_gpt_gpt-7b_303_layer20_attn_k_pasta_metrics.csv
gpt_gpt-7b_001_layer00_norm1_pasta,bert_bert-7b-proxy_303_layer21_norm1_pasta,400latency_llmop_gpt_gpt-7b_001_layer00_norm1_pasta_metrics.csv,400latency_llmop_bert_bert-7b-proxy_303_layer21_norm1_pasta_metrics.csv
bert_bert-7b-proxy_001_layer00_attn_q_baseline,gpt_gpt-7b_304_layer20_attn_v_baseline,400latency_llmop_bert_bert-7b-proxy_001_layer00_attn_q_baseline_metrics.csv,400latency_llmop_gpt_gpt-7b_304_layer20_attn_v_baseline_metrics.csv
bert_bert-7b-proxy_010_layer00_mlp_fc1_baseline,bert_bert-7b-proxy_304_layer21_mlp_fc1_baseline,400latency_llmop_bert_bert-7b-proxy_010_layer00_mlp_fc1_baseline_metrics.csv,400latency_llmop_bert_bert-7b-proxy_304_layer21_mlp_fc1_baseline_metrics.csv
bert_bert-7b-proxy_001_layer00_attn_q_pasta,gpt_gpt-7b_304_layer20_attn_v_pasta,400latency_llmop_bert_bert-7b-proxy_001_layer00_attn_q_pasta_metrics.csv,400latency_llmop_gpt_gpt-7b_304_layer20_attn_v_pasta_metrics.csv
bert_bert-7b-proxy_010_layer00_mlp_fc1_pasta,bert_bert-7b-proxy_304_layer21_mlp_fc1_pasta,400latency_llmop_bert_bert-7b-proxy_010_layer00_mlp_fc1_pasta_metrics.csv,400latency_llmop_bert_bert-7b-proxy_304_layer21_mlp_fc1_pasta_metrics.csv
bert_bert-7b-proxy_004_layer00_attn_score_baseline,gpt_gpt-7b_305_layer20_attn_score_baseline,400latency_llmop_bert_bert-7b-proxy_004_layer00_attn_score_baseline_metrics.csv,400latency_llmop_gpt_gpt-7b_305_layer20_attn_score_baseline_metrics.csv
bert_bert-7b-proxy_011_layer00_mlp_gelu_baseline,bert_bert-7b-proxy_305_layer21_mlp_gelu_baseline,400latency_llmop_bert_bert-7b-proxy_011_layer00_mlp_gelu_baseline_metrics.csv,400latency_llmop_bert_bert-7b-proxy_305_layer21_mlp_gelu_baseline_metrics.csv
bert_bert-7b-proxy_004_layer00_attn_score_pasta,gpt_gpt-7b_305_layer20_attn_score_pasta,400latency_llmop_bert_bert-7b-proxy_004_layer00_attn_score_pasta_metrics.csv,400latency_llmop_gpt_gpt-7b_305_layer20_attn_score_pasta_metrics.csv
bert_bert-7b-proxy_011_layer00_mlp_gelu_pasta,bert_bert-7b-proxy_305_layer21_mlp_gelu_pasta,400latency_llmop_bert_bert-7b-proxy_011_layer00_mlp_gelu_pasta_metrics.csv,400latency_llmop_bert_bert-7b-proxy_305_layer21_mlp_gelu_pasta_metrics.csv
gpt_gpt-7b_006_layer00_causal_mask_baseline,gpt_gpt-7b_306_layer20_causal_mask_baseline,400latency_llmop_gpt_gpt-7b_006_layer00_causal_mask_baseline_metrics.csv,400latency_llmop_gpt_gpt-7b_306_layer20_causal_mask_baseline_metrics.csv
bert_bert-7b-proxy_012_layer00_mlp_fc2_baseline,bert_bert-7b-proxy_306_layer21_mlp_fc2_baseline,400latency_llmop_bert_bert-7b-proxy_012_layer00_mlp_fc2_baseline_metrics.csv,400latency_llmop_bert_bert-7b-proxy_306_layer21_mlp_fc2_baseline_metrics.csv
gpt_gpt-7b_006_layer00_causal_mask_pasta,gpt_gpt-7b_306_layer20_causal_mask_pasta,400latency_llmop_gpt_gpt-7b_006_layer00_causal_mask_pasta_metrics.csv,400latency_llmop_gpt_gpt-7b_306_layer20_causal_mask_pasta_metrics.csv
bert_bert-7b-proxy_012_layer00_mlp_fc2_pasta,bert_bert-7b-proxy_306_layer21_mlp_fc2_pasta,400latency_llmop_bert_bert-7b-proxy_012_layer00_mlp_fc2_pasta_metrics.csv,400latency_llmop_bert_bert-7b-proxy_306_layer21_mlp_fc2_pasta_metrics.csv
bert_bert-7b-proxy_005_layer00_attn_softmax_baseline,gpt_gpt-7b_307_layer20_attn_softmax_baseline,400latency_llmop_bert_bert-7b-proxy_005_layer00_attn_softmax_baseline_metrics.csv,400latency_llmop_gpt_gpt-7b_307_layer20_attn_softmax_baseline_metrics.csv
bert_bert-7b-proxy_008_layer00_attn_residual_baseline,bert_bert-7b-proxy_307_layer21_mlp_residual_baseline,400latency_llmop_bert_bert-7b-proxy_008_layer00_attn_residual_baseline_metrics.csv,400latency_llmop_bert_bert-7b-proxy_307_layer21_mlp_residual_baseline_metrics.csv
bert_bert-7b-proxy_005_layer00_attn_softmax_pasta,gpt_gpt-7b_307_layer20_attn_softmax_pasta,400latency_llmop_bert_bert-7b-proxy_005_layer00_attn_softmax_pasta_metrics.csv,400latency_llmop_gpt_gpt-7b_307_layer20_attn_softmax_pasta_metrics.csv
bert_bert-7b-proxy_008_layer00_attn_residual_pasta,bert_bert-7b-proxy_307_layer21_mlp_residual_pasta,400latency_llmop_bert_bert-7b-proxy_008_layer00_attn_residual_pasta_metrics.csv,400latency_llmop_bert_bert-7b-proxy_307_layer21_mlp_residual_pasta_metrics.csv
bert_bert-7b-proxy_006_layer00_attn_value_baseline,gpt_gpt-7b_308_layer20_attn_value_baseline,400latency_llmop_bert_bert-7b-proxy_006_layer00_attn_value_baseline_metrics.csv,400latency_llmop_gpt_gpt-7b_308_layer20_attn_value_baseline_metrics.csv
gpt_gpt-7b_001_layer00_norm1_baseline,bert_bert-7b-proxy_308_layer21_norm2_baseline,400latency_llmop_gpt_gpt-7b_001_layer00_norm1_baseline_metrics.csv,400latency_llmop_bert_bert-7b-proxy_308_layer21_norm2_baseline_metrics.csv
bert_bert-7b-proxy_006_layer00_attn_value_pasta,gpt_gpt-7b_308_layer20_attn_value_pasta,400latency_llmop_bert_bert-7b-proxy_006_layer00_attn_value_pasta_metrics.csv,400latency_llmop_gpt_gpt-7b_308_layer20_attn_value_pasta_metrics.csv
gpt_gpt-7b_001_layer00_norm1_pasta,bert_bert-7b-proxy_308_layer21_norm2_pasta,400latency_llmop_gpt_gpt-7b_001_layer00_norm1_pasta_metrics.csv,400latency_llmop_bert_bert-7b-proxy_308_layer21_norm2_pasta_metrics.csv
bert_bert-7b-proxy_001_layer00_attn_q_baseline,gpt_gpt-7b_309_layer20_attn_out_baseline,400latency_llmop_bert_bert-7b-proxy_001_layer00_attn_q_baseline_metrics.csv,400latency_llmop_gpt_gpt-7b_309_layer20_attn_out_baseline_metrics.csv
bert_bert-7b-proxy_001_layer00_attn_q_baseline,bert_bert-7b-proxy_309_layer22_attn_q_baseline,400latency_llmop_bert_bert-7b-proxy_001_layer00_attn_q_baseline_metrics.csv,400latency_llmop_bert_bert-7b-proxy_309_layer22_attn_q_baseline_metrics.csv
bert_bert-7b-proxy_001_layer00_attn_q_pasta,gpt_gpt-7b_309_layer20_attn_out_pasta,400latency_llmop_bert_bert-7b-proxy_001_layer00_attn_q_pasta_metrics.csv,400latency_llmop_gpt_gpt-7b_309_layer20_attn_out_pasta_metrics.csv
bert_bert-7b-proxy_001_layer00_attn_q_pasta,bert_bert-7b-proxy_309_layer22_attn_q_pasta,400latency_llmop_bert_bert-7b-proxy_001_layer00_attn_q_pasta_metrics.csv,400latency_llmop_bert_bert-7b-proxy_309_layer22_attn_q_pasta_metrics.csv
bert_bert-7b-proxy_008_layer00_attn_residual_baseline,gpt_gpt-7b_310_layer20_attn_residual_baseline,400latency_llmop_bert_bert-7b-proxy_008_layer00_attn_residual_baseline_metrics.csv,400latency_llmop_gpt_gpt-7b_310_layer20_attn_residual_baseline_metrics.csv
bert_bert-7b-proxy_001_layer00_attn_q_baseline,bert_bert-7b-proxy_310_layer22_attn_k_baseline,400latency_llmop_bert_bert-7b-proxy_001_layer00_attn_q_baseline_metrics.csv,400latency_llmop_bert_bert-7b-proxy_310_layer22_attn_k_baseline_metrics.csv
bert_bert-7b-proxy_008_layer00_attn_residual_pasta,gpt_gpt-7b_310_layer20_attn_residual_pasta,400latency_llmop_bert_bert-7b-proxy_008_layer00_attn_residual_pasta_metrics.csv,400latency_llmop_gpt_gpt-7b_310_layer20_attn_residual_pasta_metrics.csv
bert_bert-7b-proxy_001_layer00_attn_q_pasta,bert_bert-7b-proxy_310_layer22_attn_k_pasta,400latency_llmop_bert_bert-7b-proxy_001_layer00_attn_q_pasta_metrics.csv,400latency_llmop_bert_bert-7b-proxy_310_layer22_attn_k_pasta_metrics.csv
gpt_gpt-7b_001_layer00_norm1_baseline,gpt_gpt-7b_311_layer20_norm2_baseline,400latency_llmop_gpt_gpt-7b_001_layer00_norm1_baseline_metrics.csv,400latency_llmop_gpt_gpt-7b_311_layer20_norm2_baseline_metrics.csv
bert_bert-7b-proxy_001_layer00_attn_q_baseline,bert_bert-7b-proxy_311_layer22_attn_v_baseline,400latency_llmop_bert_bert-7b-proxy_001_layer00_attn_q_baseline_metrics.csv,400latency_llmop_bert_bert-7b-proxy_311_layer22_attn_v_baseline_metrics.csv
gpt_gpt-7b_001_layer00_norm1_pasta,gpt_gpt-7b_311_layer20_norm2_pasta,400latency_llmop_gpt_gpt-7b_001_layer00_norm1_pasta_metrics.csv,400latency_llmop_gpt_gpt-7b_311_layer20_norm2_pasta_metrics.csv
bert_bert-7b-proxy_001_layer00_attn_q_pasta,bert_bert-7b-proxy_311_layer22_attn_v_pasta,400latency_llmop_bert_bert-7b-proxy_001_layer00_attn_q_pasta_metrics.csv,400latency_llmop_bert_bert-7b-proxy_311_layer22_attn_v_pasta_metrics.csv
bert_bert-7b-proxy_010_layer00_mlp_fc1_baseline,gpt_gpt-7b_312_layer20_mlp_fc1_baseline,400latency_llmop_bert_bert-7b-proxy_010_layer00_mlp_fc1_baseline_metrics.csv,400latency_llmop_gpt_gpt-7b_312_layer20_mlp_fc1_baseline_metrics.csv
bert_bert-7b-proxy_004_layer00_attn_score_baseline,bert_bert-7b-proxy_312_layer22_attn_score_baseline,400latency_llmop_bert_bert-7b-proxy_004_layer00_attn_score_baseline_metrics.csv,400latency_llmop_bert_bert-7b-proxy_312_layer22_attn_score_baseline_metrics.csv
bert_bert-7b-proxy_010_layer00_mlp_fc1_pasta,gpt_gpt-7b_312_layer20_mlp_fc1_pasta,400latency_llmop_bert_bert-7b-proxy_010_layer00_mlp_fc1_pasta_metrics.csv,400latency_llmop_gpt_gpt-7b_312_layer20_mlp_fc1_pasta_metrics.csv
bert_bert-7b-proxy_004_layer00_attn_score_pasta,bert_bert-7b-proxy_312_layer22_attn_score_pasta,400latency_llmop_bert_bert-7b-proxy_004_layer00_attn_score_pasta_metrics.csv,400latency_llmop_bert_bert-7b-proxy_312_layer22_attn_score_pasta_metrics.csv
bert_bert-7b-proxy_011_layer00_mlp_gelu_baseline,gpt_gpt-7b_313_layer20_mlp_gelu_baseline,400latency_llmop_bert_bert-7b-proxy_011_layer00_mlp_gelu_baseline_metrics.csv,400latency_llmop_gpt_gpt-7b_313_layer20_mlp_gelu_baseline_metrics.csv
bert_bert-7b-proxy_005_layer00_attn_softmax_baseline,bert_bert-7b-proxy_313_layer22_attn_softmax_baseline,400latency_llmop_bert_bert-7b-proxy_005_layer00_attn_softmax_baseline_metrics.csv,400latency_llmop_bert_bert-7b-proxy_313_layer22_attn_softmax_baseline_metrics.csv
bert_bert-7b-proxy_011_layer00_mlp_gelu_pasta,gpt_gpt-7b_313_layer20_mlp_gelu_pasta,400latency_llmop_bert_bert-7b-proxy_011_layer00_mlp_gelu_pasta_metrics.csv,400latency_llmop_gpt_gpt-7b_313_layer20_mlp_gelu_pasta_metrics.csv
bert_bert-7b-proxy_005_layer00_attn_softmax_pasta,bert_bert-7b-proxy_313_layer22_attn_softmax_pasta,400latency_llmop_bert_bert-7b-proxy_005_layer00_attn_softmax_pasta_metrics.csv,400latency_llmop_bert_bert-7b-proxy_313_layer22_attn_softmax_pasta_metrics.csv
bert_bert-7b-proxy_012_layer00_mlp_fc2_baseline,gpt_gpt-7b_314_layer20_mlp_fc2_baseline,400latency_llmop_bert_bert-7b-proxy_012_layer00_mlp_fc2_baseline_metrics.csv,400latency_llmop_gpt_gpt-7b_314_layer20_mlp_fc2_baseline_metrics.csv
bert_bert-7b-proxy_006_layer00_attn_value_baseline,bert_bert-7b-proxy_314_layer22_attn_value_baseline,400latency_llmop_bert_bert-7b-proxy_006_layer00_attn_value_baseline_metrics.csv,400latency_llmop_bert_bert-7b-proxy_314_layer22_attn_value_baseline_metrics.csv
bert_bert-7b-proxy_012_layer00_mlp_fc2_pasta,gpt_gpt-7b_314_layer20_mlp_fc2_pasta,400latency_llmop_bert_bert-7b-proxy_012_layer00_mlp_fc2_pasta_metrics.csv,400latency_llmop_gpt_gpt-7b_314_layer20_mlp_fc2_pasta_metrics.csv
bert_bert-7b-proxy_006_layer00_attn_value_pasta,bert_bert-7b-proxy_314_layer22_attn_value_pasta,400latency_llmop_bert_bert-7b-proxy_006_layer00_attn_value_pasta_metrics.csv,400latency_llmop_bert_bert-7b-proxy_314_layer22_attn_value_pasta_metrics.csv
bert_bert-7b-proxy_008_layer00_attn_residual_baseline,gpt_gpt-7b_315_layer20_mlp_residual_baseline,400latency_llmop_bert_bert-7b-proxy_008_layer00_attn_residual_baseline_metrics.csv,400latency_llmop_gpt_gpt-7b_315_layer20_mlp_residual_baseline_metrics.csv
bert_bert-7b-proxy_001_layer00_attn_q_baseline,bert_bert-7b-proxy_315_layer22_attn_out_baseline,400latency_llmop_bert_bert-7b-proxy_001_layer00_attn_q_baseline_metrics.csv,400latency_llmop_bert_bert-7b-proxy_315_layer22_attn_out_baseline_metrics.csv
bert_bert-7b-proxy_008_layer00_attn_residual_pasta,gpt_gpt-7b_315_layer20_mlp_residual_pasta,400latency_llmop_bert_bert-7b-proxy_008_layer00_attn_residual_pasta_metrics.csv,400latency_llmop_gpt_gpt-7b_315_layer20_mlp_residual_pasta_metrics.csv
bert_bert-7b-proxy_001_layer00_attn_q_pasta,bert_bert-7b-proxy_315_layer22_attn_out_pasta,400latency_llmop_bert_bert-7b-proxy_001_layer00_attn_q_pasta_metrics.csv,400latency_llmop_bert_bert-7b-proxy_315_layer22_attn_out_pasta_metrics.csv
gpt_gpt-7b_001_layer00_norm1_baseline,gpt_gpt-7b_316_layer21_norm1_baseline,400latency_llmop_gpt_gpt-7b_001_layer00_norm1_baseline_metrics.csv,400latency_llmop_gpt_gpt-7b_316_layer21_norm1_baseline_metrics.csv
bert_bert-7b-proxy_008_layer00_attn_residual_baseline,bert_bert-7b-proxy_316_layer22_attn_residual_baseline,400latency_llmop_bert_bert-7b-proxy_008_layer00_attn_residual_baseline_metrics.csv,400latency_llmop_bert_bert-7b-proxy_316_layer22_attn_residual_baseline_metrics.csv
gpt_gpt-7b_001_layer00_norm1_pasta,gpt_gpt-7b_316_layer21_norm1_pasta,400latency_llmop_gpt_gpt-7b_001_layer00_norm1_pasta_metrics.csv,400latency_llmop_gpt_gpt-7b_316_layer21_norm1_pasta_metrics.csv
bert_bert-7b-proxy_008_layer00_attn_residual_pasta,bert_bert-7b-proxy_316_layer22_attn_residual_pasta,400latency_llmop_bert_bert-7b-proxy_008_layer00_attn_residual_pasta_metrics.csv,400latency_llmop_bert_bert-7b-proxy_316_layer22_attn_residual_pasta_metrics.csv
bert_bert-7b-proxy_001_layer00_attn_q_baseline,gpt_gpt-7b_317_layer21_attn_q_baseline,400latency_llmop_bert_bert-7b-proxy_001_layer00_attn_q_baseline_metrics.csv,400latency_llmop_gpt_gpt-7b_317_layer21_attn_q_baseline_metrics.csv
gpt_gpt-7b_001_layer00_norm1_baseline,bert_bert-7b-proxy_317_layer22_norm1_baseline,400latency_llmop_gpt_gpt-7b_001_layer00_norm1_baseline_metrics.csv,400latency_llmop_bert_bert-7b-proxy_317_layer22_norm1_baseline_metrics.csv
bert_bert-7b-proxy_001_layer00_attn_q_pasta,gpt_gpt-7b_317_layer21_attn_q_pasta,400latency_llmop_bert_bert-7b-proxy_001_layer00_attn_q_pasta_metrics.csv,400latency_llmop_gpt_gpt-7b_317_layer21_attn_q_pasta_metrics.csv
gpt_gpt-7b_001_layer00_norm1_pasta,bert_bert-7b-proxy_317_layer22_norm1_pasta,400latency_llmop_gpt_gpt-7b_001_layer00_norm1_pasta_metrics.csv,400latency_llmop_bert_bert-7b-proxy_317_layer22_norm1_pasta_metrics.csv
bert_bert-7b-proxy_001_layer00_attn_q_baseline,gpt_gpt-7b_318_layer21_attn_k_baseline,400latency_llmop_bert_bert-7b-proxy_001_layer00_attn_q_baseline_metrics.csv,400latency_llmop_gpt_gpt-7b_318_layer21_attn_k_baseline_metrics.csv
bert_bert-7b-proxy_010_layer00_mlp_fc1_baseline,bert_bert-7b-proxy_318_layer22_mlp_fc1_baseline,400latency_llmop_bert_bert-7b-proxy_010_layer00_mlp_fc1_baseline_metrics.csv,400latency_llmop_bert_bert-7b-proxy_318_layer22_mlp_fc1_baseline_metrics.csv
bert_bert-7b-proxy_001_layer00_attn_q_pasta,gpt_gpt-7b_318_layer21_attn_k_pasta,400latency_llmop_bert_bert-7b-proxy_001_layer00_attn_q_pasta_metrics.csv,400latency_llmop_gpt_gpt-7b_318_layer21_attn_k_pasta_metrics.csv
bert_bert-7b-proxy_010_layer00_mlp_fc1_pasta,bert_bert-7b-proxy_318_layer22_mlp_fc1_pasta,400latency_llmop_bert_bert-7b-proxy_010_layer00_mlp_fc1_pasta_metrics.csv,400latency_llmop_bert_bert-7b-proxy_318_layer22_mlp_fc1_pasta_metrics.csv
bert_bert-7b-proxy_001_layer00_attn_q_baseline,gpt_gpt-7b_319_layer21_attn_v_baseline,400latency_llmop_bert_bert-7b-proxy_001_layer00_attn_q_baseline_metrics.csv,400latency_llmop_gpt_gpt-7b_319_layer21_attn_v_baseline_metrics.csv
bert_bert-7b-proxy_011_layer00_mlp_gelu_baseline,bert_bert-7b-proxy_319_layer22_mlp_gelu_baseline,400latency_llmop_bert_bert-7b-proxy_011_layer00_mlp_gelu_baseline_metrics.csv,400latency_llmop_bert_bert-7b-proxy_319_layer22_mlp_gelu_baseline_metrics.csv
bert_bert-7b-proxy_001_layer00_attn_q_pasta,gpt_gpt-7b_319_layer21_attn_v_pasta,400latency_llmop_bert_bert-7b-proxy_001_layer00_attn_q_pasta_metrics.csv,400latency_llmop_gpt_gpt-7b_319_layer21_attn_v_pasta_metrics.csv
bert_bert-7b-proxy_011_layer00_mlp_gelu_pasta,bert_bert-7b-proxy_319_layer22_mlp_gelu_pasta,400latency_llmop_bert_bert-7b-proxy_011_layer00_mlp_gelu_pasta_metrics.csv,400latency_llmop_bert_bert-7b-proxy_319_layer22_mlp_gelu_pasta_metrics.csv
bert_bert-7b-proxy_004_layer00_attn_score_baseline,gpt_gpt-7b_320_layer21_attn_score_baseline,400latency_llmop_bert_bert-7b-proxy_004_layer00_attn_score_baseline_metrics.csv,400latency_llmop_gpt_gpt-7b_320_layer21_attn_score_baseline_metrics.csv
bert_bert-7b-proxy_012_layer00_mlp_fc2_baseline,bert_bert-7b-proxy_320_layer22_mlp_fc2_baseline,400latency_llmop_bert_bert-7b-proxy_012_layer00_mlp_fc2_baseline_metrics.csv,400latency_llmop_bert_bert-7b-proxy_320_layer22_mlp_fc2_baseline_metrics.csv
bert_bert-7b-proxy_004_layer00_attn_score_pasta,gpt_gpt-7b_320_layer21_attn_score_pasta,400latency_llmop_bert_bert-7b-proxy_004_layer00_attn_score_pasta_metrics.csv,400latency_llmop_gpt_gpt-7b_320_layer21_attn_score_pasta_metrics.csv
bert_bert-7b-proxy_012_layer00_mlp_fc2_pasta,bert_bert-7b-proxy_320_layer22_mlp_fc2_pasta,400latency_llmop_bert_bert-7b-proxy_012_layer00_mlp_fc2_pasta_metrics.csv,400latency_llmop_bert_bert-7b-proxy_320_layer22_mlp_fc2_pasta_metrics.csv
gpt_gpt-7b_006_layer00_causal_mask_baseline,gpt_gpt-7b_321_layer21_causal_mask_baseline,400latency_llmop_gpt_gpt-7b_006_layer00_causal_mask_baseline_metrics.csv,400latency_llmop_gpt_gpt-7b_321_layer21_causal_mask_baseline_metrics.csv
bert_bert-7b-proxy_008_layer00_attn_residual_baseline,bert_bert-7b-proxy_321_layer22_mlp_residual_baseline,400latency_llmop_bert_bert-7b-proxy_008_layer00_attn_residual_baseline_metrics.csv,400latency_llmop_bert_bert-7b-proxy_321_layer22_mlp_residual_baseline_metrics.csv
gpt_gpt-7b_006_layer00_causal_mask_pasta,gpt_gpt-7b_321_layer21_causal_mask_pasta,400latency_llmop_gpt_gpt-7b_006_layer00_causal_mask_pasta_metrics.csv,400latency_llmop_gpt_gpt-7b_321_layer21_causal_mask_pasta_metrics.csv
bert_bert-7b-proxy_008_layer00_attn_residual_pasta,bert_bert-7b-proxy_321_layer22_mlp_residual_pasta,400latency_llmop_bert_bert-7b-proxy_008_layer00_attn_residual_pasta_metrics.csv,400latency_llmop_bert_bert-7b-proxy_321_layer22_mlp_residual_pasta_metrics.csv
bert_bert-7b-proxy_005_layer00_attn_softmax_baseline,gpt_gpt-7b_322_layer21_attn_softmax_baseline,400latency_llmop_bert_bert-7b-proxy_005_layer00_attn_softmax_baseline_metrics.csv,400latency_llmop_gpt_gpt-7b_322_layer21_attn_softmax_baseline_metrics.csv
gpt_gpt-7b_001_layer00_norm1_baseline,bert_bert-7b-proxy_322_layer22_norm2_baseline,400latency_llmop_gpt_gpt-7b_001_layer00_norm1_baseline_metrics.csv,400latency_llmop_bert_bert-7b-proxy_322_layer22_norm2_baseline_metrics.csv
bert_bert-7b-proxy_005_layer00_attn_softmax_pasta,gpt_gpt-7b_322_layer21_attn_softmax_pasta,400latency_llmop_bert_bert-7b-proxy_005_layer00_attn_softmax_pasta_metrics.csv,400latency_llmop_gpt_gpt-7b_322_layer21_attn_softmax_pasta_metrics.csv
gpt_gpt-7b_001_layer00_norm1_pasta,bert_bert-7b-proxy_322_layer22_norm2_pasta,400latency_llmop_gpt_gpt-7b_001_layer00_norm1_pasta_metrics.csv,400latency_llmop_bert_bert-7b-proxy_322_layer22_norm2_pasta_metrics.csv
bert_bert-7b-proxy_006_layer00_attn_value_baseline,gpt_gpt-7b_323_layer21_attn_value_baseline,400latency_llmop_bert_bert-7b-proxy_006_layer00_attn_value_baseline_metrics.csv,400latency_llmop_gpt_gpt-7b_323_layer21_attn_value_baseline_metrics.csv
bert_bert-7b-proxy_001_layer00_attn_q_baseline,bert_bert-7b-proxy_323_layer23_attn_q_baseline,400latency_llmop_bert_bert-7b-proxy_001_layer00_attn_q_baseline_metrics.csv,400latency_llmop_bert_bert-7b-proxy_323_layer23_attn_q_baseline_metrics.csv
bert_bert-7b-proxy_006_layer00_attn_value_pasta,gpt_gpt-7b_323_layer21_attn_value_pasta,400latency_llmop_bert_bert-7b-proxy_006_layer00_attn_value_pasta_metrics.csv,400latency_llmop_gpt_gpt-7b_323_layer21_attn_value_pasta_metrics.csv
bert_bert-7b-proxy_001_layer00_attn_q_pasta,bert_bert-7b-proxy_323_layer23_attn_q_pasta,400latency_llmop_bert_bert-7b-proxy_001_layer00_attn_q_pasta_metrics.csv,400latency_llmop_bert_bert-7b-proxy_323_layer23_attn_q_pasta_metrics.csv
bert_bert-7b-proxy_001_layer00_attn_q_baseline,gpt_gpt-7b_324_layer21_attn_out_baseline,400latency_llmop_bert_bert-7b-proxy_001_layer00_attn_q_baseline_metrics.csv,400latency_llmop_gpt_gpt-7b_324_layer21_attn_out_baseline_metrics.csv
bert_bert-7b-proxy_001_layer00_attn_q_baseline,bert_bert-7b-proxy_324_layer23_attn_k_baseline,400latency_llmop_bert_bert-7b-proxy_001_layer00_attn_q_baseline_metrics.csv,400latency_llmop_bert_bert-7b-proxy_324_layer23_attn_k_baseline_metrics.csv
bert_bert-7b-proxy_001_layer00_attn_q_pasta,gpt_gpt-7b_324_layer21_attn_out_pasta,400latency_llmop_bert_bert-7b-proxy_001_layer00_attn_q_pasta_metrics.csv,400latency_llmop_gpt_gpt-7b_324_layer21_attn_out_pasta_metrics.csv
bert_bert-7b-proxy_001_layer00_attn_q_pasta,bert_bert-7b-proxy_324_layer23_attn_k_pasta,400latency_llmop_bert_bert-7b-proxy_001_layer00_attn_q_pasta_metrics.csv,400latency_llmop_bert_bert-7b-proxy_324_layer23_attn_k_pasta_metrics.csv
bert_bert-7b-proxy_008_layer00_attn_residual_baseline,gpt_gpt-7b_325_layer21_attn_residual_baseline,400latency_llmop_bert_bert-7b-proxy_008_layer00_attn_residual_baseline_metrics.csv,400latency_llmop_gpt_gpt-7b_325_layer21_attn_residual_baseline_metrics.csv
bert_bert-7b-proxy_001_layer00_attn_q_baseline,bert_bert-7b-proxy_325_layer23_attn_v_baseline,400latency_llmop_bert_bert-7b-proxy_001_layer00_attn_q_baseline_metrics.csv,400latency_llmop_bert_bert-7b-proxy_325_layer23_attn_v_baseline_metrics.csv
bert_bert-7b-proxy_008_layer00_attn_residual_pasta,gpt_gpt-7b_325_layer21_attn_residual_pasta,400latency_llmop_bert_bert-7b-proxy_008_layer00_attn_residual_pasta_metrics.csv,400latency_llmop_gpt_gpt-7b_325_layer21_attn_residual_pasta_metrics.csv
bert_bert-7b-proxy_001_layer00_attn_q_pasta,bert_bert-7b-proxy_325_layer23_attn_v_pasta,400latency_llmop_bert_bert-7b-proxy_001_layer00_attn_q_pasta_metrics.csv,400latency_llmop_bert_bert-7b-proxy_325_layer23_attn_v_pasta_metrics.csv
gpt_gpt-7b_001_layer00_norm1_baseline,gpt_gpt-7b_326_layer21_norm2_baseline,400latency_llmop_gpt_gpt-7b_001_layer00_norm1_baseline_metrics.csv,400latency_llmop_gpt_gpt-7b_326_layer21_norm2_baseline_metrics.csv
bert_bert-7b-proxy_004_layer00_attn_score_baseline,bert_bert-7b-proxy_326_layer23_attn_score_baseline,400latency_llmop_bert_bert-7b-proxy_004_layer00_attn_score_baseline_metrics.csv,400latency_llmop_bert_bert-7b-proxy_326_layer23_attn_score_baseline_metrics.csv
gpt_gpt-7b_001_layer00_norm1_pasta,gpt_gpt-7b_326_layer21_norm2_pasta,400latency_llmop_gpt_gpt-7b_001_layer00_norm1_pasta_metrics.csv,400latency_llmop_gpt_gpt-7b_326_layer21_norm2_pasta_metrics.csv
bert_bert-7b-proxy_004_layer00_attn_score_pasta,bert_bert-7b-proxy_326_layer23_attn_score_pasta,400latency_llmop_bert_bert-7b-proxy_004_layer00_attn_score_pasta_metrics.csv,400latency_llmop_bert_bert-7b-proxy_326_layer23_attn_score_pasta_metrics.csv
bert_bert-7b-proxy_010_layer00_mlp_fc1_baseline,gpt_gpt-7b_327_layer21_mlp_fc1_baseline,400latency_llmop_bert_bert-7b-proxy_010_layer00_mlp_fc1_baseline_metrics.csv,400latency_llmop_gpt_gpt-7b_327_layer21_mlp_fc1_baseline_metrics.csv
bert_bert-7b-proxy_005_layer00_attn_softmax_baseline,bert_bert-7b-proxy_327_layer23_attn_softmax_baseline,400latency_llmop_bert_bert-7b-proxy_005_layer00_attn_softmax_baseline_metrics.csv,400latency_llmop_bert_bert-7b-proxy_327_layer23_attn_softmax_baseline_metrics.csv
bert_bert-7b-proxy_010_layer00_mlp_fc1_pasta,gpt_gpt-7b_327_layer21_mlp_fc1_pasta,400latency_llmop_bert_bert-7b-proxy_010_layer00_mlp_fc1_pasta_metrics.csv,400latency_llmop_gpt_gpt-7b_327_layer21_mlp_fc1_pasta_metrics.csv
bert_bert-7b-proxy_005_layer00_attn_softmax_pasta,bert_bert-7b-proxy_327_layer23_attn_softmax_pasta,400latency_llmop_bert_bert-7b-proxy_005_layer00_attn_softmax_pasta_metrics.csv,400latency_llmop_bert_bert-7b-proxy_327_layer23_attn_softmax_pasta_metrics.csv
bert_bert-7b-proxy_011_layer00_mlp_gelu_baseline,gpt_gpt-7b_328_layer21_mlp_gelu_baseline,400latency_llmop_bert_bert-7b-proxy_011_layer00_mlp_gelu_baseline_metrics.csv,400latency_llmop_gpt_gpt-7b_328_layer21_mlp_gelu_baseline_metrics.csv
bert_bert-7b-proxy_006_layer00_attn_value_baseline,bert_bert-7b-proxy_328_layer23_attn_value_baseline,400latency_llmop_bert_bert-7b-proxy_006_layer00_attn_value_baseline_metrics.csv,400latency_llmop_bert_bert-7b-proxy_328_layer23_attn_value_baseline_metrics.csv
bert_bert-7b-proxy_011_layer00_mlp_gelu_pasta,gpt_gpt-7b_328_layer21_mlp_gelu_pasta,400latency_llmop_bert_bert-7b-proxy_011_layer00_mlp_gelu_pasta_metrics.csv,400latency_llmop_gpt_gpt-7b_328_layer21_mlp_gelu_pasta_metrics.csv
bert_bert-7b-proxy_006_layer00_attn_value_pasta,bert_bert-7b-proxy_328_layer23_attn_value_pasta,400latency_llmop_bert_bert-7b-proxy_006_layer00_attn_value_pasta_metrics.csv,400latency_llmop_bert_bert-7b-proxy_328_layer23_attn_value_pasta_metrics.csv
bert_bert-7b-proxy_012_layer00_mlp_fc2_baseline,gpt_gpt-7b_329_layer21_mlp_fc2_baseline,400latency_llmop_bert_bert-7b-proxy_012_layer00_mlp_fc2_baseline_metrics.csv,400latency_llmop_gpt_gpt-7b_329_layer21_mlp_fc2_baseline_metrics.csv
bert_bert-7b-proxy_001_layer00_attn_q_baseline,bert_bert-7b-proxy_329_layer23_attn_out_baseline,400latency_llmop_bert_bert-7b-proxy_001_layer00_attn_q_baseline_metrics.csv,400latency_llmop_bert_bert-7b-proxy_329_layer23_attn_out_baseline_metrics.csv
bert_bert-7b-proxy_012_layer00_mlp_fc2_pasta,gpt_gpt-7b_329_layer21_mlp_fc2_pasta,400latency_llmop_bert_bert-7b-proxy_012_layer00_mlp_fc2_pasta_metrics.csv,400latency_llmop_gpt_gpt-7b_329_layer21_mlp_fc2_pasta_metrics.csv
bert_bert-7b-proxy_001_layer00_attn_q_pasta,bert_bert-7b-proxy_329_layer23_attn_out_pasta,400latency_llmop_bert_bert-7b-proxy_001_layer00_attn_q_pasta_metrics.csv,400latency_llmop_bert_bert-7b-proxy_329_layer23_attn_out_pasta_metrics.csv
bert_bert-7b-proxy_008_layer00_attn_residual_baseline,gpt_gpt-7b_330_layer21_mlp_residual_baseline,400latency_llmop_bert_bert-7b-proxy_008_layer00_attn_residual_baseline_metrics.csv,400latency_llmop_gpt_gpt-7b_330_layer21_mlp_residual_baseline_metrics.csv
bert_bert-7b-proxy_008_layer00_attn_residual_baseline,bert_bert-7b-proxy_330_layer23_attn_residual_baseline,400latency_llmop_bert_bert-7b-proxy_008_layer00_attn_residual_baseline_metrics.csv,400latency_llmop_bert_bert-7b-proxy_330_layer23_attn_residual_baseline_metrics.csv
bert_bert-7b-proxy_008_layer00_attn_residual_pasta,gpt_gpt-7b_330_layer21_mlp_residual_pasta,400latency_llmop_bert_bert-7b-proxy_008_layer00_attn_residual_pasta_metrics.csv,400latency_llmop_gpt_gpt-7b_330_layer21_mlp_residual_pasta_metrics.csv
bert_bert-7b-proxy_008_layer00_attn_residual_pasta,bert_bert-7b-proxy_330_layer23_attn_residual_pasta,400latency_llmop_bert_bert-7b-proxy_008_layer00_attn_residual_pasta_metrics.csv,400latency_llmop_bert_bert-7b-proxy_330_layer23_attn_residual_pasta_metrics.csv
gpt_gpt-7b_001_layer00_norm1_baseline,gpt_gpt-7b_331_layer22_norm1_baseline,400latency_llmop_gpt_gpt-7b_001_layer00_norm1_baseline_metrics.csv,400latency_llmop_gpt_gpt-7b_331_layer22_norm1_baseline_metrics.csv
gpt_gpt-7b_001_layer00_norm1_baseline,bert_bert-7b-proxy_331_layer23_norm1_baseline,400latency_llmop_gpt_gpt-7b_001_layer00_norm1_baseline_metrics.csv,400latency_llmop_bert_bert-7b-proxy_331_layer23_norm1_baseline_metrics.csv
gpt_gpt-7b_001_layer00_norm1_pasta,gpt_gpt-7b_331_layer22_norm1_pasta,400latency_llmop_gpt_gpt-7b_001_layer00_norm1_pasta_metrics.csv,400latency_llmop_gpt_gpt-7b_331_layer22_norm1_pasta_metrics.csv
gpt_gpt-7b_001_layer00_norm1_pasta,bert_bert-7b-proxy_331_layer23_norm1_pasta,400latency_llmop_gpt_gpt-7b_001_layer00_norm1_pasta_metrics.csv,400latency_llmop_bert_bert-7b-proxy_331_layer23_norm1_pasta_metrics.csv
bert_bert-7b-proxy_001_layer00_attn_q_baseline,gpt_gpt-7b_332_layer22_attn_q_baseline,400latency_llmop_bert_bert-7b-proxy_001_layer00_attn_q_baseline_metrics.csv,400latency_llmop_gpt_gpt-7b_332_layer22_attn_q_baseline_metrics.csv
bert_bert-7b-proxy_010_layer00_mlp_fc1_baseline,bert_bert-7b-proxy_332_layer23_mlp_fc1_baseline,400latency_llmop_bert_bert-7b-proxy_010_layer00_mlp_fc1_baseline_metrics.csv,400latency_llmop_bert_bert-7b-proxy_332_layer23_mlp_fc1_baseline_metrics.csv
bert_bert-7b-proxy_001_layer00_attn_q_pasta,gpt_gpt-7b_332_layer22_attn_q_pasta,400latency_llmop_bert_bert-7b-proxy_001_layer00_attn_q_pasta_metrics.csv,400latency_llmop_gpt_gpt-7b_332_layer22_attn_q_pasta_metrics.csv
bert_bert-7b-proxy_010_layer00_mlp_fc1_pasta,bert_bert-7b-proxy_332_layer23_mlp_fc1_pasta,400latency_llmop_bert_bert-7b-proxy_010_layer00_mlp_fc1_pasta_metrics.csv,400latency_llmop_bert_bert-7b-proxy_332_layer23_mlp_fc1_pasta_metrics.csv
bert_bert-7b-proxy_001_layer00_attn_q_baseline,gpt_gpt-7b_333_layer22_attn_k_baseline,400latency_llmop_bert_bert-7b-proxy_001_layer00_attn_q_baseline_metrics.csv,400latency_llmop_gpt_gpt-7b_333_layer22_attn_k_baseline_metrics.csv
bert_bert-7b-proxy_011_layer00_mlp_gelu_baseline,bert_bert-7b-proxy_333_layer23_mlp_gelu_baseline,400latency_llmop_bert_bert-7b-proxy_011_layer00_mlp_gelu_baseline_metrics.csv,400latency_llmop_bert_bert-7b-proxy_333_layer23_mlp_gelu_baseline_metrics.csv
bert_bert-7b-proxy_001_layer00_attn_q_pasta,gpt_gpt-7b_333_layer22_attn_k_pasta,400latency_llmop_bert_bert-7b-proxy_001_layer00_attn_q_pasta_metrics.csv,400latency_llmop_gpt_gpt-7b_333_layer22_attn_k_pasta_metrics.csv
bert_bert-7b-proxy_011_layer00_mlp_gelu_pasta,bert_bert-7b-proxy_333_layer23_mlp_gelu_pasta,400latency_llmop_bert_bert-7b-proxy_011_layer00_mlp_gelu_pasta_metrics.csv,400latency_llmop_bert_bert-7b-proxy_333_layer23_mlp_gelu_pasta_metrics.csv
bert_bert-7b-proxy_001_layer00_attn_q_baseline,gpt_gpt-7b_334_layer22_attn_v_baseline,400latency_llmop_bert_bert-7b-proxy_001_layer00_attn_q_baseline_metrics.csv,400latency_llmop_gpt_gpt-7b_334_layer22_attn_v_baseline_metrics.csv
bert_bert-7b-proxy_012_layer00_mlp_fc2_baseline,bert_bert-7b-proxy_334_layer23_mlp_fc2_baseline,400latency_llmop_bert_bert-7b-proxy_012_layer00_mlp_fc2_baseline_metrics.csv,400latency_llmop_bert_bert-7b-proxy_334_layer23_mlp_fc2_baseline_metrics.csv
bert_bert-7b-proxy_001_layer00_attn_q_pasta,gpt_gpt-7b_334_layer22_attn_v_pasta,400latency_llmop_bert_bert-7b-proxy_001_layer00_attn_q_pasta_metrics.csv,400latency_llmop_gpt_gpt-7b_334_layer22_attn_v_pasta_metrics.csv
bert_bert-7b-proxy_012_layer00_mlp_fc2_pasta,bert_bert-7b-proxy_334_layer23_mlp_fc2_pasta,400latency_llmop_bert_bert-7b-proxy_012_layer00_mlp_fc2_pasta_metrics.csv,400latency_llmop_bert_bert-7b-proxy_334_layer23_mlp_fc2_pasta_metrics.csv
bert_bert-7b-proxy_004_layer00_attn_score_baseline,gpt_gpt-7b_335_layer22_attn_score_baseline,400latency_llmop_bert_bert-7b-proxy_004_layer00_attn_score_baseline_metrics.csv,400latency_llmop_gpt_gpt-7b_335_layer22_attn_score_baseline_metrics.csv
bert_bert-7b-proxy_008_layer00_attn_residual_baseline,bert_bert-7b-proxy_335_layer23_mlp_residual_baseline,400latency_llmop_bert_bert-7b-proxy_008_layer00_attn_residual_baseline_metrics.csv,400latency_llmop_bert_bert-7b-proxy_335_layer23_mlp_residual_baseline_metrics.csv
bert_bert-7b-proxy_004_layer00_attn_score_pasta,gpt_gpt-7b_335_layer22_attn_score_pasta,400latency_llmop_bert_bert-7b-proxy_004_layer00_attn_score_pasta_metrics.csv,400latency_llmop_gpt_gpt-7b_335_layer22_attn_score_pasta_metrics.csv
bert_bert-7b-proxy_008_layer00_attn_residual_pasta,bert_bert-7b-proxy_335_layer23_mlp_residual_pasta,400latency_llmop_bert_bert-7b-proxy_008_layer00_attn_residual_pasta_metrics.csv,400latency_llmop_bert_bert-7b-proxy_335_layer23_mlp_residual_pasta_metrics.csv
gpt_gpt-7b_006_layer00_causal_mask_baseline,gpt_gpt-7b_336_layer22_causal_mask_baseline,400latency_llmop_gpt_gpt-7b_006_layer00_causal_mask_baseline_metrics.csv,400latency_llmop_gpt_gpt-7b_336_layer22_causal_mask_baseline_metrics.csv
gpt_gpt-7b_001_layer00_norm1_baseline,bert_bert-7b-proxy_336_layer23_norm2_baseline,400latency_llmop_gpt_gpt-7b_001_layer00_norm1_baseline_metrics.csv,400latency_llmop_bert_bert-7b-proxy_336_layer23_norm2_baseline_metrics.csv
gpt_gpt-7b_006_layer00_causal_mask_pasta,gpt_gpt-7b_336_layer22_causal_mask_pasta,400latency_llmop_gpt_gpt-7b_006_layer00_causal_mask_pasta_metrics.csv,400latency_llmop_gpt_gpt-7b_336_layer22_causal_mask_pasta_metrics.csv
gpt_gpt-7b_001_layer00_norm1_pasta,bert_bert-7b-proxy_336_layer23_norm2_pasta,400latency_llmop_gpt_gpt-7b_001_layer00_norm1_pasta_metrics.csv,400latency_llmop_bert_bert-7b-proxy_336_layer23_norm2_pasta_metrics.csv
bert_bert-7b-proxy_005_layer00_attn_softmax_baseline,gpt_gpt-7b_337_layer22_attn_softmax_baseline,400latency_llmop_bert_bert-7b-proxy_005_layer00_attn_softmax_baseline_metrics.csv,400latency_llmop_gpt_gpt-7b_337_layer22_attn_softmax_baseline_metrics.csv
bert_bert-7b-proxy_001_layer00_attn_q_baseline,bert_bert-7b-proxy_337_layer24_attn_q_baseline,400latency_llmop_bert_bert-7b-proxy_001_layer00_attn_q_baseline_metrics.csv,400latency_llmop_bert_bert-7b-proxy_337_layer24_attn_q_baseline_metrics.csv
bert_bert-7b-proxy_005_layer00_attn_softmax_pasta,gpt_gpt-7b_337_layer22_attn_softmax_pasta,400latency_llmop_bert_bert-7b-proxy_005_layer00_attn_softmax_pasta_metrics.csv,400latency_llmop_gpt_gpt-7b_337_layer22_attn_softmax_pasta_metrics.csv
bert_bert-7b-proxy_001_layer00_attn_q_pasta,bert_bert-7b-proxy_337_layer24_attn_q_pasta,400latency_llmop_bert_bert-7b-proxy_001_layer00_attn_q_pasta_metrics.csv,400latency_llmop_bert_bert-7b-proxy_337_layer24_attn_q_pasta_metrics.csv
bert_bert-7b-proxy_006_layer00_attn_value_baseline,gpt_gpt-7b_338_layer22_attn_value_baseline,400latency_llmop_bert_bert-7b-proxy_006_layer00_attn_value_baseline_metrics.csv,400latency_llmop_gpt_gpt-7b_338_layer22_attn_value_baseline_metrics.csv
bert_bert-7b-proxy_001_layer00_attn_q_baseline,bert_bert-7b-proxy_338_layer24_attn_k_baseline,400latency_llmop_bert_bert-7b-proxy_001_layer00_attn_q_baseline_metrics.csv,400latency_llmop_bert_bert-7b-proxy_338_layer24_attn_k_baseline_metrics.csv
bert_bert-7b-proxy_006_layer00_attn_value_pasta,gpt_gpt-7b_338_layer22_attn_value_pasta,400latency_llmop_bert_bert-7b-proxy_006_layer00_attn_value_pasta_metrics.csv,400latency_llmop_gpt_gpt-7b_338_layer22_attn_value_pasta_metrics.csv
bert_bert-7b-proxy_001_layer00_attn_q_pasta,bert_bert-7b-proxy_338_layer24_attn_k_pasta,400latency_llmop_bert_bert-7b-proxy_001_layer00_attn_q_pasta_metrics.csv,400latency_llmop_bert_bert-7b-proxy_338_layer24_attn_k_pasta_metrics.csv
bert_bert-7b-proxy_001_layer00_attn_q_baseline,gpt_gpt-7b_339_layer22_attn_out_baseline,400latency_llmop_bert_bert-7b-proxy_001_layer00_attn_q_baseline_metrics.csv,400latency_llmop_gpt_gpt-7b_339_layer22_attn_out_baseline_metrics.csv
bert_bert-7b-proxy_001_layer00_attn_q_baseline,bert_bert-7b-proxy_339_layer24_attn_v_baseline,400latency_llmop_bert_bert-7b-proxy_001_layer00_attn_q_baseline_metrics.csv,400latency_llmop_bert_bert-7b-proxy_339_layer24_attn_v_baseline_metrics.csv
bert_bert-7b-proxy_001_layer00_attn_q_pasta,gpt_gpt-7b_339_layer22_attn_out_pasta,400latency_llmop_bert_bert-7b-proxy_001_layer00_attn_q_pasta_metrics.csv,400latency_llmop_gpt_gpt-7b_339_layer22_attn_out_pasta_metrics.csv
bert_bert-7b-proxy_001_layer00_attn_q_pasta,bert_bert-7b-proxy_339_layer24_attn_v_pasta,400latency_llmop_bert_bert-7b-proxy_001_layer00_attn_q_pasta_metrics.csv,400latency_llmop_bert_bert-7b-proxy_339_layer24_attn_v_pasta_metrics.csv
bert_bert-7b-proxy_008_layer00_attn_residual_baseline,gpt_gpt-7b_340_layer22_attn_residual_baseline,400latency_llmop_bert_bert-7b-proxy_008_layer00_attn_residual_baseline_metrics.csv,400latency_llmop_gpt_gpt-7b_340_layer22_attn_residual_baseline_metrics.csv
bert_bert-7b-proxy_004_layer00_attn_score_baseline,bert_bert-7b-proxy_340_layer24_attn_score_baseline,400latency_llmop_bert_bert-7b-proxy_004_layer00_attn_score_baseline_metrics.csv,400latency_llmop_bert_bert-7b-proxy_340_layer24_attn_score_baseline_metrics.csv
bert_bert-7b-proxy_008_layer00_attn_residual_pasta,gpt_gpt-7b_340_layer22_attn_residual_pasta,400latency_llmop_bert_bert-7b-proxy_008_layer00_attn_residual_pasta_metrics.csv,400latency_llmop_gpt_gpt-7b_340_layer22_attn_residual_pasta_metrics.csv
bert_bert-7b-proxy_004_layer00_attn_score_pasta,bert_bert-7b-proxy_340_layer24_attn_score_pasta,400latency_llmop_bert_bert-7b-proxy_004_layer00_attn_score_pasta_metrics.csv,400latency_llmop_bert_bert-7b-proxy_340_layer24_attn_score_pasta_metrics.csv
gpt_gpt-7b_001_layer00_norm1_baseline,gpt_gpt-7b_341_layer22_norm2_baseline,400latency_llmop_gpt_gpt-7b_001_layer00_norm1_baseline_metrics.csv,400latency_llmop_gpt_gpt-7b_341_layer22_norm2_baseline_metrics.csv
bert_bert-7b-proxy_005_layer00_attn_softmax_baseline,bert_bert-7b-proxy_341_layer24_attn_softmax_baseline,400latency_llmop_bert_bert-7b-proxy_005_layer00_attn_softmax_baseline_metrics.csv,400latency_llmop_bert_bert-7b-proxy_341_layer24_attn_softmax_baseline_metrics.csv
gpt_gpt-7b_001_layer00_norm1_pasta,gpt_gpt-7b_341_layer22_norm2_pasta,400latency_llmop_gpt_gpt-7b_001_layer00_norm1_pasta_metrics.csv,400latency_llmop_gpt_gpt-7b_341_layer22_norm2_pasta_metrics.csv
bert_bert-7b-proxy_005_layer00_attn_softmax_pasta,bert_bert-7b-proxy_341_layer24_attn_softmax_pasta,400latency_llmop_bert_bert-7b-proxy_005_layer00_attn_softmax_pasta_metrics.csv,400latency_llmop_bert_bert-7b-proxy_341_layer24_attn_softmax_pasta_metrics.csv
bert_bert-7b-proxy_010_layer00_mlp_fc1_baseline,gpt_gpt-7b_342_layer22_mlp_fc1_baseline,400latency_llmop_bert_bert-7b-proxy_010_layer00_mlp_fc1_baseline_metrics.csv,400latency_llmop_gpt_gpt-7b_342_layer22_mlp_fc1_baseline_metrics.csv
bert_bert-7b-proxy_006_layer00_attn_value_baseline,bert_bert-7b-proxy_342_layer24_attn_value_baseline,400latency_llmop_bert_bert-7b-proxy_006_layer00_attn_value_baseline_metrics.csv,400latency_llmop_bert_bert-7b-proxy_342_layer24_attn_value_baseline_metrics.csv
bert_bert-7b-proxy_010_layer00_mlp_fc1_pasta,gpt_gpt-7b_342_layer22_mlp_fc1_pasta,400latency_llmop_bert_bert-7b-proxy_010_layer00_mlp_fc1_pasta_metrics.csv,400latency_llmop_gpt_gpt-7b_342_layer22_mlp_fc1_pasta_metrics.csv
bert_bert-7b-proxy_006_layer00_attn_value_pasta,bert_bert-7b-proxy_342_layer24_attn_value_pasta,400latency_llmop_bert_bert-7b-proxy_006_layer00_attn_value_pasta_metrics.csv,400latency_llmop_bert_bert-7b-proxy_342_layer24_attn_value_pasta_metrics.csv
bert_bert-7b-proxy_011_layer00_mlp_gelu_baseline,gpt_gpt-7b_343_layer22_mlp_gelu_baseline,400latency_llmop_bert_bert-7b-proxy_011_layer00_mlp_gelu_baseline_metrics.csv,400latency_llmop_gpt_gpt-7b_343_layer22_mlp_gelu_baseline_metrics.csv
bert_bert-7b-proxy_001_layer00_attn_q_baseline,bert_bert-7b-proxy_343_layer24_attn_out_baseline,400latency_llmop_bert_bert-7b-proxy_001_layer00_attn_q_baseline_metrics.csv,400latency_llmop_bert_bert-7b-proxy_343_layer24_attn_out_baseline_metrics.csv
bert_bert-7b-proxy_011_layer00_mlp_gelu_pasta,gpt_gpt-7b_343_layer22_mlp_gelu_pasta,400latency_llmop_bert_bert-7b-proxy_011_layer00_mlp_gelu_pasta_metrics.csv,400latency_llmop_gpt_gpt-7b_343_layer22_mlp_gelu_pasta_metrics.csv
bert_bert-7b-proxy_001_layer00_attn_q_pasta,bert_bert-7b-proxy_343_layer24_attn_out_pasta,400latency_llmop_bert_bert-7b-proxy_001_layer00_attn_q_pasta_metrics.csv,400latency_llmop_bert_bert-7b-proxy_343_layer24_attn_out_pasta_metrics.csv
bert_bert-7b-proxy_012_layer00_mlp_fc2_baseline,gpt_gpt-7b_344_layer22_mlp_fc2_baseline,400latency_llmop_bert_bert-7b-proxy_012_layer00_mlp_fc2_baseline_metrics.csv,400latency_llmop_gpt_gpt-7b_344_layer22_mlp_fc2_baseline_metrics.csv
bert_bert-7b-proxy_008_layer00_attn_residual_baseline,bert_bert-7b-proxy_344_layer24_attn_residual_baseline,400latency_llmop_bert_bert-7b-proxy_008_layer00_attn_residual_baseline_metrics.csv,400latency_llmop_bert_bert-7b-proxy_344_layer24_attn_residual_baseline_metrics.csv
bert_bert-7b-proxy_012_layer00_mlp_fc2_pasta,gpt_gpt-7b_344_layer22_mlp_fc2_pasta,400latency_llmop_bert_bert-7b-proxy_012_layer00_mlp_fc2_pasta_metrics.csv,400latency_llmop_gpt_gpt-7b_344_layer22_mlp_fc2_pasta_metrics.csv
bert_bert-7b-proxy_008_layer00_attn_residual_pasta,bert_bert-7b-proxy_344_layer24_attn_residual_pasta,400latency_llmop_bert_bert-7b-proxy_008_layer00_attn_residual_pasta_metrics.csv,400latency_llmop_bert_bert-7b-proxy_344_layer24_attn_residual_pasta_metrics.csv
bert_bert-7b-proxy_008_layer00_attn_residual_baseline,gpt_gpt-7b_345_layer22_mlp_residual_baseline,400latency_llmop_bert_bert-7b-proxy_008_layer00_attn_residual_baseline_metrics.csv,400latency_llmop_gpt_gpt-7b_345_layer22_mlp_residual_baseline_metrics.csv
gpt_gpt-7b_001_layer00_norm1_baseline,bert_bert-7b-proxy_345_layer24_norm1_baseline,400latency_llmop_gpt_gpt-7b_001_layer00_norm1_baseline_metrics.csv,400latency_llmop_bert_bert-7b-proxy_345_layer24_norm1_baseline_metrics.csv
bert_bert-7b-proxy_008_layer00_attn_residual_pasta,gpt_gpt-7b_345_layer22_mlp_residual_pasta,400latency_llmop_bert_bert-7b-proxy_008_layer00_attn_residual_pasta_metrics.csv,400latency_llmop_gpt_gpt-7b_345_layer22_mlp_residual_pasta_metrics.csv
gpt_gpt-7b_001_layer00_norm1_pasta,bert_bert-7b-proxy_345_layer24_norm1_pasta,400latency_llmop_gpt_gpt-7b_001_layer00_norm1_pasta_metrics.csv,400latency_llmop_bert_bert-7b-proxy_345_layer24_norm1_pasta_metrics.csv
gpt_gpt-7b_001_layer00_norm1_baseline,gpt_gpt-7b_346_layer23_norm1_baseline,400latency_llmop_gpt_gpt-7b_001_layer00_norm1_baseline_metrics.csv,400latency_llmop_gpt_gpt-7b_346_layer23_norm1_baseline_metrics.csv
bert_bert-7b-proxy_010_layer00_mlp_fc1_baseline,bert_bert-7b-proxy_346_layer24_mlp_fc1_baseline,400latency_llmop_bert_bert-7b-proxy_010_layer00_mlp_fc1_baseline_metrics.csv,400latency_llmop_bert_bert-7b-proxy_346_layer24_mlp_fc1_baseline_metrics.csv
gpt_gpt-7b_001_layer00_norm1_pasta,gpt_gpt-7b_346_layer23_norm1_pasta,400latency_llmop_gpt_gpt-7b_001_layer00_norm1_pasta_metrics.csv,400latency_llmop_gpt_gpt-7b_346_layer23_norm1_pasta_metrics.csv
bert_bert-7b-proxy_010_layer00_mlp_fc1_pasta,bert_bert-7b-proxy_346_layer24_mlp_fc1_pasta,400latency_llmop_bert_bert-7b-proxy_010_layer00_mlp_fc1_pasta_metrics.csv,400latency_llmop_bert_bert-7b-proxy_346_layer24_mlp_fc1_pasta_metrics.csv
bert_bert-7b-proxy_001_layer00_attn_q_baseline,gpt_gpt-7b_347_layer23_attn_q_baseline,400latency_llmop_bert_bert-7b-proxy_001_layer00_attn_q_baseline_metrics.csv,400latency_llmop_gpt_gpt-7b_347_layer23_attn_q_baseline_metrics.csv
bert_bert-7b-proxy_011_layer00_mlp_gelu_baseline,bert_bert-7b-proxy_347_layer24_mlp_gelu_baseline,400latency_llmop_bert_bert-7b-proxy_011_layer00_mlp_gelu_baseline_metrics.csv,400latency_llmop_bert_bert-7b-proxy_347_layer24_mlp_gelu_baseline_metrics.csv
bert_bert-7b-proxy_001_layer00_attn_q_pasta,gpt_gpt-7b_347_layer23_attn_q_pasta,400latency_llmop_bert_bert-7b-proxy_001_layer00_attn_q_pasta_metrics.csv,400latency_llmop_gpt_gpt-7b_347_layer23_attn_q_pasta_metrics.csv
bert_bert-7b-proxy_011_layer00_mlp_gelu_pasta,bert_bert-7b-proxy_347_layer24_mlp_gelu_pasta,400latency_llmop_bert_bert-7b-proxy_011_layer00_mlp_gelu_pasta_metrics.csv,400latency_llmop_bert_bert-7b-proxy_347_layer24_mlp_gelu_pasta_metrics.csv
bert_bert-7b-proxy_001_layer00_attn_q_baseline,gpt_gpt-7b_348_layer23_attn_k_baseline,400latency_llmop_bert_bert-7b-proxy_001_layer00_attn_q_baseline_metrics.csv,400latency_llmop_gpt_gpt-7b_348_layer23_attn_k_baseline_metrics.csv
bert_bert-7b-proxy_012_layer00_mlp_fc2_baseline,bert_bert-7b-proxy_348_layer24_mlp_fc2_baseline,400latency_llmop_bert_bert-7b-proxy_012_layer00_mlp_fc2_baseline_metrics.csv,400latency_llmop_bert_bert-7b-proxy_348_layer24_mlp_fc2_baseline_metrics.csv
bert_bert-7b-proxy_001_layer00_attn_q_pasta,gpt_gpt-7b_348_layer23_attn_k_pasta,400latency_llmop_bert_bert-7b-proxy_001_layer00_attn_q_pasta_metrics.csv,400latency_llmop_gpt_gpt-7b_348_layer23_attn_k_pasta_metrics.csv
bert_bert-7b-proxy_012_layer00_mlp_fc2_pasta,bert_bert-7b-proxy_348_layer24_mlp_fc2_pasta,400latency_llmop_bert_bert-7b-proxy_012_layer00_mlp_fc2_pasta_metrics.csv,400latency_llmop_bert_bert-7b-proxy_348_layer24_mlp_fc2_pasta_metrics.csv
bert_bert-7b-proxy_001_layer00_attn_q_baseline,gpt_gpt-7b_349_layer23_attn_v_baseline,400latency_llmop_bert_bert-7b-proxy_001_layer00_attn_q_baseline_metrics.csv,400latency_llmop_gpt_gpt-7b_349_layer23_attn_v_baseline_metrics.csv
bert_bert-7b-proxy_008_layer00_attn_residual_baseline,bert_bert-7b-proxy_349_layer24_mlp_residual_baseline,400latency_llmop_bert_bert-7b-proxy_008_layer00_attn_residual_baseline_metrics.csv,400latency_llmop_bert_bert-7b-proxy_349_layer24_mlp_residual_baseline_metrics.csv
bert_bert-7b-proxy_001_layer00_attn_q_pasta,gpt_gpt-7b_349_layer23_attn_v_pasta,400latency_llmop_bert_bert-7b-proxy_001_layer00_attn_q_pasta_metrics.csv,400latency_llmop_gpt_gpt-7b_349_layer23_attn_v_pasta_metrics.csv
bert_bert-7b-proxy_008_layer00_attn_residual_pasta,bert_bert-7b-proxy_349_layer24_mlp_residual_pasta,400latency_llmop_bert_bert-7b-proxy_008_layer00_attn_residual_pasta_metrics.csv,400latency_llmop_bert_bert-7b-proxy_349_layer24_mlp_residual_pasta_metrics.csv
bert_bert-7b-proxy_004_layer00_attn_score_baseline,gpt_gpt-7b_350_layer23_attn_score_baseline,400latency_llmop_bert_bert-7b-proxy_004_layer00_attn_score_baseline_metrics.csv,400latency_llmop_gpt_gpt-7b_350_layer23_attn_score_baseline_metrics.csv
gpt_gpt-7b_001_layer00_norm1_baseline,bert_bert-7b-proxy_350_layer24_norm2_baseline,400latency_llmop_gpt_gpt-7b_001_layer00_norm1_baseline_metrics.csv,400latency_llmop_bert_bert-7b-proxy_350_layer24_norm2_baseline_metrics.csv
bert_bert-7b-proxy_004_layer00_attn_score_pasta,gpt_gpt-7b_350_layer23_attn_score_pasta,400latency_llmop_bert_bert-7b-proxy_004_layer00_attn_score_pasta_metrics.csv,400latency_llmop_gpt_gpt-7b_350_layer23_attn_score_pasta_metrics.csv
gpt_gpt-7b_001_layer00_norm1_pasta,bert_bert-7b-proxy_350_layer24_norm2_pasta,400latency_llmop_gpt_gpt-7b_001_layer00_norm1_pasta_metrics.csv,400latency_llmop_bert_bert-7b-proxy_350_layer24_norm2_pasta_metrics.csv
gpt_gpt-7b_006_layer00_causal_mask_baseline,gpt_gpt-7b_351_layer23_causal_mask_baseline,400latency_llmop_gpt_gpt-7b_006_layer00_causal_mask_baseline_metrics.csv,400latency_llmop_gpt_gpt-7b_351_layer23_causal_mask_baseline_metrics.csv
bert_bert-7b-proxy_001_layer00_attn_q_baseline,bert_bert-7b-proxy_351_layer25_attn_q_baseline,400latency_llmop_bert_bert-7b-proxy_001_layer00_attn_q_baseline_metrics.csv,400latency_llmop_bert_bert-7b-proxy_351_layer25_attn_q_baseline_metrics.csv
gpt_gpt-7b_006_layer00_causal_mask_pasta,gpt_gpt-7b_351_layer23_causal_mask_pasta,400latency_llmop_gpt_gpt-7b_006_layer00_causal_mask_pasta_metrics.csv,400latency_llmop_gpt_gpt-7b_351_layer23_causal_mask_pasta_metrics.csv
bert_bert-7b-proxy_001_layer00_attn_q_pasta,bert_bert-7b-proxy_351_layer25_attn_q_pasta,400latency_llmop_bert_bert-7b-proxy_001_layer00_attn_q_pasta_metrics.csv,400latency_llmop_bert_bert-7b-proxy_351_layer25_attn_q_pasta_metrics.csv
bert_bert-7b-proxy_005_layer00_attn_softmax_baseline,gpt_gpt-7b_352_layer23_attn_softmax_baseline,400latency_llmop_bert_bert-7b-proxy_005_layer00_attn_softmax_baseline_metrics.csv,400latency_llmop_gpt_gpt-7b_352_layer23_attn_softmax_baseline_metrics.csv
bert_bert-7b-proxy_001_layer00_attn_q_baseline,bert_bert-7b-proxy_352_layer25_attn_k_baseline,400latency_llmop_bert_bert-7b-proxy_001_layer00_attn_q_baseline_metrics.csv,400latency_llmop_bert_bert-7b-proxy_352_layer25_attn_k_baseline_metrics.csv
bert_bert-7b-proxy_005_layer00_attn_softmax_pasta,gpt_gpt-7b_352_layer23_attn_softmax_pasta,400latency_llmop_bert_bert-7b-proxy_005_layer00_attn_softmax_pasta_metrics.csv,400latency_llmop_gpt_gpt-7b_352_layer23_attn_softmax_pasta_metrics.csv
bert_bert-7b-proxy_001_layer00_attn_q_pasta,bert_bert-7b-proxy_352_layer25_attn_k_pasta,400latency_llmop_bert_bert-7b-proxy_001_layer00_attn_q_pasta_metrics.csv,400latency_llmop_bert_bert-7b-proxy_352_layer25_attn_k_pasta_metrics.csv
bert_bert-7b-proxy_006_layer00_attn_value_baseline,gpt_gpt-7b_353_layer23_attn_value_baseline,400latency_llmop_bert_bert-7b-proxy_006_layer00_attn_value_baseline_metrics.csv,400latency_llmop_gpt_gpt-7b_353_layer23_attn_value_baseline_metrics.csv
bert_bert-7b-proxy_001_layer00_attn_q_baseline,bert_bert-7b-proxy_353_layer25_attn_v_baseline,400latency_llmop_bert_bert-7b-proxy_001_layer00_attn_q_baseline_metrics.csv,400latency_llmop_bert_bert-7b-proxy_353_layer25_attn_v_baseline_metrics.csv
bert_bert-7b-proxy_006_layer00_attn_value_pasta,gpt_gpt-7b_353_layer23_attn_value_pasta,400latency_llmop_bert_bert-7b-proxy_006_layer00_attn_value_pasta_metrics.csv,400latency_llmop_gpt_gpt-7b_353_layer23_attn_value_pasta_metrics.csv
bert_bert-7b-proxy_001_layer00_attn_q_pasta,bert_bert-7b-proxy_353_layer25_attn_v_pasta,400latency_llmop_bert_bert-7b-proxy_001_layer00_attn_q_pasta_metrics.csv,400latency_llmop_bert_bert-7b-proxy_353_layer25_attn_v_pasta_metrics.csv
bert_bert-7b-proxy_001_layer00_attn_q_baseline,gpt_gpt-7b_354_layer23_attn_out_baseline,400latency_llmop_bert_bert-7b-proxy_001_layer00_attn_q_baseline_metrics.csv,400latency_llmop_gpt_gpt-7b_354_layer23_attn_out_baseline_metrics.csv
bert_bert-7b-proxy_004_layer00_attn_score_baseline,bert_bert-7b-proxy_354_layer25_attn_score_baseline,400latency_llmop_bert_bert-7b-proxy_004_layer00_attn_score_baseline_metrics.csv,400latency_llmop_bert_bert-7b-proxy_354_layer25_attn_score_baseline_metrics.csv
bert_bert-7b-proxy_001_layer00_attn_q_pasta,gpt_gpt-7b_354_layer23_attn_out_pasta,400latency_llmop_bert_bert-7b-proxy_001_layer00_attn_q_pasta_metrics.csv,400latency_llmop_gpt_gpt-7b_354_layer23_attn_out_pasta_metrics.csv
bert_bert-7b-proxy_004_layer00_attn_score_pasta,bert_bert-7b-proxy_354_layer25_attn_score_pasta,400latency_llmop_bert_bert-7b-proxy_004_layer00_attn_score_pasta_metrics.csv,400latency_llmop_bert_bert-7b-proxy_354_layer25_attn_score_pasta_metrics.csv
bert_bert-7b-proxy_008_layer00_attn_residual_baseline,gpt_gpt-7b_355_layer23_attn_residual_baseline,400latency_llmop_bert_bert-7b-proxy_008_layer00_attn_residual_baseline_metrics.csv,400latency_llmop_gpt_gpt-7b_355_layer23_attn_residual_baseline_metrics.csv
bert_bert-7b-proxy_005_layer00_attn_softmax_baseline,bert_bert-7b-proxy_355_layer25_attn_softmax_baseline,400latency_llmop_bert_bert-7b-proxy_005_layer00_attn_softmax_baseline_metrics.csv,400latency_llmop_bert_bert-7b-proxy_355_layer25_attn_softmax_baseline_metrics.csv
bert_bert-7b-proxy_008_layer00_attn_residual_pasta,gpt_gpt-7b_355_layer23_attn_residual_pasta,400latency_llmop_bert_bert-7b-proxy_008_layer00_attn_residual_pasta_metrics.csv,400latency_llmop_gpt_gpt-7b_355_layer23_attn_residual_pasta_metrics.csv
bert_bert-7b-proxy_005_layer00_attn_softmax_pasta,bert_bert-7b-proxy_355_layer25_attn_softmax_pasta,400latency_llmop_bert_bert-7b-proxy_005_layer00_attn_softmax_pasta_metrics.csv,400latency_llmop_bert_bert-7b-proxy_355_layer25_attn_softmax_pasta_metrics.csv
gpt_gpt-7b_001_layer00_norm1_baseline,gpt_gpt-7b_356_layer23_norm2_baseline,400latency_llmop_gpt_gpt-7b_001_layer00_norm1_baseline_metrics.csv,400latency_llmop_gpt_gpt-7b_356_layer23_norm2_baseline_metrics.csv
bert_bert-7b-proxy_006_layer00_attn_value_baseline,bert_bert-7b-proxy_356_layer25_attn_value_baseline,400latency_llmop_bert_bert-7b-proxy_006_layer00_attn_value_baseline_metrics.csv,400latency_llmop_bert_bert-7b-proxy_356_layer25_attn_value_baseline_metrics.csv
gpt_gpt-7b_001_layer00_norm1_pasta,gpt_gpt-7b_356_layer23_norm2_pasta,400latency_llmop_gpt_gpt-7b_001_layer00_norm1_pasta_metrics.csv,400latency_llmop_gpt_gpt-7b_356_layer23_norm2_pasta_metrics.csv
bert_bert-7b-proxy_006_layer00_attn_value_pasta,bert_bert-7b-proxy_356_layer25_attn_value_pasta,400latency_llmop_bert_bert-7b-proxy_006_layer00_attn_value_pasta_metrics.csv,400latency_llmop_bert_bert-7b-proxy_356_layer25_attn_value_pasta_metrics.csv
bert_bert-7b-proxy_010_layer00_mlp_fc1_baseline,gpt_gpt-7b_357_layer23_mlp_fc1_baseline,400latency_llmop_bert_bert-7b-proxy_010_layer00_mlp_fc1_baseline_metrics.csv,400latency_llmop_gpt_gpt-7b_357_layer23_mlp_fc1_baseline_metrics.csv
bert_bert-7b-proxy_001_layer00_attn_q_baseline,bert_bert-7b-proxy_357_layer25_attn_out_baseline,400latency_llmop_bert_bert-7b-proxy_001_layer00_attn_q_baseline_metrics.csv,400latency_llmop_bert_bert-7b-proxy_357_layer25_attn_out_baseline_metrics.csv
bert_bert-7b-proxy_010_layer00_mlp_fc1_pasta,gpt_gpt-7b_357_layer23_mlp_fc1_pasta,400latency_llmop_bert_bert-7b-proxy_010_layer00_mlp_fc1_pasta_metrics.csv,400latency_llmop_gpt_gpt-7b_357_layer23_mlp_fc1_pasta_metrics.csv
bert_bert-7b-proxy_001_layer00_attn_q_pasta,bert_bert-7b-proxy_357_layer25_attn_out_pasta,400latency_llmop_bert_bert-7b-proxy_001_layer00_attn_q_pasta_metrics.csv,400latency_llmop_bert_bert-7b-proxy_357_layer25_attn_out_pasta_metrics.csv
bert_bert-7b-proxy_011_layer00_mlp_gelu_baseline,gpt_gpt-7b_358_layer23_mlp_gelu_baseline,400latency_llmop_bert_bert-7b-proxy_011_layer00_mlp_gelu_baseline_metrics.csv,400latency_llmop_gpt_gpt-7b_358_layer23_mlp_gelu_baseline_metrics.csv
bert_bert-7b-proxy_008_layer00_attn_residual_baseline,bert_bert-7b-proxy_358_layer25_attn_residual_baseline,400latency_llmop_bert_bert-7b-proxy_008_layer00_attn_residual_baseline_metrics.csv,400latency_llmop_bert_bert-7b-proxy_358_layer25_attn_residual_baseline_metrics.csv
bert_bert-7b-proxy_011_layer00_mlp_gelu_pasta,gpt_gpt-7b_358_layer23_mlp_gelu_pasta,400latency_llmop_bert_bert-7b-proxy_011_layer00_mlp_gelu_pasta_metrics.csv,400latency_llmop_gpt_gpt-7b_358_layer23_mlp_gelu_pasta_metrics.csv
bert_bert-7b-proxy_008_layer00_attn_residual_pasta,bert_bert-7b-proxy_358_layer25_attn_residual_pasta,400latency_llmop_bert_bert-7b-proxy_008_layer00_attn_residual_pasta_metrics.csv,400latency_llmop_bert_bert-7b-proxy_358_layer25_attn_residual_pasta_metrics.csv
bert_bert-7b-proxy_012_layer00_mlp_fc2_baseline,gpt_gpt-7b_359_layer23_mlp_fc2_baseline,400latency_llmop_bert_bert-7b-proxy_012_layer00_mlp_fc2_baseline_metrics.csv,400latency_llmop_gpt_gpt-7b_359_layer23_mlp_fc2_baseline_metrics.csv
gpt_gpt-7b_001_layer00_norm1_baseline,bert_bert-7b-proxy_359_layer25_norm1_baseline,400latency_llmop_gpt_gpt-7b_001_layer00_norm1_baseline_metrics.csv,400latency_llmop_bert_bert-7b-proxy_359_layer25_norm1_baseline_metrics.csv
bert_bert-7b-proxy_012_layer00_mlp_fc2_pasta,gpt_gpt-7b_359_layer23_mlp_fc2_pasta,400latency_llmop_bert_bert-7b-proxy_012_layer00_mlp_fc2_pasta_metrics.csv,400latency_llmop_gpt_gpt-7b_359_layer23_mlp_fc2_pasta_metrics.csv
gpt_gpt-7b_001_layer00_norm1_pasta,bert_bert-7b-proxy_359_layer25_norm1_pasta,400latency_llmop_gpt_gpt-7b_001_layer00_norm1_pasta_metrics.csv,400latency_llmop_bert_bert-7b-proxy_359_layer25_norm1_pasta_metrics.csv
bert_bert-7b-proxy_008_layer00_attn_residual_baseline,gpt_gpt-7b_360_layer23_mlp_residual_baseline,400latency_llmop_bert_bert-7b-proxy_008_layer00_attn_residual_baseline_metrics.csv,400latency_llmop_gpt_gpt-7b_360_layer23_mlp_residual_baseline_metrics.csv
bert_bert-7b-proxy_010_layer00_mlp_fc1_baseline,bert_bert-7b-proxy_360_layer25_mlp_fc1_baseline,400latency_llmop_bert_bert-7b-proxy_010_layer00_mlp_fc1_baseline_metrics.csv,400latency_llmop_bert_bert-7b-proxy_360_layer25_mlp_fc1_baseline_metrics.csv
bert_bert-7b-proxy_008_layer00_attn_residual_pasta,gpt_gpt-7b_360_layer23_mlp_residual_pasta,400latency_llmop_bert_bert-7b-proxy_008_layer00_attn_residual_pasta_metrics.csv,400latency_llmop_gpt_gpt-7b_360_layer23_mlp_residual_pasta_metrics.csv
bert_bert-7b-proxy_010_layer00_mlp_fc1_pasta,bert_bert-7b-proxy_360_layer25_mlp_fc1_pasta,400latency_llmop_bert_bert-7b-proxy_010_layer00_mlp_fc1_pasta_metrics.csv,400latency_llmop_bert_bert-7b-proxy_360_layer25_mlp_fc1_pasta_metrics.csv
gpt_gpt-7b_001_layer00_norm1_baseline,gpt_gpt-7b_361_layer24_norm1_baseline,400latency_llmop_gpt_gpt-7b_001_layer00_norm1_baseline_metrics.csv,400latency_llmop_gpt_gpt-7b_361_layer24_norm1_baseline_metrics.csv
bert_bert-7b-proxy_011_layer00_mlp_gelu_baseline,bert_bert-7b-proxy_361_layer25_mlp_gelu_baseline,400latency_llmop_bert_bert-7b-proxy_011_layer00_mlp_gelu_baseline_metrics.csv,400latency_llmop_bert_bert-7b-proxy_361_layer25_mlp_gelu_baseline_metrics.csv
gpt_gpt-7b_001_layer00_norm1_pasta,gpt_gpt-7b_361_layer24_norm1_pasta,400latency_llmop_gpt_gpt-7b_001_layer00_norm1_pasta_metrics.csv,400latency_llmop_gpt_gpt-7b_361_layer24_norm1_pasta_metrics.csv
bert_bert-7b-proxy_011_layer00_mlp_gelu_pasta,bert_bert-7b-proxy_361_layer25_mlp_gelu_pasta,400latency_llmop_bert_bert-7b-proxy_011_layer00_mlp_gelu_pasta_metrics.csv,400latency_llmop_bert_bert-7b-proxy_361_layer25_mlp_gelu_pasta_metrics.csv
bert_bert-7b-proxy_001_layer00_attn_q_baseline,gpt_gpt-7b_362_layer24_attn_q_baseline,400latency_llmop_bert_bert-7b-proxy_001_layer00_attn_q_baseline_metrics.csv,400latency_llmop_gpt_gpt-7b_362_layer24_attn_q_baseline_metrics.csv
bert_bert-7b-proxy_012_layer00_mlp_fc2_baseline,bert_bert-7b-proxy_362_layer25_mlp_fc2_baseline,400latency_llmop_bert_bert-7b-proxy_012_layer00_mlp_fc2_baseline_metrics.csv,400latency_llmop_bert_bert-7b-proxy_362_layer25_mlp_fc2_baseline_metrics.csv
bert_bert-7b-proxy_001_layer00_attn_q_pasta,gpt_gpt-7b_362_layer24_attn_q_pasta,400latency_llmop_bert_bert-7b-proxy_001_layer00_attn_q_pasta_metrics.csv,400latency_llmop_gpt_gpt-7b_362_layer24_attn_q_pasta_metrics.csv
bert_bert-7b-proxy_012_layer00_mlp_fc2_pasta,bert_bert-7b-proxy_362_layer25_mlp_fc2_pasta,400latency_llmop_bert_bert-7b-proxy_012_layer00_mlp_fc2_pasta_metrics.csv,400latency_llmop_bert_bert-7b-proxy_362_layer25_mlp_fc2_pasta_metrics.csv
bert_bert-7b-proxy_001_layer00_attn_q_baseline,gpt_gpt-7b_363_layer24_attn_k_baseline,400latency_llmop_bert_bert-7b-proxy_001_layer00_attn_q_baseline_metrics.csv,400latency_llmop_gpt_gpt-7b_363_layer24_attn_k_baseline_metrics.csv
bert_bert-7b-proxy_008_layer00_attn_residual_baseline,bert_bert-7b-proxy_363_layer25_mlp_residual_baseline,400latency_llmop_bert_bert-7b-proxy_008_layer00_attn_residual_baseline_metrics.csv,400latency_llmop_bert_bert-7b-proxy_363_layer25_mlp_residual_baseline_metrics.csv
bert_bert-7b-proxy_001_layer00_attn_q_pasta,gpt_gpt-7b_363_layer24_attn_k_pasta,400latency_llmop_bert_bert-7b-proxy_001_layer00_attn_q_pasta_metrics.csv,400latency_llmop_gpt_gpt-7b_363_layer24_attn_k_pasta_metrics.csv
bert_bert-7b-proxy_008_layer00_attn_residual_pasta,bert_bert-7b-proxy_363_layer25_mlp_residual_pasta,400latency_llmop_bert_bert-7b-proxy_008_layer00_attn_residual_pasta_metrics.csv,400latency_llmop_bert_bert-7b-proxy_363_layer25_mlp_residual_pasta_metrics.csv
bert_bert-7b-proxy_001_layer00_attn_q_baseline,gpt_gpt-7b_364_layer24_attn_v_baseline,400latency_llmop_bert_bert-7b-proxy_001_layer00_attn_q_baseline_metrics.csv,400latency_llmop_gpt_gpt-7b_364_layer24_attn_v_baseline_metrics.csv
gpt_gpt-7b_001_layer00_norm1_baseline,bert_bert-7b-proxy_364_layer25_norm2_baseline,400latency_llmop_gpt_gpt-7b_001_layer00_norm1_baseline_metrics.csv,400latency_llmop_bert_bert-7b-proxy_364_layer25_norm2_baseline_metrics.csv
bert_bert-7b-proxy_001_layer00_attn_q_pasta,gpt_gpt-7b_364_layer24_attn_v_pasta,400latency_llmop_bert_bert-7b-proxy_001_layer00_attn_q_pasta_metrics.csv,400latency_llmop_gpt_gpt-7b_364_layer24_attn_v_pasta_metrics.csv
gpt_gpt-7b_001_layer00_norm1_pasta,bert_bert-7b-proxy_364_layer25_norm2_pasta,400latency_llmop_gpt_gpt-7b_001_layer00_norm1_pasta_metrics.csv,400latency_llmop_bert_bert-7b-proxy_364_layer25_norm2_pasta_metrics.csv
bert_bert-7b-proxy_004_layer00_attn_score_baseline,gpt_gpt-7b_365_layer24_attn_score_baseline,400latency_llmop_bert_bert-7b-proxy_004_layer00_attn_score_baseline_metrics.csv,400latency_llmop_gpt_gpt-7b_365_layer24_attn_score_baseline_metrics.csv
bert_bert-7b-proxy_001_layer00_attn_q_baseline,bert_bert-7b-proxy_365_layer26_attn_q_baseline,400latency_llmop_bert_bert-7b-proxy_001_layer00_attn_q_baseline_metrics.csv,400latency_llmop_bert_bert-7b-proxy_365_layer26_attn_q_baseline_metrics.csv
bert_bert-7b-proxy_004_layer00_attn_score_pasta,gpt_gpt-7b_365_layer24_attn_score_pasta,400latency_llmop_bert_bert-7b-proxy_004_layer00_attn_score_pasta_metrics.csv,400latency_llmop_gpt_gpt-7b_365_layer24_attn_score_pasta_metrics.csv
bert_bert-7b-proxy_001_layer00_attn_q_pasta,bert_bert-7b-proxy_365_layer26_attn_q_pasta,400latency_llmop_bert_bert-7b-proxy_001_layer00_attn_q_pasta_metrics.csv,400latency_llmop_bert_bert-7b-proxy_365_layer26_attn_q_pasta_metrics.csv
gpt_gpt-7b_006_layer00_causal_mask_baseline,gpt_gpt-7b_366_layer24_causal_mask_baseline,400latency_llmop_gpt_gpt-7b_006_layer00_causal_mask_baseline_metrics.csv,400latency_llmop_gpt_gpt-7b_366_layer24_causal_mask_baseline_metrics.csv
bert_bert-7b-proxy_001_layer00_attn_q_baseline,bert_bert-7b-proxy_366_layer26_attn_k_baseline,400latency_llmop_bert_bert-7b-proxy_001_layer00_attn_q_baseline_metrics.csv,400latency_llmop_bert_bert-7b-proxy_366_layer26_attn_k_baseline_metrics.csv
gpt_gpt-7b_006_layer00_causal_mask_pasta,gpt_gpt-7b_366_layer24_causal_mask_pasta,400latency_llmop_gpt_gpt-7b_006_layer00_causal_mask_pasta_metrics.csv,400latency_llmop_gpt_gpt-7b_366_layer24_causal_mask_pasta_metrics.csv
bert_bert-7b-proxy_001_layer00_attn_q_pasta,bert_bert-7b-proxy_366_layer26_attn_k_pasta,400latency_llmop_bert_bert-7b-proxy_001_layer00_attn_q_pasta_metrics.csv,400latency_llmop_bert_bert-7b-proxy_366_layer26_attn_k_pasta_metrics.csv
bert_bert-7b-proxy_005_layer00_attn_softmax_baseline,gpt_gpt-7b_367_layer24_attn_softmax_baseline,400latency_llmop_bert_bert-7b-proxy_005_layer00_attn_softmax_baseline_metrics.csv,400latency_llmop_gpt_gpt-7b_367_layer24_attn_softmax_baseline_metrics.csv
bert_bert-7b-proxy_001_layer00_attn_q_baseline,bert_bert-7b-proxy_367_layer26_attn_v_baseline,400latency_llmop_bert_bert-7b-proxy_001_layer00_attn_q_baseline_metrics.csv,400latency_llmop_bert_bert-7b-proxy_367_layer26_attn_v_baseline_metrics.csv
bert_bert-7b-proxy_005_layer00_attn_softmax_pasta,gpt_gpt-7b_367_layer24_attn_softmax_pasta,400latency_llmop_bert_bert-7b-proxy_005_layer00_attn_softmax_pasta_metrics.csv,400latency_llmop_gpt_gpt-7b_367_layer24_attn_softmax_pasta_metrics.csv
bert_bert-7b-proxy_001_layer00_attn_q_pasta,bert_bert-7b-proxy_367_layer26_attn_v_pasta,400latency_llmop_bert_bert-7b-proxy_001_layer00_attn_q_pasta_metrics.csv,400latency_llmop_bert_bert-7b-proxy_367_layer26_attn_v_pasta_metrics.csv
bert_bert-7b-proxy_006_layer00_attn_value_baseline,gpt_gpt-7b_368_layer24_attn_value_baseline,400latency_llmop_bert_bert-7b-proxy_006_layer00_attn_value_baseline_metrics.csv,400latency_llmop_gpt_gpt-7b_368_layer24_attn_value_baseline_metrics.csv
bert_bert-7b-proxy_004_layer00_attn_score_baseline,bert_bert-7b-proxy_368_layer26_attn_score_baseline,400latency_llmop_bert_bert-7b-proxy_004_layer00_attn_score_baseline_metrics.csv,400latency_llmop_bert_bert-7b-proxy_368_layer26_attn_score_baseline_metrics.csv
bert_bert-7b-proxy_006_layer00_attn_value_pasta,gpt_gpt-7b_368_layer24_attn_value_pasta,400latency_llmop_bert_bert-7b-proxy_006_layer00_attn_value_pasta_metrics.csv,400latency_llmop_gpt_gpt-7b_368_layer24_attn_value_pasta_metrics.csv
bert_bert-7b-proxy_004_layer00_attn_score_pasta,bert_bert-7b-proxy_368_layer26_attn_score_pasta,400latency_llmop_bert_bert-7b-proxy_004_layer00_attn_score_pasta_metrics.csv,400latency_llmop_bert_bert-7b-proxy_368_layer26_attn_score_pasta_metrics.csv
bert_bert-7b-proxy_001_layer00_attn_q_baseline,gpt_gpt-7b_369_layer24_attn_out_baseline,400latency_llmop_bert_bert-7b-proxy_001_layer00_attn_q_baseline_metrics.csv,400latency_llmop_gpt_gpt-7b_369_layer24_attn_out_baseline_metrics.csv
bert_bert-7b-proxy_005_layer00_attn_softmax_baseline,bert_bert-7b-proxy_369_layer26_attn_softmax_baseline,400latency_llmop_bert_bert-7b-proxy_005_layer00_attn_softmax_baseline_metrics.csv,400latency_llmop_bert_bert-7b-proxy_369_layer26_attn_softmax_baseline_metrics.csv
bert_bert-7b-proxy_001_layer00_attn_q_pasta,gpt_gpt-7b_369_layer24_attn_out_pasta,400latency_llmop_bert_bert-7b-proxy_001_layer00_attn_q_pasta_metrics.csv,400latency_llmop_gpt_gpt-7b_369_layer24_attn_out_pasta_metrics.csv
bert_bert-7b-proxy_005_layer00_attn_softmax_pasta,bert_bert-7b-proxy_369_layer26_attn_softmax_pasta,400latency_llmop_bert_bert-7b-proxy_005_layer00_attn_softmax_pasta_metrics.csv,400latency_llmop_bert_bert-7b-proxy_369_layer26_attn_softmax_pasta_metrics.csv
bert_bert-7b-proxy_008_layer00_attn_residual_baseline,gpt_gpt-7b_370_layer24_attn_residual_baseline,400latency_llmop_bert_bert-7b-proxy_008_layer00_attn_residual_baseline_metrics.csv,400latency_llmop_gpt_gpt-7b_370_layer24_attn_residual_baseline_metrics.csv
bert_bert-7b-proxy_006_layer00_attn_value_baseline,bert_bert-7b-proxy_370_layer26_attn_value_baseline,400latency_llmop_bert_bert-7b-proxy_006_layer00_attn_value_baseline_metrics.csv,400latency_llmop_bert_bert-7b-proxy_370_layer26_attn_value_baseline_metrics.csv
bert_bert-7b-proxy_008_layer00_attn_residual_pasta,gpt_gpt-7b_370_layer24_attn_residual_pasta,400latency_llmop_bert_bert-7b-proxy_008_layer00_attn_residual_pasta_metrics.csv,400latency_llmop_gpt_gpt-7b_370_layer24_attn_residual_pasta_metrics.csv
bert_bert-7b-proxy_006_layer00_attn_value_pasta,bert_bert-7b-proxy_370_layer26_attn_value_pasta,400latency_llmop_bert_bert-7b-proxy_006_layer00_attn_value_pasta_metrics.csv,400latency_llmop_bert_bert-7b-proxy_370_layer26_attn_value_pasta_metrics.csv
gpt_gpt-7b_001_layer00_norm1_baseline,gpt_gpt-7b_371_layer24_norm2_baseline,400latency_llmop_gpt_gpt-7b_001_layer00_norm1_baseline_metrics.csv,400latency_llmop_gpt_gpt-7b_371_layer24_norm2_baseline_metrics.csv
bert_bert-7b-proxy_001_layer00_attn_q_baseline,bert_bert-7b-proxy_371_layer26_attn_out_baseline,400latency_llmop_bert_bert-7b-proxy_001_layer00_attn_q_baseline_metrics.csv,400latency_llmop_bert_bert-7b-proxy_371_layer26_attn_out_baseline_metrics.csv
gpt_gpt-7b_001_layer00_norm1_pasta,gpt_gpt-7b_371_layer24_norm2_pasta,400latency_llmop_gpt_gpt-7b_001_layer00_norm1_pasta_metrics.csv,400latency_llmop_gpt_gpt-7b_371_layer24_norm2_pasta_metrics.csv
bert_bert-7b-proxy_001_layer00_attn_q_pasta,bert_bert-7b-proxy_371_layer26_attn_out_pasta,400latency_llmop_bert_bert-7b-proxy_001_layer00_attn_q_pasta_metrics.csv,400latency_llmop_bert_bert-7b-proxy_371_layer26_attn_out_pasta_metrics.csv
bert_bert-7b-proxy_010_layer00_mlp_fc1_baseline,gpt_gpt-7b_372_layer24_mlp_fc1_baseline,400latency_llmop_bert_bert-7b-proxy_010_layer00_mlp_fc1_baseline_metrics.csv,400latency_llmop_gpt_gpt-7b_372_layer24_mlp_fc1_baseline_metrics.csv
bert_bert-7b-proxy_008_layer00_attn_residual_baseline,bert_bert-7b-proxy_372_layer26_attn_residual_baseline,400latency_llmop_bert_bert-7b-proxy_008_layer00_attn_residual_baseline_metrics.csv,400latency_llmop_bert_bert-7b-proxy_372_layer26_attn_residual_baseline_metrics.csv
bert_bert-7b-proxy_010_layer00_mlp_fc1_pasta,gpt_gpt-7b_372_layer24_mlp_fc1_pasta,400latency_llmop_bert_bert-7b-proxy_010_layer00_mlp_fc1_pasta_metrics.csv,400latency_llmop_gpt_gpt-7b_372_layer24_mlp_fc1_pasta_metrics.csv
bert_bert-7b-proxy_008_layer00_attn_residual_pasta,bert_bert-7b-proxy_372_layer26_attn_residual_pasta,400latency_llmop_bert_bert-7b-proxy_008_layer00_attn_residual_pasta_metrics.csv,400latency_llmop_bert_bert-7b-proxy_372_layer26_attn_residual_pasta_metrics.csv
bert_bert-7b-proxy_011_layer00_mlp_gelu_baseline,gpt_gpt-7b_373_layer24_mlp_gelu_baseline,400latency_llmop_bert_bert-7b-proxy_011_layer00_mlp_gelu_baseline_metrics.csv,400latency_llmop_gpt_gpt-7b_373_layer24_mlp_gelu_baseline_metrics.csv
gpt_gpt-7b_001_layer00_norm1_baseline,bert_bert-7b-proxy_373_layer26_norm1_baseline,400latency_llmop_gpt_gpt-7b_001_layer00_norm1_baseline_metrics.csv,400latency_llmop_bert_bert-7b-proxy_373_layer26_norm1_baseline_metrics.csv
bert_bert-7b-proxy_011_layer00_mlp_gelu_pasta,gpt_gpt-7b_373_layer24_mlp_gelu_pasta,400latency_llmop_bert_bert-7b-proxy_011_layer00_mlp_gelu_pasta_metrics.csv,400latency_llmop_gpt_gpt-7b_373_layer24_mlp_gelu_pasta_metrics.csv
gpt_gpt-7b_001_layer00_norm1_pasta,bert_bert-7b-proxy_373_layer26_norm1_pasta,400latency_llmop_gpt_gpt-7b_001_layer00_norm1_pasta_metrics.csv,400latency_llmop_bert_bert-7b-proxy_373_layer26_norm1_pasta_metrics.csv
bert_bert-7b-proxy_012_layer00_mlp_fc2_baseline,gpt_gpt-7b_374_layer24_mlp_fc2_baseline,400latency_llmop_bert_bert-7b-proxy_012_layer00_mlp_fc2_baseline_metrics.csv,400latency_llmop_gpt_gpt-7b_374_layer24_mlp_fc2_baseline_metrics.csv
bert_bert-7b-proxy_010_layer00_mlp_fc1_baseline,bert_bert-7b-proxy_374_layer26_mlp_fc1_baseline,400latency_llmop_bert_bert-7b-proxy_010_layer00_mlp_fc1_baseline_metrics.csv,400latency_llmop_bert_bert-7b-proxy_374_layer26_mlp_fc1_baseline_metrics.csv
bert_bert-7b-proxy_012_layer00_mlp_fc2_pasta,gpt_gpt-7b_374_layer24_mlp_fc2_pasta,400latency_llmop_bert_bert-7b-proxy_012_layer00_mlp_fc2_pasta_metrics.csv,400latency_llmop_gpt_gpt-7b_374_layer24_mlp_fc2_pasta_metrics.csv
bert_bert-7b-proxy_010_layer00_mlp_fc1_pasta,bert_bert-7b-proxy_374_layer26_mlp_fc1_pasta,400latency_llmop_bert_bert-7b-proxy_010_layer00_mlp_fc1_pasta_metrics.csv,400latency_llmop_bert_bert-7b-proxy_374_layer26_mlp_fc1_pasta_metrics.csv
bert_bert-7b-proxy_008_layer00_attn_residual_baseline,gpt_gpt-7b_375_layer24_mlp_residual_baseline,400latency_llmop_bert_bert-7b-proxy_008_layer00_attn_residual_baseline_metrics.csv,400latency_llmop_gpt_gpt-7b_375_layer24_mlp_residual_baseline_metrics.csv
bert_bert-7b-proxy_011_layer00_mlp_gelu_baseline,bert_bert-7b-proxy_375_layer26_mlp_gelu_baseline,400latency_llmop_bert_bert-7b-proxy_011_layer00_mlp_gelu_baseline_metrics.csv,400latency_llmop_bert_bert-7b-proxy_375_layer26_mlp_gelu_baseline_metrics.csv
bert_bert-7b-proxy_008_layer00_attn_residual_pasta,gpt_gpt-7b_375_layer24_mlp_residual_pasta,400latency_llmop_bert_bert-7b-proxy_008_layer00_attn_residual_pasta_metrics.csv,400latency_llmop_gpt_gpt-7b_375_layer24_mlp_residual_pasta_metrics.csv
bert_bert-7b-proxy_011_layer00_mlp_gelu_pasta,bert_bert-7b-proxy_375_layer26_mlp_gelu_pasta,400latency_llmop_bert_bert-7b-proxy_011_layer00_mlp_gelu_pasta_metrics.csv,400latency_llmop_bert_bert-7b-proxy_375_layer26_mlp_gelu_pasta_metrics.csv
gpt_gpt-7b_001_layer00_norm1_baseline,gpt_gpt-7b_376_layer25_norm1_baseline,400latency_llmop_gpt_gpt-7b_001_layer00_norm1_baseline_metrics.csv,400latency_llmop_gpt_gpt-7b_376_layer25_norm1_baseline_metrics.csv
bert_bert-7b-proxy_012_layer00_mlp_fc2_baseline,bert_bert-7b-proxy_376_layer26_mlp_fc2_baseline,400latency_llmop_bert_bert-7b-proxy_012_layer00_mlp_fc2_baseline_metrics.csv,400latency_llmop_bert_bert-7b-proxy_376_layer26_mlp_fc2_baseline_metrics.csv
gpt_gpt-7b_001_layer00_norm1_pasta,gpt_gpt-7b_376_layer25_norm1_pasta,400latency_llmop_gpt_gpt-7b_001_layer00_norm1_pasta_metrics.csv,400latency_llmop_gpt_gpt-7b_376_layer25_norm1_pasta_metrics.csv
bert_bert-7b-proxy_012_layer00_mlp_fc2_pasta,bert_bert-7b-proxy_376_layer26_mlp_fc2_pasta,400latency_llmop_bert_bert-7b-proxy_012_layer00_mlp_fc2_pasta_metrics.csv,400latency_llmop_bert_bert-7b-proxy_376_layer26_mlp_fc2_pasta_metrics.csv
bert_bert-7b-proxy_001_layer00_attn_q_baseline,gpt_gpt-7b_377_layer25_attn_q_baseline,400latency_llmop_bert_bert-7b-proxy_001_layer00_attn_q_baseline_metrics.csv,400latency_llmop_gpt_gpt-7b_377_layer25_attn_q_baseline_metrics.csv
bert_bert-7b-proxy_008_layer00_attn_residual_baseline,bert_bert-7b-proxy_377_layer26_mlp_residual_baseline,400latency_llmop_bert_bert-7b-proxy_008_layer00_attn_residual_baseline_metrics.csv,400latency_llmop_bert_bert-7b-proxy_377_layer26_mlp_residual_baseline_metrics.csv
bert_bert-7b-proxy_001_layer00_attn_q_pasta,gpt_gpt-7b_377_layer25_attn_q_pasta,400latency_llmop_bert_bert-7b-proxy_001_layer00_attn_q_pasta_metrics.csv,400latency_llmop_gpt_gpt-7b_377_layer25_attn_q_pasta_metrics.csv
bert_bert-7b-proxy_008_layer00_attn_residual_pasta,bert_bert-7b-proxy_377_layer26_mlp_residual_pasta,400latency_llmop_bert_bert-7b-proxy_008_layer00_attn_residual_pasta_metrics.csv,400latency_llmop_bert_bert-7b-proxy_377_layer26_mlp_residual_pasta_metrics.csv
bert_bert-7b-proxy_001_layer00_attn_q_baseline,gpt_gpt-7b_378_layer25_attn_k_baseline,400latency_llmop_bert_bert-7b-proxy_001_layer00_attn_q_baseline_metrics.csv,400latency_llmop_gpt_gpt-7b_378_layer25_attn_k_baseline_metrics.csv
gpt_gpt-7b_001_layer00_norm1_baseline,bert_bert-7b-proxy_378_layer26_norm2_baseline,400latency_llmop_gpt_gpt-7b_001_layer00_norm1_baseline_metrics.csv,400latency_llmop_bert_bert-7b-proxy_378_layer26_norm2_baseline_metrics.csv
bert_bert-7b-proxy_001_layer00_attn_q_pasta,gpt_gpt-7b_378_layer25_attn_k_pasta,400latency_llmop_bert_bert-7b-proxy_001_layer00_attn_q_pasta_metrics.csv,400latency_llmop_gpt_gpt-7b_378_layer25_attn_k_pasta_metrics.csv
gpt_gpt-7b_001_layer00_norm1_pasta,bert_bert-7b-proxy_378_layer26_norm2_pasta,400latency_llmop_gpt_gpt-7b_001_layer00_norm1_pasta_metrics.csv,400latency_llmop_bert_bert-7b-proxy_378_layer26_norm2_pasta_metrics.csv
bert_bert-7b-proxy_001_layer00_attn_q_baseline,gpt_gpt-7b_379_layer25_attn_v_baseline,400latency_llmop_bert_bert-7b-proxy_001_layer00_attn_q_baseline_metrics.csv,400latency_llmop_gpt_gpt-7b_379_layer25_attn_v_baseline_metrics.csv
bert_bert-7b-proxy_001_layer00_attn_q_baseline,bert_bert-7b-proxy_379_layer27_attn_q_baseline,400latency_llmop_bert_bert-7b-proxy_001_layer00_attn_q_baseline_metrics.csv,400latency_llmop_bert_bert-7b-proxy_379_layer27_attn_q_baseline_metrics.csv
bert_bert-7b-proxy_001_layer00_attn_q_pasta,gpt_gpt-7b_379_layer25_attn_v_pasta,400latency_llmop_bert_bert-7b-proxy_001_layer00_attn_q_pasta_metrics.csv,400latency_llmop_gpt_gpt-7b_379_layer25_attn_v_pasta_metrics.csv
bert_bert-7b-proxy_001_layer00_attn_q_pasta,bert_bert-7b-proxy_379_layer27_attn_q_pasta,400latency_llmop_bert_bert-7b-proxy_001_layer00_attn_q_pasta_metrics.csv,400latency_llmop_bert_bert-7b-proxy_379_layer27_attn_q_pasta_metrics.csv
bert_bert-7b-proxy_004_layer00_attn_score_baseline,gpt_gpt-7b_380_layer25_attn_score_baseline,400latency_llmop_bert_bert-7b-proxy_004_layer00_attn_score_baseline_metrics.csv,400latency_llmop_gpt_gpt-7b_380_layer25_attn_score_baseline_metrics.csv
bert_bert-7b-proxy_001_layer00_attn_q_baseline,bert_bert-7b-proxy_380_layer27_attn_k_baseline,400latency_llmop_bert_bert-7b-proxy_001_layer00_attn_q_baseline_metrics.csv,400latency_llmop_bert_bert-7b-proxy_380_layer27_attn_k_baseline_metrics.csv
bert_bert-7b-proxy_004_layer00_attn_score_pasta,gpt_gpt-7b_380_layer25_attn_score_pasta,400latency_llmop_bert_bert-7b-proxy_004_layer00_attn_score_pasta_metrics.csv,400latency_llmop_gpt_gpt-7b_380_layer25_attn_score_pasta_metrics.csv
bert_bert-7b-proxy_001_layer00_attn_q_pasta,bert_bert-7b-proxy_380_layer27_attn_k_pasta,400latency_llmop_bert_bert-7b-proxy_001_layer00_attn_q_pasta_metrics.csv,400latency_llmop_bert_bert-7b-proxy_380_layer27_attn_k_pasta_metrics.csv
gpt_gpt-7b_006_layer00_causal_mask_baseline,gpt_gpt-7b_381_layer25_causal_mask_baseline,400latency_llmop_gpt_gpt-7b_006_layer00_causal_mask_baseline_metrics.csv,400latency_llmop_gpt_gpt-7b_381_layer25_causal_mask_baseline_metrics.csv
bert_bert-7b-proxy_001_layer00_attn_q_baseline,bert_bert-7b-proxy_381_layer27_attn_v_baseline,400latency_llmop_bert_bert-7b-proxy_001_layer00_attn_q_baseline_metrics.csv,400latency_llmop_bert_bert-7b-proxy_381_layer27_attn_v_baseline_metrics.csv
gpt_gpt-7b_006_layer00_causal_mask_pasta,gpt_gpt-7b_381_layer25_causal_mask_pasta,400latency_llmop_gpt_gpt-7b_006_layer00_causal_mask_pasta_metrics.csv,400latency_llmop_gpt_gpt-7b_381_layer25_causal_mask_pasta_metrics.csv
bert_bert-7b-proxy_001_layer00_attn_q_pasta,bert_bert-7b-proxy_381_layer27_attn_v_pasta,400latency_llmop_bert_bert-7b-proxy_001_layer00_attn_q_pasta_metrics.csv,400latency_llmop_bert_bert-7b-proxy_381_layer27_attn_v_pasta_metrics.csv
bert_bert-7b-proxy_005_layer00_attn_softmax_baseline,gpt_gpt-7b_382_layer25_attn_softmax_baseline,400latency_llmop_bert_bert-7b-proxy_005_layer00_attn_softmax_baseline_metrics.csv,400latency_llmop_gpt_gpt-7b_382_layer25_attn_softmax_baseline_metrics.csv
bert_bert-7b-proxy_004_layer00_attn_score_baseline,bert_bert-7b-proxy_382_layer27_attn_score_baseline,400latency_llmop_bert_bert-7b-proxy_004_layer00_attn_score_baseline_metrics.csv,400latency_llmop_bert_bert-7b-proxy_382_layer27_attn_score_baseline_metrics.csv
bert_bert-7b-proxy_005_layer00_attn_softmax_pasta,gpt_gpt-7b_382_layer25_attn_softmax_pasta,400latency_llmop_bert_bert-7b-proxy_005_layer00_attn_softmax_pasta_metrics.csv,400latency_llmop_gpt_gpt-7b_382_layer25_attn_softmax_pasta_metrics.csv
bert_bert-7b-proxy_004_layer00_attn_score_pasta,bert_bert-7b-proxy_382_layer27_attn_score_pasta,400latency_llmop_bert_bert-7b-proxy_004_layer00_attn_score_pasta_metrics.csv,400latency_llmop_bert_bert-7b-proxy_382_layer27_attn_score_pasta_metrics.csv
bert_bert-7b-proxy_006_layer00_attn_value_baseline,gpt_gpt-7b_383_layer25_attn_value_baseline,400latency_llmop_bert_bert-7b-proxy_006_layer00_attn_value_baseline_metrics.csv,400latency_llmop_gpt_gpt-7b_383_layer25_attn_value_baseline_metrics.csv
bert_bert-7b-proxy_005_layer00_attn_softmax_baseline,bert_bert-7b-proxy_383_layer27_attn_softmax_baseline,400latency_llmop_bert_bert-7b-proxy_005_layer00_attn_softmax_baseline_metrics.csv,400latency_llmop_bert_bert-7b-proxy_383_layer27_attn_softmax_baseline_metrics.csv
bert_bert-7b-proxy_006_layer00_attn_value_pasta,gpt_gpt-7b_383_layer25_attn_value_pasta,400latency_llmop_bert_bert-7b-proxy_006_layer00_attn_value_pasta_metrics.csv,400latency_llmop_gpt_gpt-7b_383_layer25_attn_value_pasta_metrics.csv
bert_bert-7b-proxy_005_layer00_attn_softmax_pasta,bert_bert-7b-proxy_383_layer27_attn_softmax_pasta,400latency_llmop_bert_bert-7b-proxy_005_layer00_attn_softmax_pasta_metrics.csv,400latency_llmop_bert_bert-7b-proxy_383_layer27_attn_softmax_pasta_metrics.csv
bert_bert-7b-proxy_001_layer00_attn_q_baseline,gpt_gpt-7b_384_layer25_attn_out_baseline,400latency_llmop_bert_bert-7b-proxy_001_layer00_attn_q_baseline_metrics.csv,400latency_llmop_gpt_gpt-7b_384_layer25_attn_out_baseline_metrics.csv
bert_bert-7b-proxy_006_layer00_attn_value_baseline,bert_bert-7b-proxy_384_layer27_attn_value_baseline,400latency_llmop_bert_bert-7b-proxy_006_layer00_attn_value_baseline_metrics.csv,400latency_llmop_bert_bert-7b-proxy_384_layer27_attn_value_baseline_metrics.csv
bert_bert-7b-proxy_001_layer00_attn_q_pasta,gpt_gpt-7b_384_layer25_attn_out_pasta,400latency_llmop_bert_bert-7b-proxy_001_layer00_attn_q_pasta_metrics.csv,400latency_llmop_gpt_gpt-7b_384_layer25_attn_out_pasta_metrics.csv
bert_bert-7b-proxy_006_layer00_attn_value_pasta,bert_bert-7b-proxy_384_layer27_attn_value_pasta,400latency_llmop_bert_bert-7b-proxy_006_layer00_attn_value_pasta_metrics.csv,400latency_llmop_bert_bert-7b-proxy_384_layer27_attn_value_pasta_metrics.csv
bert_bert-7b-proxy_008_layer00_attn_residual_baseline,gpt_gpt-7b_385_layer25_attn_residual_baseline,400latency_llmop_bert_bert-7b-proxy_008_layer00_attn_residual_baseline_metrics.csv,400latency_llmop_gpt_gpt-7b_385_layer25_attn_residual_baseline_metrics.csv
bert_bert-7b-proxy_001_layer00_attn_q_baseline,bert_bert-7b-proxy_385_layer27_attn_out_baseline,400latency_llmop_bert_bert-7b-proxy_001_layer00_attn_q_baseline_metrics.csv,400latency_llmop_bert_bert-7b-proxy_385_layer27_attn_out_baseline_metrics.csv
bert_bert-7b-proxy_008_layer00_attn_residual_pasta,gpt_gpt-7b_385_layer25_attn_residual_pasta,400latency_llmop_bert_bert-7b-proxy_008_layer00_attn_residual_pasta_metrics.csv,400latency_llmop_gpt_gpt-7b_385_layer25_attn_residual_pasta_metrics.csv
bert_bert-7b-proxy_001_layer00_attn_q_pasta,bert_bert-7b-proxy_385_layer27_attn_out_pasta,400latency_llmop_bert_bert-7b-proxy_001_layer00_attn_q_pasta_metrics.csv,400latency_llmop_bert_bert-7b-proxy_385_layer27_attn_out_pasta_metrics.csv
gpt_gpt-7b_001_layer00_norm1_baseline,gpt_gpt-7b_386_layer25_norm2_baseline,400latency_llmop_gpt_gpt-7b_001_layer00_norm1_baseline_metrics.csv,400latency_llmop_gpt_gpt-7b_386_layer25_norm2_baseline_metrics.csv
bert_bert-7b-proxy_008_layer00_attn_residual_baseline,bert_bert-7b-proxy_386_layer27_attn_residual_baseline,400latency_llmop_bert_bert-7b-proxy_008_layer00_attn_residual_baseline_metrics.csv,400latency_llmop_bert_bert-7b-proxy_386_layer27_attn_residual_baseline_metrics.csv
gpt_gpt-7b_001_layer00_norm1_pasta,gpt_gpt-7b_386_layer25_norm2_pasta,400latency_llmop_gpt_gpt-7b_001_layer00_norm1_pasta_metrics.csv,400latency_llmop_gpt_gpt-7b_386_layer25_norm2_pasta_metrics.csv
bert_bert-7b-proxy_008_layer00_attn_residual_pasta,bert_bert-7b-proxy_386_layer27_attn_residual_pasta,400latency_llmop_bert_bert-7b-proxy_008_layer00_attn_residual_pasta_metrics.csv,400latency_llmop_bert_bert-7b-proxy_386_layer27_attn_residual_pasta_metrics.csv
bert_bert-7b-proxy_010_layer00_mlp_fc1_baseline,gpt_gpt-7b_387_layer25_mlp_fc1_baseline,400latency_llmop_bert_bert-7b-proxy_010_layer00_mlp_fc1_baseline_metrics.csv,400latency_llmop_gpt_gpt-7b_387_layer25_mlp_fc1_baseline_metrics.csv
gpt_gpt-7b_001_layer00_norm1_baseline,bert_bert-7b-proxy_387_layer27_norm1_baseline,400latency_llmop_gpt_gpt-7b_001_layer00_norm1_baseline_metrics.csv,400latency_llmop_bert_bert-7b-proxy_387_layer27_norm1_baseline_metrics.csv
bert_bert-7b-proxy_010_layer00_mlp_fc1_pasta,gpt_gpt-7b_387_layer25_mlp_fc1_pasta,400latency_llmop_bert_bert-7b-proxy_010_layer00_mlp_fc1_pasta_metrics.csv,400latency_llmop_gpt_gpt-7b_387_layer25_mlp_fc1_pasta_metrics.csv
gpt_gpt-7b_001_layer00_norm1_pasta,bert_bert-7b-proxy_387_layer27_norm1_pasta,400latency_llmop_gpt_gpt-7b_001_layer00_norm1_pasta_metrics.csv,400latency_llmop_bert_bert-7b-proxy_387_layer27_norm1_pasta_metrics.csv
bert_bert-7b-proxy_011_layer00_mlp_gelu_baseline,gpt_gpt-7b_388_layer25_mlp_gelu_baseline,400latency_llmop_bert_bert-7b-proxy_011_layer00_mlp_gelu_baseline_metrics.csv,400latency_llmop_gpt_gpt-7b_388_layer25_mlp_gelu_baseline_metrics.csv
bert_bert-7b-proxy_010_layer00_mlp_fc1_baseline,bert_bert-7b-proxy_388_layer27_mlp_fc1_baseline,400latency_llmop_bert_bert-7b-proxy_010_layer00_mlp_fc1_baseline_metrics.csv,400latency_llmop_bert_bert-7b-proxy_388_layer27_mlp_fc1_baseline_metrics.csv
bert_bert-7b-proxy_011_layer00_mlp_gelu_pasta,gpt_gpt-7b_388_layer25_mlp_gelu_pasta,400latency_llmop_bert_bert-7b-proxy_011_layer00_mlp_gelu_pasta_metrics.csv,400latency_llmop_gpt_gpt-7b_388_layer25_mlp_gelu_pasta_metrics.csv
bert_bert-7b-proxy_010_layer00_mlp_fc1_pasta,bert_bert-7b-proxy_388_layer27_mlp_fc1_pasta,400latency_llmop_bert_bert-7b-proxy_010_layer00_mlp_fc1_pasta_metrics.csv,400latency_llmop_bert_bert-7b-proxy_388_layer27_mlp_fc1_pasta_metrics.csv
bert_bert-7b-proxy_012_layer00_mlp_fc2_baseline,gpt_gpt-7b_389_layer25_mlp_fc2_baseline,400latency_llmop_bert_bert-7b-proxy_012_layer00_mlp_fc2_baseline_metrics.csv,400latency_llmop_gpt_gpt-7b_389_layer25_mlp_fc2_baseline_metrics.csv
bert_bert-7b-proxy_011_layer00_mlp_gelu_baseline,bert_bert-7b-proxy_389_layer27_mlp_gelu_baseline,400latency_llmop_bert_bert-7b-proxy_011_layer00_mlp_gelu_baseline_metrics.csv,400latency_llmop_bert_bert-7b-proxy_389_layer27_mlp_gelu_baseline_metrics.csv
bert_bert-7b-proxy_012_layer00_mlp_fc2_pasta,gpt_gpt-7b_389_layer25_mlp_fc2_pasta,400latency_llmop_bert_bert-7b-proxy_012_layer00_mlp_fc2_pasta_metrics.csv,400latency_llmop_gpt_gpt-7b_389_layer25_mlp_fc2_pasta_metrics.csv
bert_bert-7b-proxy_011_layer00_mlp_gelu_pasta,bert_bert-7b-proxy_389_layer27_mlp_gelu_pasta,400latency_llmop_bert_bert-7b-proxy_011_layer00_mlp_gelu_pasta_metrics.csv,400latency_llmop_bert_bert-7b-proxy_389_layer27_mlp_gelu_pasta_metrics.csv
bert_bert-7b-proxy_008_layer00_attn_residual_baseline,gpt_gpt-7b_390_layer25_mlp_residual_baseline,400latency_llmop_bert_bert-7b-proxy_008_layer00_attn_residual_baseline_metrics.csv,400latency_llmop_gpt_gpt-7b_390_layer25_mlp_residual_baseline_metrics.csv
bert_bert-7b-proxy_012_layer00_mlp_fc2_baseline,bert_bert-7b-proxy_390_layer27_mlp_fc2_baseline,400latency_llmop_bert_bert-7b-proxy_012_layer00_mlp_fc2_baseline_metrics.csv,400latency_llmop_bert_bert-7b-proxy_390_layer27_mlp_fc2_baseline_metrics.csv
bert_bert-7b-proxy_008_layer00_attn_residual_pasta,gpt_gpt-7b_390_layer25_mlp_residual_pasta,400latency_llmop_bert_bert-7b-proxy_008_layer00_attn_residual_pasta_metrics.csv,400latency_llmop_gpt_gpt-7b_390_layer25_mlp_residual_pasta_metrics.csv
bert_bert-7b-proxy_012_layer00_mlp_fc2_pasta,bert_bert-7b-proxy_390_layer27_mlp_fc2_pasta,400latency_llmop_bert_bert-7b-proxy_012_layer00_mlp_fc2_pasta_metrics.csv,400latency_llmop_bert_bert-7b-proxy_390_layer27_mlp_fc2_pasta_metrics.csv
gpt_gpt-7b_001_layer00_norm1_baseline,gpt_gpt-7b_391_layer26_norm1_baseline,400latency_llmop_gpt_gpt-7b_001_layer00_norm1_baseline_metrics.csv,400latency_llmop_gpt_gpt-7b_391_layer26_norm1_baseline_metrics.csv
bert_bert-7b-proxy_008_layer00_attn_residual_baseline,bert_bert-7b-proxy_391_layer27_mlp_residual_baseline,400latency_llmop_bert_bert-7b-proxy_008_layer00_attn_residual_baseline_metrics.csv,400latency_llmop_bert_bert-7b-proxy_391_layer27_mlp_residual_baseline_metrics.csv
gpt_gpt-7b_001_layer00_norm1_pasta,gpt_gpt-7b_391_layer26_norm1_pasta,400latency_llmop_gpt_gpt-7b_001_layer00_norm1_pasta_metrics.csv,400latency_llmop_gpt_gpt-7b_391_layer26_norm1_pasta_metrics.csv
bert_bert-7b-proxy_008_layer00_attn_residual_pasta,bert_bert-7b-proxy_391_layer27_mlp_residual_pasta,400latency_llmop_bert_bert-7b-proxy_008_layer00_attn_residual_pasta_metrics.csv,400latency_llmop_bert_bert-7b-proxy_391_layer27_mlp_residual_pasta_metrics.csv
bert_bert-7b-proxy_001_layer00_attn_q_baseline,gpt_gpt-7b_392_layer26_attn_q_baseline,400latency_llmop_bert_bert-7b-proxy_001_layer00_attn_q_baseline_metrics.csv,400latency_llmop_gpt_gpt-7b_392_layer26_attn_q_baseline_metrics.csv
gpt_gpt-7b_001_layer00_norm1_baseline,bert_bert-7b-proxy_392_layer27_norm2_baseline,400latency_llmop_gpt_gpt-7b_001_layer00_norm1_baseline_metrics.csv,400latency_llmop_bert_bert-7b-proxy_392_layer27_norm2_baseline_metrics.csv
bert_bert-7b-proxy_001_layer00_attn_q_pasta,gpt_gpt-7b_392_layer26_attn_q_pasta,400latency_llmop_bert_bert-7b-proxy_001_layer00_attn_q_pasta_metrics.csv,400latency_llmop_gpt_gpt-7b_392_layer26_attn_q_pasta_metrics.csv
gpt_gpt-7b_001_layer00_norm1_pasta,bert_bert-7b-proxy_392_layer27_norm2_pasta,400latency_llmop_gpt_gpt-7b_001_layer00_norm1_pasta_metrics.csv,400latency_llmop_bert_bert-7b-proxy_392_layer27_norm2_pasta_metrics.csv
bert_bert-7b-proxy_001_layer00_attn_q_baseline,gpt_gpt-7b_393_layer26_attn_k_baseline,400latency_llmop_bert_bert-7b-proxy_001_layer00_attn_q_baseline_metrics.csv,400latency_llmop_gpt_gpt-7b_393_layer26_attn_k_baseline_metrics.csv
bert_bert-7b-proxy_001_layer00_attn_q_baseline,bert_bert-7b-proxy_393_layer28_attn_q_baseline,400latency_llmop_bert_bert-7b-proxy_001_layer00_attn_q_baseline_metrics.csv,400latency_llmop_bert_bert-7b-proxy_393_layer28_attn_q_baseline_metrics.csv
bert_bert-7b-proxy_001_layer00_attn_q_pasta,gpt_gpt-7b_393_layer26_attn_k_pasta,400latency_llmop_bert_bert-7b-proxy_001_layer00_attn_q_pasta_metrics.csv,400latency_llmop_gpt_gpt-7b_393_layer26_attn_k_pasta_metrics.csv
bert_bert-7b-proxy_001_layer00_attn_q_pasta,bert_bert-7b-proxy_393_layer28_attn_q_pasta,400latency_llmop_bert_bert-7b-proxy_001_layer00_attn_q_pasta_metrics.csv,400latency_llmop_bert_bert-7b-proxy_393_layer28_attn_q_pasta_metrics.csv
bert_bert-7b-proxy_001_layer00_attn_q_baseline,gpt_gpt-7b_394_layer26_attn_v_baseline,400latency_llmop_bert_bert-7b-proxy_001_layer00_attn_q_baseline_metrics.csv,400latency_llmop_gpt_gpt-7b_394_layer26_attn_v_baseline_metrics.csv
bert_bert-7b-proxy_001_layer00_attn_q_baseline,bert_bert-7b-proxy_394_layer28_attn_k_baseline,400latency_llmop_bert_bert-7b-proxy_001_layer00_attn_q_baseline_metrics.csv,400latency_llmop_bert_bert-7b-proxy_394_layer28_attn_k_baseline_metrics.csv
bert_bert-7b-proxy_001_layer00_attn_q_pasta,gpt_gpt-7b_394_layer26_attn_v_pasta,400latency_llmop_bert_bert-7b-proxy_001_layer00_attn_q_pasta_metrics.csv,400latency_llmop_gpt_gpt-7b_394_layer26_attn_v_pasta_metrics.csv
bert_bert-7b-proxy_001_layer00_attn_q_pasta,bert_bert-7b-proxy_394_layer28_attn_k_pasta,400latency_llmop_bert_bert-7b-proxy_001_layer00_attn_q_pasta_metrics.csv,400latency_llmop_bert_bert-7b-proxy_394_layer28_attn_k_pasta_metrics.csv
bert_bert-7b-proxy_004_layer00_attn_score_baseline,gpt_gpt-7b_395_layer26_attn_score_baseline,400latency_llmop_bert_bert-7b-proxy_004_layer00_attn_score_baseline_metrics.csv,400latency_llmop_gpt_gpt-7b_395_layer26_attn_score_baseline_metrics.csv
bert_bert-7b-proxy_001_layer00_attn_q_baseline,bert_bert-7b-proxy_395_layer28_attn_v_baseline,400latency_llmop_bert_bert-7b-proxy_001_layer00_attn_q_baseline_metrics.csv,400latency_llmop_bert_bert-7b-proxy_395_layer28_attn_v_baseline_metrics.csv
bert_bert-7b-proxy_004_layer00_attn_score_pasta,gpt_gpt-7b_395_layer26_attn_score_pasta,400latency_llmop_bert_bert-7b-proxy_004_layer00_attn_score_pasta_metrics.csv,400latency_llmop_gpt_gpt-7b_395_layer26_attn_score_pasta_metrics.csv
bert_bert-7b-proxy_001_layer00_attn_q_pasta,bert_bert-7b-proxy_395_layer28_attn_v_pasta,400latency_llmop_bert_bert-7b-proxy_001_layer00_attn_q_pasta_metrics.csv,400latency_llmop_bert_bert-7b-proxy_395_layer28_attn_v_pasta_metrics.csv
gpt_gpt-7b_006_layer00_causal_mask_baseline,gpt_gpt-7b_396_layer26_causal_mask_baseline,400latency_llmop_gpt_gpt-7b_006_layer00_causal_mask_baseline_metrics.csv,400latency_llmop_gpt_gpt-7b_396_layer26_causal_mask_baseline_metrics.csv
bert_bert-7b-proxy_004_layer00_attn_score_baseline,bert_bert-7b-proxy_396_layer28_attn_score_baseline,400latency_llmop_bert_bert-7b-proxy_004_layer00_attn_score_baseline_metrics.csv,400latency_llmop_bert_bert-7b-proxy_396_layer28_attn_score_baseline_metrics.csv
gpt_gpt-7b_006_layer00_causal_mask_pasta,gpt_gpt-7b_396_layer26_causal_mask_pasta,400latency_llmop_gpt_gpt-7b_006_layer00_causal_mask_pasta_metrics.csv,400latency_llmop_gpt_gpt-7b_396_layer26_causal_mask_pasta_metrics.csv
bert_bert-7b-proxy_004_layer00_attn_score_pasta,bert_bert-7b-proxy_396_layer28_attn_score_pasta,400latency_llmop_bert_bert-7b-proxy_004_layer00_attn_score_pasta_metrics.csv,400latency_llmop_bert_bert-7b-proxy_396_layer28_attn_score_pasta_metrics.csv
bert_bert-7b-proxy_005_layer00_attn_softmax_baseline,gpt_gpt-7b_397_layer26_attn_softmax_baseline,400latency_llmop_bert_bert-7b-proxy_005_layer00_attn_softmax_baseline_metrics.csv,400latency_llmop_gpt_gpt-7b_397_layer26_attn_softmax_baseline_metrics.csv
bert_bert-7b-proxy_005_layer00_attn_softmax_baseline,bert_bert-7b-proxy_397_layer28_attn_softmax_baseline,400latency_llmop_bert_bert-7b-proxy_005_layer00_attn_softmax_baseline_metrics.csv,400latency_llmop_bert_bert-7b-proxy_397_layer28_attn_softmax_baseline_metrics.csv
bert_bert-7b-proxy_005_layer00_attn_softmax_pasta,gpt_gpt-7b_397_layer26_attn_softmax_pasta,400latency_llmop_bert_bert-7b-proxy_005_layer00_attn_softmax_pasta_metrics.csv,400latency_llmop_gpt_gpt-7b_397_layer26_attn_softmax_pasta_metrics.csv
bert_bert-7b-proxy_005_layer00_attn_softmax_pasta,bert_bert-7b-proxy_397_layer28_attn_softmax_pasta,400latency_llmop_bert_bert-7b-proxy_005_layer00_attn_softmax_pasta_metrics.csv,400latency_llmop_bert_bert-7b-proxy_397_layer28_attn_softmax_pasta_metrics.csv
bert_bert-7b-proxy_006_layer00_attn_value_baseline,gpt_gpt-7b_398_layer26_attn_value_baseline,400latency_llmop_bert_bert-7b-proxy_006_layer00_attn_value_baseline_metrics.csv,400latency_llmop_gpt_gpt-7b_398_layer26_attn_value_baseline_metrics.csv
bert_bert-7b-proxy_006_layer00_attn_value_baseline,bert_bert-7b-proxy_398_layer28_attn_value_baseline,400latency_llmop_bert_bert-7b-proxy_006_layer00_attn_value_baseline_metrics.csv,400latency_llmop_bert_bert-7b-proxy_398_layer28_attn_value_baseline_metrics.csv
bert_bert-7b-proxy_006_layer00_attn_value_pasta,gpt_gpt-7b_398_layer26_attn_value_pasta,400latency_llmop_bert_bert-7b-proxy_006_layer00_attn_value_pasta_metrics.csv,400latency_llmop_gpt_gpt-7b_398_layer26_attn_value_pasta_metrics.csv
bert_bert-7b-proxy_006_layer00_attn_value_pasta,bert_bert-7b-proxy_398_layer28_attn_value_pasta,400latency_llmop_bert_bert-7b-proxy_006_layer00_attn_value_pasta_metrics.csv,400latency_llmop_bert_bert-7b-proxy_398_layer28_attn_value_pasta_metrics.csv
bert_bert-7b-proxy_001_layer00_attn_q_baseline,gpt_gpt-7b_399_layer26_attn_out_baseline,400latency_llmop_bert_bert-7b-proxy_001_layer00_attn_q_baseline_metrics.csv,400latency_llmop_gpt_gpt-7b_399_layer26_attn_out_baseline_metrics.csv
bert_bert-7b-proxy_001_layer00_attn_q_baseline,bert_bert-7b-proxy_399_layer28_attn_out_baseline,400latency_llmop_bert_bert-7b-proxy_001_layer00_attn_q_baseline_metrics.csv,400latency_llmop_bert_bert-7b-proxy_399_layer28_attn_out_baseline_metrics.csv
bert_bert-7b-proxy_001_layer00_attn_q_pasta,gpt_gpt-7b_399_layer26_attn_out_pasta,400latency_llmop_bert_bert-7b-proxy_001_layer00_attn_q_pasta_metrics.csv,400latency_llmop_gpt_gpt-7b_399_layer26_attn_out_pasta_metrics.csv
bert_bert-7b-proxy_001_layer00_attn_q_pasta,bert_bert-7b-proxy_399_layer28_attn_out_pasta,400latency_llmop_bert_bert-7b-proxy_001_layer00_attn_q_pasta_metrics.csv,400latency_llmop_bert_bert-7b-proxy_399_layer28_attn_out_pasta_metrics.csv
bert_bert-7b-proxy_008_layer00_attn_residual_baseline,gpt_gpt-7b_400_layer26_attn_residual_baseline,400latency_llmop_bert_bert-7b-proxy_008_layer00_attn_residual_baseline_metrics.csv,400latency_llmop_gpt_gpt-7b_400_layer26_attn_residual_baseline_metrics.csv
bert_bert-7b-proxy_008_layer00_attn_residual_baseline,bert_bert-7b-proxy_400_layer28_attn_residual_baseline,400latency_llmop_bert_bert-7b-proxy_008_layer00_attn_residual_baseline_metrics.csv,400latency_llmop_bert_bert-7b-proxy_400_layer28_attn_residual_baseline_metrics.csv
bert_bert-7b-proxy_008_layer00_attn_residual_pasta,gpt_gpt-7b_400_layer26_attn_residual_pasta,400latency_llmop_bert_bert-7b-proxy_008_layer00_attn_residual_pasta_metrics.csv,400latency_llmop_gpt_gpt-7b_400_layer26_attn_residual_pasta_metrics.csv
bert_bert-7b-proxy_008_layer00_attn_residual_pasta,bert_bert-7b-proxy_400_layer28_attn_residual_pasta,400latency_llmop_bert_bert-7b-proxy_008_layer00_attn_residual_pasta_metrics.csv,400latency_llmop_bert_bert-7b-proxy_400_layer28_attn_residual_pasta_metrics.csv
gpt_gpt-7b_001_layer00_norm1_baseline,gpt_gpt-7b_401_layer26_norm2_baseline,400latency_llmop_gpt_gpt-7b_001_layer00_norm1_baseline_metrics.csv,400latency_llmop_gpt_gpt-7b_401_layer26_norm2_baseline_metrics.csv
gpt_gpt-7b_001_layer00_norm1_baseline,bert_bert-7b-proxy_401_layer28_norm1_baseline,400latency_llmop_gpt_gpt-7b_001_layer00_norm1_baseline_metrics.csv,400latency_llmop_bert_bert-7b-proxy_401_layer28_norm1_baseline_metrics.csv
gpt_gpt-7b_001_layer00_norm1_pasta,gpt_gpt-7b_401_layer26_norm2_pasta,400latency_llmop_gpt_gpt-7b_001_layer00_norm1_pasta_metrics.csv,400latency_llmop_gpt_gpt-7b_401_layer26_norm2_pasta_metrics.csv
gpt_gpt-7b_001_layer00_norm1_pasta,bert_bert-7b-proxy_401_layer28_norm1_pasta,400latency_llmop_gpt_gpt-7b_001_layer00_norm1_pasta_metrics.csv,400latency_llmop_bert_bert-7b-proxy_401_layer28_norm1_pasta_metrics.csv
bert_bert-7b-proxy_010_layer00_mlp_fc1_baseline,gpt_gpt-7b_402_layer26_mlp_fc1_baseline,400latency_llmop_bert_bert-7b-proxy_010_layer00_mlp_fc1_baseline_metrics.csv,400latency_llmop_gpt_gpt-7b_402_layer26_mlp_fc1_baseline_metrics.csv
bert_bert-7b-proxy_010_layer00_mlp_fc1_baseline,bert_bert-7b-proxy_402_layer28_mlp_fc1_baseline,400latency_llmop_bert_bert-7b-proxy_010_layer00_mlp_fc1_baseline_metrics.csv,400latency_llmop_bert_bert-7b-proxy_402_layer28_mlp_fc1_baseline_metrics.csv
bert_bert-7b-proxy_010_layer00_mlp_fc1_pasta,gpt_gpt-7b_402_layer26_mlp_fc1_pasta,400latency_llmop_bert_bert-7b-proxy_010_layer00_mlp_fc1_pasta_metrics.csv,400latency_llmop_gpt_gpt-7b_402_layer26_mlp_fc1_pasta_metrics.csv
bert_bert-7b-proxy_010_layer00_mlp_fc1_pasta,bert_bert-7b-proxy_402_layer28_mlp_fc1_pasta,400latency_llmop_bert_bert-7b-proxy_010_layer00_mlp_fc1_pasta_metrics.csv,400latency_llmop_bert_bert-7b-proxy_402_layer28_mlp_fc1_pasta_metrics.csv
bert_bert-7b-proxy_011_layer00_mlp_gelu_baseline,gpt_gpt-7b_403_layer26_mlp_gelu_baseline,400latency_llmop_bert_bert-7b-proxy_011_layer00_mlp_gelu_baseline_metrics.csv,400latency_llmop_gpt_gpt-7b_403_layer26_mlp_gelu_baseline_metrics.csv
bert_bert-7b-proxy_011_layer00_mlp_gelu_baseline,bert_bert-7b-proxy_403_layer28_mlp_gelu_baseline,400latency_llmop_bert_bert-7b-proxy_011_layer00_mlp_gelu_baseline_metrics.csv,400latency_llmop_bert_bert-7b-proxy_403_layer28_mlp_gelu_baseline_metrics.csv
bert_bert-7b-proxy_011_layer00_mlp_gelu_pasta,gpt_gpt-7b_403_layer26_mlp_gelu_pasta,400latency_llmop_bert_bert-7b-proxy_011_layer00_mlp_gelu_pasta_metrics.csv,400latency_llmop_gpt_gpt-7b_403_layer26_mlp_gelu_pasta_metrics.csv
bert_bert-7b-proxy_011_layer00_mlp_gelu_pasta,bert_bert-7b-proxy_403_layer28_mlp_gelu_pasta,400latency_llmop_bert_bert-7b-proxy_011_layer00_mlp_gelu_pasta_metrics.csv,400latency_llmop_bert_bert-7b-proxy_403_layer28_mlp_gelu_pasta_metrics.csv
bert_bert-7b-proxy_012_layer00_mlp_fc2_baseline,gpt_gpt-7b_404_layer26_mlp_fc2_baseline,400latency_llmop_bert_bert-7b-proxy_012_layer00_mlp_fc2_baseline_metrics.csv,400latency_llmop_gpt_gpt-7b_404_layer26_mlp_fc2_baseline_metrics.csv
bert_bert-7b-proxy_012_layer00_mlp_fc2_baseline,bert_bert-7b-proxy_404_layer28_mlp_fc2_baseline,400latency_llmop_bert_bert-7b-proxy_012_layer00_mlp_fc2_baseline_metrics.csv,400latency_llmop_bert_bert-7b-proxy_404_layer28_mlp_fc2_baseline_metrics.csv
bert_bert-7b-proxy_012_layer00_mlp_fc2_pasta,gpt_gpt-7b_404_layer26_mlp_fc2_pasta,400latency_llmop_bert_bert-7b-proxy_012_layer00_mlp_fc2_pasta_metrics.csv,400latency_llmop_gpt_gpt-7b_404_layer26_mlp_fc2_pasta_metrics.csv
bert_bert-7b-proxy_012_layer00_mlp_fc2_pasta,bert_bert-7b-proxy_404_layer28_mlp_fc2_pasta,400latency_llmop_bert_bert-7b-proxy_012_layer00_mlp_fc2_pasta_metrics.csv,400latency_llmop_bert_bert-7b-proxy_404_layer28_mlp_fc2_pasta_metrics.csv
bert_bert-7b-proxy_008_layer00_attn_residual_baseline,gpt_gpt-7b_405_layer26_mlp_residual_baseline,400latency_llmop_bert_bert-7b-proxy_008_layer00_attn_residual_baseline_metrics.csv,400latency_llmop_gpt_gpt-7b_405_layer26_mlp_residual_baseline_metrics.csv
bert_bert-7b-proxy_008_layer00_attn_residual_baseline,bert_bert-7b-proxy_405_layer28_mlp_residual_baseline,400latency_llmop_bert_bert-7b-proxy_008_layer00_attn_residual_baseline_metrics.csv,400latency_llmop_bert_bert-7b-proxy_405_layer28_mlp_residual_baseline_metrics.csv
bert_bert-7b-proxy_008_layer00_attn_residual_pasta,gpt_gpt-7b_405_layer26_mlp_residual_pasta,400latency_llmop_bert_bert-7b-proxy_008_layer00_attn_residual_pasta_metrics.csv,400latency_llmop_gpt_gpt-7b_405_layer26_mlp_residual_pasta_metrics.csv
bert_bert-7b-proxy_008_layer00_attn_residual_pasta,bert_bert-7b-proxy_405_layer28_mlp_residual_pasta,400latency_llmop_bert_bert-7b-proxy_008_layer00_attn_residual_pasta_metrics.csv,400latency_llmop_bert_bert-7b-proxy_405_layer28_mlp_residual_pasta_metrics.csv
gpt_gpt-7b_001_layer00_norm1_baseline,gpt_gpt-7b_406_layer27_norm1_baseline,400latency_llmop_gpt_gpt-7b_001_layer00_norm1_baseline_metrics.csv,400latency_llmop_gpt_gpt-7b_406_layer27_norm1_baseline_metrics.csv
gpt_gpt-7b_001_layer00_norm1_baseline,bert_bert-7b-proxy_406_layer28_norm2_baseline,400latency_llmop_gpt_gpt-7b_001_layer00_norm1_baseline_metrics.csv,400latency_llmop_bert_bert-7b-proxy_406_layer28_norm2_baseline_metrics.csv
gpt_gpt-7b_001_layer00_norm1_pasta,gpt_gpt-7b_406_layer27_norm1_pasta,400latency_llmop_gpt_gpt-7b_001_layer00_norm1_pasta_metrics.csv,400latency_llmop_gpt_gpt-7b_406_layer27_norm1_pasta_metrics.csv
gpt_gpt-7b_001_layer00_norm1_pasta,bert_bert-7b-proxy_406_layer28_norm2_pasta,400latency_llmop_gpt_gpt-7b_001_layer00_norm1_pasta_metrics.csv,400latency_llmop_bert_bert-7b-proxy_406_layer28_norm2_pasta_metrics.csv
bert_bert-7b-proxy_001_layer00_attn_q_baseline,gpt_gpt-7b_407_layer27_attn_q_baseline,400latency_llmop_bert_bert-7b-proxy_001_layer00_attn_q_baseline_metrics.csv,400latency_llmop_gpt_gpt-7b_407_layer27_attn_q_baseline_metrics.csv
bert_bert-7b-proxy_001_layer00_attn_q_baseline,bert_bert-7b-proxy_407_layer29_attn_q_baseline,400latency_llmop_bert_bert-7b-proxy_001_layer00_attn_q_baseline_metrics.csv,400latency_llmop_bert_bert-7b-proxy_407_layer29_attn_q_baseline_metrics.csv
bert_bert-7b-proxy_001_layer00_attn_q_pasta,gpt_gpt-7b_407_layer27_attn_q_pasta,400latency_llmop_bert_bert-7b-proxy_001_layer00_attn_q_pasta_metrics.csv,400latency_llmop_gpt_gpt-7b_407_layer27_attn_q_pasta_metrics.csv
bert_bert-7b-proxy_001_layer00_attn_q_pasta,bert_bert-7b-proxy_407_layer29_attn_q_pasta,400latency_llmop_bert_bert-7b-proxy_001_layer00_attn_q_pasta_metrics.csv,400latency_llmop_bert_bert-7b-proxy_407_layer29_attn_q_pasta_metrics.csv
bert_bert-7b-proxy_001_layer00_attn_q_baseline,gpt_gpt-7b_408_layer27_attn_k_baseline,400latency_llmop_bert_bert-7b-proxy_001_layer00_attn_q_baseline_metrics.csv,400latency_llmop_gpt_gpt-7b_408_layer27_attn_k_baseline_metrics.csv
bert_bert-7b-proxy_001_layer00_attn_q_baseline,bert_bert-7b-proxy_408_layer29_attn_k_baseline,400latency_llmop_bert_bert-7b-proxy_001_layer00_attn_q_baseline_metrics.csv,400latency_llmop_bert_bert-7b-proxy_408_layer29_attn_k_baseline_metrics.csv
bert_bert-7b-proxy_001_layer00_attn_q_pasta,gpt_gpt-7b_408_layer27_attn_k_pasta,400latency_llmop_bert_bert-7b-proxy_001_layer00_attn_q_pasta_metrics.csv,400latency_llmop_gpt_gpt-7b_408_layer27_attn_k_pasta_metrics.csv
bert_bert-7b-proxy_001_layer00_attn_q_pasta,bert_bert-7b-proxy_408_layer29_attn_k_pasta,400latency_llmop_bert_bert-7b-proxy_001_layer00_attn_q_pasta_metrics.csv,400latency_llmop_bert_bert-7b-proxy_408_layer29_attn_k_pasta_metrics.csv
bert_bert-7b-proxy_001_layer00_attn_q_baseline,gpt_gpt-7b_409_layer27_attn_v_baseline,400latency_llmop_bert_bert-7b-proxy_001_layer00_attn_q_baseline_metrics.csv,400latency_llmop_gpt_gpt-7b_409_layer27_attn_v_baseline_metrics.csv
bert_bert-7b-proxy_001_layer00_attn_q_baseline,bert_bert-7b-proxy_409_layer29_attn_v_baseline,400latency_llmop_bert_bert-7b-proxy_001_layer00_attn_q_baseline_metrics.csv,400latency_llmop_bert_bert-7b-proxy_409_layer29_attn_v_baseline_metrics.csv
bert_bert-7b-proxy_001_layer00_attn_q_pasta,gpt_gpt-7b_409_layer27_attn_v_pasta,400latency_llmop_bert_bert-7b-proxy_001_layer00_attn_q_pasta_metrics.csv,400latency_llmop_gpt_gpt-7b_409_layer27_attn_v_pasta_metrics.csv
bert_bert-7b-proxy_001_layer00_attn_q_pasta,bert_bert-7b-proxy_409_layer29_attn_v_pasta,400latency_llmop_bert_bert-7b-proxy_001_layer00_attn_q_pasta_metrics.csv,400latency_llmop_bert_bert-7b-proxy_409_layer29_attn_v_pasta_metrics.csv
bert_bert-7b-proxy_004_layer00_attn_score_baseline,gpt_gpt-7b_410_layer27_attn_score_baseline,400latency_llmop_bert_bert-7b-proxy_004_layer00_attn_score_baseline_metrics.csv,400latency_llmop_gpt_gpt-7b_410_layer27_attn_score_baseline_metrics.csv
bert_bert-7b-proxy_004_layer00_attn_score_baseline,bert_bert-7b-proxy_410_layer29_attn_score_baseline,400latency_llmop_bert_bert-7b-proxy_004_layer00_attn_score_baseline_metrics.csv,400latency_llmop_bert_bert-7b-proxy_410_layer29_attn_score_baseline_metrics.csv
bert_bert-7b-proxy_004_layer00_attn_score_pasta,gpt_gpt-7b_410_layer27_attn_score_pasta,400latency_llmop_bert_bert-7b-proxy_004_layer00_attn_score_pasta_metrics.csv,400latency_llmop_gpt_gpt-7b_410_layer27_attn_score_pasta_metrics.csv
bert_bert-7b-proxy_004_layer00_attn_score_pasta,bert_bert-7b-proxy_410_layer29_attn_score_pasta,400latency_llmop_bert_bert-7b-proxy_004_layer00_attn_score_pasta_metrics.csv,400latency_llmop_bert_bert-7b-proxy_410_layer29_attn_score_pasta_metrics.csv
gpt_gpt-7b_006_layer00_causal_mask_baseline,gpt_gpt-7b_411_layer27_causal_mask_baseline,400latency_llmop_gpt_gpt-7b_006_layer00_causal_mask_baseline_metrics.csv,400latency_llmop_gpt_gpt-7b_411_layer27_causal_mask_baseline_metrics.csv
bert_bert-7b-proxy_005_layer00_attn_softmax_baseline,bert_bert-7b-proxy_411_layer29_attn_softmax_baseline,400latency_llmop_bert_bert-7b-proxy_005_layer00_attn_softmax_baseline_metrics.csv,400latency_llmop_bert_bert-7b-proxy_411_layer29_attn_softmax_baseline_metrics.csv
gpt_gpt-7b_006_layer00_causal_mask_pasta,gpt_gpt-7b_411_layer27_causal_mask_pasta,400latency_llmop_gpt_gpt-7b_006_layer00_causal_mask_pasta_metrics.csv,400latency_llmop_gpt_gpt-7b_411_layer27_causal_mask_pasta_metrics.csv
bert_bert-7b-proxy_005_layer00_attn_softmax_pasta,bert_bert-7b-proxy_411_layer29_attn_softmax_pasta,400latency_llmop_bert_bert-7b-proxy_005_layer00_attn_softmax_pasta_metrics.csv,400latency_llmop_bert_bert-7b-proxy_411_layer29_attn_softmax_pasta_metrics.csv
bert_bert-7b-proxy_005_layer00_attn_softmax_baseline,gpt_gpt-7b_412_layer27_attn_softmax_baseline,400latency_llmop_bert_bert-7b-proxy_005_layer00_attn_softmax_baseline_metrics.csv,400latency_llmop_gpt_gpt-7b_412_layer27_attn_softmax_baseline_metrics.csv
bert_bert-7b-proxy_006_layer00_attn_value_baseline,bert_bert-7b-proxy_412_layer29_attn_value_baseline,400latency_llmop_bert_bert-7b-proxy_006_layer00_attn_value_baseline_metrics.csv,400latency_llmop_bert_bert-7b-proxy_412_layer29_attn_value_baseline_metrics.csv
bert_bert-7b-proxy_005_layer00_attn_softmax_pasta,gpt_gpt-7b_412_layer27_attn_softmax_pasta,400latency_llmop_bert_bert-7b-proxy_005_layer00_attn_softmax_pasta_metrics.csv,400latency_llmop_gpt_gpt-7b_412_layer27_attn_softmax_pasta_metrics.csv
bert_bert-7b-proxy_006_layer00_attn_value_pasta,bert_bert-7b-proxy_412_layer29_attn_value_pasta,400latency_llmop_bert_bert-7b-proxy_006_layer00_attn_value_pasta_metrics.csv,400latency_llmop_bert_bert-7b-proxy_412_layer29_attn_value_pasta_metrics.csv
bert_bert-7b-proxy_006_layer00_attn_value_baseline,gpt_gpt-7b_413_layer27_attn_value_baseline,400latency_llmop_bert_bert-7b-proxy_006_layer00_attn_value_baseline_metrics.csv,400latency_llmop_gpt_gpt-7b_413_layer27_attn_value_baseline_metrics.csv
bert_bert-7b-proxy_001_layer00_attn_q_baseline,bert_bert-7b-proxy_413_layer29_attn_out_baseline,400latency_llmop_bert_bert-7b-proxy_001_layer00_attn_q_baseline_metrics.csv,400latency_llmop_bert_bert-7b-proxy_413_layer29_attn_out_baseline_metrics.csv
bert_bert-7b-proxy_006_layer00_attn_value_pasta,gpt_gpt-7b_413_layer27_attn_value_pasta,400latency_llmop_bert_bert-7b-proxy_006_layer00_attn_value_pasta_metrics.csv,400latency_llmop_gpt_gpt-7b_413_layer27_attn_value_pasta_metrics.csv
bert_bert-7b-proxy_001_layer00_attn_q_pasta,bert_bert-7b-proxy_413_layer29_attn_out_pasta,400latency_llmop_bert_bert-7b-proxy_001_layer00_attn_q_pasta_metrics.csv,400latency_llmop_bert_bert-7b-proxy_413_layer29_attn_out_pasta_metrics.csv
bert_bert-7b-proxy_001_layer00_attn_q_baseline,gpt_gpt-7b_414_layer27_attn_out_baseline,400latency_llmop_bert_bert-7b-proxy_001_layer00_attn_q_baseline_metrics.csv,400latency_llmop_gpt_gpt-7b_414_layer27_attn_out_baseline_metrics.csv
bert_bert-7b-proxy_008_layer00_attn_residual_baseline,bert_bert-7b-proxy_414_layer29_attn_residual_baseline,400latency_llmop_bert_bert-7b-proxy_008_layer00_attn_residual_baseline_metrics.csv,400latency_llmop_bert_bert-7b-proxy_414_layer29_attn_residual_baseline_metrics.csv
bert_bert-7b-proxy_001_layer00_attn_q_pasta,gpt_gpt-7b_414_layer27_attn_out_pasta,400latency_llmop_bert_bert-7b-proxy_001_layer00_attn_q_pasta_metrics.csv,400latency_llmop_gpt_gpt-7b_414_layer27_attn_out_pasta_metrics.csv
bert_bert-7b-proxy_008_layer00_attn_residual_pasta,bert_bert-7b-proxy_414_layer29_attn_residual_pasta,400latency_llmop_bert_bert-7b-proxy_008_layer00_attn_residual_pasta_metrics.csv,400latency_llmop_bert_bert-7b-proxy_414_layer29_attn_residual_pasta_metrics.csv
bert_bert-7b-proxy_008_layer00_attn_residual_baseline,gpt_gpt-7b_415_layer27_attn_residual_baseline,400latency_llmop_bert_bert-7b-proxy_008_layer00_attn_residual_baseline_metrics.csv,400latency_llmop_gpt_gpt-7b_415_layer27_attn_residual_baseline_metrics.csv
gpt_gpt-7b_001_layer00_norm1_baseline,bert_bert-7b-proxy_415_layer29_norm1_baseline,400latency_llmop_gpt_gpt-7b_001_layer00_norm1_baseline_metrics.csv,400latency_llmop_bert_bert-7b-proxy_415_layer29_norm1_baseline_metrics.csv
bert_bert-7b-proxy_008_layer00_attn_residual_pasta,gpt_gpt-7b_415_layer27_attn_residual_pasta,400latency_llmop_bert_bert-7b-proxy_008_layer00_attn_residual_pasta_metrics.csv,400latency_llmop_gpt_gpt-7b_415_layer27_attn_residual_pasta_metrics.csv
gpt_gpt-7b_001_layer00_norm1_pasta,bert_bert-7b-proxy_415_layer29_norm1_pasta,400latency_llmop_gpt_gpt-7b_001_layer00_norm1_pasta_metrics.csv,400latency_llmop_bert_bert-7b-proxy_415_layer29_norm1_pasta_metrics.csv
gpt_gpt-7b_001_layer00_norm1_baseline,gpt_gpt-7b_416_layer27_norm2_baseline,400latency_llmop_gpt_gpt-7b_001_layer00_norm1_baseline_metrics.csv,400latency_llmop_gpt_gpt-7b_416_layer27_norm2_baseline_metrics.csv
bert_bert-7b-proxy_010_layer00_mlp_fc1_baseline,bert_bert-7b-proxy_416_layer29_mlp_fc1_baseline,400latency_llmop_bert_bert-7b-proxy_010_layer00_mlp_fc1_baseline_metrics.csv,400latency_llmop_bert_bert-7b-proxy_416_layer29_mlp_fc1_baseline_metrics.csv
gpt_gpt-7b_001_layer00_norm1_pasta,gpt_gpt-7b_416_layer27_norm2_pasta,400latency_llmop_gpt_gpt-7b_001_layer00_norm1_pasta_metrics.csv,400latency_llmop_gpt_gpt-7b_416_layer27_norm2_pasta_metrics.csv
bert_bert-7b-proxy_010_layer00_mlp_fc1_pasta,bert_bert-7b-proxy_416_layer29_mlp_fc1_pasta,400latency_llmop_bert_bert-7b-proxy_010_layer00_mlp_fc1_pasta_metrics.csv,400latency_llmop_bert_bert-7b-proxy_416_layer29_mlp_fc1_pasta_metrics.csv
bert_bert-7b-proxy_010_layer00_mlp_fc1_baseline,gpt_gpt-7b_417_layer27_mlp_fc1_baseline,400latency_llmop_bert_bert-7b-proxy_010_layer00_mlp_fc1_baseline_metrics.csv,400latency_llmop_gpt_gpt-7b_417_layer27_mlp_fc1_baseline_metrics.csv
bert_bert-7b-proxy_011_layer00_mlp_gelu_baseline,bert_bert-7b-proxy_417_layer29_mlp_gelu_baseline,400latency_llmop_bert_bert-7b-proxy_011_layer00_mlp_gelu_baseline_metrics.csv,400latency_llmop_bert_bert-7b-proxy_417_layer29_mlp_gelu_baseline_metrics.csv
bert_bert-7b-proxy_010_layer00_mlp_fc1_pasta,gpt_gpt-7b_417_layer27_mlp_fc1_pasta,400latency_llmop_bert_bert-7b-proxy_010_layer00_mlp_fc1_pasta_metrics.csv,400latency_llmop_gpt_gpt-7b_417_layer27_mlp_fc1_pasta_metrics.csv
bert_bert-7b-proxy_011_layer00_mlp_gelu_pasta,bert_bert-7b-proxy_417_layer29_mlp_gelu_pasta,400latency_llmop_bert_bert-7b-proxy_011_layer00_mlp_gelu_pasta_metrics.csv,400latency_llmop_bert_bert-7b-proxy_417_layer29_mlp_gelu_pasta_metrics.csv
bert_bert-7b-proxy_011_layer00_mlp_gelu_baseline,gpt_gpt-7b_418_layer27_mlp_gelu_baseline,400latency_llmop_bert_bert-7b-proxy_011_layer00_mlp_gelu_baseline_metrics.csv,400latency_llmop_gpt_gpt-7b_418_layer27_mlp_gelu_baseline_metrics.csv
bert_bert-7b-proxy_012_layer00_mlp_fc2_baseline,bert_bert-7b-proxy_418_layer29_mlp_fc2_baseline,400latency_llmop_bert_bert-7b-proxy_012_layer00_mlp_fc2_baseline_metrics.csv,400latency_llmop_bert_bert-7b-proxy_418_layer29_mlp_fc2_baseline_metrics.csv
bert_bert-7b-proxy_011_layer00_mlp_gelu_pasta,gpt_gpt-7b_418_layer27_mlp_gelu_pasta,400latency_llmop_bert_bert-7b-proxy_011_layer00_mlp_gelu_pasta_metrics.csv,400latency_llmop_gpt_gpt-7b_418_layer27_mlp_gelu_pasta_metrics.csv
bert_bert-7b-proxy_012_layer00_mlp_fc2_pasta,bert_bert-7b-proxy_418_layer29_mlp_fc2_pasta,400latency_llmop_bert_bert-7b-proxy_012_layer00_mlp_fc2_pasta_metrics.csv,400latency_llmop_bert_bert-7b-proxy_418_layer29_mlp_fc2_pasta_metrics.csv
bert_bert-7b-proxy_012_layer00_mlp_fc2_baseline,gpt_gpt-7b_419_layer27_mlp_fc2_baseline,400latency_llmop_bert_bert-7b-proxy_012_layer00_mlp_fc2_baseline_metrics.csv,400latency_llmop_gpt_gpt-7b_419_layer27_mlp_fc2_baseline_metrics.csv
bert_bert-7b-proxy_008_layer00_attn_residual_baseline,bert_bert-7b-proxy_419_layer29_mlp_residual_baseline,400latency_llmop_bert_bert-7b-proxy_008_layer00_attn_residual_baseline_metrics.csv,400latency_llmop_bert_bert-7b-proxy_419_layer29_mlp_residual_baseline_metrics.csv
bert_bert-7b-proxy_012_layer00_mlp_fc2_pasta,gpt_gpt-7b_419_layer27_mlp_fc2_pasta,400latency_llmop_bert_bert-7b-proxy_012_layer00_mlp_fc2_pasta_metrics.csv,400latency_llmop_gpt_gpt-7b_419_layer27_mlp_fc2_pasta_metrics.csv
bert_bert-7b-proxy_008_layer00_attn_residual_pasta,bert_bert-7b-proxy_419_layer29_mlp_residual_pasta,400latency_llmop_bert_bert-7b-proxy_008_layer00_attn_residual_pasta_metrics.csv,400latency_llmop_bert_bert-7b-proxy_419_layer29_mlp_residual_pasta_metrics.csv
bert_bert-7b-proxy_008_layer00_attn_residual_baseline,gpt_gpt-7b_420_layer27_mlp_residual_baseline,400latency_llmop_bert_bert-7b-proxy_008_layer00_attn_residual_baseline_metrics.csv,400latency_llmop_gpt_gpt-7b_420_layer27_mlp_residual_baseline_metrics.csv
gpt_gpt-7b_001_layer00_norm1_baseline,bert_bert-7b-proxy_420_layer29_norm2_baseline,400latency_llmop_gpt_gpt-7b_001_layer00_norm1_baseline_metrics.csv,400latency_llmop_bert_bert-7b-proxy_420_layer29_norm2_baseline_metrics.csv
bert_bert-7b-proxy_008_layer00_attn_residual_pasta,gpt_gpt-7b_420_layer27_mlp_residual_pasta,400latency_llmop_bert_bert-7b-proxy_008_layer00_attn_residual_pasta_metrics.csv,400latency_llmop_gpt_gpt-7b_420_layer27_mlp_residual_pasta_metrics.csv
gpt_gpt-7b_001_layer00_norm1_pasta,bert_bert-7b-proxy_420_layer29_norm2_pasta,400latency_llmop_gpt_gpt-7b_001_layer00_norm1_pasta_metrics.csv,400latency_llmop_bert_bert-7b-proxy_420_layer29_norm2_pasta_metrics.csv
gpt_gpt-7b_001_layer00_norm1_baseline,gpt_gpt-7b_421_layer28_norm1_baseline,400latency_llmop_gpt_gpt-7b_001_layer00_norm1_baseline_metrics.csv,400latency_llmop_gpt_gpt-7b_421_layer28_norm1_baseline_metrics.csv
bert_bert-7b-proxy_001_layer00_attn_q_baseline,bert_bert-7b-proxy_421_layer30_attn_q_baseline,400latency_llmop_bert_bert-7b-proxy_001_layer00_attn_q_baseline_metrics.csv,400latency_llmop_bert_bert-7b-proxy_421_layer30_attn_q_baseline_metrics.csv
gpt_gpt-7b_001_layer00_norm1_pasta,gpt_gpt-7b_421_layer28_norm1_pasta,400latency_llmop_gpt_gpt-7b_001_layer00_norm1_pasta_metrics.csv,400latency_llmop_gpt_gpt-7b_421_layer28_norm1_pasta_metrics.csv
bert_bert-7b-proxy_001_layer00_attn_q_pasta,bert_bert-7b-proxy_421_layer30_attn_q_pasta,400latency_llmop_bert_bert-7b-proxy_001_layer00_attn_q_pasta_metrics.csv,400latency_llmop_bert_bert-7b-proxy_421_layer30_attn_q_pasta_metrics.csv
bert_bert-7b-proxy_001_layer00_attn_q_baseline,gpt_gpt-7b_422_layer28_attn_q_baseline,400latency_llmop_bert_bert-7b-proxy_001_layer00_attn_q_baseline_metrics.csv,400latency_llmop_gpt_gpt-7b_422_layer28_attn_q_baseline_metrics.csv
bert_bert-7b-proxy_001_layer00_attn_q_baseline,bert_bert-7b-proxy_422_layer30_attn_k_baseline,400latency_llmop_bert_bert-7b-proxy_001_layer00_attn_q_baseline_metrics.csv,400latency_llmop_bert_bert-7b-proxy_422_layer30_attn_k_baseline_metrics.csv
bert_bert-7b-proxy_001_layer00_attn_q_pasta,gpt_gpt-7b_422_layer28_attn_q_pasta,400latency_llmop_bert_bert-7b-proxy_001_layer00_attn_q_pasta_metrics.csv,400latency_llmop_gpt_gpt-7b_422_layer28_attn_q_pasta_metrics.csv
bert_bert-7b-proxy_001_layer00_attn_q_pasta,bert_bert-7b-proxy_422_layer30_attn_k_pasta,400latency_llmop_bert_bert-7b-proxy_001_layer00_attn_q_pasta_metrics.csv,400latency_llmop_bert_bert-7b-proxy_422_layer30_attn_k_pasta_metrics.csv
bert_bert-7b-proxy_001_layer00_attn_q_baseline,gpt_gpt-7b_423_layer28_attn_k_baseline,400latency_llmop_bert_bert-7b-proxy_001_layer00_attn_q_baseline_metrics.csv,400latency_llmop_gpt_gpt-7b_423_layer28_attn_k_baseline_metrics.csv
bert_bert-7b-proxy_001_layer00_attn_q_baseline,bert_bert-7b-proxy_423_layer30_attn_v_baseline,400latency_llmop_bert_bert-7b-proxy_001_layer00_attn_q_baseline_metrics.csv,400latency_llmop_bert_bert-7b-proxy_423_layer30_attn_v_baseline_metrics.csv
bert_bert-7b-proxy_001_layer00_attn_q_pasta,gpt_gpt-7b_423_layer28_attn_k_pasta,400latency_llmop_bert_bert-7b-proxy_001_layer00_attn_q_pasta_metrics.csv,400latency_llmop_gpt_gpt-7b_423_layer28_attn_k_pasta_metrics.csv
bert_bert-7b-proxy_001_layer00_attn_q_pasta,bert_bert-7b-proxy_423_layer30_attn_v_pasta,400latency_llmop_bert_bert-7b-proxy_001_layer00_attn_q_pasta_metrics.csv,400latency_llmop_bert_bert-7b-proxy_423_layer30_attn_v_pasta_metrics.csv
bert_bert-7b-proxy_001_layer00_attn_q_baseline,gpt_gpt-7b_424_layer28_attn_v_baseline,400latency_llmop_bert_bert-7b-proxy_001_layer00_attn_q_baseline_metrics.csv,400latency_llmop_gpt_gpt-7b_424_layer28_attn_v_baseline_metrics.csv
bert_bert-7b-proxy_004_layer00_attn_score_baseline,bert_bert-7b-proxy_424_layer30_attn_score_baseline,400latency_llmop_bert_bert-7b-proxy_004_layer00_attn_score_baseline_metrics.csv,400latency_llmop_bert_bert-7b-proxy_424_layer30_attn_score_baseline_metrics.csv
bert_bert-7b-proxy_001_layer00_attn_q_pasta,gpt_gpt-7b_424_layer28_attn_v_pasta,400latency_llmop_bert_bert-7b-proxy_001_layer00_attn_q_pasta_metrics.csv,400latency_llmop_gpt_gpt-7b_424_layer28_attn_v_pasta_metrics.csv
bert_bert-7b-proxy_004_layer00_attn_score_pasta,bert_bert-7b-proxy_424_layer30_attn_score_pasta,400latency_llmop_bert_bert-7b-proxy_004_layer00_attn_score_pasta_metrics.csv,400latency_llmop_bert_bert-7b-proxy_424_layer30_attn_score_pasta_metrics.csv
bert_bert-7b-proxy_004_layer00_attn_score_baseline,gpt_gpt-7b_425_layer28_attn_score_baseline,400latency_llmop_bert_bert-7b-proxy_004_layer00_attn_score_baseline_metrics.csv,400latency_llmop_gpt_gpt-7b_425_layer28_attn_score_baseline_metrics.csv
bert_bert-7b-proxy_005_layer00_attn_softmax_baseline,bert_bert-7b-proxy_425_layer30_attn_softmax_baseline,400latency_llmop_bert_bert-7b-proxy_005_layer00_attn_softmax_baseline_metrics.csv,400latency_llmop_bert_bert-7b-proxy_425_layer30_attn_softmax_baseline_metrics.csv
bert_bert-7b-proxy_004_layer00_attn_score_pasta,gpt_gpt-7b_425_layer28_attn_score_pasta,400latency_llmop_bert_bert-7b-proxy_004_layer00_attn_score_pasta_metrics.csv,400latency_llmop_gpt_gpt-7b_425_layer28_attn_score_pasta_metrics.csv
bert_bert-7b-proxy_005_layer00_attn_softmax_pasta,bert_bert-7b-proxy_425_layer30_attn_softmax_pasta,400latency_llmop_bert_bert-7b-proxy_005_layer00_attn_softmax_pasta_metrics.csv,400latency_llmop_bert_bert-7b-proxy_425_layer30_attn_softmax_pasta_metrics.csv
gpt_gpt-7b_006_layer00_causal_mask_baseline,gpt_gpt-7b_426_layer28_causal_mask_baseline,400latency_llmop_gpt_gpt-7b_006_layer00_causal_mask_baseline_metrics.csv,400latency_llmop_gpt_gpt-7b_426_layer28_causal_mask_baseline_metrics.csv
bert_bert-7b-proxy_006_layer00_attn_value_baseline,bert_bert-7b-proxy_426_layer30_attn_value_baseline,400latency_llmop_bert_bert-7b-proxy_006_layer00_attn_value_baseline_metrics.csv,400latency_llmop_bert_bert-7b-proxy_426_layer30_attn_value_baseline_metrics.csv
gpt_gpt-7b_006_layer00_causal_mask_pasta,gpt_gpt-7b_426_layer28_causal_mask_pasta,400latency_llmop_gpt_gpt-7b_006_layer00_causal_mask_pasta_metrics.csv,400latency_llmop_gpt_gpt-7b_426_layer28_causal_mask_pasta_metrics.csv
bert_bert-7b-proxy_006_layer00_attn_value_pasta,bert_bert-7b-proxy_426_layer30_attn_value_pasta,400latency_llmop_bert_bert-7b-proxy_006_layer00_attn_value_pasta_metrics.csv,400latency_llmop_bert_bert-7b-proxy_426_layer30_attn_value_pasta_metrics.csv
bert_bert-7b-proxy_005_layer00_attn_softmax_baseline,gpt_gpt-7b_427_layer28_attn_softmax_baseline,400latency_llmop_bert_bert-7b-proxy_005_layer00_attn_softmax_baseline_metrics.csv,400latency_llmop_gpt_gpt-7b_427_layer28_attn_softmax_baseline_metrics.csv
bert_bert-7b-proxy_001_layer00_attn_q_baseline,bert_bert-7b-proxy_427_layer30_attn_out_baseline,400latency_llmop_bert_bert-7b-proxy_001_layer00_attn_q_baseline_metrics.csv,400latency_llmop_bert_bert-7b-proxy_427_layer30_attn_out_baseline_metrics.csv
bert_bert-7b-proxy_005_layer00_attn_softmax_pasta,gpt_gpt-7b_427_layer28_attn_softmax_pasta,400latency_llmop_bert_bert-7b-proxy_005_layer00_attn_softmax_pasta_metrics.csv,400latency_llmop_gpt_gpt-7b_427_layer28_attn_softmax_pasta_metrics.csv
bert_bert-7b-proxy_001_layer00_attn_q_pasta,bert_bert-7b-proxy_427_layer30_attn_out_pasta,400latency_llmop_bert_bert-7b-proxy_001_layer00_attn_q_pasta_metrics.csv,400latency_llmop_bert_bert-7b-proxy_427_layer30_attn_out_pasta_metrics.csv
bert_bert-7b-proxy_006_layer00_attn_value_baseline,gpt_gpt-7b_428_layer28_attn_value_baseline,400latency_llmop_bert_bert-7b-proxy_006_layer00_attn_value_baseline_metrics.csv,400latency_llmop_gpt_gpt-7b_428_layer28_attn_value_baseline_metrics.csv
bert_bert-7b-proxy_008_layer00_attn_residual_baseline,bert_bert-7b-proxy_428_layer30_attn_residual_baseline,400latency_llmop_bert_bert-7b-proxy_008_layer00_attn_residual_baseline_metrics.csv,400latency_llmop_bert_bert-7b-proxy_428_layer30_attn_residual_baseline_metrics.csv
bert_bert-7b-proxy_006_layer00_attn_value_pasta,gpt_gpt-7b_428_layer28_attn_value_pasta,400latency_llmop_bert_bert-7b-proxy_006_layer00_attn_value_pasta_metrics.csv,400latency_llmop_gpt_gpt-7b_428_layer28_attn_value_pasta_metrics.csv
bert_bert-7b-proxy_008_layer00_attn_residual_pasta,bert_bert-7b-proxy_428_layer30_attn_residual_pasta,400latency_llmop_bert_bert-7b-proxy_008_layer00_attn_residual_pasta_metrics.csv,400latency_llmop_bert_bert-7b-proxy_428_layer30_attn_residual_pasta_metrics.csv
bert_bert-7b-proxy_001_layer00_attn_q_baseline,gpt_gpt-7b_429_layer28_attn_out_baseline,400latency_llmop_bert_bert-7b-proxy_001_layer00_attn_q_baseline_metrics.csv,400latency_llmop_gpt_gpt-7b_429_layer28_attn_out_baseline_metrics.csv
gpt_gpt-7b_001_layer00_norm1_baseline,bert_bert-7b-proxy_429_layer30_norm1_baseline,400latency_llmop_gpt_gpt-7b_001_layer00_norm1_baseline_metrics.csv,400latency_llmop_bert_bert-7b-proxy_429_layer30_norm1_baseline_metrics.csv
bert_bert-7b-proxy_001_layer00_attn_q_pasta,gpt_gpt-7b_429_layer28_attn_out_pasta,400latency_llmop_bert_bert-7b-proxy_001_layer00_attn_q_pasta_metrics.csv,400latency_llmop_gpt_gpt-7b_429_layer28_attn_out_pasta_metrics.csv
gpt_gpt-7b_001_layer00_norm1_pasta,bert_bert-7b-proxy_429_layer30_norm1_pasta,400latency_llmop_gpt_gpt-7b_001_layer00_norm1_pasta_metrics.csv,400latency_llmop_bert_bert-7b-proxy_429_layer30_norm1_pasta_metrics.csv
bert_bert-7b-proxy_008_layer00_attn_residual_baseline,gpt_gpt-7b_430_layer28_attn_residual_baseline,400latency_llmop_bert_bert-7b-proxy_008_layer00_attn_residual_baseline_metrics.csv,400latency_llmop_gpt_gpt-7b_430_layer28_attn_residual_baseline_metrics.csv
bert_bert-7b-proxy_010_layer00_mlp_fc1_baseline,bert_bert-7b-proxy_430_layer30_mlp_fc1_baseline,400latency_llmop_bert_bert-7b-proxy_010_layer00_mlp_fc1_baseline_metrics.csv,400latency_llmop_bert_bert-7b-proxy_430_layer30_mlp_fc1_baseline_metrics.csv
bert_bert-7b-proxy_008_layer00_attn_residual_pasta,gpt_gpt-7b_430_layer28_attn_residual_pasta,400latency_llmop_bert_bert-7b-proxy_008_layer00_attn_residual_pasta_metrics.csv,400latency_llmop_gpt_gpt-7b_430_layer28_attn_residual_pasta_metrics.csv
bert_bert-7b-proxy_010_layer00_mlp_fc1_pasta,bert_bert-7b-proxy_430_layer30_mlp_fc1_pasta,400latency_llmop_bert_bert-7b-proxy_010_layer00_mlp_fc1_pasta_metrics.csv,400latency_llmop_bert_bert-7b-proxy_430_layer30_mlp_fc1_pasta_metrics.csv
gpt_gpt-7b_001_layer00_norm1_baseline,gpt_gpt-7b_431_layer28_norm2_baseline,400latency_llmop_gpt_gpt-7b_001_layer00_norm1_baseline_metrics.csv,400latency_llmop_gpt_gpt-7b_431_layer28_norm2_baseline_metrics.csv
bert_bert-7b-proxy_011_layer00_mlp_gelu_baseline,bert_bert-7b-proxy_431_layer30_mlp_gelu_baseline,400latency_llmop_bert_bert-7b-proxy_011_layer00_mlp_gelu_baseline_metrics.csv,400latency_llmop_bert_bert-7b-proxy_431_layer30_mlp_gelu_baseline_metrics.csv
gpt_gpt-7b_001_layer00_norm1_pasta,gpt_gpt-7b_431_layer28_norm2_pasta,400latency_llmop_gpt_gpt-7b_001_layer00_norm1_pasta_metrics.csv,400latency_llmop_gpt_gpt-7b_431_layer28_norm2_pasta_metrics.csv
bert_bert-7b-proxy_011_layer00_mlp_gelu_pasta,bert_bert-7b-proxy_431_layer30_mlp_gelu_pasta,400latency_llmop_bert_bert-7b-proxy_011_layer00_mlp_gelu_pasta_metrics.csv,400latency_llmop_bert_bert-7b-proxy_431_layer30_mlp_gelu_pasta_metrics.csv
bert_bert-7b-proxy_010_layer00_mlp_fc1_baseline,gpt_gpt-7b_432_layer28_mlp_fc1_baseline,400latency_llmop_bert_bert-7b-proxy_010_layer00_mlp_fc1_baseline_metrics.csv,400latency_llmop_gpt_gpt-7b_432_layer28_mlp_fc1_baseline_metrics.csv
bert_bert-7b-proxy_012_layer00_mlp_fc2_baseline,bert_bert-7b-proxy_432_layer30_mlp_fc2_baseline,400latency_llmop_bert_bert-7b-proxy_012_layer00_mlp_fc2_baseline_metrics.csv,400latency_llmop_bert_bert-7b-proxy_432_layer30_mlp_fc2_baseline_metrics.csv
bert_bert-7b-proxy_010_layer00_mlp_fc1_pasta,gpt_gpt-7b_432_layer28_mlp_fc1_pasta,400latency_llmop_bert_bert-7b-proxy_010_layer00_mlp_fc1_pasta_metrics.csv,400latency_llmop_gpt_gpt-7b_432_layer28_mlp_fc1_pasta_metrics.csv
bert_bert-7b-proxy_012_layer00_mlp_fc2_pasta,bert_bert-7b-proxy_432_layer30_mlp_fc2_pasta,400latency_llmop_bert_bert-7b-proxy_012_layer00_mlp_fc2_pasta_metrics.csv,400latency_llmop_bert_bert-7b-proxy_432_layer30_mlp_fc2_pasta_metrics.csv
bert_bert-7b-proxy_011_layer00_mlp_gelu_baseline,gpt_gpt-7b_433_layer28_mlp_gelu_baseline,400latency_llmop_bert_bert-7b-proxy_011_layer00_mlp_gelu_baseline_metrics.csv,400latency_llmop_gpt_gpt-7b_433_layer28_mlp_gelu_baseline_metrics.csv
bert_bert-7b-proxy_008_layer00_attn_residual_baseline,bert_bert-7b-proxy_433_layer30_mlp_residual_baseline,400latency_llmop_bert_bert-7b-proxy_008_layer00_attn_residual_baseline_metrics.csv,400latency_llmop_bert_bert-7b-proxy_433_layer30_mlp_residual_baseline_metrics.csv
bert_bert-7b-proxy_011_layer00_mlp_gelu_pasta,gpt_gpt-7b_433_layer28_mlp_gelu_pasta,400latency_llmop_bert_bert-7b-proxy_011_layer00_mlp_gelu_pasta_metrics.csv,400latency_llmop_gpt_gpt-7b_433_layer28_mlp_gelu_pasta_metrics.csv
bert_bert-7b-proxy_008_layer00_attn_residual_pasta,bert_bert-7b-proxy_433_layer30_mlp_residual_pasta,400latency_llmop_bert_bert-7b-proxy_008_layer00_attn_residual_pasta_metrics.csv,400latency_llmop_bert_bert-7b-proxy_433_layer30_mlp_residual_pasta_metrics.csv
bert_bert-7b-proxy_012_layer00_mlp_fc2_baseline,gpt_gpt-7b_434_layer28_mlp_fc2_baseline,400latency_llmop_bert_bert-7b-proxy_012_layer00_mlp_fc2_baseline_metrics.csv,400latency_llmop_gpt_gpt-7b_434_layer28_mlp_fc2_baseline_metrics.csv
gpt_gpt-7b_001_layer00_norm1_baseline,bert_bert-7b-proxy_434_layer30_norm2_baseline,400latency_llmop_gpt_gpt-7b_001_layer00_norm1_baseline_metrics.csv,400latency_llmop_bert_bert-7b-proxy_434_layer30_norm2_baseline_metrics.csv
bert_bert-7b-proxy_012_layer00_mlp_fc2_pasta,gpt_gpt-7b_434_layer28_mlp_fc2_pasta,400latency_llmop_bert_bert-7b-proxy_012_layer00_mlp_fc2_pasta_metrics.csv,400latency_llmop_gpt_gpt-7b_434_layer28_mlp_fc2_pasta_metrics.csv
gpt_gpt-7b_001_layer00_norm1_pasta,bert_bert-7b-proxy_434_layer30_norm2_pasta,400latency_llmop_gpt_gpt-7b_001_layer00_norm1_pasta_metrics.csv,400latency_llmop_bert_bert-7b-proxy_434_layer30_norm2_pasta_metrics.csv
bert_bert-7b-proxy_008_layer00_attn_residual_baseline,gpt_gpt-7b_435_layer28_mlp_residual_baseline,400latency_llmop_bert_bert-7b-proxy_008_layer00_attn_residual_baseline_metrics.csv,400latency_llmop_gpt_gpt-7b_435_layer28_mlp_residual_baseline_metrics.csv
bert_bert-7b-proxy_001_layer00_attn_q_baseline,bert_bert-7b-proxy_435_layer31_attn_q_baseline,400latency_llmop_bert_bert-7b-proxy_001_layer00_attn_q_baseline_metrics.csv,400latency_llmop_bert_bert-7b-proxy_435_layer31_attn_q_baseline_metrics.csv
bert_bert-7b-proxy_008_layer00_attn_residual_pasta,gpt_gpt-7b_435_layer28_mlp_residual_pasta,400latency_llmop_bert_bert-7b-proxy_008_layer00_attn_residual_pasta_metrics.csv,400latency_llmop_gpt_gpt-7b_435_layer28_mlp_residual_pasta_metrics.csv
bert_bert-7b-proxy_001_layer00_attn_q_pasta,bert_bert-7b-proxy_435_layer31_attn_q_pasta,400latency_llmop_bert_bert-7b-proxy_001_layer00_attn_q_pasta_metrics.csv,400latency_llmop_bert_bert-7b-proxy_435_layer31_attn_q_pasta_metrics.csv
gpt_gpt-7b_001_layer00_norm1_baseline,gpt_gpt-7b_436_layer29_norm1_baseline,400latency_llmop_gpt_gpt-7b_001_layer00_norm1_baseline_metrics.csv,400latency_llmop_gpt_gpt-7b_436_layer29_norm1_baseline_metrics.csv
bert_bert-7b-proxy_001_layer00_attn_q_baseline,bert_bert-7b-proxy_436_layer31_attn_k_baseline,400latency_llmop_bert_bert-7b-proxy_001_layer00_attn_q_baseline_metrics.csv,400latency_llmop_bert_bert-7b-proxy_436_layer31_attn_k_baseline_metrics.csv
gpt_gpt-7b_001_layer00_norm1_pasta,gpt_gpt-7b_436_layer29_norm1_pasta,400latency_llmop_gpt_gpt-7b_001_layer00_norm1_pasta_metrics.csv,400latency_llmop_gpt_gpt-7b_436_layer29_norm1_pasta_metrics.csv
bert_bert-7b-proxy_001_layer00_attn_q_pasta,bert_bert-7b-proxy_436_layer31_attn_k_pasta,400latency_llmop_bert_bert-7b-proxy_001_layer00_attn_q_pasta_metrics.csv,400latency_llmop_bert_bert-7b-proxy_436_layer31_attn_k_pasta_metrics.csv
bert_bert-7b-proxy_001_layer00_attn_q_baseline,gpt_gpt-7b_437_layer29_attn_q_baseline,400latency_llmop_bert_bert-7b-proxy_001_layer00_attn_q_baseline_metrics.csv,400latency_llmop_gpt_gpt-7b_437_layer29_attn_q_baseline_metrics.csv
bert_bert-7b-proxy_001_layer00_attn_q_baseline,bert_bert-7b-proxy_437_layer31_attn_v_baseline,400latency_llmop_bert_bert-7b-proxy_001_layer00_attn_q_baseline_metrics.csv,400latency_llmop_bert_bert-7b-proxy_437_layer31_attn_v_baseline_metrics.csv
bert_bert-7b-proxy_001_layer00_attn_q_pasta,gpt_gpt-7b_437_layer29_attn_q_pasta,400latency_llmop_bert_bert-7b-proxy_001_layer00_attn_q_pasta_metrics.csv,400latency_llmop_gpt_gpt-7b_437_layer29_attn_q_pasta_metrics.csv
bert_bert-7b-proxy_001_layer00_attn_q_pasta,bert_bert-7b-proxy_437_layer31_attn_v_pasta,400latency_llmop_bert_bert-7b-proxy_001_layer00_attn_q_pasta_metrics.csv,400latency_llmop_bert_bert-7b-proxy_437_layer31_attn_v_pasta_metrics.csv
bert_bert-7b-proxy_001_layer00_attn_q_baseline,gpt_gpt-7b_438_layer29_attn_k_baseline,400latency_llmop_bert_bert-7b-proxy_001_layer00_attn_q_baseline_metrics.csv,400latency_llmop_gpt_gpt-7b_438_layer29_attn_k_baseline_metrics.csv
bert_bert-7b-proxy_004_layer00_attn_score_baseline,bert_bert-7b-proxy_438_layer31_attn_score_baseline,400latency_llmop_bert_bert-7b-proxy_004_layer00_attn_score_baseline_metrics.csv,400latency_llmop_bert_bert-7b-proxy_438_layer31_attn_score_baseline_metrics.csv
bert_bert-7b-proxy_001_layer00_attn_q_pasta,gpt_gpt-7b_438_layer29_attn_k_pasta,400latency_llmop_bert_bert-7b-proxy_001_layer00_attn_q_pasta_metrics.csv,400latency_llmop_gpt_gpt-7b_438_layer29_attn_k_pasta_metrics.csv
bert_bert-7b-proxy_004_layer00_attn_score_pasta,bert_bert-7b-proxy_438_layer31_attn_score_pasta,400latency_llmop_bert_bert-7b-proxy_004_layer00_attn_score_pasta_metrics.csv,400latency_llmop_bert_bert-7b-proxy_438_layer31_attn_score_pasta_metrics.csv
bert_bert-7b-proxy_001_layer00_attn_q_baseline,gpt_gpt-7b_439_layer29_attn_v_baseline,400latency_llmop_bert_bert-7b-proxy_001_layer00_attn_q_baseline_metrics.csv,400latency_llmop_gpt_gpt-7b_439_layer29_attn_v_baseline_metrics.csv
bert_bert-7b-proxy_005_layer00_attn_softmax_baseline,bert_bert-7b-proxy_439_layer31_attn_softmax_baseline,400latency_llmop_bert_bert-7b-proxy_005_layer00_attn_softmax_baseline_metrics.csv,400latency_llmop_bert_bert-7b-proxy_439_layer31_attn_softmax_baseline_metrics.csv
bert_bert-7b-proxy_001_layer00_attn_q_pasta,gpt_gpt-7b_439_layer29_attn_v_pasta,400latency_llmop_bert_bert-7b-proxy_001_layer00_attn_q_pasta_metrics.csv,400latency_llmop_gpt_gpt-7b_439_layer29_attn_v_pasta_metrics.csv
bert_bert-7b-proxy_005_layer00_attn_softmax_pasta,bert_bert-7b-proxy_439_layer31_attn_softmax_pasta,400latency_llmop_bert_bert-7b-proxy_005_layer00_attn_softmax_pasta_metrics.csv,400latency_llmop_bert_bert-7b-proxy_439_layer31_attn_softmax_pasta_metrics.csv
bert_bert-7b-proxy_004_layer00_attn_score_baseline,gpt_gpt-7b_440_layer29_attn_score_baseline,400latency_llmop_bert_bert-7b-proxy_004_layer00_attn_score_baseline_metrics.csv,400latency_llmop_gpt_gpt-7b_440_layer29_attn_score_baseline_metrics.csv
bert_bert-7b-proxy_006_layer00_attn_value_baseline,bert_bert-7b-proxy_440_layer31_attn_value_baseline,400latency_llmop_bert_bert-7b-proxy_006_layer00_attn_value_baseline_metrics.csv,400latency_llmop_bert_bert-7b-proxy_440_layer31_attn_value_baseline_metrics.csv
bert_bert-7b-proxy_004_layer00_attn_score_pasta,gpt_gpt-7b_440_layer29_attn_score_pasta,400latency_llmop_bert_bert-7b-proxy_004_layer00_attn_score_pasta_metrics.csv,400latency_llmop_gpt_gpt-7b_440_layer29_attn_score_pasta_metrics.csv
bert_bert-7b-proxy_006_layer00_attn_value_pasta,bert_bert-7b-proxy_440_layer31_attn_value_pasta,400latency_llmop_bert_bert-7b-proxy_006_layer00_attn_value_pasta_metrics.csv,400latency_llmop_bert_bert-7b-proxy_440_layer31_attn_value_pasta_metrics.csv
gpt_gpt-7b_006_layer00_causal_mask_baseline,gpt_gpt-7b_441_layer29_causal_mask_baseline,400latency_llmop_gpt_gpt-7b_006_layer00_causal_mask_baseline_metrics.csv,400latency_llmop_gpt_gpt-7b_441_layer29_causal_mask_baseline_metrics.csv
bert_bert-7b-proxy_001_layer00_attn_q_baseline,bert_bert-7b-proxy_441_layer31_attn_out_baseline,400latency_llmop_bert_bert-7b-proxy_001_layer00_attn_q_baseline_metrics.csv,400latency_llmop_bert_bert-7b-proxy_441_layer31_attn_out_baseline_metrics.csv
gpt_gpt-7b_006_layer00_causal_mask_pasta,gpt_gpt-7b_441_layer29_causal_mask_pasta,400latency_llmop_gpt_gpt-7b_006_layer00_causal_mask_pasta_metrics.csv,400latency_llmop_gpt_gpt-7b_441_layer29_causal_mask_pasta_metrics.csv
bert_bert-7b-proxy_001_layer00_attn_q_pasta,bert_bert-7b-proxy_441_layer31_attn_out_pasta,400latency_llmop_bert_bert-7b-proxy_001_layer00_attn_q_pasta_metrics.csv,400latency_llmop_bert_bert-7b-proxy_441_layer31_attn_out_pasta_metrics.csv
bert_bert-7b-proxy_005_layer00_attn_softmax_baseline,gpt_gpt-7b_442_layer29_attn_softmax_baseline,400latency_llmop_bert_bert-7b-proxy_005_layer00_attn_softmax_baseline_metrics.csv,400latency_llmop_gpt_gpt-7b_442_layer29_attn_softmax_baseline_metrics.csv
bert_bert-7b-proxy_008_layer00_attn_residual_baseline,bert_bert-7b-proxy_442_layer31_attn_residual_baseline,400latency_llmop_bert_bert-7b-proxy_008_layer00_attn_residual_baseline_metrics.csv,400latency_llmop_bert_bert-7b-proxy_442_layer31_attn_residual_baseline_metrics.csv
bert_bert-7b-proxy_005_layer00_attn_softmax_pasta,gpt_gpt-7b_442_layer29_attn_softmax_pasta,400latency_llmop_bert_bert-7b-proxy_005_layer00_attn_softmax_pasta_metrics.csv,400latency_llmop_gpt_gpt-7b_442_layer29_attn_softmax_pasta_metrics.csv
bert_bert-7b-proxy_008_layer00_attn_residual_pasta,bert_bert-7b-proxy_442_layer31_attn_residual_pasta,400latency_llmop_bert_bert-7b-proxy_008_layer00_attn_residual_pasta_metrics.csv,400latency_llmop_bert_bert-7b-proxy_442_layer31_attn_residual_pasta_metrics.csv
bert_bert-7b-proxy_006_layer00_attn_value_baseline,gpt_gpt-7b_443_layer29_attn_value_baseline,400latency_llmop_bert_bert-7b-proxy_006_layer00_attn_value_baseline_metrics.csv,400latency_llmop_gpt_gpt-7b_443_layer29_attn_value_baseline_metrics.csv
gpt_gpt-7b_001_layer00_norm1_baseline,bert_bert-7b-proxy_443_layer31_norm1_baseline,400latency_llmop_gpt_gpt-7b_001_layer00_norm1_baseline_metrics.csv,400latency_llmop_bert_bert-7b-proxy_443_layer31_norm1_baseline_metrics.csv
bert_bert-7b-proxy_006_layer00_attn_value_pasta,gpt_gpt-7b_443_layer29_attn_value_pasta,400latency_llmop_bert_bert-7b-proxy_006_layer00_attn_value_pasta_metrics.csv,400latency_llmop_gpt_gpt-7b_443_layer29_attn_value_pasta_metrics.csv
gpt_gpt-7b_001_layer00_norm1_pasta,bert_bert-7b-proxy_443_layer31_norm1_pasta,400latency_llmop_gpt_gpt-7b_001_layer00_norm1_pasta_metrics.csv,400latency_llmop_bert_bert-7b-proxy_443_layer31_norm1_pasta_metrics.csv
bert_bert-7b-proxy_001_layer00_attn_q_baseline,gpt_gpt-7b_444_layer29_attn_out_baseline,400latency_llmop_bert_bert-7b-proxy_001_layer00_attn_q_baseline_metrics.csv,400latency_llmop_gpt_gpt-7b_444_layer29_attn_out_baseline_metrics.csv
bert_bert-7b-proxy_010_layer00_mlp_fc1_baseline,bert_bert-7b-proxy_444_layer31_mlp_fc1_baseline,400latency_llmop_bert_bert-7b-proxy_010_layer00_mlp_fc1_baseline_metrics.csv,400latency_llmop_bert_bert-7b-proxy_444_layer31_mlp_fc1_baseline_metrics.csv
bert_bert-7b-proxy_001_layer00_attn_q_pasta,gpt_gpt-7b_444_layer29_attn_out_pasta,400latency_llmop_bert_bert-7b-proxy_001_layer00_attn_q_pasta_metrics.csv,400latency_llmop_gpt_gpt-7b_444_layer29_attn_out_pasta_metrics.csv
bert_bert-7b-proxy_010_layer00_mlp_fc1_pasta,bert_bert-7b-proxy_444_layer31_mlp_fc1_pasta,400latency_llmop_bert_bert-7b-proxy_010_layer00_mlp_fc1_pasta_metrics.csv,400latency_llmop_bert_bert-7b-proxy_444_layer31_mlp_fc1_pasta_metrics.csv
bert_bert-7b-proxy_008_layer00_attn_residual_baseline,gpt_gpt-7b_445_layer29_attn_residual_baseline,400latency_llmop_bert_bert-7b-proxy_008_layer00_attn_residual_baseline_metrics.csv,400latency_llmop_gpt_gpt-7b_445_layer29_attn_residual_baseline_metrics.csv
bert_bert-7b-proxy_011_layer00_mlp_gelu_baseline,bert_bert-7b-proxy_445_layer31_mlp_gelu_baseline,400latency_llmop_bert_bert-7b-proxy_011_layer00_mlp_gelu_baseline_metrics.csv,400latency_llmop_bert_bert-7b-proxy_445_layer31_mlp_gelu_baseline_metrics.csv
bert_bert-7b-proxy_008_layer00_attn_residual_pasta,gpt_gpt-7b_445_layer29_attn_residual_pasta,400latency_llmop_bert_bert-7b-proxy_008_layer00_attn_residual_pasta_metrics.csv,400latency_llmop_gpt_gpt-7b_445_layer29_attn_residual_pasta_metrics.csv
bert_bert-7b-proxy_011_layer00_mlp_gelu_pasta,bert_bert-7b-proxy_445_layer31_mlp_gelu_pasta,400latency_llmop_bert_bert-7b-proxy_011_layer00_mlp_gelu_pasta_metrics.csv,400latency_llmop_bert_bert-7b-proxy_445_layer31_mlp_gelu_pasta_metrics.csv
gpt_gpt-7b_001_layer00_norm1_baseline,gpt_gpt-7b_446_layer29_norm2_baseline,400latency_llmop_gpt_gpt-7b_001_layer00_norm1_baseline_metrics.csv,400latency_llmop_gpt_gpt-7b_446_layer29_norm2_baseline_metrics.csv
bert_bert-7b-proxy_012_layer00_mlp_fc2_baseline,bert_bert-7b-proxy_446_layer31_mlp_fc2_baseline,400latency_llmop_bert_bert-7b-proxy_012_layer00_mlp_fc2_baseline_metrics.csv,400latency_llmop_bert_bert-7b-proxy_446_layer31_mlp_fc2_baseline_metrics.csv
gpt_gpt-7b_001_layer00_norm1_pasta,gpt_gpt-7b_446_layer29_norm2_pasta,400latency_llmop_gpt_gpt-7b_001_layer00_norm1_pasta_metrics.csv,400latency_llmop_gpt_gpt-7b_446_layer29_norm2_pasta_metrics.csv
bert_bert-7b-proxy_012_layer00_mlp_fc2_pasta,bert_bert-7b-proxy_446_layer31_mlp_fc2_pasta,400latency_llmop_bert_bert-7b-proxy_012_layer00_mlp_fc2_pasta_metrics.csv,400latency_llmop_bert_bert-7b-proxy_446_layer31_mlp_fc2_pasta_metrics.csv
bert_bert-7b-proxy_010_layer00_mlp_fc1_baseline,gpt_gpt-7b_447_layer29_mlp_fc1_baseline,400latency_llmop_bert_bert-7b-proxy_010_layer00_mlp_fc1_baseline_metrics.csv,400latency_llmop_gpt_gpt-7b_447_layer29_mlp_fc1_baseline_metrics.csv
bert_bert-7b-proxy_008_layer00_attn_residual_baseline,bert_bert-7b-proxy_447_layer31_mlp_residual_baseline,400latency_llmop_bert_bert-7b-proxy_008_layer00_attn_residual_baseline_metrics.csv,400latency_llmop_bert_bert-7b-proxy_447_layer31_mlp_residual_baseline_metrics.csv
bert_bert-7b-proxy_010_layer00_mlp_fc1_pasta,gpt_gpt-7b_447_layer29_mlp_fc1_pasta,400latency_llmop_bert_bert-7b-proxy_010_layer00_mlp_fc1_pasta_metrics.csv,400latency_llmop_gpt_gpt-7b_447_layer29_mlp_fc1_pasta_metrics.csv
bert_bert-7b-proxy_008_layer00_attn_residual_pasta,bert_bert-7b-proxy_447_layer31_mlp_residual_pasta,400latency_llmop_bert_bert-7b-proxy_008_layer00_attn_residual_pasta_metrics.csv,400latency_llmop_bert_bert-7b-proxy_447_layer31_mlp_residual_pasta_metrics.csv
bert_bert-7b-proxy_011_layer00_mlp_gelu_baseline,gpt_gpt-7b_448_layer29_mlp_gelu_baseline,400latency_llmop_bert_bert-7b-proxy_011_layer00_mlp_gelu_baseline_metrics.csv,400latency_llmop_gpt_gpt-7b_448_layer29_mlp_gelu_baseline_metrics.csv
gpt_gpt-7b_001_layer00_norm1_baseline,bert_bert-7b-proxy_448_layer31_norm2_baseline,400latency_llmop_gpt_gpt-7b_001_layer00_norm1_baseline_metrics.csv,400latency_llmop_bert_bert-7b-proxy_448_layer31_norm2_baseline_metrics.csv
bert_bert-7b-proxy_011_layer00_mlp_gelu_pasta,gpt_gpt-7b_448_layer29_mlp_gelu_pasta,400latency_llmop_bert_bert-7b-proxy_011_layer00_mlp_gelu_pasta_metrics.csv,400latency_llmop_gpt_gpt-7b_448_layer29_mlp_gelu_pasta_metrics.csv
gpt_gpt-7b_001_layer00_norm1_pasta,bert_bert-7b-proxy_448_layer31_norm2_pasta,400latency_llmop_gpt_gpt-7b_001_layer00_norm1_pasta_metrics.csv,400latency_llmop_bert_bert-7b-proxy_448_layer31_norm2_pasta_metrics.csv
bert_bert-7b-proxy_012_layer00_mlp_fc2_baseline,gpt_gpt-7b_449_layer29_mlp_fc2_baseline,400latency_llmop_bert_bert-7b-proxy_012_layer00_mlp_fc2_baseline_metrics.csv,400latency_llmop_gpt_gpt-7b_449_layer29_mlp_fc2_baseline_metrics.csv
bert_bert-7b-proxy_012_layer00_mlp_fc2_pasta,gpt_gpt-7b_449_layer29_mlp_fc2_pasta,400latency_llmop_bert_bert-7b-proxy_012_layer00_mlp_fc2_pasta_metrics.csv,400latency_llmop_gpt_gpt-7b_449_layer29_mlp_fc2_pasta_metrics.csv
bert_bert-7b-proxy_008_layer00_attn_residual_baseline,gpt_gpt-7b_450_layer29_mlp_residual_baseline,400latency_llmop_bert_bert-7b-proxy_008_layer00_attn_residual_baseline_metrics.csv,400latency_llmop_gpt_gpt-7b_450_layer29_mlp_residual_baseline_metrics.csv
bert_bert-7b-proxy_008_layer00_attn_residual_pasta,gpt_gpt-7b_450_layer29_mlp_residual_pasta,400latency_llmop_bert_bert-7b-proxy_008_layer00_attn_residual_pasta_metrics.csv,400latency_llmop_gpt_gpt-7b_450_layer29_mlp_residual_pasta_metrics.csv
gpt_gpt-7b_001_layer00_norm1_baseline,gpt_gpt-7b_451_layer30_norm1_baseline,400latency_llmop_gpt_gpt-7b_001_layer00_norm1_baseline_metrics.csv,400latency_llmop_gpt_gpt-7b_451_layer30_norm1_baseline_metrics.csv
gpt_gpt-7b_001_layer00_norm1_pasta,gpt_gpt-7b_451_layer30_norm1_pasta,400latency_llmop_gpt_gpt-7b_001_layer00_norm1_pasta_metrics.csv,400latency_llmop_gpt_gpt-7b_451_layer30_norm1_pasta_metrics.csv
bert_bert-7b-proxy_001_layer00_attn_q_baseline,gpt_gpt-7b_452_layer30_attn_q_baseline,400latency_llmop_bert_bert-7b-proxy_001_layer00_attn_q_baseline_metrics.csv,400latency_llmop_gpt_gpt-7b_452_layer30_attn_q_baseline_metrics.csv
bert_bert-7b-proxy_001_layer00_attn_q_pasta,gpt_gpt-7b_452_layer30_attn_q_pasta,400latency_llmop_bert_bert-7b-proxy_001_layer00_attn_q_pasta_metrics.csv,400latency_llmop_gpt_gpt-7b_452_layer30_attn_q_pasta_metrics.csv
bert_bert-7b-proxy_001_layer00_attn_q_baseline,gpt_gpt-7b_453_layer30_attn_k_baseline,400latency_llmop_bert_bert-7b-proxy_001_layer00_attn_q_baseline_metrics.csv,400latency_llmop_gpt_gpt-7b_453_layer30_attn_k_baseline_metrics.csv
bert_bert-7b-proxy_001_layer00_attn_q_pasta,gpt_gpt-7b_453_layer30_attn_k_pasta,400latency_llmop_bert_bert-7b-proxy_001_layer00_attn_q_pasta_metrics.csv,400latency_llmop_gpt_gpt-7b_453_layer30_attn_k_pasta_metrics.csv
bert_bert-7b-proxy_001_layer00_attn_q_baseline,gpt_gpt-7b_454_layer30_attn_v_baseline,400latency_llmop_bert_bert-7b-proxy_001_layer00_attn_q_baseline_metrics.csv,400latency_llmop_gpt_gpt-7b_454_layer30_attn_v_baseline_metrics.csv
bert_bert-7b-proxy_001_layer00_attn_q_pasta,gpt_gpt-7b_454_layer30_attn_v_pasta,400latency_llmop_bert_bert-7b-proxy_001_layer00_attn_q_pasta_metrics.csv,400latency_llmop_gpt_gpt-7b_454_layer30_attn_v_pasta_metrics.csv
bert_bert-7b-proxy_004_layer00_attn_score_baseline,gpt_gpt-7b_455_layer30_attn_score_baseline,400latency_llmop_bert_bert-7b-proxy_004_layer00_attn_score_baseline_metrics.csv,400latency_llmop_gpt_gpt-7b_455_layer30_attn_score_baseline_metrics.csv
bert_bert-7b-proxy_004_layer00_attn_score_pasta,gpt_gpt-7b_455_layer30_attn_score_pasta,400latency_llmop_bert_bert-7b-proxy_004_layer00_attn_score_pasta_metrics.csv,400latency_llmop_gpt_gpt-7b_455_layer30_attn_score_pasta_metrics.csv
gpt_gpt-7b_006_layer00_causal_mask_baseline,gpt_gpt-7b_456_layer30_causal_mask_baseline,400latency_llmop_gpt_gpt-7b_006_layer00_causal_mask_baseline_metrics.csv,400latency_llmop_gpt_gpt-7b_456_layer30_causal_mask_baseline_metrics.csv
gpt_gpt-7b_006_layer00_causal_mask_pasta,gpt_gpt-7b_456_layer30_causal_mask_pasta,400latency_llmop_gpt_gpt-7b_006_layer00_causal_mask_pasta_metrics.csv,400latency_llmop_gpt_gpt-7b_456_layer30_causal_mask_pasta_metrics.csv
bert_bert-7b-proxy_005_layer00_attn_softmax_baseline,gpt_gpt-7b_457_layer30_attn_softmax_baseline,400latency_llmop_bert_bert-7b-proxy_005_layer00_attn_softmax_baseline_metrics.csv,400latency_llmop_gpt_gpt-7b_457_layer30_attn_softmax_baseline_metrics.csv
bert_bert-7b-proxy_005_layer00_attn_softmax_pasta,gpt_gpt-7b_457_layer30_attn_softmax_pasta,400latency_llmop_bert_bert-7b-proxy_005_layer00_attn_softmax_pasta_metrics.csv,400latency_llmop_gpt_gpt-7b_457_layer30_attn_softmax_pasta_metrics.csv
bert_bert-7b-proxy_006_layer00_attn_value_baseline,gpt_gpt-7b_458_layer30_attn_value_baseline,400latency_llmop_bert_bert-7b-proxy_006_layer00_attn_value_baseline_metrics.csv,400latency_llmop_gpt_gpt-7b_458_layer30_attn_value_baseline_metrics.csv
bert_bert-7b-proxy_006_layer00_attn_value_pasta,gpt_gpt-7b_458_layer30_attn_value_pasta,400latency_llmop_bert_bert-7b-proxy_006_layer00_attn_value_pasta_metrics.csv,400latency_llmop_gpt_gpt-7b_458_layer30_attn_value_pasta_metrics.csv
bert_bert-7b-proxy_001_layer00_attn_q_baseline,gpt_gpt-7b_459_layer30_attn_out_baseline,400latency_llmop_bert_bert-7b-proxy_001_layer00_attn_q_baseline_metrics.csv,400latency_llmop_gpt_gpt-7b_459_layer30_attn_out_baseline_metrics.csv
bert_bert-7b-proxy_001_layer00_attn_q_pasta,gpt_gpt-7b_459_layer30_attn_out_pasta,400latency_llmop_bert_bert-7b-proxy_001_layer00_attn_q_pasta_metrics.csv,400latency_llmop_gpt_gpt-7b_459_layer30_attn_out_pasta_metrics.csv
bert_bert-7b-proxy_008_layer00_attn_residual_baseline,gpt_gpt-7b_460_layer30_attn_residual_baseline,400latency_llmop_bert_bert-7b-proxy_008_layer00_attn_residual_baseline_metrics.csv,400latency_llmop_gpt_gpt-7b_460_layer30_attn_residual_baseline_metrics.csv
bert_bert-7b-proxy_008_layer00_attn_residual_pasta,gpt_gpt-7b_460_layer30_attn_residual_pasta,400latency_llmop_bert_bert-7b-proxy_008_layer00_attn_residual_pasta_metrics.csv,400latency_llmop_gpt_gpt-7b_460_layer30_attn_residual_pasta_metrics.csv
gpt_gpt-7b_001_layer00_norm1_baseline,gpt_gpt-7b_461_layer30_norm2_baseline,400latency_llmop_gpt_gpt-7b_001_layer00_norm1_baseline_metrics.csv,400latency_llmop_gpt_gpt-7b_461_layer30_norm2_baseline_metrics.csv
gpt_gpt-7b_001_layer00_norm1_pasta,gpt_gpt-7b_461_layer30_norm2_pasta,400latency_llmop_gpt_gpt-7b_001_layer00_norm1_pasta_metrics.csv,400latency_llmop_gpt_gpt-7b_461_layer30_norm2_pasta_metrics.csv
bert_bert-7b-proxy_010_layer00_mlp_fc1_baseline,gpt_gpt-7b_462_layer30_mlp_fc1_baseline,400latency_llmop_bert_bert-7b-proxy_010_layer00_mlp_fc1_baseline_metrics.csv,400latency_llmop_gpt_gpt-7b_462_layer30_mlp_fc1_baseline_metrics.csv
bert_bert-7b-proxy_010_layer00_mlp_fc1_pasta,gpt_gpt-7b_462_layer30_mlp_fc1_pasta,400latency_llmop_bert_bert-7b-proxy_010_layer00_mlp_fc1_pasta_metrics.csv,400latency_llmop_gpt_gpt-7b_462_layer30_mlp_fc1_pasta_metrics.csv
bert_bert-7b-proxy_011_layer00_mlp_gelu_baseline,gpt_gpt-7b_463_layer30_mlp_gelu_baseline,400latency_llmop_bert_bert-7b-proxy_011_layer00_mlp_gelu_baseline_metrics.csv,400latency_llmop_gpt_gpt-7b_463_layer30_mlp_gelu_baseline_metrics.csv
bert_bert-7b-proxy_011_layer00_mlp_gelu_pasta,gpt_gpt-7b_463_layer30_mlp_gelu_pasta,400latency_llmop_bert_bert-7b-proxy_011_layer00_mlp_gelu_pasta_metrics.csv,400latency_llmop_gpt_gpt-7b_463_layer30_mlp_gelu_pasta_metrics.csv
bert_bert-7b-proxy_012_layer00_mlp_fc2_baseline,gpt_gpt-7b_464_layer30_mlp_fc2_baseline,400latency_llmop_bert_bert-7b-proxy_012_layer00_mlp_fc2_baseline_metrics.csv,400latency_llmop_gpt_gpt-7b_464_layer30_mlp_fc2_baseline_metrics.csv
bert_bert-7b-proxy_012_layer00_mlp_fc2_pasta,gpt_gpt-7b_464_layer30_mlp_fc2_pasta,400latency_llmop_bert_bert-7b-proxy_012_layer00_mlp_fc2_pasta_metrics.csv,400latency_llmop_gpt_gpt-7b_464_layer30_mlp_fc2_pasta_metrics.csv
bert_bert-7b-proxy_008_layer00_attn_residual_baseline,gpt_gpt-7b_465_layer30_mlp_residual_baseline,400latency_llmop_bert_bert-7b-proxy_008_layer00_attn_residual_baseline_metrics.csv,400latency_llmop_gpt_gpt-7b_465_layer30_mlp_residual_baseline_metrics.csv
bert_bert-7b-proxy_008_layer00_attn_residual_pasta,gpt_gpt-7b_465_layer30_mlp_residual_pasta,400latency_llmop_bert_bert-7b-proxy_008_layer00_attn_residual_pasta_metrics.csv,400latency_llmop_gpt_gpt-7b_465_layer30_mlp_residual_pasta_metrics.csv
gpt_gpt-7b_001_layer00_norm1_baseline,gpt_gpt-7b_466_layer31_norm1_baseline,400latency_llmop_gpt_gpt-7b_001_layer00_norm1_baseline_metrics.csv,400latency_llmop_gpt_gpt-7b_466_layer31_norm1_baseline_metrics.csv
gpt_gpt-7b_001_layer00_norm1_pasta,gpt_gpt-7b_466_layer31_norm1_pasta,400latency_llmop_gpt_gpt-7b_001_layer00_norm1_pasta_metrics.csv,400latency_llmop_gpt_gpt-7b_466_layer31_norm1_pasta_metrics.csv
bert_bert-7b-proxy_001_layer00_attn_q_baseline,gpt_gpt-7b_467_layer31_attn_q_baseline,400latency_llmop_bert_bert-7b-proxy_001_layer00_attn_q_baseline_metrics.csv,400latency_llmop_gpt_gpt-7b_467_layer31_attn_q_baseline_metrics.csv
bert_bert-7b-proxy_001_layer00_attn_q_pasta,gpt_gpt-7b_467_layer31_attn_q_pasta,400latency_llmop_bert_bert-7b-proxy_001_layer00_attn_q_pasta_metrics.csv,400latency_llmop_gpt_gpt-7b_467_layer31_attn_q_pasta_metrics.csv
bert_bert-7b-proxy_001_layer00_attn_q_baseline,gpt_gpt-7b_468_layer31_attn_k_baseline,400latency_llmop_bert_bert-7b-proxy_001_layer00_attn_q_baseline_metrics.csv,400latency_llmop_gpt_gpt-7b_468_layer31_attn_k_baseline_metrics.csv
bert_bert-7b-proxy_001_layer00_attn_q_pasta,gpt_gpt-7b_468_layer31_attn_k_pasta,400latency_llmop_bert_bert-7b-proxy_001_layer00_attn_q_pasta_metrics.csv,400latency_llmop_gpt_gpt-7b_468_layer31_attn_k_pasta_metrics.csv
bert_bert-7b-proxy_001_layer00_attn_q_baseline,gpt_gpt-7b_469_layer31_attn_v_baseline,400latency_llmop_bert_bert-7b-proxy_001_layer00_attn_q_baseline_metrics.csv,400latency_llmop_gpt_gpt-7b_469_layer31_attn_v_baseline_metrics.csv
bert_bert-7b-proxy_001_layer00_attn_q_pasta,gpt_gpt-7b_469_layer31_attn_v_pasta,400latency_llmop_bert_bert-7b-proxy_001_layer00_attn_q_pasta_metrics.csv,400latency_llmop_gpt_gpt-7b_469_layer31_attn_v_pasta_metrics.csv
bert_bert-7b-proxy_004_layer00_attn_score_baseline,gpt_gpt-7b_470_layer31_attn_score_baseline,400latency_llmop_bert_bert-7b-proxy_004_layer00_attn_score_baseline_metrics.csv,400latency_llmop_gpt_gpt-7b_470_layer31_attn_score_baseline_metrics.csv
bert_bert-7b-proxy_004_layer00_attn_score_pasta,gpt_gpt-7b_470_layer31_attn_score_pasta,400latency_llmop_bert_bert-7b-proxy_004_layer00_attn_score_pasta_metrics.csv,400latency_llmop_gpt_gpt-7b_470_layer31_attn_score_pasta_metrics.csv
gpt_gpt-7b_006_layer00_causal_mask_baseline,gpt_gpt-7b_471_layer31_causal_mask_baseline,400latency_llmop_gpt_gpt-7b_006_layer00_causal_mask_baseline_metrics.csv,400latency_llmop_gpt_gpt-7b_471_layer31_causal_mask_baseline_metrics.csv
gpt_gpt-7b_006_layer00_causal_mask_pasta,gpt_gpt-7b_471_layer31_causal_mask_pasta,400latency_llmop_gpt_gpt-7b_006_layer00_causal_mask_pasta_metrics.csv,400latency_llmop_gpt_gpt-7b_471_layer31_causal_mask_pasta_metrics.csv
bert_bert-7b-proxy_005_layer00_attn_softmax_baseline,gpt_gpt-7b_472_layer31_attn_softmax_baseline,400latency_llmop_bert_bert-7b-proxy_005_layer00_attn_softmax_baseline_metrics.csv,400latency_llmop_gpt_gpt-7b_472_layer31_attn_softmax_baseline_metrics.csv
bert_bert-7b-proxy_005_layer00_attn_softmax_pasta,gpt_gpt-7b_472_layer31_attn_softmax_pasta,400latency_llmop_bert_bert-7b-proxy_005_layer00_attn_softmax_pasta_metrics.csv,400latency_llmop_gpt_gpt-7b_472_layer31_attn_softmax_pasta_metrics.csv
bert_bert-7b-proxy_006_layer00_attn_value_baseline,gpt_gpt-7b_473_layer31_attn_value_baseline,400latency_llmop_bert_bert-7b-proxy_006_layer00_attn_value_baseline_metrics.csv,400latency_llmop_gpt_gpt-7b_473_layer31_attn_value_baseline_metrics.csv
bert_bert-7b-proxy_006_layer00_attn_value_pasta,gpt_gpt-7b_473_layer31_attn_value_pasta,400latency_llmop_bert_bert-7b-proxy_006_layer00_attn_value_pasta_metrics.csv,400latency_llmop_gpt_gpt-7b_473_layer31_attn_value_pasta_metrics.csv
bert_bert-7b-proxy_001_layer00_attn_q_baseline,gpt_gpt-7b_474_layer31_attn_out_baseline,400latency_llmop_bert_bert-7b-proxy_001_layer00_attn_q_baseline_metrics.csv,400latency_llmop_gpt_gpt-7b_474_layer31_attn_out_baseline_metrics.csv
bert_bert-7b-proxy_001_layer00_attn_q_pasta,gpt_gpt-7b_474_layer31_attn_out_pasta,400latency_llmop_bert_bert-7b-proxy_001_layer00_attn_q_pasta_metrics.csv,400latency_llmop_gpt_gpt-7b_474_layer31_attn_out_pasta_metrics.csv
bert_bert-7b-proxy_008_layer00_attn_residual_baseline,gpt_gpt-7b_475_layer31_attn_residual_baseline,400latency_llmop_bert_bert-7b-proxy_008_layer00_attn_residual_baseline_metrics.csv,400latency_llmop_gpt_gpt-7b_475_layer31_attn_residual_baseline_metrics.csv
bert_bert-7b-proxy_008_layer00_attn_residual_pasta,gpt_gpt-7b_475_layer31_attn_residual_pasta,400latency_llmop_bert_bert-7b-proxy_008_layer00_attn_residual_pasta_metrics.csv,400latency_llmop_gpt_gpt-7b_475_layer31_attn_residual_pasta_metrics.csv
gpt_gpt-7b_001_layer00_norm1_baseline,gpt_gpt-7b_476_layer31_norm2_baseline,400latency_llmop_gpt_gpt-7b_001_layer00_norm1_baseline_metrics.csv,400latency_llmop_gpt_gpt-7b_476_layer31_norm2_baseline_metrics.csv
gpt_gpt-7b_001_layer00_norm1_pasta,gpt_gpt-7b_476_layer31_norm2_pasta,400latency_llmop_gpt_gpt-7b_001_layer00_norm1_pasta_metrics.csv,400latency_llmop_gpt_gpt-7b_476_layer31_norm2_pasta_metrics.csv
bert_bert-7b-proxy_010_layer00_mlp_fc1_baseline,gpt_gpt-7b_477_layer31_mlp_fc1_baseline,400latency_llmop_bert_bert-7b-proxy_010_layer00_mlp_fc1_baseline_metrics.csv,400latency_llmop_gpt_gpt-7b_477_layer31_mlp_fc1_baseline_metrics.csv
bert_bert-7b-proxy_010_layer00_mlp_fc1_pasta,gpt_gpt-7b_477_layer31_mlp_fc1_pasta,400latency_llmop_bert_bert-7b-proxy_010_layer00_mlp_fc1_pasta_metrics.csv,400latency_llmop_gpt_gpt-7b_477_layer31_mlp_fc1_pasta_metrics.csv
bert_bert-7b-proxy_011_layer00_mlp_gelu_baseline,gpt_gpt-7b_478_layer31_mlp_gelu_baseline,400latency_llmop_bert_bert-7b-proxy_011_layer00_mlp_gelu_baseline_metrics.csv,400latency_llmop_gpt_gpt-7b_478_layer31_mlp_gelu_baseline_metrics.csv
bert_bert-7b-proxy_011_layer00_mlp_gelu_pasta,gpt_gpt-7b_478_layer31_mlp_gelu_pasta,400latency_llmop_bert_bert-7b-proxy_011_layer00_mlp_gelu_pasta_metrics.csv,400latency_llmop_gpt_gpt-7b_478_layer31_mlp_gelu_pasta_metrics.csv
bert_bert-7b-proxy_012_layer00_mlp_fc2_baseline,gpt_gpt-7b_479_layer31_mlp_fc2_baseline,400latency_llmop_bert_bert-7b-proxy_012_layer00_mlp_fc2_baseline_metrics.csv,400latency_llmop_gpt_gpt-7b_479_layer31_mlp_fc2_baseline_metrics.csv
bert_bert-7b-proxy_012_layer00_mlp_fc2_pasta,gpt_gpt-7b_479_layer31_mlp_fc2_pasta,400latency_llmop_bert_bert-7b-proxy_012_layer00_mlp_fc2_pasta_metrics.csv,400latency_llmop_gpt_gpt-7b_479_layer31_mlp_fc2_pasta_metrics.csv
bert_bert-7b-proxy_008_layer00_attn_residual_baseline,gpt_gpt-7b_480_layer31_mlp_residual_baseline,400latency_llmop_bert_bert-7b-proxy_008_layer00_attn_residual_baseline_metrics.csv,400latency_llmop_gpt_gpt-7b_480_layer31_mlp_residual_baseline_metrics.csv
bert_bert-7b-proxy_008_layer00_attn_residual_pasta,gpt_gpt-7b_480_layer31_mlp_residual_pasta,400latency_llmop_bert_bert-7b-proxy_008_layer00_attn_residual_pasta_metrics.csv,400latency_llmop_gpt_gpt-7b_480_layer31_mlp_residual_pasta_metrics.csv
